Week,Commodity,Trend,Text
weekly_02_2025_Eng.txt,vegetable,Unknown,Vegetables
weekly_02_2025_Eng.txt,coconut,Unknown,Coconut
weekly_02_2025_Eng.txt,egg,Unknown,Eggs
weekly_02_2025_Eng.txt,rice,Unknown,Rice/Paddy
weekly_02_2025_Eng.txt,rice,Increase,Prices of both large and small nuts have increased. Prices
weekly_02_2025_Eng.txt,rice,Increase,Prices of both brown and white eggs have increased by about
weekly_02_2025_Eng.txt,rice,Unknown,Rs.1.00/egg. Prices ranged Rs.36.00-40.00 for white egg and
weekly_02_2025_Eng.txt,egg,Unknown,Rs.38.00-40.00 for brown egg.
weekly_02_2025_Eng.txt,rice,Unknown,Prices of both imported red onion and imported big onion
weekly_02_2025_Eng.txt,rice,Increase,have increased. Price of imported potato has decreased while
weekly_02_2025_Eng.txt,rice,Increase,the price of Nuwara Eliya potato has increased.
weekly_02_2025_Eng.txt,rice,Increase,Prices of most of the upcountry vegetables have increased
weekly_02_2025_Eng.txt,rice,Unknown,while prices of most of the low country vegetables have
weekly_02_2025_Eng.txt,rice,Increase,Prices of most of the rice varieties have increased due to
weekly_02_2025_Eng.txt,rice,Unknown,limited stock position. Prices ranged Rs.280.00-300.00/kg for
weekly_02_2025_Eng.txt,rice,Unknown,province. Prices of both short grain and long grain (white)
weekly_02_2025_Eng.txt,rice,Unknown,Rice
weekly_02_2025_Eng.txt,rice,Unknown,Prices of most local rice varieties have not
weekly_02_2025_Eng.txt,rice,Unknown,changed significantly. Prices ranged
weekly_02_2025_Eng.txt,rice,Unknown,raw red rice varieties were not available at
weekly_02_2025_Eng.txt,rice,Unknown,sufficient stocks. Raw white rice varieties
weekly_02_2025_Eng.txt,rice,Unknown,price ranged of Rs.215.00-220.00/kg.
weekly_02_2025_Eng.txt,rice,Unknown,Imported rice varieties was also available
weekly_02_2025_Eng.txt,rice,Unknown,prices.
weekly_02_2025_Eng.txt,rice,Unknown,prices of most of the rice varieties have
weekly_02_2025_Eng.txt,rice,Increase,increased with the highest price increase of
weekly_02_2025_Eng.txt,rice,Unknown,contrast the price of keeri samba has
weekly_02_2025_Eng.txt,rice,Unknown,Prices of all types of rice varieties except for
weekly_02_2025_Eng.txt,rice,Increase,increased. Prices of local raw red and white
weekly_02_2025_Eng.txt,rice,Increase,rice have increased by Rs.23.00/kg
weekly_02_2025_Eng.txt,rice,Unknown,limited stock position.  Prices ranged
weekly_02_2025_Eng.txt,rice,Unknown,the current retail prices of all the rice
weekly_02_2025_Eng.txt,rice,Increase,samba have increased with the highest price
weekly_02_2025_Eng.txt,rice,Unknown,"been observed. As a result, prices of both"
weekly_02_2025_Eng.txt,rice,Unknown,producing areas during the week. The price
weekly_02_2025_Eng.txt,rice,Decrease,"Kalawewa areas. Further, price decrease"
weekly_02_2025_Eng.txt,rice,Unknown,Kurunegala areas. The paddy prices for
weekly_02_2025_Eng.txt,rice,Decrease,areas. The price decline of Rs.1.00-7.00/kg
weekly_02_2025_Eng.txt,rice,Decrease,with the highest price decrease was noted
weekly_02_2025_Eng.txt,rice,Unknown,paddy stocks. Prices ranged Rs.120.00-
weekly_02_2025_Eng.txt,rice,Increase,"However, considerable price increase was"
weekly_02_2025_Eng.txt,rice,Unknown,Prices ranged of Rs.170.00-185.00/kg for
weekly_02_2025_Eng.txt,rice,Unknown,the average prices of all the major paddy
weekly_02_2025_Eng.txt,rice,Increase,increased with the highest price increase of
weekly_02_2025_Eng.txt,rice,Unknown,"in Embilipitiya. However, price of keeri"
weekly_02_2025_Eng.txt,rice,Unknown,Price of imported dried chilies has
weekly_02_2025_Eng.txt,rice,Increase,increased slightly and price ranged
weekly_02_2025_Eng.txt,rice,Unknown,current whole sale price of imported dried
weekly_02_2025_Eng.txt,rice,Decrease,"In line with decreased wholesale price, the"
weekly_02_2025_Eng.txt,rice,Unknown,retail price of imported dried chilies has
weekly_02_2025_Eng.txt,rice,Decrease,decreased by Rs.30.00/kg and price ranged
weekly_02_2025_Eng.txt,rice,Unknown,the current retail price of imported dried
weekly_02_2025_Eng.txt,onion,Unknown,Onion
weekly_02_2025_Eng.txt,rice,Unknown,Price of imported red onion has
weekly_02_2025_Eng.txt,rice,Decrease,decreased by 4% and price ranged
weekly_02_2025_Eng.txt,onion,Unknown,Rs.350.00-450.00/kg. Sinan red onion was
weekly_02_2025_Eng.txt,rice,Unknown,also available at the market and price
weekly_02_2025_Eng.txt,rice,Increase,price of imported big onion has increased
weekly_02_2025_Eng.txt,rice,Unknown,stocks at the market and price ranged
weekly_02_2025_Eng.txt,rice,Unknown,current whole sale price of imported red
weekly_02_2025_Eng.txt,rice,Increase,onion has increased by 37% while price of
weekly_02_2025_Eng.txt,onion,Decrease,imported big onion has decreased by 54%.
weekly_02_2025_Eng.txt,rice,Increase,Price of imported red onion has increased by
weekly_02_2025_Eng.txt,rice,Unknown,Rs.10.00/kg and the price ranged Rs.480.00-
weekly_02_2025_Eng.txt,onion,Unknown,850.00/kg. Local red onion stocks were not
weekly_02_2025_Eng.txt,rice,Unknown,available at the markets. Price of imported
weekly_02_2025_Eng.txt,onion,Increase,"big onion has also increased by Rs.19.00/kg,"
weekly_02_2025_Eng.txt,rice,Unknown,with the price range of Rs.220.00 -
weekly_02_2025_Eng.txt,rice,Unknown,current retail price of imported red onion has
weekly_02_2025_Eng.txt,rice,Increase,increased by 10% while the price of
weekly_02_2025_Eng.txt,onion,Decrease,imported big onion has decreased by 51%.
weekly_02_2025_Eng.txt,potato,Unknown,Potato
weekly_02_2025_Eng.txt,rice,Increase,Price of Nuwara Eliya potato has increased
weekly_02_2025_Eng.txt,rice,Unknown,by 3% and price ranged Rs.340.00 -
weekly_02_2025_Eng.txt,rice,Unknown,360.00/kg. Price of imported potato has
weekly_02_2025_Eng.txt,rice,Decrease,decreased by 3% and price ranged
weekly_02_2025_Eng.txt,rice,Unknown,current wholesale prices of Nuwara Eliya
weekly_02_2025_Eng.txt,potato,Increase,and imported potatoes have increased by
weekly_02_2025_Eng.txt,rice,Unknown,"In line with the wholesale prices, retail price"
weekly_02_2025_Eng.txt,potato,Decrease,of imported potato has decreased by
weekly_02_2025_Eng.txt,rice,Unknown,Rs.17.00/kg while the retail price of Nuwara
weekly_02_2025_Eng.txt,potato,Increase,Eliya potato has increased by Rs.16.00/kg
weekly_02_2025_Eng.txt,rice,Unknown,the current retail prices of both imported and
weekly_02_2025_Eng.txt,potato,Increase,Nuwara Eliya potatoes have increased by
weekly_02_2025_Eng.txt,rice,Increase,Prices of green gram has increased
weekly_02_2025_Eng.txt,rice,Unknown,by 4% and price ranged Rs.500.00 -
weekly_02_2025_Eng.txt,rice,Unknown,650.00/kg. Price of red cowpea has
weekly_02_2025_Eng.txt,rice,Decrease,decreased by 3% and price ranged
weekly_02_2025_Eng.txt,rice,Unknown,Rs.475.00-600.00/kg. Prices of both white
weekly_02_2025_Eng.txt,dhal,Unknown,cowpea and red dhal have not changed
weekly_02_2025_Eng.txt,rice,Unknown,significantly and average prices
weekly_02_2025_Eng.txt,rice,Unknown,current whole sale prices of all pulses
weekly_02_2025_Eng.txt,rice,Unknown,The retail prices of all types of pulses have
weekly_02_2025_Eng.txt,rice,Decrease,price decreased of Rs.11.00/kg was recorded
weekly_02_2025_Eng.txt,rice,Unknown,for red cowpea. The retail price of green
weekly_02_2025_Eng.txt,rice,Increase,gram has increased by Rs.4.00/kg and price
weekly_02_2025_Eng.txt,rice,Unknown,the current retail prices of all types of pulses
weekly_02_2025_Eng.txt,rice,Decrease,have decreased with the highest price
weekly_02_2025_Eng.txt,vegetable,Unknown,Vegetable
weekly_02_2025_Eng.txt,rice,Unknown,Prices of some of the up -country
weekly_02_2025_Eng.txt,vegetable,Increase,vegetables have increased due to decrease
weekly_02_2025_Eng.txt,rice,Unknown,while prices of most of the low-country
weekly_02_2025_Eng.txt,vegetable,Increase,vegetables have decreased with increased
weekly_02_2025_Eng.txt,vegetable,Unknown,"Among the upcountry vegetables, the"
weekly_02_2025_Eng.txt,rice,Increase,highest price increase noted for beans by
weekly_02_2025_Eng.txt,rice,Unknown,"Balangoda area. Prices of knol-khol, radish"
weekly_02_2025_Eng.txt,rice,Unknown,"However, prices of carrot, leeks, and"
weekly_02_2025_Eng.txt,rice,Unknown,"stocks. Further, price of tomato  has"
weekly_02_2025_Eng.txt,rice,Unknown,Bandarawela areas. Price of capsicum has
weekly_02_2025_Eng.txt,vegetable,Unknown,"Considering low-country vegetables, most"
weekly_02_2025_Eng.txt,rice,Unknown,of the vegetable varieties experienced price
weekly_02_2025_Eng.txt,rice,Decrease,pumpkin (13%) prices decreased
weekly_02_2025_Eng.txt,rice,Unknown,significantly. Prices of long beans and luffa
weekly_02_2025_Eng.txt,rice,Unknown,"However, prices of ladies fingers,"
weekly_02_2025_Eng.txt,rice,Unknown,"in the range of 6% - 13%. In addition, price"
weekly_02_2025_Eng.txt,rice,Decrease,while price of lime has decreased by 16%.
weekly_02_2025_Eng.txt,rice,Decrease,most vegetable prices have decreased with
weekly_02_2025_Eng.txt,rice,Unknown,Retail prices of most of the upcountry
weekly_02_2025_Eng.txt,vegetable,Increase,vegetable varieties have increased. The
weekly_02_2025_Eng.txt,rice,Increase,highest price increase was reported for
weekly_02_2025_Eng.txt,rice,Unknown,knolkhol (Rs.35.00/kg). Price of beetroot
weekly_02_2025_Eng.txt,rice,Unknown,Retail prices of most of the low-country
weekly_02_2025_Eng.txt,vegetable,Decrease,vegetable varieties have decreased in line
weekly_02_2025_Eng.txt,rice,Unknown,with the downward wholesale price trend.
weekly_02_2025_Eng.txt,rice,Unknown,Tomato prices showed a significant price
weekly_02_2025_Eng.txt,rice,Decrease,Price of capsicum has decreased by
weekly_02_2025_Eng.txt,rice,Decrease,week.  Price of lime has decreased by
weekly_02_2025_Eng.txt,rice,Unknown,Rs.43.00/kg while price of green chilies
weekly_02_2025_Eng.txt,rice,Increase,has shown a significant price increase of
weekly_02_2025_Eng.txt,rice,Unknown,prices of most of the vegetable varieties
weekly_02_2025_Eng.txt,rice,Decrease,have decreased with the highest price
weekly_02_2025_Eng.txt,coconut,Unknown,Coconut
weekly_02_2025_Eng.txt,rice,Unknown,Prices of both large and small
weekly_02_2025_Eng.txt,rice,Unknown,respectively. Price ranges were Rs. 180.00-
weekly_02_2025_Eng.txt,rice,Unknown,the current wholesale prices of large and
weekly_02_2025_Eng.txt,rice,Unknown,Prices of both large and small nuts have
weekly_02_2025_Eng.txt,rice,Unknown,Rs.3.00/nut respectively. Price ranges were
weekly_02_2025_Eng.txt,rice,Unknown,prices of both large nuts and small nuts
weekly_02_2025_Eng.txt,fruit,Unknown,Fruits
weekly_02_2025_Eng.txt,rice,Unknown,Prices of most fruit varieties have
weekly_02_2025_Eng.txt,rice,Decrease,The highest price decrease of 32% was
weekly_02_2025_Eng.txt,rice,Unknown,"Among the banana varieties, price of"
weekly_02_2025_Eng.txt,rice,Unknown,"to excessive stocks. Meanwhile, price of"
weekly_02_2025_Eng.txt,rice,Unknown,festival. Prices of local orange and avocado
weekly_02_2025_Eng.txt,rice,Decrease,Price of slime apple has decreased by 14%
weekly_02_2025_Eng.txt,rice,Increase,A slight price increase was noted for all the
weekly_02_2025_Eng.txt,rice,Increase,prices of most of fruits have increased.
weekly_02_2025_Eng.txt,rice,Unknown,"In line with the wholesale prices, r etail"
weekly_02_2025_Eng.txt,rice,Unknown,prices of most of the fruit varieties have
weekly_02_2025_Eng.txt,rice,Decrease,price decrease of Rs.19.00/kg was reported
weekly_02_2025_Eng.txt,rice,Unknown,for kolikuttu. Price of papaw has also
weekly_02_2025_Eng.txt,rice,Unknown,price of all sizes of pineapple have
weekly_02_2025_Eng.txt,rice,Unknown,27.00/fruit. Price of imported grapes from
weekly_02_2025_Eng.txt,rice,Unknown,"Compared to last year, price of most of fruit"
weekly_02_2025_Eng.txt,rice,Increase,price increase of 62% recorded for
weekly_02_2025_Eng.txt,fish,Unknown,Fresh Fish
weekly_02_2025_Eng.txt,rice,Unknown,Wholesale prices of most of the fresh fish
weekly_02_2025_Eng.txt,rice,Increase,supply. The price increase of 12% and 7%
weekly_02_2025_Eng.txt,rice,Decrease,"areas. However, the prices decrease of 6%"
weekly_02_2025_Eng.txt,rice,Unknown,Mullaitivu and Southern areas. Prices of
weekly_02_2025_Eng.txt,fish,Increase,other fresh fish varieties have increased
weekly_02_2025_Eng.txt,rice,Unknown,current wholesale prices of most of the
weekly_02_2025_Eng.txt,fish,Decrease,fresh fish types have decreased with the
weekly_02_2025_Eng.txt,rice,Decrease,highest price decrease of 19% was noted
weekly_02_2025_Eng.txt,rice,Unknown,The prices of all the fish varieties except
weekly_02_2025_Eng.txt,rice,Increase,and the highest price increase was
weekly_02_2025_Eng.txt,rice,Increase,Price increase of paraw and thalapath
weekly_02_2025_Eng.txt,rice,Decrease,highest price decrease was recorded for
weekly_02_2025_Eng.txt,rice,Decrease,salaya by Rs.44.00/kg. Price decrease of
weekly_02_2025_Eng.txt,rice,Unknown,prices of most of the fish varieties have
weekly_02_2025_Eng.txt,rice,Decrease,decreased with the highest price decrease
weekly_02_2025_Eng.txt,rice,Increase,and the highest price increase was recorded
weekly_02_2025_Eng.txt,fish,Unknown,Dried Fish
weekly_02_2025_Eng.txt,rice,Unknown,Prices of most of the dried fish types have
weekly_02_2025_Eng.txt,fish,Increase,increased due to decrease of local dried fish
weekly_02_2025_Eng.txt,rice,Increase,supply. The prices have increased by of 9%
weekly_02_2025_Eng.txt,rice,Decrease,price of imported sprats has decreased by
weekly_02_2025_Eng.txt,rice,Unknown,Thailand. Prices of other dried fish
weekly_02_2025_Eng.txt,rice,Unknown,current wholesale prices of most of the
weekly_02_2025_Eng.txt,fish,Decrease,dried fish types have decreased and the
weekly_02_2025_Eng.txt,rice,Decrease,highest price decrease of 30% was noted
weekly_02_2025_Eng.txt,rice,Unknown,Prices of all the dry fish varieties except for
weekly_02_2025_Eng.txt,rice,Increase,have increased and the highest price
weekly_02_2025_Eng.txt,rice,Increase,Rs.114.00/kg. Price increase of anguluwa
weekly_02_2025_Eng.txt,rice,Unknown,and Rs.79.00/kg respectively.  Price
weekly_02_2025_Eng.txt,rice,Unknown,prices of most of the dried fish varieties
weekly_02_2025_Eng.txt,rice,Decrease,have decreased with the highest price
weekly_02_2025_Eng.txt,egg,Unknown,Eggs
weekly_02_2025_Eng.txt,rice,Unknown,Prices of both brown and white eggs have
weekly_02_2025_Eng.txt,rice,Increase,increased by 1% and prices ranged
weekly_02_2025_Eng.txt,egg,Unknown,Rs.36.00-40.00/egg for brown eggs and
weekly_02_2025_Eng.txt,egg,Unknown,Rs. 34.00- 38.00/egg for white eggs.
weekly_02_2025_Eng.txt,rice,Unknown,prices of both brown and white eggs have
weekly_02_2025_Eng.txt,rice,Unknown,Prices of both brown and white egg have
weekly_02_2025_Eng.txt,egg,Increase,increased by about Rs.1.00/egg and the
weekly_02_2025_Eng.txt,rice,Unknown,price ranged   Rs.36.00-40.00/egg for white
weekly_02_2025_Eng.txt,egg,Unknown,eggs and Rs.38.00-42.00/egg for brown
weekly_02_2025_Eng.txt,rice,Unknown,eggs. The average prices of white and
weekly_02_2025_Eng.txt,egg,Unknown,brown eggs have recorded as Rs.38.28 and
weekly_02_2025_Eng.txt,rice,Unknown,the prices of both eg g varieties have
weekly_02_2025_Eng.txt,rice,Increase,Price increase of curry chicken and beef
weekly_02_2025_Eng.txt,rice,Unknown,Prices of broiler chicken and mutton have
weekly_02_2025_Eng.txt,rice,Unknown,prices of most of meat varieties have
weekly_02_2025_Eng.txt,rice,Increase,increased with the highest price increase
weekly_02_2025_Eng.txt,chicken,Unknown,was recorded for curry chicken by 16%.
weekly_02_2025_Eng.txt,rice,Unknown,wholesale and retail prices of selected food
weekly_02_2025_Eng.txt,rice,Unknown,"prevailing prices, price ranges, averages, and a"
weekly_02_2025_Eng.txt,rice,Unknown,comparison of weekly prices. The changes in
weekly_02_2025_Eng.txt,rice,Unknown,prices reported are always with price prevailed
weekly_02_2025_Eng.txt,rice,Unknown,The frequency of collection of wholesale price
weekly_02_2025_Eng.txt,rice,Unknown,"Friday) while with retail prices, it is thrice a"
weekly_02_2025_Eng.txt,rice,Unknown,Rice VarietiesLOCATIONS
weekly_02_2025_Eng.txt,rice,Unknown,Table 01: Selected Markets:Wholesale Price of Rice (Rs/50kg bag)
weekly_02_2025_Eng.txt,rice,Unknown,Table 02: Selected Markets: Retail Price of Rice (Rs/kg)
weekly_02_2025_Eng.txt,rice,Unknown,LOCATIONS Rice Varieties
weekly_02_2025_Eng.txt,dhal,Unknown,Green Gram Cowpea Red Dhal
weekly_02_2025_Eng.txt,rice,Unknown,Table 04: Selected Markets:Wholesale Price of Subsidiary Food (Rs/50kg)
weekly_02_2025_Eng.txt,onion,Unknown,Dried Chillies Red Onion Big Onion PotatoLOCATION Imported Imported Local Imported Welimada
weekly_02_2025_Eng.txt,rice,Unknown,Table 05: Selected Markets: Retail Price of Subsidiary Food Crops (Rs/kg)
weekly_02_2025_Eng.txt,onion,Unknown,Dried Chillies Red Onion Big Onion Potato Pulses
weekly_02_2025_Eng.txt,dhal,Unknown,Green Gram Cowpea Red Dhal
weekly_02_2025_Eng.txt,rice,Unknown,Table 06: Selected Markets: Wholesale Price of Vegetables(Rs/kg)
weekly_02_2025_Eng.txt,potato,Unknown,ManiocLong Beans Ash Plantain Green Chillies Lime Sweet Potatoe
weekly_02_2025_Eng.txt,rice,Unknown,"Colombo, Meegoda, Norochchole, Jaffna,Dambulla and Kandy - Gotukola Price Rs/Kg"
weekly_02_2025_Eng.txt,vegetable,Unknown,Leafy Vegetables (Rs/bundle)
weekly_02_2025_Eng.txt,coconut,Unknown,Coconut (Rs/nut)
weekly_02_2025_Eng.txt,rice,Unknown,Table 07: Selected Markets: Retail Price of Vegetables (Rs/kg)
weekly_02_2025_Eng.txt,potato,Unknown,Sweet Potato Large Small
weekly_02_2025_Eng.txt,vegetable,Unknown,Low Country Varieties Leafy Vegetable Coconut (Rs/nut)
weekly_02_2025_Eng.txt,rice,Unknown,Table 08: Selected Markets: Retail Price of Fruits (Rs/each & Rs/kg)
weekly_02_2025_Eng.txt,fruit,Unknown,Mango Other Fruits
weekly_02_2025_Eng.txt,coconut,Unknown,Passion Avocado Slime Apple Grapes (Rs/kg) King CoconutWood Apple Orange
weekly_02_2025_Eng.txt,fish,Unknown,Local Dried Fish Imported Dried Fish
weekly_02_2025_Eng.txt,fish,Unknown,Imported Dried Fish
weekly_02_2025_Eng.txt,fish,Unknown,Local Dried Fish
weekly_02_2025_Eng.txt,rice,Unknown,Table 10: Selected Markets: Wholesale Price of Dried Fish (Rs/50kg)
weekly_02_2025_Eng.txt,fish,Unknown,Sea Fish Eggs
weekly_02_2025_Eng.txt,rice,Unknown,Table 09: Selected Markets: Wholesale Price of Fresh Fish & Eggs (Rs/kg & Rs/egg)
weekly_02_2025_Eng.txt,fish,Unknown,Sea FishLocations
weekly_02_2025_Eng.txt,rice,Unknown,Table 11: Selected Markets: Retail Price of Fresh Fish & Eggs (Rs/kg & Rs/eggs)
weekly_02_2025_Eng.txt,fish,Unknown,Sea Fish EggsLOCATIONS
weekly_02_2025_Eng.txt,rice,Unknown,Table 12: Selected Markets: Retail Price of Dried Fish (Rs/kg)
weekly_02_2025_Eng.txt,fish,Unknown,Dried FishLOCATIONS Sprats-Imported Kattawa Thora Mora Balaya
weekly_02_2025_Eng.txt,rice,Unknown,Table 13: Selected Markets: Retail Price of Meat (Rs/kg)
weekly_02_2025_Eng.txt,chicken,Unknown,Meat Meat (Chicken) Meat
weekly_02_2025_Eng.txt,rice,Unknown,Rice Coconut
weekly_02_2025_Eng.txt,fruit,Unknown,Keeri Samba 250.00−260.00254.17255.00335.00 -0.33 -24.13Fruits (Rs/fruit)
weekly_02_2025_Eng.txt,fruit,Unknown,Raw (Red) − Passion Fruit 40.00− 60.00 52.50 52.73 93.33 -0.43 -43.75
weekly_02_2025_Eng.txt,onion,Unknown,Onion Mango
weekly_02_2025_Eng.txt,onion,Unknown,Big Onion Kohu −
weekly_02_2025_Eng.txt,potato,Unknown,Potato Orange 80.00− 120.00 92.73 117.00128.57 -20.75 -27.88
weekly_02_2025_Eng.txt,coconut,Unknown,Pulses King Coconut 160.00− 180.00 164.44 166.36 96.67 -1.15 70.11
weekly_02_2025_Eng.txt,fish,Unknown,Cowpea (White) 500.00−620.00574.29580.00 -0.99 Sea Fish
weekly_02_2025_Eng.txt,dhal,Unknown,Red Dhal 270.00−280.00276.00277.14295.83 -0.41 -6.70Hurulla 800.00− 950.00 851.82 829.23671.11 2.72 26.93
weekly_02_2025_Eng.txt,vegetable,Unknown,Vegetable Balaya 650.00− 750.00 716.25 757.86881.00 -5.49 -18.70
weekly_02_2025_Eng.txt,egg,Unknown,Raddish 80.00−140.00114.00112.00 98.00 1.79 16.33Eggs
weekly_02_2025_Eng.txt,fish,Unknown,Ladies Fingers 100.00−150.00122.00108.00248.00 12.96 -50.81Dried Fish
weekly_02_2025_Eng.txt,potato,Unknown,Sweet Potato 120.00−150.00134.44128.00112.00 5.03 20.04Maduwa (Imported) −
weekly_02_2025_Eng.txt,vegetable,Unknown,Leafy Vegetable Koduwa (Imported) −
weekly_02_2025_Eng.txt,rice,Unknown,Table 14: Colombo: Wholesale Prices (Rs/kg or Rs/piece)
weekly_02_2025_Eng.txt,rice,Unknown,Average Price Change Compared to
weekly_02_2025_Eng.txt,rice,Unknown,Average Price
weekly_02_2025_Eng.txt,rice,Unknown,Rice Coconut
weekly_02_2025_Eng.txt,fruit,Unknown,Keeri Samba 260.00− 280.00267.78 264.68368.00 3.10-27.23Fruits (Rs/fruit)
weekly_02_2025_Eng.txt,fruit,Unknown,Raw (Red) − Passion Fruit 60.00− 90.00 74.50 71.43 121.54 3.07 -38.70
weekly_02_2025_Eng.txt,onion,Unknown,Onion Mango
weekly_02_2025_Eng.txt,onion,Unknown,Big Onion Kohu −
weekly_02_2025_Eng.txt,potato,Unknown,Potato Orange 100.00− 200.00149.29168.82 250.00 -19.54 -40.29
weekly_02_2025_Eng.txt,coconut,Unknown,Pulses King Coconut 180.00− 230.00195.91197.93 145.20 -2.02 34.92
weekly_02_2025_Eng.txt,fish,Unknown,Cowpea (White) 700.00− 900.00824.35 828.501237.04 -4.15-33.36Sea Fish
weekly_02_2025_Eng.txt,dhal,Unknown,Red Dhal 300.00− 360.00313.57 313.75338.97 -0.18 -7.49Hurulla 900.00−1050.00943.75927.50 905.56 16.25 4.22
weekly_02_2025_Eng.txt,vegetable,Unknown,Vegetable Balaya 800.00−1200.00967.86989.291237.78 -21.43 -21.81
weekly_02_2025_Eng.txt,egg,Unknown,Raddish 180.00− 360.00248.93 230.36275.56 18.57 -9.66Eggs
weekly_02_2025_Eng.txt,fish,Unknown,Ladies Fingers 200.00− 340.00278.62 260.00375.00 18.62-25.70Dried Fish
weekly_02_2025_Eng.txt,chicken,Unknown,Root Crops Chicken (Broiler) 1150.00−1290.001190.001207.691291.82 -17.69 -7.88
weekly_02_2025_Eng.txt,potato,Unknown,Sweet Potato 200.00− 340.00268.00 243.70291.85 24.30 -8.17Chicken (Curry) 1150.00−1250.001196.671108.331027.27 88.33 16.49
weekly_02_2025_Eng.txt,vegetable,Unknown,Leafy Vegetable Pork 1200.00−1300.001233.331233.331275.00 0.00 -3.27
weekly_02_2025_Eng.txt,rice,Unknown,Table 15: Colombo &Suburbs: Retail Prices (Rs/kg or Rs/piece)
weekly_02_2025_Eng.txt,rice,Unknown,Average Price Change Compared to
weekly_02_2025_Eng.txt,rice,Unknown,Average Price Change Compared to
weekly_02_2025_Eng.txt,vegetable,Unknown,Paddy Vegetable (Up Country) Snake Gourd
weekly_02_2025_Eng.txt,onion,Unknown,Red Onion Badulla − Long Beans
weekly_02_2025_Eng.txt,onion,Unknown,Big Onion Welimada 160.00−180.00 168.00Embilipitiya 180.00−200.00192.50
weekly_02_2025_Eng.txt,potato,Unknown,Potato Hambantota −
weekly_02_2025_Eng.txt,vegetable,Unknown,N'Eliya − Vegetable (Low Country) Embilipitiya 80.00−100.00 87.50
weekly_02_2025_Eng.txt,fruit,Unknown,Moneragala 480.00−520.00496.00Brinjal Fruits (Rs/kg)
weekly_02_2025_Eng.txt,rice,Unknown,Table 16: Farmgate/Producer Prices of Food Commodities in Selected Producing Areas (Rs/kg)
weekly_02_2025_Eng.txt,rice,Unknown,PriceCOMMODITY Range Average
weekly_02_2025_Eng.txt,rice,Unknown,Price COMMODITY Range Average
weekly_02_2025_Eng.txt,rice,Unknown,Price COMMODITY
weekly_02_2025_Eng.txt,rice,Unknown,Rice
weekly_02_2025_Eng.txt,onion,Unknown,Red Onion
weekly_02_2025_Eng.txt,onion,Unknown,Big Onion
weekly_02_2025_Eng.txt,potato,Unknown,Potato
weekly_02_2025_Eng.txt,dhal,Unknown,Red Dhal 300.00− 300.00 300.00− 360.00 300.00− 320.00300.00− 320.00340.00− 360.00300.00− 320.00300.00− 300.00300.00− 320.00 300.00− 360.00
weekly_02_2025_Eng.txt,rice,Unknown,Annex 01 - Colombo Markets: Retail Prices of Rice and Subsidiary Food Crops (Rs/kg) Week 02: 10 - 16 Jan 2025
weekly_02_2025_Eng.txt,vegetable,Unknown,Vegetable
weekly_02_2025_Eng.txt,potato,Unknown,Sweet Potato 220.00− 280.00 240.00− 320.00 280.00− 320.00 320.00 − 320.00 320.00− 340.00 280.00− 320.00 220.00− 240.00 200.00− 240.00200.00− 220.00
weekly_02_2025_Eng.txt,vegetable,Unknown,Leafy Vegetable
weekly_02_2025_Eng.txt,coconut,Unknown,Coconut
weekly_02_2025_Eng.txt,rice,Unknown,Annex 02 - Colombo Markets: Retail Prices of Vegetables (Rs/kg) and Coconut (Rs/nut)
weekly_02_2025_Eng.txt,fruit,Unknown,Other Fruits
weekly_02_2025_Eng.txt,coconut,Unknown,King Coconut 200.00− 200.00 200.00− 230.00200.00− 200.00 200.00− 200.00180.00− 200.00180.00− 200.00180.00− 200.00 180.00− 200.00 180.00−200.00
weekly_02_2025_Eng.txt,rice,Unknown,Annex 03 - Colombo Markets: Retail Prices of Fruits (Rs/fruit)
weekly_02_2025_Eng.txt,fish,Unknown,Sea Fish
weekly_02_2025_Eng.txt,egg,Unknown,30 Eggs (Rs/egg)
weekly_02_2025_Eng.txt,fish,Unknown,Dried Fish
weekly_02_2025_Eng.txt,chicken,Unknown,Chicken (Broiler) 1150.00−1150.001160.00−1160.001150.00−1150.001150.00−1150.001260.00−1260.001290.00−1290.00 − 1200.00−1200.001200.00−1200.00
weekly_02_2025_Eng.txt,chicken,Unknown,Chicken (Curry) 1150.00−1150.001160.00−1160.001250.00−1250.001150.00−1250.001250.00−1250.001160.00−1160.00 − 1200.00−1200.001200.00−1200.00
weekly_02_2025_Eng.txt,rice,Unknown,Annex 04 - Colombo Markets: Retail Prices of Sea Fish and Dried Fish (Rs/kg)
weekly_02_2025_Eng.txt,rice,Unknown,Rice - (white Kekulu - normal ) 361 9.88 1.52 - 0.03 0.09 10.67 - 6.94 26.29 1.22 1.5
weekly_02_2025_Eng.txt,rice,Unknown,Rice - (white Kekulu Samba) 355 8.81 1.53 - 0.03 0.09 8.11 - 9.82 30.48 0.92 1.7
weekly_02_2025_Eng.txt,rice,Unknown,Rice - ( Red Kekulu - normal ) 366 8.64 2.12 - 0.05 0.1 8.39 - 4.73 31.7 0.88 1.84
weekly_02_2025_Eng.txt,rice,Unknown,Rice -Samba 369 6.86 2.45 - 0.05 0.13 12.79 - 8.71 37.26 1.18 1.49
weekly_02_2025_Eng.txt,rice,Unknown,Rice - Nadu White 366 7.76 1.48 - 0.03 0.12 9.35 - 4.57 20.1 0.64 1.61
weekly_02_2025_Eng.txt,onion,Unknown,Onion
weekly_02_2025_Eng.txt,onion,Unknown,Big onions 48 1.67 0.24 0.16 0.01 0.1 32.99 7.58 14.82 16.94 0.45 0.25
weekly_02_2025_Eng.txt,onion,Unknown,Red onions 55 2.13 0.15 0.18 0.02 0.13 30.15 14.26 20.37 19.32 0.31 0.28
weekly_02_2025_Eng.txt,potato,Unknown,Potatoes 71 1.67 0.25 0.01 0.09 14.31 20.5 9.83 23.84 0.46 0.29
weekly_02_2025_Eng.txt,dhal,Unknown,Red Dhal 319 23.09 0.77 1.06 1.6 0.22 55 NA 41.27 66.63 7.45 3.34
weekly_02_2025_Eng.txt,vegetable,Unknown,Vegetables
weekly_02_2025_Eng.txt,rice,Unknown,Rice
weekly_02_2025_Eng.txt,egg,Unknown,Brinjal (Chinese eggplant) 24 1.28 0.33 16.83 0.12 0.11 32.94 3.37 14.4 21.18 0.28 0.16
weekly_02_2025_Eng.txt,egg,Unknown,Thalana batu (Thai eggplant) 21 1.45 0.26 18.33 0.11 0.09 31.18 2.71 17.24 37.22 0.37 0.24
weekly_02_2025_Eng.txt,coconut,Unknown,Coconuts nuts 390 3.67 39.92 - 0.05 0.11 14.86 -
weekly_02_2025_Eng.txt,potato,Unknown,Sweet potato 108 1.27 0.33 NA 0.04 0.09 14.44 22.2 28.93 21.05 0.51 0.14
weekly_02_2025_Eng.txt,vegetable,Unknown,Leafy Vegetables
weekly_02_2025_Eng.txt,onion,Unknown,Onion leaves 27 2.01 0.26 NA 0.04 0.18 56.8 23.38 35.21 74.95 3.15 0.77
weekly_02_2025_Eng.txt,fruit,Unknown,Jackfruit pods 25 2.14 0.34 NA 0.03 0.04 30.7 24.77 37.32 26.08 0.3 0.17
weekly_02_2025_Eng.txt,fruit,Unknown,Jackfruit seeds 77 5.66 0.44 NA 0.02 0.08 58.91 15.24 40.87 50.14 0.52 0.42
weekly_02_2025_Eng.txt,chicken,Unknown,Chicken 176 23.14 9.24 6.88 0.07 0.49 10.09 - 15.06 20.18 0.75 0.64
weekly_02_2025_Eng.txt,fish,Unknown,Fish
weekly_02_2025_Eng.txt,fish,Unknown,Cuttle fish 76 16.82 0.93 1.93 0.02 0.04 6.22 8.73 35.46 0.62 1.3
weekly_02_2025_Eng.txt,fish,Unknown,Dried Fish
weekly_02_2025_Eng.txt,egg,Unknown,Eggs
weekly_02_2025_Eng.txt,egg,Unknown,Hen eggs (Country) 170 13.14 13 208 0.08 0.18 54.6 50.14 11.04 1.64 1.12
weekly_02_2025_Eng.txt,egg,Unknown,Hen eggs (Table) 135 13.55 9.03 200 0.19 0.19 49.46 63.3 12 2.39 1.73
weekly_02_2025_Eng.txt,egg,Unknown,Quail eggs 153 12.39 11.46 153 0.11 0.17 54.86 60.67 11.21 2.55 1.51
weekly_02_2025_Eng.txt,fruit,Unknown,Fruits
weekly_02_2025_Eng.txt,rice,Unknown,Price Collecting Areas
weekly_05_2025_Eng.txt,vegetable,Unknown,Vegetables
weekly_05_2025_Eng.txt,coconut,Unknown,Coconut
weekly_05_2025_Eng.txt,egg,Unknown,Eggs
weekly_05_2025_Eng.txt,rice,Unknown,Paddy/Rice
weekly_05_2025_Eng.txt,rice,Increase,Prices of both large and small nuts have increased.
weekly_05_2025_Eng.txt,rice,Unknown,"Further, prices ranged Rs.210.00-250.00 for large nuts"
weekly_05_2025_Eng.txt,rice,Increase,Prices of both brown and white eggs have increased by
weekly_05_2025_Eng.txt,rice,Unknown,around Rs.2.00/egg.  Prices ranged Rs.28.00-35.00 for
weekly_05_2025_Eng.txt,egg,Unknown,white eggs and Rs.29.00-37.00 for brown eggs.
weekly_05_2025_Eng.txt,rice,Unknown,Prices of both imported red onion and imported big
weekly_05_2025_Eng.txt,rice,Decrease,"onion have decreased. As well, prices of both Nuwara"
weekly_05_2025_Eng.txt,rice,Decrease,Eliya and imported potatoes have decreased. Prices of
weekly_05_2025_Eng.txt,rice,Increase,green gram and cowpea have increased while the price
weekly_05_2025_Eng.txt,dhal,Decrease,of red dhal has decreased.
weekly_05_2025_Eng.txt,rice,Unknown,Price of most of the up country and low country
weekly_05_2025_Eng.txt,rice,Increase,vegetable have increased. The highest price increase was
weekly_05_2025_Eng.txt,vegetable,Unknown,reported for carrot among the up-country vegetables.
weekly_05_2025_Eng.txt,rice,Decrease,Retail prices of all the rice varieties have decreased due
weekly_05_2025_Eng.txt,rice,Unknown,to arrival of 2024/25 Maha rice stocks. The highest price
weekly_05_2025_Eng.txt,rice,Decrease,decrease was noted for local raw red rice and prices
weekly_05_2025_Eng.txt,rice,Unknown,Average farmgate prices of all the paddy varieties in
weekly_05_2025_Eng.txt,rice,Decrease,The highest price decreased noted for long grain paddy
weekly_05_2025_Eng.txt,rice,Unknown,Rice
weekly_05_2025_Eng.txt,rice,Unknown,"Price of nadu grade I, nadu grade II and raw"
weekly_05_2025_Eng.txt,rice,Unknown,availability of sufficient stocks and price
weekly_05_2025_Eng.txt,rice,Unknown,respectively. Raw-red rice verities were
weekly_05_2025_Eng.txt,rice,Unknown,available at the market and price ranged
weekly_05_2025_Eng.txt,rice,Unknown,Imported rice verities were also available at
weekly_05_2025_Eng.txt,rice,Unknown,prices:
weekly_05_2025_Eng.txt,rice,Unknown,"Compared to same period of last year, price"
weekly_05_2025_Eng.txt,rice,Increase,"of most of the rice verities have increased,"
weekly_05_2025_Eng.txt,rice,Unknown,with the highest price of 32% for raw red.
weekly_05_2025_Eng.txt,rice,Decrease,The price of keeri samba has decreased by
weekly_05_2025_Eng.txt,rice,Unknown,Due to availability of 2024/25 Maha season rice
weekly_05_2025_Eng.txt,rice,Unknown,"stock, the retail prices of all types of rice"
weekly_05_2025_Eng.txt,rice,Decrease,notable price decrease of Rs.37.00/kg was
weekly_05_2025_Eng.txt,rice,Unknown,observed for local raw red and price ranged
weekly_05_2025_Eng.txt,rice,Unknown,Rs.250.00-320.00/kg. Prices of local raw white
weekly_05_2025_Eng.txt,rice,Unknown,and Rs 13.00 /kg respectively. Prices of tother
weekly_05_2025_Eng.txt,rice,Decrease,rice varieties have decreased slightly.
weekly_05_2025_Eng.txt,rice,Increase,highest price increase of 38% was recorded for
weekly_05_2025_Eng.txt,rice,Decrease,raw red and the highest price decrease of 29%
weekly_05_2025_Eng.txt,rice,Unknown,The average farmgate prices of major
weekly_05_2025_Eng.txt,rice,Decrease,price decrease was reported for long grain
weekly_05_2025_Eng.txt,rice,Decrease,red paddy and prices have decreased by
weekly_05_2025_Eng.txt,rice,Unknown,Hambantota. Prices ranged Rs.110.00 -
weekly_05_2025_Eng.txt,rice,Unknown,150.00/kg for long grain red.  Price
weekly_05_2025_Eng.txt,rice,Unknown,slightly by Rs.1.00-3.00/kg and prices
weekly_05_2025_Eng.txt,rice,Unknown,"137.00/kg for dried paddy). Further, price"
weekly_05_2025_Eng.txt,rice,Unknown,for keeri samba paddy and prices ranged
weekly_05_2025_Eng.txt,rice,Unknown,dried paddy). Prices of long grain white
weekly_05_2025_Eng.txt,rice,Unknown,and reported price range d Rs.105.00-
weekly_05_2025_Eng.txt,rice,Unknown,Prices of all the major paddy varieties
weekly_05_2025_Eng.txt,rice,Unknown,paddy (26%-35%) while price of keeri
weekly_05_2025_Eng.txt,rice,Unknown,The price of imported dried chilies has
weekly_05_2025_Eng.txt,rice,Unknown,sufficient stocks and price ranged
weekly_05_2025_Eng.txt,rice,Unknown,current whole sale price of imported dried
weekly_05_2025_Eng.txt,rice,Decrease,"In line with decreased wholesale prices, the"
weekly_05_2025_Eng.txt,rice,Unknown,retail price of imported dried chili es has
weekly_05_2025_Eng.txt,rice,Unknown,current retail price of imported dried chilies has
weekly_05_2025_Eng.txt,onion,Unknown,Onion
weekly_05_2025_Eng.txt,onion,Unknown,Local red onion stocks were not available
weekly_05_2025_Eng.txt,rice,Unknown,at the market. Prices of imported red onion
weekly_05_2025_Eng.txt,onion,Decrease,and big onion have decreased by 29% and
weekly_05_2025_Eng.txt,rice,Unknown,stocks and price ranged Rs.290.00 -
weekly_05_2025_Eng.txt,rice,Unknown,current whole sale price of imported red
weekly_05_2025_Eng.txt,onion,Increase,onion has increased by 34% while
weekly_05_2025_Eng.txt,onion,Decrease,imported big onion has decreased by 55%
weekly_05_2025_Eng.txt,rice,Unknown,Price of imported red onion and imported big
weekly_05_2025_Eng.txt,onion,Decrease,onion have decreased by Rs.35.00/kg and
weekly_05_2025_Eng.txt,rice,Unknown,current retail price of imported red onion has
weekly_05_2025_Eng.txt,onion,Increase,increased by 35% and imported big onion has
weekly_05_2025_Eng.txt,potato,Unknown,Potato
weekly_05_2025_Eng.txt,rice,Decrease,Price of Nuwara Eliya potato has decreased by
weekly_05_2025_Eng.txt,rice,Unknown,and price ranged Rs.310.00 -330.00/kg.
weekly_05_2025_Eng.txt,rice,Decrease,Price of imported potato has also decreased
weekly_05_2025_Eng.txt,rice,Unknown,by 2% and price ranged Rs.1 40.00-
weekly_05_2025_Eng.txt,rice,Unknown,current wholesale price of Nuwara Eliya
weekly_05_2025_Eng.txt,potato,Increase,potato has increased by 1% while imported
weekly_05_2025_Eng.txt,potato,Decrease,potato has decreased by 4%.
weekly_05_2025_Eng.txt,rice,Unknown,Prices of both Nuwara Eliya and imported
weekly_05_2025_Eng.txt,potato,Decrease,potatoes have decreased by Rs.35.00/kg and
weekly_05_2025_Eng.txt,rice,Unknown,prices of imported and Nuwara Eliya of potatoes
weekly_05_2025_Eng.txt,rice,Unknown,Prices of white cowpea and red cowpea
weekly_05_2025_Eng.txt,rice,Unknown,price ranged Rs.550.00-700.00/kg and
weekly_05_2025_Eng.txt,rice,Unknown,Rs.550.00-650.00/kg respectively. Price of
weekly_05_2025_Eng.txt,dhal,Unknown,green gram and   red dhal have not changed
weekly_05_2025_Eng.txt,rice,Unknown,significantly and prices ranged Rs.550.00-
weekly_05_2025_Eng.txt,dhal,Unknown,275.00/kg for red dhal.
weekly_05_2025_Eng.txt,rice,Unknown,current whole sale prices of all pulses
weekly_05_2025_Eng.txt,rice,Decrease,price decrease noted for white cowpea.
weekly_05_2025_Eng.txt,rice,Unknown,Prices of all types of pulses except for red dhal
weekly_05_2025_Eng.txt,rice,Increase,have increased. The highest price increase of
weekly_05_2025_Eng.txt,rice,Unknown,Rs.31.00/kg was recorded for red cowpea. Price
weekly_05_2025_Eng.txt,dhal,Decrease,of red dhal has decreased by around Rs.1.00/kg.
weekly_05_2025_Eng.txt,rice,Unknown,current retail prices of all types of pulses have
weekly_05_2025_Eng.txt,rice,Decrease,decreased with the highest price decrease of
weekly_05_2025_Eng.txt,vegetable,Unknown,Vegetable
weekly_05_2025_Eng.txt,rice,Unknown,Prices of most of the vegetables have
weekly_05_2025_Eng.txt,vegetable,Unknown,"Considering up country vegetables,"
weekly_05_2025_Eng.txt,rice,Unknown,prices of all other vegetables except
weekly_05_2025_Eng.txt,rice,Increase,highest price increase was reported for
weekly_05_2025_Eng.txt,rice,Unknown,"63%. Prices of leeks, raddish, beetroot and"
weekly_05_2025_Eng.txt,rice,Unknown,"21%. Further, price of tomato has"
weekly_05_2025_Eng.txt,rice,Unknown,sufficient stocks from Kandy and price of
weekly_05_2025_Eng.txt,vegetable,Unknown,"Considering low-country vegetables,"
weekly_05_2025_Eng.txt,rice,Unknown,prices of all vegetable varieties have
weekly_05_2025_Eng.txt,rice,Increase,increased with the highest price increase
weekly_05_2025_Eng.txt,rice,Unknown,"noted for luffa (32%). In addition, price of"
weekly_05_2025_Eng.txt,rice,Decrease,the price of lime has decreased by13%.
weekly_05_2025_Eng.txt,rice,Decrease,"vegetable prices have decreased, with"
weekly_05_2025_Eng.txt,rice,Unknown,Retail prices of most of the vegetable
weekly_05_2025_Eng.txt,rice,Unknown,"wholesale prices. In up-country vegetables,"
weekly_05_2025_Eng.txt,rice,Increase,the highest price increase was reported for
weekly_05_2025_Eng.txt,vegetable,Unknown,Considering the low-country vegetable
weekly_05_2025_Eng.txt,rice,Unknown,varieties bitter gourd and brinjal prices
weekly_05_2025_Eng.txt,rice,Increase,showed a significant price increased
weekly_05_2025_Eng.txt,rice,Unknown,by around Rs.90.00/kg. Prices of
weekly_05_2025_Eng.txt,rice,Unknown,Rs.212.00/kg. Prices of lime and green
weekly_05_2025_Eng.txt,rice,Unknown,prices of most of the vegetable varieties
weekly_05_2025_Eng.txt,rice,Decrease,have decreased with a notable price
weekly_05_2025_Eng.txt,coconut,Unknown,Coconut
weekly_05_2025_Eng.txt,rice,Unknown,Prices of both large and small nuts have
weekly_05_2025_Eng.txt,rice,Increase,increased by 2%. Price range d
weekly_05_2025_Eng.txt,rice,Unknown,current wholesale prices of large and small
weekly_05_2025_Eng.txt,rice,Unknown,Prices of both large and small nuts have
weekly_05_2025_Eng.txt,rice,Unknown,Rs.12.00/nut respectively. Prices ranged
weekly_05_2025_Eng.txt,rice,Unknown,prices of large nuts (88%) and small nuts
weekly_05_2025_Eng.txt,fruit,Unknown,Fruits
weekly_05_2025_Eng.txt,rice,Unknown,Prices of most of the fruit varieties have
weekly_05_2025_Eng.txt,rice,Increase,The highest price increase of 33% was
weekly_05_2025_Eng.txt,rice,Increase,"varieties, the highest price increase was"
weekly_05_2025_Eng.txt,rice,Decrease,price of slime apple has decreased by 21%
weekly_05_2025_Eng.txt,rice,Unknown,Prices of all the sizes of pineapple have
weekly_05_2025_Eng.txt,rice,Decrease,decreased by 9% to 13%. Prices of avocado
weekly_05_2025_Eng.txt,rice,Decrease,prices have decreased by 11% due to the
weekly_05_2025_Eng.txt,rice,Decrease,prices of most of fruits have decreased.
weekly_05_2025_Eng.txt,rice,Unknown,Prices of most of the fruit varieties have
weekly_05_2025_Eng.txt,rice,Increase,"bananas, the highest price increase noted"
weekly_05_2025_Eng.txt,rice,Unknown,prices of ambul banana and seeni banana
weekly_05_2025_Eng.txt,rice,Increase,Price of papaw has increased by
weekly_05_2025_Eng.txt,rice,Unknown,Rs.20.00/kg due to limited supply. Price
weekly_05_2025_Eng.txt,fruit,Unknown,by Rs.13.00/kg fruits due to limited stocks.
weekly_05_2025_Eng.txt,rice,Unknown,"However, prices of avocado and grapes"
weekly_05_2025_Eng.txt,fruit,Decrease,have decreased by Rs.79.00/fruit and
weekly_05_2025_Eng.txt,rice,Unknown,"Rs.72.00/kg respectively. As well, prices"
weekly_05_2025_Eng.txt,fruit,Unknown,the range of Rs.8.00-17.00/fruit.
weekly_05_2025_Eng.txt,rice,Unknown,retail price for most of the fruit varieties
weekly_05_2025_Eng.txt,rice,Decrease,have decreased and the highest p rice
weekly_05_2025_Eng.txt,fruit,Decrease,decrease was recorded for passionfruit as
weekly_05_2025_Eng.txt,fish,Unknown,Fresh Fish
weekly_05_2025_Eng.txt,rice,Unknown,Wholesale prices of all the fresh fish types
weekly_05_2025_Eng.txt,rice,Decrease,The highest price decrease of 33% was
weekly_05_2025_Eng.txt,rice,Decrease,"The prices decrease of 21%, 18% and 16%"
weekly_05_2025_Eng.txt,rice,Unknown,Prices of other fresh fish verities have
weekly_05_2025_Eng.txt,rice,Unknown,current wholesale prices of most of the
weekly_05_2025_Eng.txt,fish,Increase,fresh fish types have increased with the
weekly_05_2025_Eng.txt,rice,Increase,highest price increase of 95% was noted for
weekly_05_2025_Eng.txt,rice,Decrease,Prices of all fish varieties have decreased
weekly_05_2025_Eng.txt,rice,Decrease,and the highest price decrease was
weekly_05_2025_Eng.txt,rice,Decrease,second highest price decrease was recorded
weekly_05_2025_Eng.txt,rice,Unknown,for kelawalla by Rs.209.00/kg. Price
weekly_05_2025_Eng.txt,rice,Decrease,respectively. Price decrease of other fish
weekly_05_2025_Eng.txt,rice,Decrease,the highest price decrease was recorded for
weekly_05_2025_Eng.txt,rice,Unknown,balaya by 24% while the highest price
weekly_05_2025_Eng.txt,fish,Unknown,Dried Fish
weekly_05_2025_Eng.txt,rice,Unknown,Prices of most of the dried fish types have
weekly_05_2025_Eng.txt,fish,Increase,decreased due to increase of local dried fish
weekly_05_2025_Eng.txt,rice,Decrease,supply. A price decrease of 7% was noted
weekly_05_2025_Eng.txt,rice,Increase,"However, a price increase of 7% was noted"
weekly_05_2025_Eng.txt,rice,Unknown,Negombo and Beruwala areas. Prices of
weekly_05_2025_Eng.txt,fish,Unknown,other dried fish verities have not changed
weekly_05_2025_Eng.txt,rice,Unknown,current wholesale prices of all of the dried
weekly_05_2025_Eng.txt,fish,Unknown,fish types except local salaya have
weekly_05_2025_Eng.txt,rice,Decrease,decreased and the highest price decrease of
weekly_05_2025_Eng.txt,rice,Unknown,Prices of all the dry fish varieties except
weekly_05_2025_Eng.txt,rice,Decrease,highest price decrease was recorded for
weekly_05_2025_Eng.txt,rice,Decrease,highest price decrease was recorded for
weekly_05_2025_Eng.txt,rice,Increase,price of balaya and mora have increased
weekly_05_2025_Eng.txt,rice,Unknown,the prices of all the dry fish types except
weekly_05_2025_Eng.txt,rice,Decrease,mora have decreased and the highest price
weekly_05_2025_Eng.txt,egg,Unknown,Eggs
weekly_05_2025_Eng.txt,rice,Unknown,Prices of both brown and white eggs have
weekly_05_2025_Eng.txt,rice,Increase,increased by 2% and their prices ranged
weekly_05_2025_Eng.txt,egg,Unknown,Rs.28.00-33.00/egg and Rs.26.00 -
weekly_05_2025_Eng.txt,egg,Unknown,30.00/egg respectively.
weekly_05_2025_Eng.txt,rice,Unknown,prices of both brown and white eggs have
weekly_05_2025_Eng.txt,rice,Unknown,Prices of both brown and white eggs have
weekly_05_2025_Eng.txt,egg,Increase,increased by around Rs.2.00/egg and the
weekly_05_2025_Eng.txt,rice,Unknown,prices ranged Rs.28.00-35.00 for white egg
weekly_05_2025_Eng.txt,egg,Unknown,and Rs.29.00-37.00 for brown egg.
weekly_05_2025_Eng.txt,rice,Unknown,the prices of both egg varieties have
weekly_05_2025_Eng.txt,rice,Unknown,Prices of all the meat types except broiler
weekly_05_2025_Eng.txt,chicken,Decrease,chicken and pork have decreased and the
weekly_05_2025_Eng.txt,rice,Decrease,highest price decrease was recorded for
weekly_05_2025_Eng.txt,rice,Decrease,mutton by Rs.58.00/kg. Price decrease of
weekly_05_2025_Eng.txt,chicken,Unknown,beef and curry chicken have recorded
weekly_05_2025_Eng.txt,rice,Unknown,"respectively. Meanwhile, prices of broiler"
weekly_05_2025_Eng.txt,chicken,Increase,chicken and pork have increased by
weekly_05_2025_Eng.txt,rice,Unknown,prices of all meat types except beef and
weekly_05_2025_Eng.txt,rice,Decrease,mutton have decreased. The highest price
weekly_05_2025_Eng.txt,chicken,Decrease,decrease was recorded for broiler chicken
weekly_05_2025_Eng.txt,rice,Unknown,wholesale and retail prices of selected food
weekly_05_2025_Eng.txt,rice,Unknown,"prevailing prices, price ranges, averages, and a"
weekly_05_2025_Eng.txt,rice,Unknown,comparison of weekly prices. The changes in
weekly_05_2025_Eng.txt,rice,Unknown,prices reported are always with price prevailed
weekly_05_2025_Eng.txt,rice,Unknown,The frequency of collection of wholesale price
weekly_05_2025_Eng.txt,rice,Unknown,"Friday) while with retail prices, it is thrice a"
weekly_05_2025_Eng.txt,rice,Unknown,Rice VarietiesLOCATIONS
weekly_05_2025_Eng.txt,rice,Unknown,Table 01: Selected Markets:Wholesale Price of Rice (Rs/50kg bag)
weekly_05_2025_Eng.txt,rice,Unknown,Table 02: Selected Markets: Retail Price of Rice (Rs/kg)
weekly_05_2025_Eng.txt,rice,Unknown,LOCATIONS Rice Varieties
weekly_05_2025_Eng.txt,dhal,Unknown,Green Gram Cowpea Red Dhal
weekly_05_2025_Eng.txt,rice,Unknown,Table 04: Selected Markets:Wholesale Price of Subsidiary Food (Rs/50kg)
weekly_05_2025_Eng.txt,onion,Unknown,Dried Chillies Red Onion Big Onion PotatoLOCATION Imported Imported Local Imported
weekly_05_2025_Eng.txt,rice,Unknown,Table 05: Selected Markets: Retail Price of Subsidiary Food Crops (Rs/kg)
weekly_05_2025_Eng.txt,onion,Unknown,Dried Chillies Red Onion Big Onion Potato Pulses
weekly_05_2025_Eng.txt,dhal,Unknown,Green Gram Cowpea Red Dhal
weekly_05_2025_Eng.txt,rice,Unknown,Table 06: Selected Markets: Wholesale Price of Vegetables(Rs/kg)
weekly_05_2025_Eng.txt,rice,Unknown,"Colombo, Meegoda, Norochchole, Jaffna,Dambulla and Kandy - Gotukola Price Rs/Kg"
weekly_05_2025_Eng.txt,vegetable,Unknown,Leafy Vegetables (Rs/bundle)
weekly_05_2025_Eng.txt,coconut,Unknown,Coconut (Rs/nut)
weekly_05_2025_Eng.txt,potato,Unknown,ManiocLong Beans Ash Plantain Green Chillies Lime Sweet Potatoe
weekly_05_2025_Eng.txt,rice,Unknown,Table 07: Selected Markets: Retail Price of Vegetables (Rs/kg)
weekly_05_2025_Eng.txt,potato,Unknown,Ash Plantain Green Chillies Lime Sweet Potato Large Small
weekly_05_2025_Eng.txt,vegetable,Unknown,Low Country Varieties Leafy Vegetable Coconut (Rs/nut)
weekly_05_2025_Eng.txt,rice,Unknown,Table 08: Selected Markets: Retail Price of Fruits (Rs/each & Rs/kg)
weekly_05_2025_Eng.txt,fruit,Unknown,Mango Other Fruits
weekly_05_2025_Eng.txt,coconut,Unknown,Passion Avocado Slime Apple Grapes (Rs/kg) King CoconutWood Apple Orange
weekly_05_2025_Eng.txt,fish,Unknown,Sea Fish Eggs
weekly_05_2025_Eng.txt,rice,Unknown,Table 09: Selected Markets: Wholesale Price of Fresh Fish & Eggs (Rs/kg & Rs/egg)
weekly_05_2025_Eng.txt,fish,Unknown,Sea FishLocations
weekly_05_2025_Eng.txt,rice,Unknown,Table 10: Selected Markets: Wholesale Price of Dried Fish (Rs/50kg)
weekly_05_2025_Eng.txt,fish,Unknown,Local Dried Fish
weekly_05_2025_Eng.txt,fish,Unknown,Local Dried Fish Imported Dried Fish
weekly_05_2025_Eng.txt,fish,Unknown,Imported Dried Fish
weekly_05_2025_Eng.txt,rice,Unknown,Table 11: Selected Markets: Retail Price of Fresh Fish & Eggs (Rs/kg & Rs/eggs)
weekly_05_2025_Eng.txt,fish,Unknown,Sea Fish EggsLOCATIONS
weekly_05_2025_Eng.txt,rice,Unknown,Table 12: Selected Markets: Retail Price of Dried Fish (Rs/kg)
weekly_05_2025_Eng.txt,fish,Unknown,Dried FishLOCATIONS Sprats-Imported Kattawa Thora Mora Balaya
weekly_05_2025_Eng.txt,rice,Unknown,Table 13: Selected Markets: Retail Price of Meat (Rs/kg)
weekly_05_2025_Eng.txt,chicken,Unknown,Meat Meat (Chicken) Meat
weekly_05_2025_Eng.txt,rice,Unknown,Rice Coconut
weekly_05_2025_Eng.txt,fruit,Unknown,Keeri Samba 250.00−260.00255.00255.00345.00 0.00 -26.09Fruits (Rs/fruit)
weekly_05_2025_Eng.txt,fruit,Unknown,Raw (Red) − Passion Fruit 60.00− 75.00 66.25 60.63115.56 9.28 -42.67
weekly_05_2025_Eng.txt,onion,Unknown,Onion Mango
weekly_05_2025_Eng.txt,onion,Unknown,Big Onion Kohu −
weekly_05_2025_Eng.txt,potato,Unknown,Potato Orange 50.00− 60.00 54.44 57.22 63.89 -4.85 -14.78
weekly_05_2025_Eng.txt,coconut,Unknown,Pulses King Coconut 150.00− 180.00 164.44 152.50100.00 7.83 64.44
weekly_05_2025_Eng.txt,fish,Unknown,Cowpea (White) 550.00−700.00641.67566.671083.33 13.24 -40.77Sea Fish
weekly_05_2025_Eng.txt,dhal,Unknown,Red Dhal 270.00−275.00271.67273.57296.67 -0.70 -8.43Hurulla 780.00−1000.00 932.22 980.83478.18 -4.96 94.95
weekly_05_2025_Eng.txt,vegetable,Unknown,Vegetable Balaya 650.00− 800.00 725.83 881.67642.00 -17.67 13.06
weekly_05_2025_Eng.txt,egg,Unknown,Raddish 120.00−150.00133.00116.00152.00 14.66 -12.50Eggs
weekly_05_2025_Eng.txt,fish,Unknown,Ladies Fingers 180.00−300.00244.00212.00334.00 15.09 -26.95Dried Fish
weekly_05_2025_Eng.txt,potato,Unknown,Sweet Potato 140.00−180.00163.00137.00179.00 18.98 -8.94Maduwa (Imported) −
weekly_05_2025_Eng.txt,vegetable,Unknown,Leafy Vegetable Koduwa (Imported) −
weekly_05_2025_Eng.txt,rice,Unknown,Table 14: Colombo: Wholesale Prices (Rs/kg or Rs/piece)
weekly_05_2025_Eng.txt,rice,Unknown,Average Price Change Compared to
weekly_05_2025_Eng.txt,rice,Unknown,Average Price
weekly_05_2025_Eng.txt,rice,Unknown,Rice Coconut
weekly_05_2025_Eng.txt,fruit,Unknown,Keeri Samba 260.00− 280.00263.45 270.16371.76 -6.71-29.14Fruits (Rs/fruit)
weekly_05_2025_Eng.txt,fruit,Unknown,Raw (Red) − Passion Fruit 80.00− 120.00 95.56 92.63 184.44 2.92 -48.19
weekly_05_2025_Eng.txt,onion,Unknown,Onion Mango
weekly_05_2025_Eng.txt,onion,Unknown,Big Onion Kohu −
weekly_05_2025_Eng.txt,potato,Unknown,Potato Orange 65.00− 160.00108.80122.94 116.41 -14.14 -6.54
weekly_05_2025_Eng.txt,coconut,Unknown,Pulses King Coconut 180.00− 220.00195.80191.72 144.44 4.08 35.55
weekly_05_2025_Eng.txt,fish,Unknown,Cowpea (White) 700.00−1000.00865.67 836.771226.92 28.89-29.44Sea Fish
weekly_05_2025_Eng.txt,dhal,Unknown,Red Dhal 290.00− 360.00310.64 311.97340.59 -1.33 -8.79Hurulla 1000.00−1300.001114.671156.25 827.62 -41.58 34.68
weekly_05_2025_Eng.txt,vegetable,Unknown,Vegetable Balaya 780.00−1200.00956.671041.001265.83 -84.33 -24.42
weekly_05_2025_Eng.txt,egg,Unknown,Raddish 200.00− 400.00286.15 251.29319.17 34.86-10.34Eggs
weekly_05_2025_Eng.txt,fish,Unknown,Ladies Fingers 280.00− 400.00357.31 328.67559.29 28.64-36.11Dried Fish
weekly_05_2025_Eng.txt,chicken,Unknown,Root Crops Chicken (Broiler) 1060.00−1260.001136.881106.671262.73 30.21 -9.97
weekly_05_2025_Eng.txt,potato,Unknown,Sweet Potato 200.00− 350.00278.26 265.56351.03 12.71-20.73Chicken (Curry) 900.00−1200.001053.081070.001148.18 -16.92 -8.28
weekly_05_2025_Eng.txt,vegetable,Unknown,Leafy Vegetable Pork 1200.00−1300.001262.501200.001280.00 62.50 -1.37
weekly_05_2025_Eng.txt,rice,Unknown,Table 15: Colombo &Suburbs: Retail Prices (Rs/kg or Rs/piece)
weekly_05_2025_Eng.txt,rice,Unknown,Average Price Change Compared to
weekly_05_2025_Eng.txt,rice,Unknown,Average Price Change Compared to
weekly_05_2025_Eng.txt,vegetable,Unknown,Paddy Vegetable (Up Country) Snake Gourd
weekly_05_2025_Eng.txt,onion,Unknown,Red Onion Badulla − Long Beans
weekly_05_2025_Eng.txt,onion,Unknown,Big Onion Welimada 70.00−80.00 76.00Embilipitiya 285.00−300.00291.25
weekly_05_2025_Eng.txt,potato,Unknown,Potato Hambantota −
weekly_05_2025_Eng.txt,vegetable,Unknown,N'Eliya 230.00−250.00238.00Vegetable (Low Country) Embilipitiya 120.00−140.00130.00
weekly_05_2025_Eng.txt,fruit,Unknown,Moneragala 500.00−550.00520.00Brinjal Fruits (Rs/kg)
weekly_05_2025_Eng.txt,rice,Unknown,Table 16: Farmgate/Producer Prices of Food Commodities in Selected Producing Areas (Rs/kg)
weekly_05_2025_Eng.txt,rice,Unknown,PriceCOMMODITY Range Average
weekly_05_2025_Eng.txt,rice,Unknown,Price COMMODITY Range Average
weekly_05_2025_Eng.txt,rice,Unknown,Price COMMODITY
weekly_05_2025_Eng.txt,rice,Unknown,Rice
weekly_05_2025_Eng.txt,onion,Unknown,Red Onion
weekly_05_2025_Eng.txt,onion,Unknown,Big Onion
weekly_05_2025_Eng.txt,potato,Unknown,Potato
weekly_05_2025_Eng.txt,dhal,Unknown,Red Dhal 290.00− 300.00 300.00− 360.00 300.00− 320.00300.00− 320.00300.00− 360.00290.00− 320.00300.00− 320.00300.00− 340.00 300.00− 360.00
weekly_05_2025_Eng.txt,rice,Unknown,Annex 01 - Colombo Markets: Retail Prices of Rice and Subsidiary Food Crops (Rs/kg) Week 05: 31 Jan - 06 Feb 2025
weekly_05_2025_Eng.txt,vegetable,Unknown,Vegetable
weekly_05_2025_Eng.txt,potato,Unknown,Sweet Potato 230.00− 240.00 260.00− 280.00 350.00− 350.00 350.00 − 350.00 200.00− 320.00 250.00− 280.00 240.00− 260.00 230.00− 260.00260.00− 320.00
weekly_05_2025_Eng.txt,vegetable,Unknown,Leafy Vegetable
weekly_05_2025_Eng.txt,coconut,Unknown,Coconut
weekly_05_2025_Eng.txt,rice,Unknown,Annex 02 - Colombo Markets: Retail Prices of Vegetables (Rs/kg) and Coconut (Rs/nut)
weekly_05_2025_Eng.txt,fruit,Unknown,Other Fruits
weekly_05_2025_Eng.txt,coconut,Unknown,King Coconut 180.00− 220.00 195.00− 200.00180.00− 200.00 200.00− 220.00180.00− 200.00200.00− 200.00180.00− 200.00 180.00− 200.00 180.00−200.00
weekly_05_2025_Eng.txt,rice,Unknown,Annex 03 - Colombo Markets: Retail Prices of Fruits (Rs/fruit)
weekly_05_2025_Eng.txt,fish,Unknown,Sea Fish
weekly_05_2025_Eng.txt,egg,Unknown,30 Eggs (Rs/egg)
weekly_05_2025_Eng.txt,fish,Unknown,Dried Fish
weekly_05_2025_Eng.txt,chicken,Unknown,Chicken (Broiler) 1070.00−1100.001200.00−1200.001260.00−1260.001260.00−1260.001150.00−1150.001100.00−1100.001150.00−1150.001060.00−1130.001060.00−1200.00
weekly_05_2025_Eng.txt,chicken,Unknown,Chicken (Curry) 900.00−1000.001100.00−1100.001200.00−1200.001200.00−1200.00 950.00− 950.001000.00−1000.001000.00−1000.001060.00−1120.001060.00−1100.00
weekly_05_2025_Eng.txt,rice,Unknown,Annex 04 - Colombo Markets: Retail Prices of Sea Fish and Dried Fish (Rs/kg)
weekly_05_2025_Eng.txt,rice,Unknown,Rice - (white Kekulu - normal ) 361 9.88 1.52 - 0.03 0.09 10.67 - 6.94 26.29 1.22 1.5
weekly_05_2025_Eng.txt,rice,Unknown,Rice - (white Kekulu Samba) 355 8.81 1.53 - 0.03 0.09 8.11 - 9.82 30.48 0.92 1.7
weekly_05_2025_Eng.txt,rice,Unknown,Rice - ( Red Kekulu - normal ) 366 8.64 2.12 - 0.05 0.1 8.39 - 4.73 31.7 0.88 1.84
weekly_05_2025_Eng.txt,rice,Unknown,Rice -Samba 369 6.86 2.45 - 0.05 0.13 12.79 - 8.71 37.26 1.18 1.49
weekly_05_2025_Eng.txt,rice,Unknown,Rice - Nadu White 366 7.76 1.48 - 0.03 0.12 9.35 - 4.57 20.1 0.64 1.61
weekly_05_2025_Eng.txt,onion,Unknown,Onion
weekly_05_2025_Eng.txt,onion,Unknown,Big onions 48 1.67 0.24 0.16 0.01 0.1 32.99 7.58 14.82 16.94 0.45 0.25
weekly_05_2025_Eng.txt,onion,Unknown,Red onions 55 2.13 0.15 0.18 0.02 0.13 30.15 14.26 20.37 19.32 0.31 0.28
weekly_05_2025_Eng.txt,potato,Unknown,Potatoes 71 1.67 0.25 0.01 0.09 14.31 20.5 9.83 23.84 0.46 0.29
weekly_05_2025_Eng.txt,dhal,Unknown,Red Dhal 319 23.09 0.77 1.06 1.6 0.22 55 NA 41.27 66.63 7.45 3.34
weekly_05_2025_Eng.txt,vegetable,Unknown,Vegetables
weekly_05_2025_Eng.txt,rice,Unknown,Rice
weekly_05_2025_Eng.txt,egg,Unknown,Brinjal (Chinese eggplant) 24 1.28 0.33 16.83 0.12 0.11 32.94 3.37 14.4 21.18 0.28 0.16
weekly_05_2025_Eng.txt,egg,Unknown,Thalana batu (Thai eggplant) 21 1.45 0.26 18.33 0.11 0.09 31.18 2.71 17.24 37.22 0.37 0.24
weekly_05_2025_Eng.txt,coconut,Unknown,Coconuts nuts 390 3.67 39.92 - 0.05 0.11 14.86 -
weekly_05_2025_Eng.txt,potato,Unknown,Sweet potato 108 1.27 0.33 NA 0.04 0.09 14.44 22.2 28.93 21.05 0.51 0.14
weekly_05_2025_Eng.txt,vegetable,Unknown,Leafy Vegetables
weekly_05_2025_Eng.txt,onion,Unknown,Onion leaves 27 2.01 0.26 NA 0.04 0.18 56.8 23.38 35.21 74.95 3.15 0.77
weekly_05_2025_Eng.txt,fruit,Unknown,Jackfruit pods 25 2.14 0.34 NA 0.03 0.04 30.7 24.77 37.32 26.08 0.3 0.17
weekly_05_2025_Eng.txt,fruit,Unknown,Jackfruit seeds 77 5.66 0.44 NA 0.02 0.08 58.91 15.24 40.87 50.14 0.52 0.42
weekly_05_2025_Eng.txt,chicken,Unknown,Chicken 176 23.14 9.24 6.88 0.07 0.49 10.09 - 15.06 20.18 0.75 0.64
weekly_05_2025_Eng.txt,fish,Unknown,Fish
weekly_05_2025_Eng.txt,fish,Unknown,Cuttle fish 76 16.82 0.93 1.93 0.02 0.04 6.22 8.73 35.46 0.62 1.3
weekly_05_2025_Eng.txt,fish,Unknown,Dried Fish
weekly_05_2025_Eng.txt,egg,Unknown,Eggs
weekly_05_2025_Eng.txt,egg,Unknown,Hen eggs (Country) 170 13.14 13 208 0.08 0.18 54.6 50.14 11.04 1.64 1.12
weekly_05_2025_Eng.txt,egg,Unknown,Hen eggs (Table) 135 13.55 9.03 200 0.19 0.19 49.46 63.3 12 2.39 1.73
weekly_05_2025_Eng.txt,egg,Unknown,Quail eggs 153 12.39 11.46 153 0.11 0.17 54.86 60.67 11.21 2.55 1.51
weekly_05_2025_Eng.txt,fruit,Unknown,Fruits
weekly_05_2025_Eng.txt,rice,Unknown,Price Collecting Areas
weekly_15_16_2025_Eng.txt,vegetable,Unknown,Vegetables
weekly_15_16_2025_Eng.txt,coconut,Unknown,Coconut
weekly_15_16_2025_Eng.txt,rice,Unknown,Paddy/Rice
weekly_15_16_2025_Eng.txt,rice,Unknown,"year, prices have surged significantly for both large nuts"
weekly_15_16_2025_Eng.txt,rice,Unknown,ranging Rs.700.00 -950.00/kg. Vedalan prices rose by
weekly_15_16_2025_Eng.txt,onion,Unknown,Rs.50.00/kg and imported red onion by Rs.2.00/kg.
weekly_15_16_2025_Eng.txt,rice,Decrease,"Meanwhile, potato prices decreased, with Welimada variety"
weekly_15_16_2025_Eng.txt,rice,Decrease,Most vegetable prices decreased following reduced demand
weekly_15_16_2025_Eng.txt,rice,Unknown,"Rs.98.00/kg. For low -country vegetables, brinjal prices"
weekly_15_16_2025_Eng.txt,rice,Decrease,"Most rice varieties have decreased in price, except for"
weekly_15_16_2025_Eng.txt,rice,Unknown,"Compared to last year, local raw red prices are up 19%."
weekly_15_16_2025_Eng.txt,rice,Unknown,"Farmgate paddy prices remain stable compared to last week,"
weekly_15_16_2025_Eng.txt,rice,Unknown,Rice
weekly_15_16_2025_Eng.txt,rice,Decrease,Prices of keeri samba has decreased by 4%
weekly_15_16_2025_Eng.txt,rice,Unknown,and price ra nged R s.260.00- 280.00/kg.
weekly_15_16_2025_Eng.txt,rice,Unknown,Price of raw red and raw white have
weekly_15_16_2025_Eng.txt,rice,Unknown,average prices were Rs.213.00/kg and
weekly_15_16_2025_Eng.txt,rice,Unknown,Rs.212.00/kg. Price of all other local rice
weekly_15_16_2025_Eng.txt,rice,Unknown,2% and price ranged Rs.225.00 -235.00.
weekly_15_16_2025_Eng.txt,rice,Unknown,prices ranged  Rs.215.00-220.00/kg and
weekly_15_16_2025_Eng.txt,rice,Unknown,of the rice varieties have  seen price
weekly_15_16_2025_Eng.txt,rice,Increase,increases with the highest price of 22% for
weekly_15_16_2025_Eng.txt,rice,Unknown,raw red. Price of keeri samba and imported
weekly_15_16_2025_Eng.txt,rice,Unknown,The retail prices of all types of rice varieties
weekly_15_16_2025_Eng.txt,rice,Decrease,highest price decreased of Rs.2.00/kg was
weekly_15_16_2025_Eng.txt,rice,Increase,price increased of Rs.3.00/kg was observed
weekly_15_16_2025_Eng.txt,rice,Increase,the highest  price increase of 19% was
weekly_15_16_2025_Eng.txt,rice,Unknown,recorded for local raw red and highest price
weekly_15_16_2025_Eng.txt,rice,Unknown,the average farmgate prices of major paddy
weekly_15_16_2025_Eng.txt,rice,Unknown,The average price of short grain paddy has
weekly_15_16_2025_Eng.txt,rice,Unknown,was reported price range of Rs.138.00 -
weekly_15_16_2025_Eng.txt,rice,Unknown,"producing areas. Subsequently, the price"
weekly_15_16_2025_Eng.txt,rice,Unknown,the average prices of all the major paddy
weekly_15_16_2025_Eng.txt,rice,Unknown,average farmgate price of keeri samba
weekly_15_16_2025_Eng.txt,rice,Unknown,The price of imported dried chilies has
weekly_15_16_2025_Eng.txt,rice,Decrease,decreased by 3%   and price ranged
weekly_15_16_2025_Eng.txt,rice,Unknown,current whole sale price of imported dried
weekly_15_16_2025_Eng.txt,rice,Unknown,The retail price of imported dried chilies has
weekly_15_16_2025_Eng.txt,rice,Increase,increased by Rs.24.00/kg and price ranged
weekly_15_16_2025_Eng.txt,rice,Unknown,the current retail price of imported dried
weekly_15_16_2025_Eng.txt,onion,Unknown,Onion
weekly_15_16_2025_Eng.txt,rice,Increase,Price of vedalan red onion   has increased
weekly_15_16_2025_Eng.txt,rice,Unknown,stocks and price ranged Rs.330.00 -
weekly_15_16_2025_Eng.txt,rice,Unknown,350.00/kg. Price of imported red onion has
weekly_15_16_2025_Eng.txt,rice,Increase,increased by 3% and price ranged
weekly_15_16_2025_Eng.txt,rice,Unknown,Rs.250.00-350.00/kg. Price of imported
weekly_15_16_2025_Eng.txt,onion,Decrease,big onion has decreased by 17% due to
weekly_15_16_2025_Eng.txt,rice,Unknown,availability of sufficient stocks and price
weekly_15_16_2025_Eng.txt,onion,Decrease,imported red onion have decreased by
weekly_15_16_2025_Eng.txt,onion,Unknown,8%and 13% and also imported big onion
weekly_15_16_2025_Eng.txt,rice,Unknown,The retail price of vedalan and imported red
weekly_15_16_2025_Eng.txt,onion,Increase,onion have increased by Rs.50.00/kg and
weekly_15_16_2025_Eng.txt,rice,Unknown,Rs.2.00/kg respectively. The retail price of
weekly_15_16_2025_Eng.txt,onion,Decrease,imported big onion has decreased by
weekly_15_16_2025_Eng.txt,rice,Unknown,the current retail prices of all types of onion
weekly_15_16_2025_Eng.txt,rice,Decrease,price decreased of 79% was recorded for
weekly_15_16_2025_Eng.txt,onion,Unknown,imported big onion.
weekly_15_16_2025_Eng.txt,potato,Unknown,Potato
weekly_15_16_2025_Eng.txt,rice,Unknown,The price of Welimada potato and Nuwara
weekly_15_16_2025_Eng.txt,potato,Decrease,Eliya potato   varieties have decreased by
weekly_15_16_2025_Eng.txt,rice,Unknown,stocks and price ranged Rs.250.00 -
weekly_15_16_2025_Eng.txt,rice,Unknown,260.00/kg and Rs.280.00-290.00/kg. Price
weekly_15_16_2025_Eng.txt,potato,Increase,of imported potato has increased by 6%
weekly_15_16_2025_Eng.txt,rice,Unknown,and price ranged Rs.150.00-190.00/kg.
weekly_15_16_2025_Eng.txt,rice,Unknown,current wholesale price of all potato
weekly_15_16_2025_Eng.txt,rice,Unknown,The retail price of Welimada and Nuwara
weekly_15_16_2025_Eng.txt,potato,Decrease,Eliya potatoes have decreased by Rs.4.00/kg
weekly_15_16_2025_Eng.txt,rice,Unknown,and Rs.2.00/kg respectively. The retail price
weekly_15_16_2025_Eng.txt,potato,Increase,of imported potato has increased by
weekly_15_16_2025_Eng.txt,rice,Unknown,the retail price of Nuwara Eliya potato has
weekly_15_16_2025_Eng.txt,rice,Increase,increased by 6% while the retail price of
weekly_15_16_2025_Eng.txt,potato,Decrease,imported potato has decreased by 1%.
weekly_15_16_2025_Eng.txt,rice,Increase,Price of red cowpea   has increased by 7%
weekly_15_16_2025_Eng.txt,rice,Unknown,and price ranged Rs.550.00 -700.00/kg.
weekly_15_16_2025_Eng.txt,rice,Decrease,Price of white cowpea has decreased by 3%
weekly_15_16_2025_Eng.txt,rice,Unknown,and price ranged Rs.650.00 -700.00/kg.
weekly_15_16_2025_Eng.txt,rice,Unknown,Prices of green gram and   red dhal have
weekly_15_16_2025_Eng.txt,rice,Unknown,not changed significantly and price ranged
weekly_15_16_2025_Eng.txt,rice,Unknown,current wholesale prices of all pulses
weekly_15_16_2025_Eng.txt,rice,Unknown,The retail prices of green gram and white
weekly_15_16_2025_Eng.txt,rice,Unknown,Rs.9.00/kg respectively. The retail price of
weekly_15_16_2025_Eng.txt,rice,Unknown,the current retail prices of all types of pulses
weekly_15_16_2025_Eng.txt,rice,Decrease,price decreased of 42% was recorded for
weekly_15_16_2025_Eng.txt,vegetable,Unknown,Vegetable
weekly_15_16_2025_Eng.txt,rice,Unknown,Prices of most of the vegetables have
weekly_15_16_2025_Eng.txt,rice,Unknown,Most of the upcountry vegetable prices are
weekly_15_16_2025_Eng.txt,rice,Unknown,"highest as 23%, following prices of other"
weekly_15_16_2025_Eng.txt,vegetable,Decrease,vegetables except beetroot have decreased
weekly_15_16_2025_Eng.txt,rice,Unknown,"in the range of 4%-18%. However, price of"
weekly_15_16_2025_Eng.txt,rice,Decrease,"area. Further, with decreased demand price"
weekly_15_16_2025_Eng.txt,vegetable,Unknown,"Considering low-country vegetables, most"
weekly_15_16_2025_Eng.txt,rice,Unknown,of the vegetable varieties experienced price
weekly_15_16_2025_Eng.txt,rice,Decrease,decrease. Particularly price of brinjal has
weekly_15_16_2025_Eng.txt,rice,Decrease,decreased by 46% while price of ash
weekly_15_16_2025_Eng.txt,rice,Decrease,"decreased d emand. Prices of cucumber,"
weekly_15_16_2025_Eng.txt,rice,Unknown,"in the range of 13% - 20%. Prices of luffa,"
weekly_15_16_2025_Eng.txt,rice,Increase,"However, price of long beans has increased"
weekly_15_16_2025_Eng.txt,rice,Unknown,producing areas while price of drumstick
weekly_15_16_2025_Eng.txt,rice,Increase,"has increased by 2%. In addition, price of"
weekly_15_16_2025_Eng.txt,rice,Increase,"vegetable prices have increased, with"
weekly_15_16_2025_Eng.txt,rice,Unknown,Retail prices of most vegetable varieties
weekly_15_16_2025_Eng.txt,vegetable,Unknown,"wholesale trend. In up-country vegetables,"
weekly_15_16_2025_Eng.txt,rice,Decrease,the highest price decrease was reported for
weekly_15_16_2025_Eng.txt,rice,Unknown,"beans at Rs. 141.00/kg. Further, the price"
weekly_15_16_2025_Eng.txt,vegetable,Unknown,Considering the low -country vegetable
weekly_15_16_2025_Eng.txt,rice,Unknown,"varieties, brinjal prices showed a"
weekly_15_16_2025_Eng.txt,rice,Decrease,significant price decrease of arou nd
weekly_15_16_2025_Eng.txt,rice,Unknown,Rs.312.00/Kg. Capsicum prices showed a
weekly_15_16_2025_Eng.txt,rice,Decrease,significant price decrease of Rs.223.00 /kg.
weekly_15_16_2025_Eng.txt,rice,Decrease,Tomato prices decreased by Rs. 99.00/kg
weekly_15_16_2025_Eng.txt,rice,Decrease,prices decreased by Rs. 30.00/kg.
weekly_15_16_2025_Eng.txt,rice,Unknown,"year, prices of most varieties have"
weekly_15_16_2025_Eng.txt,rice,Increase,"increased, while a notable price increment"
weekly_15_16_2025_Eng.txt,coconut,Unknown,Coconut
weekly_15_16_2025_Eng.txt,rice,Unknown,Prices of both large and small nuts
weekly_15_16_2025_Eng.txt,rice,Unknown,respectively. Price ranges were Rs.200.00-
weekly_15_16_2025_Eng.txt,rice,Unknown,the current wholesale prices of large and
weekly_15_16_2025_Eng.txt,rice,Unknown,Prices of large and small nuts showe d a
weekly_15_16_2025_Eng.txt,rice,Unknown,price increment of Rs.5.00/nut and
weekly_15_16_2025_Eng.txt,rice,Unknown,Rs.8.00/nut respectively. Price ranges were
weekly_15_16_2025_Eng.txt,rice,Unknown,prices of both large nuts and small nuts
weekly_15_16_2025_Eng.txt,fruit,Unknown,Fruits
weekly_15_16_2025_Eng.txt,rice,Unknown,Prices of most of fruit varieties have
weekly_15_16_2025_Eng.txt,rice,Decrease,season. The highest price decrease was
weekly_15_16_2025_Eng.txt,rice,Unknown,"recorded for passion fruit, at 38%. Prices of"
weekly_15_16_2025_Eng.txt,rice,Unknown,range of 2% -34% with prices of
weekly_15_16_2025_Eng.txt,rice,Unknown,Wholesale prices for the most of fruits have
weekly_15_16_2025_Eng.txt,rice,Decrease,"In line with the decreased wholesale prices,"
weekly_15_16_2025_Eng.txt,rice,Unknown,retail prices of most of the fruit varieties
weekly_15_16_2025_Eng.txt,rice,Decrease,have decreased. The highest price
weekly_15_16_2025_Eng.txt,rice,Unknown,imported grapes. Price of banana varieties
weekly_15_16_2025_Eng.txt,rice,Unknown,Prices of all sizes of pineapple have
weekly_15_16_2025_Eng.txt,rice,Decrease,23.00/kg. Price of papaw has decreased by
weekly_15_16_2025_Eng.txt,rice,Unknown,"However, the price of karthakolomban"
weekly_15_16_2025_Eng.txt,rice,Unknown,"Price of orange(local), slime"
weekly_15_16_2025_Eng.txt,fruit,Unknown,"by Rs.24.00/fruit,  Rs.23.00/fruit and"
weekly_15_16_2025_Eng.txt,fruit,Unknown,Rs.12.00/fruit respectively.
weekly_15_16_2025_Eng.txt,rice,Unknown,current prices of most of the fruits have
weekly_15_16_2025_Eng.txt,rice,Decrease,decreased and the highest price decrease of
weekly_15_16_2025_Eng.txt,fish,Unknown,Fresh Fish
weekly_15_16_2025_Eng.txt,rice,Unknown,Wholesale prices of most of the fresh fish
weekly_15_16_2025_Eng.txt,rice,Decrease,supply. The highest price decrease of 14%
weekly_15_16_2025_Eng.txt,rice,Decrease,areas. The prices decrease of 11% -12%
weekly_15_16_2025_Eng.txt,rice,Unknown,"and Northern areas. However, a price"
weekly_15_16_2025_Eng.txt,rice,Unknown,Valachchenai areas. Prices of other fresh
weekly_15_16_2025_Eng.txt,fish,Unknown,fish varieties have not changed
weekly_15_16_2025_Eng.txt,rice,Unknown,current wholesale prices of all of the fresh
weekly_15_16_2025_Eng.txt,fish,Increase,fish types except shrimps have increased
weekly_15_16_2025_Eng.txt,rice,Increase,with the highest price increase of 47% was
weekly_15_16_2025_Eng.txt,rice,Unknown,The prices of other fish varieties except
weekly_15_16_2025_Eng.txt,rice,Decrease,by 14% the highest price decrease was
weekly_15_16_2025_Eng.txt,rice,Decrease,second highest price decrease was recorded
weekly_15_16_2025_Eng.txt,rice,Increase,price increase was recorded for balaya by
weekly_15_16_2025_Eng.txt,rice,Increase,Rs.181.00/kg. Price increase of kelawalla
weekly_15_16_2025_Eng.txt,rice,Unknown,the prices of other fish varieties except
weekly_15_16_2025_Eng.txt,rice,Increase,highest price increase was recorded for
weekly_15_16_2025_Eng.txt,fish,Unknown,Dried Fish
weekly_15_16_2025_Eng.txt,rice,Unknown,Prices of most of the dried fish types have
weekly_15_16_2025_Eng.txt,fish,Increase,increased due to decrease of local dried fish
weekly_15_16_2025_Eng.txt,rice,Increase,supply. A price increase of 19% was noted
weekly_15_16_2025_Eng.txt,rice,Increase,areas. A price increase of 6% was noted for
weekly_15_16_2025_Eng.txt,rice,Decrease,price decrease of 5% was noted for
weekly_15_16_2025_Eng.txt,rice,Unknown,Iran and Thailand. Prices of other dried fish
weekly_15_16_2025_Eng.txt,rice,Unknown,current wholesale prices of all of the dried
weekly_15_16_2025_Eng.txt,fish,Unknown,fish types except imported sprats have
weekly_15_16_2025_Eng.txt,rice,Increase,increased and the highest price increase of
weekly_15_16_2025_Eng.txt,rice,Unknown,The prices of other dry fish varieties except
weekly_15_16_2025_Eng.txt,rice,Increase,highest price increase was recorded for
weekly_15_16_2025_Eng.txt,rice,Increase,maduwa by Rs.100.00/kg. Price increase of
weekly_15_16_2025_Eng.txt,rice,Decrease,Price decrease of imported sprats has
weekly_15_16_2025_Eng.txt,rice,Unknown,the prices of other dry fish varieties except
weekly_15_16_2025_Eng.txt,rice,Increase,and the highest price increase was recorded
weekly_15_16_2025_Eng.txt,egg,Unknown,Eggs
weekly_15_16_2025_Eng.txt,rice,Unknown,The prices of both brown and white eggs
weekly_15_16_2025_Eng.txt,rice,Unknown,respectively and their prices
weekly_15_16_2025_Eng.txt,egg,Unknown,ranged    Rs.23.00-27.00/egg and Rs.21.50-
weekly_15_16_2025_Eng.txt,egg,Unknown,24.00/egg respectively.
weekly_15_16_2025_Eng.txt,rice,Unknown,prices of both brow n and white eggs have
weekly_15_16_2025_Eng.txt,rice,Unknown,The prices of both brown and white egg
weekly_15_16_2025_Eng.txt,rice,Decrease,types have decreased and the price range of
weekly_15_16_2025_Eng.txt,egg,Unknown,a white egg has recorded as Rs.24.00 -
weekly_15_16_2025_Eng.txt,rice,Unknown,Rs.35.00 and the price range of a brown
weekly_15_16_2025_Eng.txt,egg,Unknown,egg has recorded as Rs.25 .00-36.00. The
weekly_15_16_2025_Eng.txt,rice,Unknown,average price of the white and brown egg
weekly_15_16_2025_Eng.txt,rice,Unknown,the prices of both egg varieties have
weekly_15_16_2025_Eng.txt,rice,Decrease,Price decrease of broiler and curry chicken
weekly_15_16_2025_Eng.txt,rice,Increase,Rs.50.00/kg respectively. Price increase of
weekly_15_16_2025_Eng.txt,chicken,Increase,chicken have increased and the highest
weekly_15_16_2025_Eng.txt,rice,Increase,price increase was recorded pork by 22%.
weekly_15_16_2025_Eng.txt,rice,Unknown,to wholesale and retail prices of selected
weekly_15_16_2025_Eng.txt,rice,Unknown,"as prevailing prices, price ranges, averages,"
weekly_15_16_2025_Eng.txt,rice,Unknown,and a comparison of weekly prices. The
weekly_15_16_2025_Eng.txt,rice,Unknown,changes in prices reported are always with
weekly_15_16_2025_Eng.txt,rice,Unknown,price prevailed during the previous week
weekly_15_16_2025_Eng.txt,rice,Unknown,"price information is twice a week ( i.e.,"
weekly_15_16_2025_Eng.txt,rice,Unknown,"prices, it is thrice a week ( i.e., Friday,"
weekly_15_16_2025_Eng.txt,rice,Unknown,Rice VarietiesLOCATIONS
weekly_15_16_2025_Eng.txt,rice,Unknown,Table 01: Selected Markets:Wholesale Price of Rice (Rs/50kg bag)
weekly_15_16_2025_Eng.txt,rice,Unknown,Table 02: Selected Markets: Retail Price of Rice (Rs/kg)
weekly_15_16_2025_Eng.txt,rice,Unknown,LOCATIONS Rice Varieties
weekly_15_16_2025_Eng.txt,dhal,Unknown,Cowpea Red Dhal
weekly_15_16_2025_Eng.txt,rice,Unknown,Table 04: Selected Markets:Wholesale Price of Subsidiary Food (Rs/50kg)
weekly_15_16_2025_Eng.txt,onion,Unknown,Dried Chillies Red Onion Big Onion PotatoLOCATION Imported Imported Local Imported Welimada
weekly_15_16_2025_Eng.txt,rice,Unknown,Table 05: Selected Markets: Retail Price of Subsidiary Food Crops (Rs/kg)
weekly_15_16_2025_Eng.txt,onion,Unknown,Dried Chillies Red Onion Big Onion Potato Pulses
weekly_15_16_2025_Eng.txt,dhal,Unknown,Green Gram Cowpea Red Dhal
weekly_15_16_2025_Eng.txt,rice,Unknown,Table 06: Selected Markets: Wholesale Price of Vegetables(Rs/kg)
weekly_15_16_2025_Eng.txt,potato,Unknown,ManiocLong Beans Ash Plantain Green Chillies Lime Sweet Potatoe
weekly_15_16_2025_Eng.txt,rice,Unknown,"Colombo, Meegoda, Norochchole, Jaffna,Dambulla and Kandy - Gotukola Price Rs/Kg"
weekly_15_16_2025_Eng.txt,vegetable,Unknown,Leafy Vegetables (Rs/bundle)
weekly_15_16_2025_Eng.txt,coconut,Unknown,Coconut (Rs/nut)
weekly_15_16_2025_Eng.txt,rice,Unknown,Table 07: Selected Markets: Retail Price of Vegetables (Rs/kg)
weekly_15_16_2025_Eng.txt,potato,Unknown,Sweet Potato Large Small
weekly_15_16_2025_Eng.txt,vegetable,Unknown,Low Country Varieties Leafy Vegetable Coconut (Rs/nut)
weekly_15_16_2025_Eng.txt,rice,Unknown,Table 08: Selected Markets: Retail Price of Fruits (Rs/each & Rs/kg)
weekly_15_16_2025_Eng.txt,fruit,Unknown,Mango Other Fruits
weekly_15_16_2025_Eng.txt,coconut,Unknown,Passion Avocado Slime Apple Grapes (Rs/kg) King CoconutWood Apple Orange
weekly_15_16_2025_Eng.txt,fish,Unknown,Local Dried Fish Imported Dried Fish
weekly_15_16_2025_Eng.txt,fish,Unknown,Imported Dried Fish
weekly_15_16_2025_Eng.txt,fish,Unknown,Local Dried Fish
weekly_15_16_2025_Eng.txt,rice,Unknown,Table 10: Selected Markets: Wholesale Price of Dried Fish (Rs/50kg)
weekly_15_16_2025_Eng.txt,fish,Unknown,Sea Fish Eggs
weekly_15_16_2025_Eng.txt,rice,Unknown,Table 09: Selected Markets: Wholesale Price of Fresh Fish & Eggs (Rs/kg & Rs/egg)
weekly_15_16_2025_Eng.txt,fish,Unknown,Sea Fish
weekly_15_16_2025_Eng.txt,rice,Unknown,Table 11: Selected Markets: Retail Price of Fresh Fish & Eggs (Rs/kg & Rs/eggs)
weekly_15_16_2025_Eng.txt,fish,Unknown,Sea Fish Eggs
weekly_15_16_2025_Eng.txt,rice,Unknown,Table 12: Selected Markets: Retail Price of Dried Fish (Rs/kg)
weekly_15_16_2025_Eng.txt,fish,Unknown,Dried FishLOCATIONS Sprats-Imported Kattawa Thora Mora Balaya
weekly_15_16_2025_Eng.txt,rice,Unknown,Table 13: Selected Markets: Retail Price of Meat (Rs/kg)
weekly_15_16_2025_Eng.txt,chicken,Unknown,Meat Meat (Chicken) Meat
weekly_15_16_2025_Eng.txt,rice,Unknown,Rice Coconut
weekly_15_16_2025_Eng.txt,fruit,Unknown,Keeri Samba 260.00 − 280.00 268.00 280.00 316.43 -4.29 -15.30 Fruits (Rs/fruit)
weekly_15_16_2025_Eng.txt,fruit,Unknown,Raw (Red) − Passion Fruit 50.00 − 70.00 57.50 92.86 75.00 -38.08 -23.33
weekly_15_16_2025_Eng.txt,onion,Unknown,Onion Mango
weekly_15_16_2025_Eng.txt,onion,Unknown,Big Onion Kohu −
weekly_15_16_2025_Eng.txt,potato,Unknown,Potato Orange 40.00 − 50.00 47.14 44.29 67.50 6.45 -30.16
weekly_15_16_2025_Eng.txt,coconut,Unknown,Pulses King Coconut 150.00 − 200.00 178.57 193.33 196.00 -7.64 -8.89
weekly_15_16_2025_Eng.txt,fish,Unknown,Cowpea (White) 650.00 − 700.00 680.00 700.00 700.00 -2.86 -2.86 Sea Fish
weekly_15_16_2025_Eng.txt,dhal,Unknown,Red Dhal 250.00 − 260.00 256.67 256.67 282.00 0.00 -8.98 Hurulla 800.00 − 1000.00 920.00 1041.67 653.75 -11.68 40.73
weekly_15_16_2025_Eng.txt,vegetable,Unknown,Vegetable Balaya 1150.00 − 1300.00 1224.17 1221.43 830.00 0.22 47.49
weekly_15_16_2025_Eng.txt,egg,Unknown,Raddish 100.00 − 130.00 114.00 131.00 49.00 -12.98 132.65 Eggs
weekly_15_16_2025_Eng.txt,fish,Unknown,Ladies Fingers 250.00 − 300.00 276.00 296.00 64.00 -6.76 331.25 Dried Fish
weekly_15_16_2025_Eng.txt,potato,Unknown,Sweet Potato 180.00 − 220.00 200.00 184.44 191.11 8.43 4.65 Maduwa (Imported) −
weekly_15_16_2025_Eng.txt,vegetable,Unknown,Leafy Vegetable Koduwa (Imported) −
weekly_15_16_2025_Eng.txt,rice,Unknown,Table 14: Colombo: Wholesale Prices (Rs/kg or Rs/piece)
weekly_15_16_2025_Eng.txt,rice,Unknown,Average Price Change Compared to
weekly_15_16_2025_Eng.txt,rice,Unknown,Average Price
weekly_15_16_2025_Eng.txt,rice,Unknown,Rice Coconut
weekly_15_16_2025_Eng.txt,fruit,Unknown,Keeri Samba 260.00 − 320.00 289.66 290.00 366.43 -0.34 -20.95 Fruits (Rs/fruit)
weekly_15_16_2025_Eng.txt,fruit,Unknown,Raw (Red) − Passion Fruit 60.00 − 120.00 85.00 92.86 110.00 -7.86 -22.73
weekly_15_16_2025_Eng.txt,onion,Unknown,Onion Mango
weekly_15_16_2025_Eng.txt,onion,Unknown,Big Onion Kohu −
weekly_15_16_2025_Eng.txt,potato,Unknown,Potato Orange 58.00 − 140.00 98.00 74.44 75.00 23.56 30.67
weekly_15_16_2025_Eng.txt,coconut,Unknown,Pulses King Coconut 200.00 − 250.00 222.11 224.44 227.22 -2.34 -2.25
weekly_15_16_2025_Eng.txt,fish,Unknown,Cowpea (White) 700.00 − 1000.00 853.81 862.50 1082.50 -8.69 -21.13 Sea Fish
weekly_15_16_2025_Eng.txt,dhal,Unknown,Red Dhal 280.00 − 320.00 299.03 297.73 341.67 1.30 -12.48 Hurulla 900.00 − 1000.00 950.00 1237.50 906.67 -287.50 4.78
weekly_15_16_2025_Eng.txt,vegetable,Unknown,Vegetable Balaya 1350.00 − 2000.00 1650.00 1468.75 1065.00 181.25 54.93
weekly_15_16_2025_Eng.txt,egg,Unknown,Raddish 120.00 − 320.00 239.38 246.25 195.42 -6.88 22.49 Eggs
weekly_15_16_2025_Eng.txt,fish,Unknown,Ladies Fingers 280.00 − 480.00 430.00 413.57 209.23 16.43 105.51 Dried Fish
weekly_15_16_2025_Eng.txt,chicken,Unknown,Root Crops Chicken (Broiler) 1100.00 − 1200.00 1165.00 1242.00 1315.00 -77.00 -11.41
weekly_15_16_2025_Eng.txt,potato,Unknown,Sweet Potato 200.00 − 400.00 339.41 268.33 269.55 71.08 25.92 Chicken (Curry) 950.00 − 1350.00 1111.25 1161.11 1268.75 -49.86 -12.41
weekly_15_16_2025_Eng.txt,vegetable,Unknown,Leafy Vegetable Pork 1500.00 − 1800.00 1650.00 1500.00 1350.00 150.00 22.22
weekly_15_16_2025_Eng.txt,rice,Unknown,Table 15: Colombo &Suburbs: Retail Prices (Rs/kg or Rs/piece)
weekly_15_16_2025_Eng.txt,rice,Unknown,Average Price Change Compared to
weekly_15_16_2025_Eng.txt,rice,Unknown,Average Price Change Compared to
weekly_15_16_2025_Eng.txt,vegetable,Unknown,Paddy Vegetable (Up Country) Snake Gourd
weekly_15_16_2025_Eng.txt,onion,Unknown,Red Onion Badulla 235.00 − 280.00 258.33 Long Beans
weekly_15_16_2025_Eng.txt,onion,Unknown,Big Onion Welimada 180.00 − 200.00 190.00 Embilipitiya 230.00 − 250.00 240.00
weekly_15_16_2025_Eng.txt,potato,Unknown,Potato Hambantota −
weekly_15_16_2025_Eng.txt,vegetable,Unknown,N'Eliya − Vegetable (Low Country) Embilipitiya 70.00 − 80.00 76.67
weekly_15_16_2025_Eng.txt,fruit,Unknown,Moneragala 650.00 − 700.00 670.00 Brinjal Fruits (Rs/kg)
weekly_15_16_2025_Eng.txt,rice,Unknown,Table 16: Farmgate/Producer Prices of Food Commodities in Selected Producing Areas (Rs/kg)
weekly_15_16_2025_Eng.txt,rice,Unknown,PriceCOMMODITY Range Average
weekly_15_16_2025_Eng.txt,rice,Unknown,Price COMMODITY Range Average
weekly_15_16_2025_Eng.txt,rice,Unknown,Price COMMODITY
weekly_15_16_2025_Eng.txt,rice,Unknown,Rice
weekly_15_16_2025_Eng.txt,onion,Unknown,Red Onion
weekly_15_16_2025_Eng.txt,onion,Unknown,Big Onion
weekly_15_16_2025_Eng.txt,potato,Unknown,Potato
weekly_15_16_2025_Eng.txt,dhal,Unknown,Red Dhal 280.00 − 290.00 280.00 − 320.00 280.00 − 320.00 280.00 − 320.00 290.00 − 320.00 280.00 − 290.00 290.00 − 300.00 280.00 − 300.00 280.00 − 320.00
weekly_15_16_2025_Eng.txt,rice,Unknown,Annex 01 - Colombo Markets: Retail Prices of Rice and Subsidiary Food Crops (Rs/kg) Week 16: 18 - 24 Apr 2025
weekly_15_16_2025_Eng.txt,vegetable,Unknown,Vegetable
weekly_15_16_2025_Eng.txt,potato,Unknown,Sweet Potato 200.00 − 240.00 340.00 − 400.00 320.00 − 360.00 350.00 − 400.00 340.00 − 340.00 400.00 − 400.00 340.00 − 340.00 320.00 − 400.00 −
weekly_15_16_2025_Eng.txt,vegetable,Unknown,Leafy Vegetable
weekly_15_16_2025_Eng.txt,coconut,Unknown,Coconut
weekly_15_16_2025_Eng.txt,rice,Unknown,Annex 02 - Colombo Markets: Retail Prices of Vegetables (Rs/kg) and Coconut (Rs/nut)
weekly_15_16_2025_Eng.txt,fruit,Unknown,Other Fruits
weekly_15_16_2025_Eng.txt,coconut,Unknown,King Coconut 200.00 − 250.00 200.00 − 250.00 250.00 − 250.00 200.00 − 250.00 220.00 − 220.00 250.00 − 250.00 200.00 − 220.00 200.00 − 250.00 200.00 − 220.00
weekly_15_16_2025_Eng.txt,rice,Unknown,Annex 03 - Colombo Markets: Retail Prices of Fruits (Rs/fruit)
weekly_15_16_2025_Eng.txt,fish,Unknown,Sea Fish
weekly_15_16_2025_Eng.txt,egg,Unknown,30 Eggs (Rs/egg)
weekly_15_16_2025_Eng.txt,fish,Unknown,Dried Fish
weekly_15_16_2025_Eng.txt,chicken,Unknown,Chicken (Broiler) 1150.00 − 1150.00 1180.00 − 1180.00 1180.00 − 1180.00 1150.00 − 1150.00 1180.00 − 1180.00 1100.00 − 1100.00 1150.00 − 1150.00 1180.00 − 1200.00 1180.00 − 1180.00
weekly_15_16_2025_Eng.txt,chicken,Unknown,Chicken (Curry) 950.00 − 950.00 1180.00 − 1180.00 1180.00 − 1180.00 1350.00 − 1350.00 1180.00 − 1180.00 1000.00 − 1000.00 950.00 − 950.00 − 1100.00 − 1100.00
weekly_15_16_2025_Eng.txt,rice,Unknown,Annex 04 - Colombo Markets: Retail Prices of Sea Fish and Dried Fish (Rs/kg)
weekly_15_16_2025_Eng.txt,rice,Unknown,Rice - (white Kekulu - normal ) 361 9.88 1.52 - 0.03 0.09 10.67 - 6.94 26.29 1.22 1.5
weekly_15_16_2025_Eng.txt,rice,Unknown,Rice - (white Kekulu Samba) 355 8.81 1.53 - 0.03 0.09 8.11 - 9.82 30.48 0.92 1.7
weekly_15_16_2025_Eng.txt,rice,Unknown,Rice - ( Red Kekulu - normal ) 366 8.64 2.12 - 0.05 0.1 8.39 - 4.73 31.7 0.88 1.84
weekly_15_16_2025_Eng.txt,rice,Unknown,Rice -Samba 369 6.86 2.45 - 0.05 0.13 12.79 - 8.71 37.26 1.18 1.49
weekly_15_16_2025_Eng.txt,rice,Unknown,Rice - Nadu White 366 7.76 1.48 - 0.03 0.12 9.35 - 4.57 20.1 0.64 1.61
weekly_15_16_2025_Eng.txt,onion,Unknown,Onion
weekly_15_16_2025_Eng.txt,onion,Unknown,Big onions 48 1.67 0.24 0.16 0.01 0.1 32.99 7.58 14.82 16.94 0.45 0.25
weekly_15_16_2025_Eng.txt,onion,Unknown,Red onions 55 2.13 0.15 0.18 0.02 0.13 30.15 14.26 20.37 19.32 0.31 0.28
weekly_15_16_2025_Eng.txt,potato,Unknown,Potatoes 71 1.67 0.25 0.01 0.09 14.31 20.5 9.83 23.84 0.46 0.29
weekly_15_16_2025_Eng.txt,dhal,Unknown,Red Dhal 319 23.09 0.77 1.06 1.6 0.22 55 NA 41.27 66.63 7.45 3.34
weekly_15_16_2025_Eng.txt,vegetable,Unknown,Vegetables
weekly_15_16_2025_Eng.txt,rice,Unknown,Rice
weekly_15_16_2025_Eng.txt,egg,Unknown,Brinjal (Chinese eggplant) 24 1.28 0.33 16.83 0.12 0.11 32.94 3.37 14.4 21.18 0.28 0.16
weekly_15_16_2025_Eng.txt,egg,Unknown,Thalana batu (Thai eggplant) 21 1.45 0.26 18.33 0.11 0.09 31.18 2.71 17.24 37.22 0.37 0.24
weekly_15_16_2025_Eng.txt,coconut,Unknown,Coconuts nuts 390 3.67 39.92 - 0.05 0.11 14.86 -
weekly_15_16_2025_Eng.txt,potato,Unknown,Sweet potato 108 1.27 0.33 NA 0.04 0.09 14.44 22.2 28.93 21.05 0.51 0.14
weekly_15_16_2025_Eng.txt,vegetable,Unknown,Leafy Vegetables
weekly_15_16_2025_Eng.txt,onion,Unknown,Onion leaves 27 2.01 0.26 NA 0.04 0.18 56.8 23.38 35.21 74.95 3.15 0.77
weekly_15_16_2025_Eng.txt,fruit,Unknown,Jackfruit pods 25 2.14 0.34 NA 0.03 0.04 30.7 24.77 37.32 26.08 0.3 0.17
weekly_15_16_2025_Eng.txt,fruit,Unknown,Jackfruit seeds 77 5.66 0.44 NA 0.02 0.08 58.91 15.24 40.87 50.14 0.52 0.42
weekly_15_16_2025_Eng.txt,chicken,Unknown,Chicken 176 23.14 9.24 6.88 0.07 0.49 10.09 - 15.06 20.18 0.75 0.64
weekly_15_16_2025_Eng.txt,fish,Unknown,Fish
weekly_15_16_2025_Eng.txt,fish,Unknown,Cuttle fish 76 16.82 0.93 1.93 0.02 0.04 6.22 8.73 35.46 0.62 1.3
weekly_15_16_2025_Eng.txt,fish,Unknown,Dried Fish
weekly_15_16_2025_Eng.txt,egg,Unknown,Eggs
weekly_15_16_2025_Eng.txt,egg,Unknown,Hen eggs (Country) 170 13.14 13 208 0.08 0.18 54.6 50.14 11.04 1.64 1.12
weekly_15_16_2025_Eng.txt,egg,Unknown,Hen eggs (Table) 135 13.55 9.03 200 0.19 0.19 49.46 63.3 12 2.39 1.73
weekly_15_16_2025_Eng.txt,egg,Unknown,Quail eggs 153 12.39 11.46 153 0.11 0.17 54.86 60.67 11.21 2.55 1.51
weekly_15_16_2025_Eng.txt,fruit,Unknown,Fruits
weekly_15_16_2025_Eng.txt,rice,Unknown,Price Collecting Areas
weekly_15_16_2025_Eng.txt,rice,Unknown,Rice VarietiesLOCATIONS
weekly_15_16_2025_Eng.txt,rice,Unknown,Table 01: Selected Markets:Wholesale Price of Rice (Rs/50kg bag)
weekly_15_16_2025_Eng.txt,rice,Unknown,Table 02: Selected Markets: Retail Price of Rice (Rs/kg)
weekly_15_16_2025_Eng.txt,rice,Unknown,LOCATIONS Rice Varieties
weekly_15_16_2025_Eng.txt,dhal,Unknown,Green Gram Cowpea Red Dhal
weekly_15_16_2025_Eng.txt,rice,Unknown,Table 04: Selected Markets:Wholesale Price of Subsidiary Food (Rs/50kg)
weekly_15_16_2025_Eng.txt,onion,Unknown,Dried Chillies Red Onion Big Onion PotatoLOCATION Imported Imported Local Imported
weekly_15_16_2025_Eng.txt,rice,Unknown,Table 05: Selected Markets: Retail Price of Subsidiary Food Crops (Rs/kg)
weekly_15_16_2025_Eng.txt,onion,Unknown,Dried Chillies Red Onion Big Onion Potato Pulses
weekly_15_16_2025_Eng.txt,dhal,Unknown,Green Gram Cowpea Red Dhal
weekly_15_16_2025_Eng.txt,rice,Unknown,Table 06: Selected Markets: Wholesale Price of Vegetables(Rs/kg)
weekly_15_16_2025_Eng.txt,rice,Unknown,"Colombo, Meegoda, Norochchole, Jaffna,Dambulla and Kandy - Gotukola Price Rs/Kg"
weekly_15_16_2025_Eng.txt,vegetable,Unknown,Leafy Vegetables (Rs/bundle)
weekly_15_16_2025_Eng.txt,coconut,Unknown,Coconut (Rs/nut)
weekly_15_16_2025_Eng.txt,potato,Unknown,ManiocLong Beans Ash Plantain Green Chillies Lime Sweet Potatoe
weekly_15_16_2025_Eng.txt,rice,Unknown,Table 07: Selected Markets: Retail Price of Vegetables (Rs/kg)
weekly_15_16_2025_Eng.txt,potato,Unknown,Ash Plantain Green Chillies Lime Sweet Potato Large Small
weekly_15_16_2025_Eng.txt,vegetable,Unknown,Low Country Varieties Leafy Vegetable Coconut (Rs/nut)
weekly_15_16_2025_Eng.txt,rice,Unknown,Table 08: Selected Markets: Retail Price of Fruits (Rs/each & Rs/kg)
weekly_15_16_2025_Eng.txt,fruit,Unknown,Mango Other Fruits
weekly_15_16_2025_Eng.txt,coconut,Unknown,Passion Avocado Slime Apple Grapes (Rs/kg) King CoconutWood Apple Orange
weekly_15_16_2025_Eng.txt,fish,Unknown,Sea Fish Eggs
weekly_15_16_2025_Eng.txt,rice,Unknown,Table 09: Selected Markets: Wholesale Price of Fresh Fish & Eggs (Rs/kg & Rs/egg)
weekly_15_16_2025_Eng.txt,fish,Unknown,Sea Fish
weekly_15_16_2025_Eng.txt,rice,Unknown,Table 10: Selected Markets: Wholesale Price of Dried Fish (Rs/50kg)
weekly_15_16_2025_Eng.txt,fish,Unknown,Local Dried Fish
weekly_15_16_2025_Eng.txt,fish,Unknown,Local Dried Fish Imported Dried Fish
weekly_15_16_2025_Eng.txt,fish,Unknown,Imported Dried Fish
weekly_15_16_2025_Eng.txt,rice,Unknown,Table 11: Selected Markets: Retail Price of Fresh Fish & Eggs (Rs/kg & Rs/eggs)
weekly_15_16_2025_Eng.txt,fish,Unknown,Sea Fish Eggs
weekly_15_16_2025_Eng.txt,rice,Unknown,Table 12: Selected Markets: Retail Price of Dried Fish (Rs/kg)
weekly_15_16_2025_Eng.txt,fish,Unknown,Dried FishLOCATIONS Sprats-Imported Kattawa Thora Mora Balaya
weekly_15_16_2025_Eng.txt,rice,Unknown,Table 13: Selected Markets: Retail Price of Meat (Rs/kg)
weekly_15_16_2025_Eng.txt,chicken,Unknown,Meat Meat (Chicken) Meat
weekly_15_16_2025_Eng.txt,rice,Unknown,Rice Coconut
weekly_15_16_2025_Eng.txt,fruit,Unknown,Keeri Samba 260.00 − 300.00 280.00 280.00 317.50 0.00 -11.81 Fruits (Rs/fruit)
weekly_15_16_2025_Eng.txt,fruit,Unknown,Raw (Red) − Passion Fruit 55.00 − 150.00 92.86 55.00 77.27 68.83 20.17
weekly_15_16_2025_Eng.txt,onion,Unknown,Onion Mango
weekly_15_16_2025_Eng.txt,onion,Unknown,Big Onion Kohu −
weekly_15_16_2025_Eng.txt,potato,Unknown,Potato Orange 40.00 − 50.00 44.29 46.88 41.30 -5.52 7.23
weekly_15_16_2025_Eng.txt,coconut,Unknown,Pulses King Coconut 180.00 − 220.00 193.33 170.00 182.50 13.73 5.94
weekly_15_16_2025_Eng.txt,fish,Unknown,Cowpea (White) 650.00 − 750.00 700.00 666.67 700.00 5.00 0.00 Sea Fish
weekly_15_16_2025_Eng.txt,dhal,Unknown,Red Dhal 255.00 − 260.00 256.67 255.83 281.67 0.33 -8.88 Hurulla 1000.00 − 1100.00 1041.67 920.83 596.67 13.12 74.58
weekly_15_16_2025_Eng.txt,vegetable,Unknown,Vegetable Balaya 1200.00 − 1300.00 1221.43 904.55 618.33 35.03 97.54
weekly_15_16_2025_Eng.txt,egg,Unknown,Raddish 100.00 − 150.00 131.00 118.00 43.00 11.02 204.65 Eggs
weekly_15_16_2025_Eng.txt,fish,Unknown,Ladies Fingers 250.00 − 350.00 296.00 259.00 49.00 14.29 504.08 Dried Fish
weekly_15_16_2025_Eng.txt,potato,Unknown,Sweet Potato 160.00 − 200.00 184.44 174.00 212.00 6.00 -13.00 Maduwa (Imported) −
weekly_15_16_2025_Eng.txt,vegetable,Unknown,Leafy Vegetable Koduwa (Imported) −
weekly_15_16_2025_Eng.txt,rice,Unknown,Table 14: Colombo: Wholesale Prices (Rs/kg or Rs/piece)
weekly_15_16_2025_Eng.txt,rice,Unknown,Average Price Change Compared to
weekly_15_16_2025_Eng.txt,rice,Unknown,Average Price
weekly_15_16_2025_Eng.txt,rice,Unknown,Rice Coconut
weekly_15_16_2025_Eng.txt,fruit,Unknown,Keeri Samba 260.00 − 320.00 290.00 303.67 370.38 -13.67 -21.70 Fruits (Rs/fruit)
weekly_15_16_2025_Eng.txt,fruit,Unknown,Raw (Red) − Passion Fruit 60.00 − 150.00 92.86 86.00 125.00 6.86 -25.71
weekly_15_16_2025_Eng.txt,onion,Unknown,Onion Mango
weekly_15_16_2025_Eng.txt,onion,Unknown,Big Onion Kohu −
weekly_15_16_2025_Eng.txt,potato,Unknown,Potato Orange 50.00 − 120.00 74.44 81.11 84.40 -6.67 -11.80
weekly_15_16_2025_Eng.txt,coconut,Unknown,Pulses King Coconut 200.00 − 250.00 224.44 214.50 221.18 9.94 1.48
weekly_15_16_2025_Eng.txt,fish,Unknown,Cowpea (White) 750.00 − 950.00 862.50 852.00 1100.00 10.50 -21.59 Sea Fish
weekly_15_16_2025_Eng.txt,dhal,Unknown,Red Dhal 280.00 − 320.00 297.73 296.97 331.11 0.76 -10.08 Hurulla 1100.00 − 1350.00 1237.50 1140.91 837.14 96.59 47.82
weekly_15_16_2025_Eng.txt,vegetable,Unknown,Vegetable Balaya 1300.00 − 1600.00 1468.75 1204.17 816.67 264.58 79.85
weekly_15_16_2025_Eng.txt,egg,Unknown,Raddish 160.00 − 320.00 246.25 266.00 178.06 -19.75 38.29 Eggs
weekly_15_16_2025_Eng.txt,fish,Unknown,Ladies Fingers 320.00 − 500.00 413.57 394.64 202.26 18.93 104.48 Dried Fish
weekly_15_16_2025_Eng.txt,chicken,Unknown,Root Crops Chicken (Broiler) 1120.00 − 1290.00 1242.00 1227.78 1290.00 14.22 -3.72
weekly_15_16_2025_Eng.txt,potato,Unknown,Sweet Potato 220.00 − 320.00 268.33 311.54 313.23 -43.21 -14.33 Chicken (Curry) 1000.00 − 1280.00 1161.11 1111.11 1216.36 50.00 -4.54
weekly_15_16_2025_Eng.txt,vegetable,Unknown,Leafy Vegetable Pork 1500.00 − 1500.00 1500.00 1525.00 1300.00 -25.00 15.38
weekly_15_16_2025_Eng.txt,rice,Unknown,Table 15: Colombo &Suburbs: Retail Prices (Rs/kg or Rs/piece)
weekly_15_16_2025_Eng.txt,rice,Unknown,Average Price Change Compared to
weekly_15_16_2025_Eng.txt,rice,Unknown,Average Price Change Compared to
weekly_15_16_2025_Eng.txt,vegetable,Unknown,Paddy Vegetable (Up Country) Snake Gourd
weekly_15_16_2025_Eng.txt,onion,Unknown,Red Onion Badulla 180.00 − 210.00 196.67 Long Beans
weekly_15_16_2025_Eng.txt,onion,Unknown,Big Onion Welimada 210.00 − 225.00 218.75 Embilipitiya 250.00 − 260.00 255.00
weekly_15_16_2025_Eng.txt,potato,Unknown,Potato Hambantota −
weekly_15_16_2025_Eng.txt,vegetable,Unknown,N'Eliya 230.00 − 250.00 242.00 Vegetable (Low Country) Embilipitiya 90.00 − 100.00 95.00
weekly_15_16_2025_Eng.txt,fruit,Unknown,Moneragala − Brinjal Fruits (Rs/kg)
weekly_15_16_2025_Eng.txt,rice,Unknown,Table 16: Farmgate/Producer Prices of Food Commodities in Selected Producing Areas (Rs/kg)
weekly_15_16_2025_Eng.txt,rice,Unknown,PriceCOMMODITY Range Average
weekly_15_16_2025_Eng.txt,rice,Unknown,Price COMMODITY Range Average
weekly_15_16_2025_Eng.txt,rice,Unknown,Price COMMODITY
weekly_15_16_2025_Eng.txt,rice,Unknown,Rice
weekly_15_16_2025_Eng.txt,onion,Unknown,Red Onion
weekly_15_16_2025_Eng.txt,onion,Unknown,Big Onion
weekly_15_16_2025_Eng.txt,potato,Unknown,Potato
weekly_15_16_2025_Eng.txt,dhal,Unknown,Red Dhal 280.00 − 300.00 − 280.00 − 320.00 280.00 − 300.00 280.00 − 280.00 290.00 − 290.00 280.00 − 300.00 280.00 − 320.00 290.00 − 320.00
weekly_15_16_2025_Eng.txt,rice,Unknown,Annex 01 - Colombo Markets: Retail Prices of Rice and Subsidiary Food Crops (Rs/kg) Week 15: 11 - 17 Apr 2025
weekly_15_16_2025_Eng.txt,vegetable,Unknown,Vegetable
weekly_15_16_2025_Eng.txt,potato,Unknown,Sweet Potato − − 320.00 − 320.00 320.00 − 320.00 320.00 − 320.00 − 220.00 − 240.00 240.00 − 320.00 230.00 − 240.00
weekly_15_16_2025_Eng.txt,vegetable,Unknown,Leafy Vegetable
weekly_15_16_2025_Eng.txt,coconut,Unknown,Coconut
weekly_15_16_2025_Eng.txt,rice,Unknown,Annex 02 - Colombo Markets: Retail Prices of Vegetables (Rs/kg) and Coconut (Rs/nut)
weekly_15_16_2025_Eng.txt,fruit,Unknown,Other Fruits
weekly_15_16_2025_Eng.txt,coconut,Unknown,King Coconut 200.00 − 220.00 − 250.00 − 250.00 − − 240.00 − 240.00 200.00 − 200.00 200.00 − 200.00 220.00 − 220.00
weekly_15_16_2025_Eng.txt,rice,Unknown,Annex 03 - Colombo Markets: Retail Prices of Fruits (Rs/fruit)
weekly_15_16_2025_Eng.txt,fish,Unknown,Sea Fish
weekly_15_16_2025_Eng.txt,egg,Unknown,30 Eggs (Rs/egg)
weekly_15_16_2025_Eng.txt,fish,Unknown,Dried Fish
weekly_15_16_2025_Eng.txt,chicken,Unknown,Chicken (Broiler) − 1260.00 − 1260.00 1280.00 − 1280.00 1280.00 − 1290.00 1120.00 − 1120.00 1150.00 − 1150.00 1250.00 − 1250.00 1250.00 − 1250.00 1260.00 − 1260.00
weekly_15_16_2025_Eng.txt,chicken,Unknown,Chicken (Curry) − 1260.00 − 1260.00 1280.00 − 1280.00 1280.00 − 1280.00 1000.00 − 1000.00 1000.00 − 1000.00 1050.00 − 1050.00 1200.00 − 1200.00 1100.00 − 1100.00
weekly_15_16_2025_Eng.txt,rice,Unknown,Annex 04 - Colombo Markets: Retail Prices of Sea Fish and Dried Fish (Rs/kg)
weekly_10_2025_Eng.txt,vegetable,Unknown,Vegetables
weekly_10_2025_Eng.txt,coconut,Unknown,Coconut
weekly_10_2025_Eng.txt,rice,Unknown,Rice
weekly_10_2025_Eng.txt,rice,Unknown,The retail prices of both large and small coconuts have
weekly_10_2025_Eng.txt,rice,Unknown,Price ranged Rs.200.00 -230.00 for a large nut and
weekly_10_2025_Eng.txt,rice,Increase,Retail prices of imported red onion has increased by
weekly_10_2025_Eng.txt,rice,Decrease,Rs.7.00/kg while price of imported big onion has decreased by
weekly_10_2025_Eng.txt,rice,Decrease,Rs.9.00/kg. Retail prices of Nuwara Eliya potato has decreased
weekly_10_2025_Eng.txt,rice,Increase,by Rs.7.00/kg while price of imported potato has increased by
weekly_10_2025_Eng.txt,rice,Unknown,Rs.2.00/kg. Retail prices of green gram and cowpea have
weekly_10_2025_Eng.txt,rice,Increase,increased while the price of red dhal has decreased by
weekly_10_2025_Eng.txt,rice,Unknown,Retail prices of most of the up country and low country
weekly_10_2025_Eng.txt,vegetable,Increase,vegetable have increased during this week. Among up country
weekly_10_2025_Eng.txt,rice,Increase,"varieties, the highest price increase was observed for beans of"
weekly_10_2025_Eng.txt,rice,Increase,Retail prices of all the domestic rice varieties have increased
weekly_10_2025_Eng.txt,rice,Increase,with the highest price increase observed for raw red by
weekly_10_2025_Eng.txt,rice,Unknown,Rs.17.00/kg. As well retail prices of imported rice varieties
weekly_10_2025_Eng.txt,rice,Unknown,The average farm gate prices of all the paddy varieties in most
weekly_10_2025_Eng.txt,rice,Increase,harvesting of 24/25 Maha season. The highest price increase
weekly_10_2025_Eng.txt,rice,Unknown,Rice
weekly_10_2025_Eng.txt,rice,Unknown,Prices of all rice verities have not changed
weekly_10_2025_Eng.txt,rice,Unknown,significantly and prices ranged Rs.260.00-
weekly_10_2025_Eng.txt,rice,Unknown,Imported rice varieties were also available
weekly_10_2025_Eng.txt,rice,Unknown,prices
weekly_10_2025_Eng.txt,rice,Unknown,prices of most of the rice varieties have
weekly_10_2025_Eng.txt,rice,Increase,increased with the highest price of 26% for
weekly_10_2025_Eng.txt,rice,Increase,Prices of all rice varieties have  increased. The
weekly_10_2025_Eng.txt,rice,Increase,highest price increase of Rs .17.00/kg was
weekly_10_2025_Eng.txt,rice,Unknown,samba (Rs.13.00/kg). Prices ranged Rs.240.00 -
weekly_10_2025_Eng.txt,rice,Unknown,for keeri samba. Average price of Rs.242.50/kg
weekly_10_2025_Eng.txt,rice,Decrease,highest price decreased of 21% was recorded for
weekly_10_2025_Eng.txt,rice,Increase,keeri samba and the highest price increase of
weekly_10_2025_Eng.txt,rice,Unknown,prices of all the paddy varieties  in most of
weekly_10_2025_Eng.txt,rice,Increase,highest price increase  was reported for
weekly_10_2025_Eng.txt,rice,Unknown,average paddy price of keeri samba has
weekly_10_2025_Eng.txt,rice,Unknown,Kalawewa areas while prices have
weekly_10_2025_Eng.txt,rice,Unknown,average price of long grain white paddy
weekly_10_2025_Eng.txt,rice,Unknown,major producing areas and price ranged
weekly_10_2025_Eng.txt,rice,Unknown,"Rs.117.00-130.00/kg. Further, price of"
weekly_10_2025_Eng.txt,rice,Unknown,Southern province and prices ranged
weekly_10_2025_Eng.txt,rice,Unknown,the average farm  gate prices of all paddy
weekly_10_2025_Eng.txt,rice,Increase,increased with the highest price increased
weekly_10_2025_Eng.txt,rice,Unknown,The price of imported dried chil ies has
weekly_10_2025_Eng.txt,rice,Unknown,quality stocks and price ranged Rs.580.00-
weekly_10_2025_Eng.txt,rice,Unknown,current whole sale price of imported dried
weekly_10_2025_Eng.txt,rice,Increase,"In line with increased wholesale price, the retail"
weekly_10_2025_Eng.txt,rice,Increase,price of imported dried chilli has increased by
weekly_10_2025_Eng.txt,rice,Unknown,current retail price of imported dried chilies has
weekly_10_2025_Eng.txt,onion,Unknown,Onion
weekly_10_2025_Eng.txt,rice,Unknown,Prices of sin nan and i mported red onion
weekly_10_2025_Eng.txt,onion,Unknown,of vedalan onion was also available at the
weekly_10_2025_Eng.txt,rice,Unknown,market with the price ranged of Rs.280.00-
weekly_10_2025_Eng.txt,rice,Unknown,290.00/kg. Price of imported big onion has
weekly_10_2025_Eng.txt,rice,Unknown,sufficient stocks and price ranged
weekly_10_2025_Eng.txt,rice,Unknown,current whole sale price of vedalan and
weekly_10_2025_Eng.txt,onion,Increase,imported red onion have increased by 27%
weekly_10_2025_Eng.txt,rice,Unknown,and 32% while price of imported big onion
weekly_10_2025_Eng.txt,onion,Unknown,Local red onion stocks were not available in
weekly_10_2025_Eng.txt,rice,Unknown,most of the retail markets. Price of imported red
weekly_10_2025_Eng.txt,rice,Increase,onion has increased by Rs.7.00/kg and price
weekly_10_2025_Eng.txt,rice,Unknown,ranged Rs.350.00-600.00/kg. Price of imported
weekly_10_2025_Eng.txt,rice,Decrease,big onion has decreased by Rs.9.00/kg and price
weekly_10_2025_Eng.txt,rice,Unknown,current retail price  of imported red  onion has
weekly_10_2025_Eng.txt,rice,Increase,increased by 26% while price of imported big
weekly_10_2025_Eng.txt,onion,Decrease,onion has decreased by 58%.
weekly_10_2025_Eng.txt,potato,Unknown,Potato
weekly_10_2025_Eng.txt,rice,Decrease,Price of Nuwara Eliya potato has decreased by
weekly_10_2025_Eng.txt,rice,Unknown,and price  ranged Rs.280.00 -300.00/kg.
weekly_10_2025_Eng.txt,rice,Unknown,"While, price of imported potato has"
weekly_10_2025_Eng.txt,rice,Increase,increased by 8% and price ranged
weekly_10_2025_Eng.txt,potato,Unknown,Rs.150.00-210.00/kg. Welimada potato
weekly_10_2025_Eng.txt,rice,Unknown,price ranged Rs.250.00-330.00/kg.
weekly_10_2025_Eng.txt,rice,Unknown,current whole sale price of Nuwara Eliya
weekly_10_2025_Eng.txt,rice,Decrease,potato has decreased by 10% and price of
weekly_10_2025_Eng.txt,potato,Increase,imported potato has increased by 9%
weekly_10_2025_Eng.txt,rice,Decrease,Price of Nuwara Eliya potato has decreased by
weekly_10_2025_Eng.txt,rice,Unknown,Rs.7.00/kg and the price of imported potato has
weekly_10_2025_Eng.txt,rice,Unknown,current retail prices of both local and imported
weekly_10_2025_Eng.txt,potato,Increase,potatoes have increased by 7% and 14%
weekly_10_2025_Eng.txt,rice,Increase,Price of Green gram has increased by 9%
weekly_10_2025_Eng.txt,rice,Unknown,from Australia and price ranged
weekly_10_2025_Eng.txt,rice,Unknown,Rs.600.00-720.00/kg. price of white
weekly_10_2025_Eng.txt,rice,Increase,cowpea has increased by 2% and price
weekly_10_2025_Eng.txt,rice,Unknown,ranged Rs.650.00 -700.00/kg. Price of red
weekly_10_2025_Eng.txt,rice,Unknown,"availability of low-quality stocks, and price"
weekly_10_2025_Eng.txt,rice,Unknown,ranged Rs.420.00 -600.00/kg. Price of r ed
weekly_10_2025_Eng.txt,dhal,Unknown,dhal has not changed significantly and
weekly_10_2025_Eng.txt,rice,Unknown,average price was Rs.260.00/kg.
weekly_10_2025_Eng.txt,rice,Unknown,current wholesale prices of all pulses
weekly_10_2025_Eng.txt,rice,Decrease,price decreased of 41% recorded for green
weekly_10_2025_Eng.txt,rice,Unknown,Prices of all types of pulses except for red dhal
weekly_10_2025_Eng.txt,rice,Increase,"have increased. Among those, the highest price"
weekly_10_2025_Eng.txt,rice,Unknown,cowpea. The retail price of red dhal has
weekly_10_2025_Eng.txt,rice,Unknown,current retail prices of all types of pulses have
weekly_10_2025_Eng.txt,vegetable,Unknown,Vegetable
weekly_10_2025_Eng.txt,rice,Unknown,Prices of most of the vegetables have
weekly_10_2025_Eng.txt,rice,Unknown,Prices of m ost of the upcountry vegetable
weekly_10_2025_Eng.txt,rice,Increase,have increased. The highest price in crease
weekly_10_2025_Eng.txt,rice,Unknown,tail end of the harvesting season . Prices of
weekly_10_2025_Eng.txt,rice,Unknown,"and 27% respectively. However, price of"
weekly_10_2025_Eng.txt,rice,Unknown,"and 1 6% respectively. Further, price of"
weekly_10_2025_Eng.txt,rice,Increase,tomato has increased by 8% and  price of
weekly_10_2025_Eng.txt,vegetable,Unknown,"Considering low-country vegetables, most"
weekly_10_2025_Eng.txt,rice,Unknown,of the vegetable varieties experienced price
weekly_10_2025_Eng.txt,rice,Increase,"increase. Particularly, price of long beans"
weekly_10_2025_Eng.txt,rice,Increase,has increased by 91% . P rices of snake
weekly_10_2025_Eng.txt,rice,Decrease,"with decreased supply. However, prices of"
weekly_10_2025_Eng.txt,rice,Decrease,price of green chilies has decreased by 37%
weekly_10_2025_Eng.txt,rice,Increase,while price of lime has increased 15%.
weekly_10_2025_Eng.txt,rice,Increase,"vegetable prices have increased, with"
weekly_10_2025_Eng.txt,rice,Unknown,Retail prices of most of the vegetable
weekly_10_2025_Eng.txt,rice,Unknown,upward wholesale price trend. In u p-
weekly_10_2025_Eng.txt,rice,Unknown,"country vegetables, the highest price"
weekly_10_2025_Eng.txt,rice,Unknown,"Rs.12.00/kg. However, the beetroot price"
weekly_10_2025_Eng.txt,rice,Increase,Price of tomato has increased by
weekly_10_2025_Eng.txt,rice,Unknown,"vegetable varieties,  the highest price"
weekly_10_2025_Eng.txt,rice,Unknown,Rs.28.00/kg.  Price of c apsicum has
weekly_10_2025_Eng.txt,rice,Unknown,"Further, price of green chilies has"
weekly_10_2025_Eng.txt,rice,Unknown,prices of most of the varieties have
weekly_10_2025_Eng.txt,rice,Decrease,decreased with a highest price drop was
weekly_10_2025_Eng.txt,coconut,Unknown,Coconut
weekly_10_2025_Eng.txt,rice,Unknown,Prices of both large and small nuts have
weekly_10_2025_Eng.txt,rice,Unknown,respectively. Prices ranged R s.190.00-
weekly_10_2025_Eng.txt,rice,Unknown,the current wholesale prices of large and
weekly_10_2025_Eng.txt,rice,Unknown,Prices of both large and small nuts showed
weekly_10_2025_Eng.txt,rice,Unknown,a price drop of Rs.11.00/nut and
weekly_10_2025_Eng.txt,rice,Unknown,"Rs.10.00/nut, respectively. Price range d"
weekly_10_2025_Eng.txt,rice,Unknown,prices of large nuts (86%) and small nuts
weekly_10_2025_Eng.txt,fruit,Unknown,Fruits
weekly_10_2025_Eng.txt,rice,Unknown,Price of most of the fruit varieties have
weekly_10_2025_Eng.txt,rice,Unknown,Prices of villad and k arthakolomban have
weekly_10_2025_Eng.txt,rice,Decrease,due to its low quality. A price decrease of
weekly_10_2025_Eng.txt,fruit,Unknown,18% was reported for passion fruit and
weekly_10_2025_Eng.txt,rice,Unknown,15% for avocado.  Banana prices also
weekly_10_2025_Eng.txt,rice,Unknown,prices of most of the fruit varieties have
weekly_10_2025_Eng.txt,rice,Decrease,decreased with the highest price d ecrease
weekly_10_2025_Eng.txt,rice,Decrease,"In line with the decreased wholesale prices,"
weekly_10_2025_Eng.txt,rice,Unknown,retail prices of most of the fruit varieties
weekly_10_2025_Eng.txt,rice,Decrease,have decreased. The highest price
weekly_10_2025_Eng.txt,rice,Unknown,imported grapes. Prices of all sizes of
weekly_10_2025_Eng.txt,rice,Unknown,Rs.22.00-Rs. 34.00/kg. Price  of banana
weekly_10_2025_Eng.txt,rice,Unknown,"25.00/kg. F urther, price of passion fruit,"
weekly_10_2025_Eng.txt,fruit,Unknown,by Rs.30.00/fruit Rs.19.00/fruit and
weekly_10_2025_Eng.txt,rice,Unknown,"However, prices of karthakolomban mango"
weekly_10_2025_Eng.txt,fruit,Unknown,Rs.6.00/fruit and Rs.19.00/fruit
weekly_10_2025_Eng.txt,rice,Unknown,current prices of most of the fruits have
weekly_10_2025_Eng.txt,rice,Decrease,decreased and the highest price decrease of
weekly_10_2025_Eng.txt,fish,Unknown,Fresh Fish
weekly_10_2025_Eng.txt,rice,Unknown,Prices of most of the fresh fish types have
weekly_10_2025_Eng.txt,rice,Decrease,highest price decrease of 11% was noted
weekly_10_2025_Eng.txt,rice,Decrease,Northern areas. A price decrease of 8%
weekly_10_2025_Eng.txt,rice,Increase,"However, a price increase of 18% was"
weekly_10_2025_Eng.txt,rice,Unknown,"Galle, Mirissa and Beruwala area s. Prices"
weekly_10_2025_Eng.txt,fish,Unknown,of other fresh fish verities have not
weekly_10_2025_Eng.txt,rice,Unknown,the current wholesale prices of most of the
weekly_10_2025_Eng.txt,fish,Increase,fresh fish types have increased with the
weekly_10_2025_Eng.txt,rice,Increase,highest price increase of 40% was noted for
weekly_10_2025_Eng.txt,rice,Unknown,Prices of most of the fish varieties have
weekly_10_2025_Eng.txt,rice,Decrease,decreased and the highest price decrease
weekly_10_2025_Eng.txt,rice,Decrease,The second highest p rice decrease was
weekly_10_2025_Eng.txt,rice,Increase,"Meanwhile, the highest price increase was"
weekly_10_2025_Eng.txt,rice,Increase,Price increase of balaya and thalapath have
weekly_10_2025_Eng.txt,rice,Decrease,the highest price decrease was recorded for
weekly_10_2025_Eng.txt,rice,Increase,balaya by 22%. The highest price increase
weekly_10_2025_Eng.txt,fish,Unknown,Dried Fish
weekly_10_2025_Eng.txt,rice,Unknown,Prices of most of the dried fish types have
weekly_10_2025_Eng.txt,fish,Increase,increased due to decrease of local dried fish
weekly_10_2025_Eng.txt,rice,Increase,supply. The highest price increase of 10%
weekly_10_2025_Eng.txt,rice,Increase,A price increase of 9% was noted for
weekly_10_2025_Eng.txt,rice,Unknown,"Oman and Indonesia. However, a price"
weekly_10_2025_Eng.txt,rice,Unknown,and Putta lam areas. Prices o f other dried
weekly_10_2025_Eng.txt,fish,Unknown,fish verities have not changed
weekly_10_2025_Eng.txt,rice,Unknown,current wholesale prices of most of the
weekly_10_2025_Eng.txt,fish,Decrease,dried fish types have decreased and the
weekly_10_2025_Eng.txt,rice,Decrease,highest price decrease of 32% was noted
weekly_10_2025_Eng.txt,rice,Unknown,Prices of most of the dry fish varieties have
weekly_10_2025_Eng.txt,rice,Increase,increased and the highest price increase
weekly_10_2025_Eng.txt,rice,Increase,The second highest price increase was
weekly_10_2025_Eng.txt,rice,Decrease,"Meanwhile, prices of Price decrease of"
weekly_10_2025_Eng.txt,rice,Decrease,the highest price decrease was recorded for
weekly_10_2025_Eng.txt,rice,Unknown,local sprats by 27% while the highest price
weekly_10_2025_Eng.txt,egg,Unknown,Eggs
weekly_10_2025_Eng.txt,rice,Unknown,Prices of both brown and white eggs have
weekly_10_2025_Eng.txt,rice,Unknown,Prices ranged Rs. 30.00 -34.00/egg for
weekly_10_2025_Eng.txt,egg,Unknown,brown egg and Rs.28.00 -31.00/egg for
weekly_10_2025_Eng.txt,egg,Unknown,white egg.
weekly_10_2025_Eng.txt,rice,Unknown,prices of both brown and white eggs have
weekly_10_2025_Eng.txt,rice,Unknown,Prices of both brown and w hite eggs have
weekly_10_2025_Eng.txt,rice,Increase,increased by Rs.1.00/egg  and t he price
weekly_10_2025_Eng.txt,egg,Unknown,ranged Rs.29.00-Rs.34.00 for white egg
weekly_10_2025_Eng.txt,egg,Unknown,and Rs.31.00-Rs.35.00 for brown egg. The
weekly_10_2025_Eng.txt,rice,Unknown,average price of the white and brown egg
weekly_10_2025_Eng.txt,rice,Decrease,prices of both egg varieties have decreased
weekly_10_2025_Eng.txt,rice,Unknown,Prices of all the meat  varieties except
weekly_10_2025_Eng.txt,rice,Unknown,price in crease w as recorded for Pork by
weekly_10_2025_Eng.txt,rice,Unknown,Rs.67.00/kg. Price in crease of beef and
weekly_10_2025_Eng.txt,rice,Decrease,Price of m utton has decreased by
weekly_10_2025_Eng.txt,rice,Increase,the highest price increase was recorded for
weekly_10_2025_Eng.txt,rice,Unknown,beef by 15%  while t he highest p rice
weekly_10_2025_Eng.txt,chicken,Decrease,decrease was recorded for curry chicken by
weekly_10_2025_Eng.txt,rice,Unknown,to wholesale and retail prices of selected
weekly_10_2025_Eng.txt,rice,Unknown,"as prevailing prices, price ranges, averages,"
weekly_10_2025_Eng.txt,rice,Unknown,and a comparison of weekly prices. The
weekly_10_2025_Eng.txt,rice,Unknown,changes in prices reported are always with
weekly_10_2025_Eng.txt,rice,Unknown,price prevailed during the previous week
weekly_10_2025_Eng.txt,rice,Unknown,"price in formation is twice a week ( i.e.,"
weekly_10_2025_Eng.txt,rice,Unknown,"prices, it is thrice a week ( i.e., Friday,"
weekly_10_2025_Eng.txt,rice,Unknown,Rice VarietiesLOCATIONS
weekly_10_2025_Eng.txt,rice,Unknown,Table 01: Selected Markets:Wholesale Price of Rice (Rs/50kg bag)
weekly_10_2025_Eng.txt,rice,Unknown,Table 02: Selected Markets: Retail Price of Rice (Rs/kg)
weekly_10_2025_Eng.txt,rice,Unknown,LOCATIONS Rice Varieties
weekly_10_2025_Eng.txt,dhal,Unknown,Cowpea Red Dhal
weekly_10_2025_Eng.txt,rice,Unknown,Table 04: Selected Markets:Wholesale Price of Subsidiary Food (Rs/50kg)
weekly_10_2025_Eng.txt,onion,Unknown,Dried Chillies Red Onion Big Onion PotatoLOCATION Imported Imported Local Imported Welimada
weekly_10_2025_Eng.txt,rice,Unknown,Table 05: Selected Markets: Retail Price of Subsidiary Food Crops (Rs/kg)
weekly_10_2025_Eng.txt,onion,Unknown,Dried Chillies Red Onion Big Onion Potato Pulses
weekly_10_2025_Eng.txt,dhal,Unknown,Green Gram Cowpea Red Dhal
weekly_10_2025_Eng.txt,rice,Unknown,Table 06: Selected Markets: Wholesale Price of Vegetables(Rs/kg)
weekly_10_2025_Eng.txt,potato,Unknown,ManiocLong Beans Ash Plantain Green Chillies Lime Sweet Potatoe
weekly_10_2025_Eng.txt,rice,Unknown,"Colombo, Meegoda, Norochchole, Jaffna,Dambulla and Kandy - Gotukola Price Rs/Kg"
weekly_10_2025_Eng.txt,vegetable,Unknown,Leafy Vegetables (Rs/bundle)
weekly_10_2025_Eng.txt,coconut,Unknown,Coconut (Rs/nut)
weekly_10_2025_Eng.txt,rice,Unknown,Table 07: Selected Markets: Retail Price of Vegetables (Rs/kg)
weekly_10_2025_Eng.txt,potato,Unknown,Sweet Potato Large Small
weekly_10_2025_Eng.txt,vegetable,Unknown,Low Country Varieties Leafy Vegetable Coconut (Rs/nut)
weekly_10_2025_Eng.txt,rice,Unknown,Table 08: Selected Markets: Retail Price of Fruits (Rs/each & Rs/kg)
weekly_10_2025_Eng.txt,fruit,Unknown,Mango Other Fruits
weekly_10_2025_Eng.txt,coconut,Unknown,Passion Avocado Slime Apple Grapes (Rs/kg) King CoconutWood Apple Orange
weekly_10_2025_Eng.txt,fish,Unknown,Local Dried Fish Imported Dried Fish
weekly_10_2025_Eng.txt,fish,Unknown,Imported Dried Fish
weekly_10_2025_Eng.txt,fish,Unknown,Local Dried Fish
weekly_10_2025_Eng.txt,rice,Unknown,Table 10: Selected Markets: Wholesale Price of Dried Fish (Rs/50kg)
weekly_10_2025_Eng.txt,fish,Unknown,Sea Fish Eggs
weekly_10_2025_Eng.txt,rice,Unknown,Table 09: Selected Markets: Wholesale Price of Fresh Fish & Eggs (Rs/kg & Rs/egg)
weekly_10_2025_Eng.txt,fish,Unknown,Sea Fish
weekly_10_2025_Eng.txt,rice,Unknown,Table 11: Selected Markets: Retail Price of Fresh Fish & Eggs (Rs/kg & Rs/eggs)
weekly_10_2025_Eng.txt,fish,Unknown,Sea Fish Eggs
weekly_10_2025_Eng.txt,rice,Unknown,Table 12: Selected Markets: Retail Price of Dried Fish (Rs/kg)
weekly_10_2025_Eng.txt,fish,Unknown,Dried FishLOCATIONS Sprats-Imported Kattawa Thora Mora Balaya
weekly_10_2025_Eng.txt,rice,Unknown,Table 13: Selected Markets: Retail Price of Meat (Rs/kg)
weekly_10_2025_Eng.txt,chicken,Unknown,Meat Meat (Chicken) Meat
weekly_10_2025_Eng.txt,rice,Unknown,Rice Coconut
weekly_10_2025_Eng.txt,fruit,Unknown,Keeri Samba 260.00 − 275.00 267.50 265.00 320.00 0.94 -16.41 Fruits (Rs/fruit)
weekly_10_2025_Eng.txt,fruit,Unknown,Raw (Red) − Passion Fruit 60.00 − 110.00 87.78 107.50 89.50 -18.35 -1.92
weekly_10_2025_Eng.txt,onion,Unknown,Onion Mango
weekly_10_2025_Eng.txt,onion,Unknown,Big Onion Kohu −
weekly_10_2025_Eng.txt,potato,Unknown,Potato Orange 35.00 − 50.00 41.88 43.75 39.00 -4.29 7.37
weekly_10_2025_Eng.txt,coconut,Unknown,Pulses King Coconut 160.00 − 250.00 196.25 215.00 151.11 -8.72 29.87
weekly_10_2025_Eng.txt,fish,Unknown,Cowpea (White) 650.00 − 700.00 675.00 660.00 796.00 2.27 -15.20 Sea Fish
weekly_10_2025_Eng.txt,dhal,Unknown,Red Dhal 255.00 − 265.00 259.67 262.86 288.33 -1.21 -9.94 Hurulla 650.00 − 800.00 740.00 800.00 608.00 -7.50 21.71
weekly_10_2025_Eng.txt,vegetable,Unknown,Vegetable Balaya 750.00 − 850.00 798.33 675.83 581.00 18.13 37.41
weekly_10_2025_Eng.txt,egg,Unknown,Raddish 60.00 − 150.00 107.00 84.00 87.00 27.38 22.99 Eggs
weekly_10_2025_Eng.txt,fish,Unknown,Ladies Fingers 170.00 − 260.00 221.00 166.67 116.00 32.60 90.52 Dried Fish
weekly_10_2025_Eng.txt,potato,Unknown,Sweet Potato 120.00 − 170.00 143.00 134.00 133.00 6.72 7.52 Maduwa (Imported) −
weekly_10_2025_Eng.txt,vegetable,Unknown,Leafy Vegetable Koduwa (Imported) −
weekly_10_2025_Eng.txt,rice,Unknown,Table 14: Colombo: Wholesale Prices (Rs/kg or Rs/piece)
weekly_10_2025_Eng.txt,rice,Unknown,Average Price Change Compared to
weekly_10_2025_Eng.txt,rice,Unknown,Average Price
weekly_10_2025_Eng.txt,rice,Unknown,Rice Coconut
weekly_10_2025_Eng.txt,fruit,Unknown,Keeri Samba 270.00 − 320.00 293.45 280.52 373.04 12.93 -21.34 Fruits (Rs/fruit)
weekly_10_2025_Eng.txt,fruit,Unknown,Raw (Red) − Passion Fruit 80.00 − 150.00 121.43 151.25 128.64 -29.82 -5.60
weekly_10_2025_Eng.txt,onion,Unknown,Onion Mango
weekly_10_2025_Eng.txt,onion,Unknown,Big Onion Kohu −
weekly_10_2025_Eng.txt,potato,Unknown,Potato Orange 70.00 − 120.00 94.39 97.38 72.08 -2.99 30.94
weekly_10_2025_Eng.txt,coconut,Unknown,Pulses King Coconut 240.00 − 300.00 262.22 261.67 170.53 0.56 53.77
weekly_10_2025_Eng.txt,fish,Unknown,Cowpea (White) 750.00 − 950.00 851.90 817.60 1228.00 34.30 -30.63 Sea Fish
weekly_10_2025_Eng.txt,dhal,Unknown,Red Dhal 280.00 − 320.00 296.67 297.97 337.31 -1.31 -12.05 Hurulla 850.00 − 1300.00 1024.17 1030.00 902.86 -5.83 13.44
weekly_10_2025_Eng.txt,vegetable,Unknown,Vegetable Balaya 800.00 − 950.00 871.43 708.89 1112.73 162.54 -21.69
weekly_10_2025_Eng.txt,egg,Unknown,Raddish 150.00 − 320.00 244.00 232.59 236.07 11.41 3.36 Eggs
weekly_10_2025_Eng.txt,fish,Unknown,Ladies Fingers 220.00 − 400.00 328.00 322.41 256.43 5.59 27.91 Dried Fish
weekly_10_2025_Eng.txt,chicken,Unknown,Root Crops Chicken (Broiler) 1130.00 − 1320.00 1223.33 1174.67 1274.55 48.67 -4.02
weekly_10_2025_Eng.txt,potato,Unknown,Sweet Potato 200.00 − 320.00 266.30 265.38 277.86 0.91 -4.16 Chicken (Curry) 1100.00 − 1320.00 1186.36 1168.57 1340.00 17.79 -11.47
weekly_10_2025_Eng.txt,vegetable,Unknown,Leafy Vegetable Pork 1300.00 − 1600.00 1366.67 1300.00 1280.00 66.67 6.77
weekly_10_2025_Eng.txt,rice,Unknown,Table 15: Colombo &Suburbs: Retail Prices (Rs/kg or Rs/piece)
weekly_10_2025_Eng.txt,rice,Unknown,Average Price Change Compared to
weekly_10_2025_Eng.txt,rice,Unknown,Average Price Change Compared to
weekly_10_2025_Eng.txt,vegetable,Unknown,Paddy Vegetable (Up Country) Snake Gourd
weekly_10_2025_Eng.txt,onion,Unknown,Red Onion Badulla 140.00 − 160.00 150.00 Long Beans
weekly_10_2025_Eng.txt,onion,Unknown,Big Onion Welimada 140.00 − 160.00 148.00 Embilipitiya 250.00 − 270.00 260.00
weekly_10_2025_Eng.txt,potato,Unknown,Potato Hambantota −
weekly_10_2025_Eng.txt,vegetable,Unknown,N'Eliya 265.00 − 280.00 274.00 Vegetable (Low Country) Embilipitiya 100.00 − 120.00 107.50
weekly_10_2025_Eng.txt,fruit,Unknown,Moneragala 480.00 − 520.00 496.00 Brinjal Fruits (Rs/kg)
weekly_10_2025_Eng.txt,rice,Unknown,Table 16: Farmgate/Producer Prices of Food Commodities in Selected Producing Areas (Rs/kg)
weekly_10_2025_Eng.txt,rice,Unknown,PriceCOMMODITY Range Average
weekly_10_2025_Eng.txt,rice,Unknown,Price COMMODITY Range Average
weekly_10_2025_Eng.txt,rice,Unknown,Price COMMODITY
weekly_10_2025_Eng.txt,rice,Unknown,Rice
weekly_10_2025_Eng.txt,onion,Unknown,Red Onion
weekly_10_2025_Eng.txt,onion,Unknown,Big Onion
weekly_10_2025_Eng.txt,potato,Unknown,Potato
weekly_10_2025_Eng.txt,dhal,Unknown,Red Dhal 280.00 − 300.00 290.00 − 320.00 290.00 − 320.00 290.00 − 320.00 300.00 − 320.00 290.00 − 300.00 280.00 − 300.00 280.00 − 320.00 290.00 − 320.00
weekly_10_2025_Eng.txt,rice,Unknown,Annex 01 - Colombo Markets: Retail Prices of Rice and Subsidiary Food Crops (Rs/kg) Week 10: 07 - 13 Mar 2025
weekly_10_2025_Eng.txt,vegetable,Unknown,Vegetable
weekly_10_2025_Eng.txt,potato,Unknown,Sweet Potato 230.00 − 240.00 320.00 − 320.00 260.00 − 300.00 320.00 − 320.00 240.00 − 280.00 250.00 − 260.00 200.00 − 220.00 230.00 − 240.00 220.00 − 240.00
weekly_10_2025_Eng.txt,vegetable,Unknown,Leafy Vegetable
weekly_10_2025_Eng.txt,coconut,Unknown,Coconut
weekly_10_2025_Eng.txt,rice,Unknown,Annex 02 - Colombo Markets: Retail Prices of Vegetables (Rs/kg) and Coconut (Rs/nut)
weekly_10_2025_Eng.txt,fruit,Unknown,Other Fruits
weekly_10_2025_Eng.txt,coconut,Unknown,King Coconut 250.00 − 300.00 240.00 − 250.00 280.00 − 280.00 250.00 − 250.00 250.00 − 250.00 300.00 − 300.00 250.00 − 280.00 280.00 − 280.00 250.00 − 250.00
weekly_10_2025_Eng.txt,rice,Unknown,Annex 03 - Colombo Markets: Retail Prices of Fruits (Rs/fruit)
weekly_10_2025_Eng.txt,fish,Unknown,Sea Fish
weekly_10_2025_Eng.txt,egg,Unknown,30 Eggs (Rs/egg)
weekly_10_2025_Eng.txt,fish,Unknown,Dried Fish
weekly_10_2025_Eng.txt,chicken,Unknown,Chicken (Broiler) 1150.00 − 1150.00 1280.00 − 1280.00 1300.00 − 1300.00 1300.00 − 1320.00 1200.00 − 1200.00 1150.00 − 1150.00 1150.00 − 1150.00 1130.00 − 1130.00 1200.00 − 1200.00
weekly_10_2025_Eng.txt,chicken,Unknown,Chicken (Curry) 1150.00 − 1150.00 1200.00 − 1200.00 1200.00 − 1200.00 1300.00 − 1320.00 1100.00 − 1100.00 1150.00 − 1150.00 1100.00 − 1100.00 1130.00 − 1130.00 1200.00 − 1200.00
weekly_10_2025_Eng.txt,rice,Unknown,Annex 04 - Colombo Markets: Retail Prices of Sea Fish and Dried Fish (Rs/kg)
weekly_10_2025_Eng.txt,rice,Unknown,Rice - (white Kekulu - normal ) 361 9.88 1.52 - 0.03 0.09 10.67 - 6.94 26.29 1.22 1.5
weekly_10_2025_Eng.txt,rice,Unknown,Rice - (white Kekulu Samba) 355 8.81 1.53 - 0.03 0.09 8.11 - 9.82 30.48 0.92 1.7
weekly_10_2025_Eng.txt,rice,Unknown,Rice - ( Red Kekulu - normal ) 366 8.64 2.12 - 0.05 0.1 8.39 - 4.73 31.7 0.88 1.84
weekly_10_2025_Eng.txt,rice,Unknown,Rice -Samba 369 6.86 2.45 - 0.05 0.13 12.79 - 8.71 37.26 1.18 1.49
weekly_10_2025_Eng.txt,rice,Unknown,Rice - Nadu White 366 7.76 1.48 - 0.03 0.12 9.35 - 4.57 20.1 0.64 1.61
weekly_10_2025_Eng.txt,onion,Unknown,Onion
weekly_10_2025_Eng.txt,onion,Unknown,Big onions 48 1.67 0.24 0.16 0.01 0.1 32.99 7.58 14.82 16.94 0.45 0.25
weekly_10_2025_Eng.txt,onion,Unknown,Red onions 55 2.13 0.15 0.18 0.02 0.13 30.15 14.26 20.37 19.32 0.31 0.28
weekly_10_2025_Eng.txt,potato,Unknown,Potatoes 71 1.67 0.25 0.01 0.09 14.31 20.5 9.83 23.84 0.46 0.29
weekly_10_2025_Eng.txt,dhal,Unknown,Red Dhal 319 23.09 0.77 1.06 1.6 0.22 55 NA 41.27 66.63 7.45 3.34
weekly_10_2025_Eng.txt,vegetable,Unknown,Vegetables
weekly_10_2025_Eng.txt,rice,Unknown,Rice
weekly_10_2025_Eng.txt,egg,Unknown,Brinjal (Chinese eggplant) 24 1.28 0.33 16.83 0.12 0.11 32.94 3.37 14.4 21.18 0.28 0.16
weekly_10_2025_Eng.txt,egg,Unknown,Thalana batu (Thai eggplant) 21 1.45 0.26 18.33 0.11 0.09 31.18 2.71 17.24 37.22 0.37 0.24
weekly_10_2025_Eng.txt,coconut,Unknown,Coconuts nuts 390 3.67 39.92 - 0.05 0.11 14.86 -
weekly_10_2025_Eng.txt,potato,Unknown,Sweet potato 108 1.27 0.33 NA 0.04 0.09 14.44 22.2 28.93 21.05 0.51 0.14
weekly_10_2025_Eng.txt,vegetable,Unknown,Leafy Vegetables
weekly_10_2025_Eng.txt,onion,Unknown,Onion leaves 27 2.01 0.26 NA 0.04 0.18 56.8 23.38 35.21 74.95 3.15 0.77
weekly_10_2025_Eng.txt,fruit,Unknown,Jackfruit pods 25 2.14 0.34 NA 0.03 0.04 30.7 24.77 37.32 26.08 0.3 0.17
weekly_10_2025_Eng.txt,fruit,Unknown,Jackfruit seeds 77 5.66 0.44 NA 0.02 0.08 58.91 15.24 40.87 50.14 0.52 0.42
weekly_10_2025_Eng.txt,chicken,Unknown,Chicken 176 23.14 9.24 6.88 0.07 0.49 10.09 - 15.06 20.18 0.75 0.64
weekly_10_2025_Eng.txt,fish,Unknown,Fish
weekly_10_2025_Eng.txt,fish,Unknown,Cuttle fish 76 16.82 0.93 1.93 0.02 0.04 6.22 8.73 35.46 0.62 1.3
weekly_10_2025_Eng.txt,fish,Unknown,Dried Fish
weekly_10_2025_Eng.txt,egg,Unknown,Eggs
weekly_10_2025_Eng.txt,egg,Unknown,Hen eggs (Country) 170 13.14 13 208 0.08 0.18 54.6 50.14 11.04 1.64 1.12
weekly_10_2025_Eng.txt,egg,Unknown,Hen eggs (Table) 135 13.55 9.03 200 0.19 0.19 49.46 63.3 12 2.39 1.73
weekly_10_2025_Eng.txt,egg,Unknown,Quail eggs 153 12.39 11.46 153 0.11 0.17 54.86 60.67 11.21 2.55 1.51
weekly_10_2025_Eng.txt,fruit,Unknown,Fruits
weekly_10_2025_Eng.txt,rice,Unknown,Price Collecting Areas
weekly_17_2025_Eng.txt,vegetable,Unknown,Vegetables
weekly_17_2025_Eng.txt,coconut,Unknown,Coconut
weekly_17_2025_Eng.txt,rice,Unknown,Paddy/Rice
weekly_17_2025_Eng.txt,rice,Increase,Prices of both large and small nuts have increased
weekly_17_2025_Eng.txt,rice,Unknown,further and the prices ranged Rs.205.00 -240.00 for
weekly_17_2025_Eng.txt,onion,Unknown,Stocks of local and imported red onion and imported
weekly_17_2025_Eng.txt,rice,Unknown,big onion were available in the market and the prices of
weekly_17_2025_Eng.txt,rice,Decrease,both types have decreased further. Prices ranged
weekly_17_2025_Eng.txt,onion,Unknown,between Rs.380.00 -600.00/kg for red onion and
weekly_17_2025_Eng.txt,onion,Unknown,Rs.120.00-220.00/kg for big onion in Colombo and
weekly_17_2025_Eng.txt,rice,Unknown,suburb markets. Prices of local and imported potatoes
weekly_17_2025_Eng.txt,rice,Increase,"have increased. Further, the prices of white cowpea and"
weekly_17_2025_Eng.txt,rice,Unknown,the price of green gram ranged between
weekly_17_2025_Eng.txt,rice,Increase,Retail prices of most of the vegetables have increased.
weekly_17_2025_Eng.txt,rice,Unknown,"Considering the up -country varieties, the highest price"
weekly_17_2025_Eng.txt,rice,Unknown,"Considering the low country varieties, the highest price"
weekly_17_2025_Eng.txt,rice,Unknown,Retail prices of all the rice varieties except for imported
weekly_17_2025_Eng.txt,rice,Decrease,highest price decrease was noted for keeri samba and
weekly_17_2025_Eng.txt,rice,Unknown,the price ranged Rs.260.00 -320.00/kg. Prices of other
weekly_17_2025_Eng.txt,rice,Unknown,245.00/kg for  raw white rice in Colombo and suburb
weekly_17_2025_Eng.txt,rice,Unknown,Rice
weekly_17_2025_Eng.txt,rice,Unknown,Prices of all the rice varieties have not
weekly_17_2025_Eng.txt,rice,Increase,increased significantly and the price ranges
weekly_17_2025_Eng.txt,rice,Unknown,Imported rice varieties were available at
weekly_17_2025_Eng.txt,rice,Unknown,the market under the following price
weekly_17_2025_Eng.txt,rice,Unknown,wholesale prices of most of the rice
weekly_17_2025_Eng.txt,rice,Increase,price increase of 19% for raw red. Prices of
weekly_17_2025_Eng.txt,rice,Unknown,The retail prices of all the types of rice
weekly_17_2025_Eng.txt,rice,Decrease,Among those the highest price decrease of
weekly_17_2025_Eng.txt,rice,Increase,samba and the highest price increase of
weekly_17_2025_Eng.txt,rice,Increase,highest price increase of 16% was recorded
weekly_17_2025_Eng.txt,rice,Unknown,for local raw red and the highest price
weekly_17_2025_Eng.txt,rice,Unknown,The average farm gate prices of major
weekly_17_2025_Eng.txt,rice,Unknown,over the previous week. The average price
weekly_17_2025_Eng.txt,rice,Unknown,average price of k eeri Samba pad dy has
weekly_17_2025_Eng.txt,rice,Unknown,prices of long grain white and red paddy
weekly_17_2025_Eng.txt,rice,Unknown,"year, the average prices of short grain and"
weekly_17_2025_Eng.txt,rice,Unknown,areas whereas the price of  keeri samba
weekly_17_2025_Eng.txt,rice,Unknown,Price of imported  dried chilies has not
weekly_17_2025_Eng.txt,rice,Unknown,changed significantly and the price ranged
weekly_17_2025_Eng.txt,rice,Unknown,current whole sale price of imported dried
weekly_17_2025_Eng.txt,rice,Unknown,The retail price of imported dried chilies
weekly_17_2025_Eng.txt,rice,Unknown,has dec reased by Rs.23.00/ kg and price
weekly_17_2025_Eng.txt,rice,Unknown,the current retail price of imported dried
weekly_17_2025_Eng.txt,onion,Unknown,Onion
weekly_17_2025_Eng.txt,rice,Unknown,"Prices of vedalan red onion,  imported red"
weekly_17_2025_Eng.txt,onion,Unknown,"onion and imported big onion, have"
weekly_17_2025_Eng.txt,rice,Unknown,"prices ranged Rs.300.00 -350.00/kg,"
weekly_17_2025_Eng.txt,rice,Unknown,current wholesale price s of vedalan and
weekly_17_2025_Eng.txt,onion,Unknown,imported red onion and imported big onion
weekly_17_2025_Eng.txt,rice,Decrease,have decreased with the highest price
weekly_17_2025_Eng.txt,onion,Unknown,onion.
weekly_17_2025_Eng.txt,rice,Unknown,Retail prices of vedalan and imported red
weekly_17_2025_Eng.txt,onion,Decrease,onion have decreased by Rs.5.00/ kg and
weekly_17_2025_Eng.txt,rice,Decrease,price of imported big onion has decreased
weekly_17_2025_Eng.txt,rice,Unknown,the current retail price of imported big
weekly_17_2025_Eng.txt,onion,Unknown,"onions has d ecreased by 79%, while  the"
weekly_17_2025_Eng.txt,rice,Unknown,retail prices of vedalan and imported red
weekly_17_2025_Eng.txt,onion,Unknown,onion have not changed significantly.
weekly_17_2025_Eng.txt,potato,Unknown,Potato
weekly_17_2025_Eng.txt,rice,Unknown,Prices of Welimada and Nuwara Eliya
weekly_17_2025_Eng.txt,potato,Decrease,potato   varieties have decreased by 5% and
weekly_17_2025_Eng.txt,rice,Unknown,and the prices ranged Rs.220.00-260.00/kg
weekly_17_2025_Eng.txt,rice,Increase,Price of imported potato has increased by
weekly_17_2025_Eng.txt,rice,Unknown,stocks and the price ranged Rs.185.00 -
weekly_17_2025_Eng.txt,rice,Unknown,current wholesale price s of all the potato
weekly_17_2025_Eng.txt,rice,Unknown,Retail prices of all  the types of potato es
weekly_17_2025_Eng.txt,rice,Unknown,price increas e of Rs. 32.00/ kg was
weekly_17_2025_Eng.txt,potato,Unknown,observed for Welimada potatoes and  the
weekly_17_2025_Eng.txt,rice,Unknown,price range d Rs. 360.00 -400.00/kg. Price
weekly_17_2025_Eng.txt,potato,Increase,of Nuwara Eliya potatoes has increased by
weekly_17_2025_Eng.txt,rice,Unknown,the retail price of Nuwara Eliya and
weekly_17_2025_Eng.txt,potato,Increase,imported potato have increased by 14%
weekly_17_2025_Eng.txt,rice,Decrease,Price of green gram   has decreased by 4%
weekly_17_2025_Eng.txt,rice,Unknown,and the price ranged Rs.650.00-800.00/kg.
weekly_17_2025_Eng.txt,rice,Increase,Price of red cowpea has increased by 6%
weekly_17_2025_Eng.txt,rice,Unknown,and the price ranged Rs.650.00-700.00/kg.
weekly_17_2025_Eng.txt,rice,Unknown,Prices of white co wpea and   red dhal
weekly_17_2025_Eng.txt,rice,Unknown,price ranged Rs.65 0.00-700.00/kg and
weekly_17_2025_Eng.txt,rice,Unknown,current wholesale prices of green gram and
weekly_17_2025_Eng.txt,rice,Unknown,The retail prices of white cowpea and red
weekly_17_2025_Eng.txt,rice,Unknown,Rs.10.00/kg respectively. Price of green
weekly_17_2025_Eng.txt,rice,Unknown,the current retail prices of all the types of
weekly_17_2025_Eng.txt,rice,Decrease,notable price decrease of 41% was
weekly_17_2025_Eng.txt,vegetable,Unknown,Vegetable
weekly_17_2025_Eng.txt,rice,Unknown,Prices of most of upcountry vegetables
weekly_17_2025_Eng.txt,rice,Decrease,have decreased while prices of most low
weekly_17_2025_Eng.txt,vegetable,Increase,country vegetables have increased.
weekly_17_2025_Eng.txt,rice,Unknown,Most of the upcountry vegetable prices
weekly_17_2025_Eng.txt,rice,Unknown,"-17%.  However, the prices of carrot, green"
weekly_17_2025_Eng.txt,rice,Increase,price of tomato has increased by 9% with
weekly_17_2025_Eng.txt,vegetable,Unknown,"Considering the low-country vegetables,"
weekly_17_2025_Eng.txt,rice,Unknown,the prices of most of the vegetable varieties
weekly_17_2025_Eng.txt,rice,Increase,have increased. Price brinjal has increased
weekly_17_2025_Eng.txt,rice,Unknown,"snake gourd (22%). However, the prices of"
weekly_17_2025_Eng.txt,rice,Unknown,"addition, the prices of green chilies and"
weekly_17_2025_Eng.txt,rice,Unknown,wholesale prices of   most of the vegetables
weekly_17_2025_Eng.txt,rice,Unknown,"have incr eased, with  the hi ghest price"
weekly_17_2025_Eng.txt,vegetable,Unknown,"Considering the up-country vegetables, the"
weekly_17_2025_Eng.txt,rice,Decrease,highest price decrease was reported for
weekly_17_2025_Eng.txt,rice,Unknown,price of carrots and  green beans have
weekly_17_2025_Eng.txt,vegetable,Unknown,Considering the low -country vegetable
weekly_17_2025_Eng.txt,rice,Unknown,"varieties, the price of tomato has showed a"
weekly_17_2025_Eng.txt,rice,Increase,significant price increase of around
weekly_17_2025_Eng.txt,rice,Unknown,Rs.123.00/kg. Capsicum prices showed a
weekly_17_2025_Eng.txt,rice,Decrease,"significant price decrease of Rs.185.00/kg,"
weekly_17_2025_Eng.txt,rice,Decrease,price decrease compared to last week.
weekly_17_2025_Eng.txt,rice,Unknown,"year, the current retail prices of most"
weekly_17_2025_Eng.txt,vegetable,Increase,"vegetable varieties have increased, with a"
weekly_17_2025_Eng.txt,rice,Increase,notable price increase of 129% was
weekly_17_2025_Eng.txt,coconut,Unknown,Coconut
weekly_17_2025_Eng.txt,rice,Unknown,Prices of both large and small nuts have not
weekly_17_2025_Eng.txt,rice,Unknown,reported any significant changes.  Price
weekly_17_2025_Eng.txt,rice,Unknown,the current wholesale prices of large and
weekly_17_2025_Eng.txt,rice,Unknown,Prices of large and small nuts showed a
weekly_17_2025_Eng.txt,rice,Unknown,price increment of Rs.7.00/nut. Price
weekly_17_2025_Eng.txt,rice,Unknown,current retail prices of large nuts (98%) and
weekly_17_2025_Eng.txt,fruit,Unknown,Fruits
weekly_17_2025_Eng.txt,rice,Unknown,Prices of most of the fruit varieties have
weekly_17_2025_Eng.txt,rice,Decrease,The highest price decrease was recorded
weekly_17_2025_Eng.txt,rice,Unknown,"for karthakolomban, at 31%.  Prices of"
weekly_17_2025_Eng.txt,fruit,Unknown,availability of smaller -sized fruits.  With
weekly_17_2025_Eng.txt,rice,Decrease,"decrease in demand, the prices of all"
weekly_17_2025_Eng.txt,rice,Unknown,13% and the prices of all sizes of
weekly_17_2025_Eng.txt,rice,Unknown,"stocks, a 12% price de crease was also"
weekly_17_2025_Eng.txt,rice,Unknown,the wholesale prices of most of the fr uits
weekly_17_2025_Eng.txt,rice,Decrease,have decreased with the highest price
weekly_17_2025_Eng.txt,rice,Decrease,"In line with the decreased wholesale prices,"
weekly_17_2025_Eng.txt,rice,Unknown,the retail prices of most of the fruit
weekly_17_2025_Eng.txt,rice,Decrease,varieties have decrease . The highest price
weekly_17_2025_Eng.txt,fruit,Decrease,decreased of Rs.101.00/fruit was reported
weekly_17_2025_Eng.txt,rice,Unknown,for karthakolomban mango. Price of
weekly_17_2025_Eng.txt,fruit,Decrease,avocado has decreased by Rs.53.00/fruit.
weekly_17_2025_Eng.txt,rice,Unknown,"Further, the prices of kolikuttu and ambul"
weekly_17_2025_Eng.txt,rice,Unknown,33.00/kg. Price s of slime apple and king
weekly_17_2025_Eng.txt,coconut,Decrease,coconut have decreased    by Rs.27.00/fruit
weekly_17_2025_Eng.txt,fruit,Unknown,and Rs.13.00/fruit respectively.
weekly_17_2025_Eng.txt,rice,Unknown,"Meanwhile, the price of imported grapes"
weekly_17_2025_Eng.txt,rice,Unknown,the current retail prices of most of the fruits
weekly_17_2025_Eng.txt,rice,Decrease,have decreased with the highest price
weekly_17_2025_Eng.txt,fish,Unknown,Fresh Fish
weekly_17_2025_Eng.txt,rice,Unknown,Wholesale prices of most of the fresh fish
weekly_17_2025_Eng.txt,rice,Decrease,supply. The prices decrease of 18% and
weekly_17_2025_Eng.txt,rice,Unknown,"prices of shrimps, thalapath and paraw"
weekly_17_2025_Eng.txt,rice,Increase,"However, a price increase of 24% was"
weekly_17_2025_Eng.txt,rice,Unknown,"Valachchenai areas. In addition, the price"
weekly_17_2025_Eng.txt,rice,Unknown,the current wholesale prices of most of the
weekly_17_2025_Eng.txt,fish,Increase,fresh fish types have increased with the
weekly_17_2025_Eng.txt,rice,Increase,highest price increase of  51% noted for
weekly_17_2025_Eng.txt,rice,Unknown,Prices of all the fish varieties except for
weekly_17_2025_Eng.txt,rice,Decrease,and the highest price decrease was
weekly_17_2025_Eng.txt,rice,Decrease,second highest price decrease was recorded
weekly_17_2025_Eng.txt,rice,Increase,price increase was recorded for hurulla by
weekly_17_2025_Eng.txt,rice,Increase,Rs.265.00/kg. Price increase of salaya and
weekly_17_2025_Eng.txt,rice,Unknown,the current retail prices of all the fish
weekly_17_2025_Eng.txt,rice,Increase,have increased with the highest price
weekly_17_2025_Eng.txt,fish,Unknown,Dried Fish
weekly_17_2025_Eng.txt,rice,Unknown,Prices of most of the dried fish types have
weekly_17_2025_Eng.txt,rice,Decrease,dried fish . The highest price decrease of
weekly_17_2025_Eng.txt,rice,Increase,"Negombo areas. However, a price increase"
weekly_17_2025_Eng.txt,rice,Unknown,Mannar areas. Prices of other dried fish
weekly_17_2025_Eng.txt,rice,Unknown,the current wholesale prices of most of the
weekly_17_2025_Eng.txt,fish,Unknown,dried fish types have in creased with the
weekly_17_2025_Eng.txt,rice,Increase,highest price increase of 97% noted for
weekly_17_2025_Eng.txt,rice,Unknown,The prices of all the dry fish varieties
weekly_17_2025_Eng.txt,rice,Decrease,highest price decrease recorded for
weekly_17_2025_Eng.txt,rice,Decrease,anguluwa by Rs.57.00/kg. Price decrease
weekly_17_2025_Eng.txt,rice,Unknown,the current retai l prices of all the fish
weekly_17_2025_Eng.txt,rice,Increase,have increased with the highest price
weekly_17_2025_Eng.txt,egg,Unknown,Eggs
weekly_17_2025_Eng.txt,rice,Unknown,Prices of brown and white eggs have
weekly_17_2025_Eng.txt,rice,Unknown,their prices ranged Rs.25.00-28.00/egg and
weekly_17_2025_Eng.txt,egg,Unknown,Rs.23.00- 25.00 /egg respectively.
weekly_17_2025_Eng.txt,rice,Unknown,the current wholesale prices of both brown
weekly_17_2025_Eng.txt,egg,Decrease,and white eggs have decreased by 46% and
weekly_17_2025_Eng.txt,rice,Unknown,Prices of both brown and white egg types
weekly_17_2025_Eng.txt,rice,Increase,have increased and the price range of a
weekly_17_2025_Eng.txt,egg,Unknown,white egg has recorded as Rs.26.00 -
weekly_17_2025_Eng.txt,rice,Unknown,Rs.32.00 and the price range of a brown
weekly_17_2025_Eng.txt,egg,Unknown,egg has recorded as Rs.27.00 -Rs.33.00.
weekly_17_2025_Eng.txt,rice,Unknown,The average prices of the white and brown
weekly_17_2025_Eng.txt,egg,Unknown,eggs have recorded as Rs.29.00 a nd
weekly_17_2025_Eng.txt,rice,Unknown,the current retail  prices of both egg
weekly_17_2025_Eng.txt,rice,Decrease,Price decrease of broiler and curry chicken
weekly_17_2025_Eng.txt,rice,Decrease,Rs.37.00/kg respectively. Price decrease of
weekly_17_2025_Eng.txt,rice,Unknown,pork has recorded as Rs.33.00/kg. Price
weekly_17_2025_Eng.txt,rice,Unknown,the prices of all the meat types except for
weekly_17_2025_Eng.txt,chicken,Increase,broiler and curry chicken have increased
weekly_17_2025_Eng.txt,rice,Increase,with the highest price increase recorded for
weekly_17_2025_Eng.txt,rice,Unknown,to wholesale and retail prices of selected
weekly_17_2025_Eng.txt,rice,Unknown,"as prevailing prices, price ranges, averages,"
weekly_17_2025_Eng.txt,rice,Unknown,and a comparison of weekly prices. The
weekly_17_2025_Eng.txt,rice,Unknown,changes in prices reported are always with
weekly_17_2025_Eng.txt,rice,Unknown,price prevailed during the previous week
weekly_17_2025_Eng.txt,rice,Unknown,"price information is twice a week ( i.e.,"
weekly_17_2025_Eng.txt,rice,Unknown,"prices, it is thrice a week ( i.e., Friday,"
weekly_17_2025_Eng.txt,rice,Unknown,Rice VarietiesLOCATIONS
weekly_17_2025_Eng.txt,rice,Unknown,Table 01: Selected Markets:Wholesale Price of Rice (Rs/50kg bag)
weekly_17_2025_Eng.txt,rice,Unknown,Table 02: Selected Markets: Retail Price of Rice (Rs/kg)
weekly_17_2025_Eng.txt,rice,Unknown,LOCATIONS Rice Varieties
weekly_17_2025_Eng.txt,dhal,Unknown,Green Gram Cowpea Red Dhal
weekly_17_2025_Eng.txt,rice,Unknown,Table 04: Selected Markets:Wholesale Price of Subsidiary Food (Rs/50kg)
weekly_17_2025_Eng.txt,onion,Unknown,Dried Chillies Red Onion Big Onion PotatoLOCATION Imported Imported Local Imported Welimada
weekly_17_2025_Eng.txt,rice,Unknown,Table 05: Selected Markets: Retail Price of Subsidiary Food Crops (Rs/kg)
weekly_17_2025_Eng.txt,onion,Unknown,Dried Chillies Red Onion Big Onion Potato Pulses
weekly_17_2025_Eng.txt,dhal,Unknown,Green Gram Cowpea Red Dhal
weekly_17_2025_Eng.txt,rice,Unknown,Table 06: Selected Markets: Wholesale Price of Vegetables(Rs/kg)
weekly_17_2025_Eng.txt,potato,Unknown,ManiocLong Beans Ash Plantain Green Chillies Lime Sweet Potatoe
weekly_17_2025_Eng.txt,rice,Unknown,"Colombo, Meegoda, Norochchole, Jaffna,Dambulla and Kandy - Gotukola Price Rs/Kg"
weekly_17_2025_Eng.txt,vegetable,Unknown,Leafy Vegetables (Rs/bundle)
weekly_17_2025_Eng.txt,coconut,Unknown,Coconut (Rs/nut)
weekly_17_2025_Eng.txt,rice,Unknown,Table 07: Selected Markets: Retail Price of Vegetables (Rs/kg)
weekly_17_2025_Eng.txt,potato,Unknown,Sweet Potato Large Small
weekly_17_2025_Eng.txt,vegetable,Unknown,Low Country Varieties Leafy Vegetable Coconut (Rs/nut)
weekly_17_2025_Eng.txt,rice,Unknown,Table 08: Selected Markets: Retail Price of Fruits (Rs/each & Rs/kg)
weekly_17_2025_Eng.txt,fruit,Unknown,Mango Other Fruits
weekly_17_2025_Eng.txt,coconut,Unknown,Passion Avocado Slime Apple Grapes (Rs/kg) King CoconutWood Apple Orange
weekly_17_2025_Eng.txt,fish,Unknown,Local Dried Fish Imported Dried Fish
weekly_17_2025_Eng.txt,fish,Unknown,Imported Dried Fish
weekly_17_2025_Eng.txt,fish,Unknown,Local Dried Fish
weekly_17_2025_Eng.txt,rice,Unknown,Table 10: Selected Markets: Wholesale Price of Dried Fish (Rs/50kg)
weekly_17_2025_Eng.txt,fish,Unknown,Sea Fish Eggs
weekly_17_2025_Eng.txt,rice,Unknown,Table 09: Selected Markets: Wholesale Price of Fresh Fish & Eggs (Rs/kg & Rs/egg)
weekly_17_2025_Eng.txt,fish,Unknown,Sea Fish
weekly_17_2025_Eng.txt,rice,Unknown,Table 11: Selected Markets: Retail Price of Fresh Fish & Eggs (Rs/kg & Rs/eggs)
weekly_17_2025_Eng.txt,fish,Unknown,Sea Fish Eggs
weekly_17_2025_Eng.txt,rice,Unknown,Table 12: Selected Markets: Retail Price of Dried Fish (Rs/kg)
weekly_17_2025_Eng.txt,fish,Unknown,Dried FishLOCATIONS Sprats-Imported Kattawa Thora Mora Balaya
weekly_17_2025_Eng.txt,rice,Unknown,Table 13: Selected Markets: Retail Price of Meat (Rs/kg)
weekly_17_2025_Eng.txt,chicken,Unknown,Meat Meat (Chicken) Meat
weekly_17_2025_Eng.txt,rice,Unknown,Rice Coconut
weekly_17_2025_Eng.txt,fruit,Unknown,Keeri Samba 260.00 − 280.00 270.00 268.00 317.50 0.75 -14.96 Fruits (Rs/fruit)
weekly_17_2025_Eng.txt,fruit,Unknown,Raw (Red) − Passion Fruit 50.00 − 60.00 55.00 57.50 78.89 -4.35 -30.28
weekly_17_2025_Eng.txt,onion,Unknown,Onion Mango
weekly_17_2025_Eng.txt,onion,Unknown,Big Onion Kohu −
weekly_17_2025_Eng.txt,potato,Unknown,Potato Orange 40.00 − 50.00 45.00 47.14 61.11 -4.55 -26.36
weekly_17_2025_Eng.txt,coconut,Unknown,Pulses King Coconut 130.00 − 180.00 152.50 178.57 182.22 -14.60 -16.31
weekly_17_2025_Eng.txt,fish,Unknown,Cowpea (White) 650.00 − 700.00 675.00 680.00 667.14 -0.74 1.18 Sea Fish
weekly_17_2025_Eng.txt,dhal,Unknown,Red Dhal 255.00 − 260.00 257.14 256.67 281.88 0.19 -8.77 Hurulla 900.00 − 1000.00 953.33 920.00 723.33 3.62 31.80
weekly_17_2025_Eng.txt,vegetable,Unknown,Vegetable Balaya 1000.00 − 1100.00 1041.67 1224.17 688.33 -14.91 51.33
weekly_17_2025_Eng.txt,egg,Unknown,Raddish 80.00 − 130.00 98.00 114.00 44.00 -14.04 122.73 Eggs
weekly_17_2025_Eng.txt,fish,Unknown,Ladies Fingers 250.00 − 380.00 315.00 276.00 79.00 14.13 298.73 Dried Fish
weekly_17_2025_Eng.txt,potato,Unknown,Sweet Potato 180.00 − 240.00 198.18 200.00 165.00 -0.91 20.11 Maduwa (Imported) −
weekly_17_2025_Eng.txt,vegetable,Unknown,Leafy Vegetable Koduwa (Imported) −
weekly_17_2025_Eng.txt,rice,Unknown,Table 14: Colombo: Wholesale Prices (Rs/kg or Rs/piece)
weekly_17_2025_Eng.txt,rice,Unknown,Average Price Change Compared to
weekly_17_2025_Eng.txt,rice,Unknown,Average Price
weekly_17_2025_Eng.txt,rice,Unknown,Rice Coconut
weekly_17_2025_Eng.txt,fruit,Unknown,Keeri Samba 260.00 − 320.00 284.74 289.66 367.92 -4.92 -22.61 Fruits (Rs/fruit)
weekly_17_2025_Eng.txt,fruit,Unknown,Raw (Red) − Passion Fruit 55.00 − 100.00 80.00 85.00 110.00 -5.00 -27.27
weekly_17_2025_Eng.txt,onion,Unknown,Onion Mango
weekly_17_2025_Eng.txt,onion,Unknown,Big Onion Kohu −
weekly_17_2025_Eng.txt,potato,Unknown,Potato Orange 70.00 − 120.00 94.41 98.00 96.33 -3.59 -1.99
weekly_17_2025_Eng.txt,coconut,Unknown,Pulses King Coconut 180.00 − 250.00 209.44 222.11 213.08 -12.66 -1.70
weekly_17_2025_Eng.txt,fish,Unknown,Cowpea (White) 720.00 − 1000.00 836.84 853.81 1054.17 -16.97 -20.62 Sea Fish
weekly_17_2025_Eng.txt,dhal,Unknown,Red Dhal 270.00 − 340.00 299.17 299.03 334.44 0.13 -10.55 Hurulla 1100.00 − 1300.00 1214.71 950.00 964.71 264.71 25.91
weekly_17_2025_Eng.txt,vegetable,Unknown,Vegetable Balaya 1100.00 − 1800.00 1371.43 1650.00 1013.00 -278.57 35.38
weekly_17_2025_Eng.txt,egg,Unknown,Raddish 180.00 − 360.00 275.22 239.38 168.40 35.84 63.43 Eggs
weekly_17_2025_Eng.txt,fish,Unknown,Ladies Fingers 350.00 − 560.00 468.40 430.00 220.00 38.40 112.91 Dried Fish
weekly_17_2025_Eng.txt,chicken,Unknown,Root Crops Chicken (Broiler) 1000.00 − 1280.00 1131.54 1165.00 1342.73 -33.46 -15.73
weekly_17_2025_Eng.txt,potato,Unknown,Sweet Potato 200.00 − 400.00 323.60 339.41 316.52 -15.81 2.24 Chicken (Curry) 900.00 − 1280.00 1074.62 1111.25 1220.00 -36.63 -11.92
weekly_17_2025_Eng.txt,vegetable,Unknown,Leafy Vegetable Pork 1500.00 − 2000.00 1616.67 1650.00 1300.00 -33.33 24.36
weekly_17_2025_Eng.txt,rice,Unknown,Table 15: Colombo &Suburbs: Retail Prices (Rs/kg or Rs/piece)
weekly_17_2025_Eng.txt,rice,Unknown,Average Price Change Compared to
weekly_17_2025_Eng.txt,rice,Unknown,Average Price Change Compared to
weekly_17_2025_Eng.txt,vegetable,Unknown,Paddy Vegetable (Up Country) Snake Gourd
weekly_17_2025_Eng.txt,onion,Unknown,Red Onion Badulla 220.00 − 245.00 236.67 Long Beans
weekly_17_2025_Eng.txt,onion,Unknown,Big Onion Welimada 450.00 − 465.00 458.00 Embilipitiya 260.00 − 280.00 270.00
weekly_17_2025_Eng.txt,potato,Unknown,Potato Hambantota −
weekly_17_2025_Eng.txt,vegetable,Unknown,N'Eliya 240.00 − 250.00 244.00 Vegetable (Low Country) Embilipitiya 70.00 − 80.00 76.25
weekly_17_2025_Eng.txt,fruit,Unknown,Moneragala 500.00 − 550.00 520.00 Brinjal Fruits (Rs/kg)
weekly_17_2025_Eng.txt,rice,Unknown,Table 16: Farmgate/Producer Prices of Food Commodities in Selected Producing Areas (Rs/kg)
weekly_17_2025_Eng.txt,rice,Unknown,PriceCOMMODITY Range Average
weekly_17_2025_Eng.txt,rice,Unknown,Price COMMODITY Range Average
weekly_17_2025_Eng.txt,rice,Unknown,Price COMMODITY
weekly_17_2025_Eng.txt,rice,Unknown,Rice
weekly_17_2025_Eng.txt,onion,Unknown,Red Onion
weekly_17_2025_Eng.txt,onion,Unknown,Big Onion
weekly_17_2025_Eng.txt,potato,Unknown,Potato
weekly_17_2025_Eng.txt,dhal,Unknown,Red Dhal 270.00 − 300.00 300.00 − 340.00 280.00 − 300.00 300.00 − 340.00 290.00 − 320.00 280.00 − 290.00 290.00 − 300.00 280.00 − 300.00 280.00 − 340.00
weekly_17_2025_Eng.txt,rice,Unknown,Annex 01 - Colombo Markets: Retail Prices of Rice and Subsidiary Food Crops (Rs/kg) Week 17: 25 Apr - 01 May 2025
weekly_17_2025_Eng.txt,vegetable,Unknown,Vegetable
weekly_17_2025_Eng.txt,potato,Unknown,Sweet Potato 200.00 − 230.00 320.00 − 400.00 320.00 − 340.00 350.00 − 400.00 340.00 − 400.00 400.00 − 400.00 230.00 − 240.00 320.00 − 320.00 300.00 − 400.00
weekly_17_2025_Eng.txt,vegetable,Unknown,Leafy Vegetable
weekly_17_2025_Eng.txt,coconut,Unknown,Coconut
weekly_17_2025_Eng.txt,rice,Unknown,Annex 02 - Colombo Markets: Retail Prices of Vegetables (Rs/kg) and Coconut (Rs/nut)
weekly_17_2025_Eng.txt,fruit,Unknown,Other Fruits
weekly_17_2025_Eng.txt,coconut,Unknown,King Coconut 200.00 − 220.00 220.00 − 250.00 200.00 − 220.00 200.00 − 250.00 180.00 − 200.00 200.00 − 250.00 200.00 − 220.00 180.00 − 200.00 180.00 − 200.00
weekly_17_2025_Eng.txt,rice,Unknown,Annex 03 - Colombo Markets: Retail Prices of Fruits (Rs/fruit)
weekly_17_2025_Eng.txt,fish,Unknown,Sea Fish
weekly_17_2025_Eng.txt,egg,Unknown,30 Eggs (Rs/egg)
weekly_17_2025_Eng.txt,fish,Unknown,Dried Fish
weekly_17_2025_Eng.txt,chicken,Unknown,Chicken (Broiler) 1000.00 − 1000.00 1130.00 − 1130.00 1180.00 − 1180.00 1280.00 − 1280.00 1050.00 − 1050.00 1000.00 − 1000.00 1050.00 − 1050.00 1140.00 − 1150.00 1140.00 − 1140.00
weekly_17_2025_Eng.txt,chicken,Unknown,Chicken (Curry) 900.00 − 900.00 1100.00 − 1100.00 1180.00 − 1180.00 1280.00 − 1280.00 900.00 − 900.00 900.00 − 900.00 950.00 − 950.00 1100.00 − 1100.00 1000.00 − 1000.00
weekly_17_2025_Eng.txt,rice,Unknown,Annex 04 - Colombo Markets: Retail Prices of Sea Fish and Dried Fish (Rs/kg)
weekly_17_2025_Eng.txt,rice,Unknown,Rice - (white Kekulu - normal ) 361 9.88 1.52 - 0.03 0.09 10.67 - 6.94 26.29 1.22 1.5
weekly_17_2025_Eng.txt,rice,Unknown,Rice - (white Kekulu Samba) 355 8.81 1.53 - 0.03 0.09 8.11 - 9.82 30.48 0.92 1.7
weekly_17_2025_Eng.txt,rice,Unknown,Rice - ( Red Kekulu - normal ) 366 8.64 2.12 - 0.05 0.1 8.39 - 4.73 31.7 0.88 1.84
weekly_17_2025_Eng.txt,rice,Unknown,Rice -Samba 369 6.86 2.45 - 0.05 0.13 12.79 - 8.71 37.26 1.18 1.49
weekly_17_2025_Eng.txt,rice,Unknown,Rice - Nadu White 366 7.76 1.48 - 0.03 0.12 9.35 - 4.57 20.1 0.64 1.61
weekly_17_2025_Eng.txt,onion,Unknown,Onion
weekly_17_2025_Eng.txt,onion,Unknown,Big onions 48 1.67 0.24 0.16 0.01 0.1 32.99 7.58 14.82 16.94 0.45 0.25
weekly_17_2025_Eng.txt,onion,Unknown,Red onions 55 2.13 0.15 0.18 0.02 0.13 30.15 14.26 20.37 19.32 0.31 0.28
weekly_17_2025_Eng.txt,potato,Unknown,Potatoes 71 1.67 0.25 0.01 0.09 14.31 20.5 9.83 23.84 0.46 0.29
weekly_17_2025_Eng.txt,dhal,Unknown,Red Dhal 319 23.09 0.77 1.06 1.6 0.22 55 NA 41.27 66.63 7.45 3.34
weekly_17_2025_Eng.txt,vegetable,Unknown,Vegetables
weekly_17_2025_Eng.txt,rice,Unknown,Rice
weekly_17_2025_Eng.txt,egg,Unknown,Brinjal (Chinese eggplant) 24 1.28 0.33 16.83 0.12 0.11 32.94 3.37 14.4 21.18 0.28 0.16
weekly_17_2025_Eng.txt,egg,Unknown,Thalana batu (Thai eggplant) 21 1.45 0.26 18.33 0.11 0.09 31.18 2.71 17.24 37.22 0.37 0.24
weekly_17_2025_Eng.txt,coconut,Unknown,Coconuts nuts 390 3.67 39.92 - 0.05 0.11 14.86 -
weekly_17_2025_Eng.txt,potato,Unknown,Sweet potato 108 1.27 0.33 NA 0.04 0.09 14.44 22.2 28.93 21.05 0.51 0.14
weekly_17_2025_Eng.txt,vegetable,Unknown,Leafy Vegetables
weekly_17_2025_Eng.txt,onion,Unknown,Onion leaves 27 2.01 0.26 NA 0.04 0.18 56.8 23.38 35.21 74.95 3.15 0.77
weekly_17_2025_Eng.txt,fruit,Unknown,Jackfruit pods 25 2.14 0.34 NA 0.03 0.04 30.7 24.77 37.32 26.08 0.3 0.17
weekly_17_2025_Eng.txt,fruit,Unknown,Jackfruit seeds 77 5.66 0.44 NA 0.02 0.08 58.91 15.24 40.87 50.14 0.52 0.42
weekly_17_2025_Eng.txt,chicken,Unknown,Chicken 176 23.14 9.24 6.88 0.07 0.49 10.09 - 15.06 20.18 0.75 0.64
weekly_17_2025_Eng.txt,fish,Unknown,Fish
weekly_17_2025_Eng.txt,fish,Unknown,Cuttle fish 76 16.82 0.93 1.93 0.02 0.04 6.22 8.73 35.46 0.62 1.3
weekly_17_2025_Eng.txt,fish,Unknown,Dried Fish
weekly_17_2025_Eng.txt,egg,Unknown,Eggs
weekly_17_2025_Eng.txt,egg,Unknown,Hen eggs (Country) 170 13.14 13 208 0.08 0.18 54.6 50.14 11.04 1.64 1.12
weekly_17_2025_Eng.txt,egg,Unknown,Hen eggs (Table) 135 13.55 9.03 200 0.19 0.19 49.46 63.3 12 2.39 1.73
weekly_17_2025_Eng.txt,egg,Unknown,Quail eggs 153 12.39 11.46 153 0.11 0.17 54.86 60.67 11.21 2.55 1.51
weekly_17_2025_Eng.txt,fruit,Unknown,Fruits
weekly_17_2025_Eng.txt,rice,Unknown,Price Collecting Areas
weekly_20_2025_Eng.txt,coconut,Unknown,Fruits / Coconut
weekly_20_2025_Eng.txt,egg,Unknown,Eggs
weekly_20_2025_Eng.txt,rice,Unknown,Rice
weekly_20_2025_Eng.txt,rice,Decrease,"Fruit prices have decreased due to a high level of supply, with"
weekly_20_2025_Eng.txt,rice,Unknown,the most significant price drop observed for karuthakolomban
weekly_20_2025_Eng.txt,rice,Unknown,"mangoes. Overall, the retail prices of most fruit varieties have"
weekly_20_2025_Eng.txt,rice,Unknown,Both large and small coconut  prices have surged by
weekly_20_2025_Eng.txt,rice,Unknown,Prices of  large and small nut ranging from Rs.180.00 to
weekly_20_2025_Eng.txt,rice,Increase,Egg prices have seen a slight increase compared to the
weekly_20_2025_Eng.txt,rice,Unknown,"previous week, with both white and brown eggs priced"
weekly_20_2025_Eng.txt,rice,Unknown,"compared to the previous year, the prices of both types have"
weekly_20_2025_Eng.txt,rice,Unknown,"prices, and this trend is consistent when compared to the same"
weekly_20_2025_Eng.txt,rice,Increase,"Prices of most rice varieties have increased, with the highest"
weekly_20_2025_Eng.txt,rice,Unknown,"previous year, prices of both keeri samba and samba rice have"
weekly_20_2025_Eng.txt,rice,Unknown,Rice
weekly_20_2025_Eng.txt,rice,Increase,Price of keeri samba has increased by 6%
weekly_20_2025_Eng.txt,rice,Unknown,and price ran ged Rs.270.00 -300.00/kg.
weekly_20_2025_Eng.txt,rice,Unknown,Price of all other local rice varieties have
weekly_20_2025_Eng.txt,rice,Unknown,not changed significantly and price ranged
weekly_20_2025_Eng.txt,rice,Unknown,Imported rice varieties except  imported
weekly_20_2025_Eng.txt,rice,Unknown,the following price ranges
weekly_20_2025_Eng.txt,rice,Unknown,of the rice varieties have seen price
weekly_20_2025_Eng.txt,rice,Increase,"increase, with the highest price of 15% for"
weekly_20_2025_Eng.txt,rice,Unknown,raw red. price of keeri samba and imported
weekly_20_2025_Eng.txt,rice,Unknown,The retail prices of all types of rice
weekly_20_2025_Eng.txt,rice,Increase,increased. Among those a highest price
weekly_20_2025_Eng.txt,rice,Decrease,keeri samba and a highest price decreased
weekly_20_2025_Eng.txt,rice,Increase,highest price increase of 13% was recorded
weekly_20_2025_Eng.txt,rice,Unknown,for local raw red and highest price
weekly_20_2025_Eng.txt,rice,Unknown,The average farmgate prices of major
weekly_20_2025_Eng.txt,rice,Unknown,have slightly fluctuated . The price
weekly_20_2025_Eng.txt,rice,Unknown,Anuradhapura and Kalawewa. The prices
weekly_20_2025_Eng.txt,rice,Unknown,"keeri samba paddy. Subsequently, the price"
weekly_20_2025_Eng.txt,rice,Unknown,Kalawewa areas. Its prices have range
weekly_20_2025_Eng.txt,rice,Unknown,Rs.125.00-134.00/kg.  The price increment
weekly_20_2025_Eng.txt,rice,Unknown,red paddy and prices have ranged
weekly_20_2025_Eng.txt,rice,Unknown,the average farmgate prices of major paddy
weekly_20_2025_Eng.txt,rice,Unknown,"long grain red paddy. However, price of"
weekly_20_2025_Eng.txt,rice,Unknown,The price of imported dried chilies has
weekly_20_2025_Eng.txt,rice,Unknown,sufficient stocks and price ranged
weekly_20_2025_Eng.txt,rice,Unknown,current whole sale price of imported dried
weekly_20_2025_Eng.txt,rice,Unknown,The retail price of imported dried chilies
weekly_20_2025_Eng.txt,rice,Increase,has increased by Rs.8.00/ kg and price
weekly_20_2025_Eng.txt,rice,Unknown,the current retail price of imported dried
weekly_20_2025_Eng.txt,onion,Unknown,Onion
weekly_20_2025_Eng.txt,rice,Unknown,Prices of sinan red onion and imported red
weekly_20_2025_Eng.txt,onion,Increase,onion haven't increased significantly and
weekly_20_2025_Eng.txt,rice,Unknown,price ranged Rs.190.00 -230.00/kg and
weekly_20_2025_Eng.txt,rice,Unknown,Rs.280-330.00/kg. price of Imported big
weekly_20_2025_Eng.txt,onion,Decrease,onion has decreased by 28% due to
weekly_20_2025_Eng.txt,rice,Unknown,availability of sufficient stocks and price
weekly_20_2025_Eng.txt,rice,Unknown,current prices of sinan and imported big
weekly_20_2025_Eng.txt,onion,Decrease,onion varieties have decreased in the range
weekly_20_2025_Eng.txt,onion,Unknown,of 5%-48% while imported red onion has
weekly_20_2025_Eng.txt,rice,Unknown,The retail price of imported red onion has
weekly_20_2025_Eng.txt,rice,Increase,increased by Rs.53.00/kg and price ranged
weekly_20_2025_Eng.txt,rice,Unknown,Rs.380.00- 600.00/kg. The retail price of
weekly_20_2025_Eng.txt,onion,Decrease,imported big onion has decreased by
weekly_20_2025_Eng.txt,rice,Unknown,Rs.15.00/kg and price ranged Rs.120.00 -
weekly_20_2025_Eng.txt,rice,Unknown,the current retail price of imported re d
weekly_20_2025_Eng.txt,onion,Increase,"onions has increased by 19%, while retail"
weekly_20_2025_Eng.txt,rice,Decrease,price of imported big onion has decreased
weekly_20_2025_Eng.txt,potato,Unknown,Potato
weekly_20_2025_Eng.txt,rice,Unknown,The Price of Welimada and Nuwara Eliya
weekly_20_2025_Eng.txt,potato,Increase,potatoes have increased by 12% and 13%
weekly_20_2025_Eng.txt,rice,Unknown,"and price ranged Rs.250.00-255.00/kg, and"
weekly_20_2025_Eng.txt,rice,Decrease,price of imported potato has decreased by
weekly_20_2025_Eng.txt,rice,Unknown,and price ranged Rs.160.00-200.00/kg.
weekly_20_2025_Eng.txt,rice,Unknown,current wholesale price of Nuwara Eliya
weekly_20_2025_Eng.txt,potato,Unknown,and imported  potato varieties have
weekly_20_2025_Eng.txt,rice,Unknown,The retail prices of Nuwara Eliya and
weekly_20_2025_Eng.txt,potato,Increase,imported potato es have increased by
weekly_20_2025_Eng.txt,rice,Unknown,while price ranged Rs.350.00 -480.00/kg
weekly_20_2025_Eng.txt,rice,Unknown,the current retail prices of all potato
weekly_20_2025_Eng.txt,rice,Increase,varieties have increased. The highest price
weekly_20_2025_Eng.txt,potato,Unknown,potato.
weekly_20_2025_Eng.txt,rice,Unknown,Price of white cowpea and red cowpea
weekly_20_2025_Eng.txt,rice,Unknown,availability of sufficient stocks and price
weekly_20_2025_Eng.txt,rice,Unknown,Rs.460.00-620.00/kg. Prices of green gram
weekly_20_2025_Eng.txt,dhal,Unknown,and red dhal have not changed significantly
weekly_20_2025_Eng.txt,rice,Unknown,"and price ranged Rs.700.00-800/kg,"
weekly_20_2025_Eng.txt,rice,Unknown,"The retail price of green gram, white"
weekly_20_2025_Eng.txt,dhal,Unknown,"cowpea, red cowpea and red dhal have"
weekly_20_2025_Eng.txt,rice,Unknown,the current retail prices of all types of
weekly_20_2025_Eng.txt,rice,Decrease,notable price decreased of 38% was
weekly_20_2025_Eng.txt,vegetable,Unknown,Vegetable
weekly_20_2025_Eng.txt,rice,Unknown,Prices of most of upcountry  vegetables
weekly_20_2025_Eng.txt,rice,Increase,have increased while prices of most of low
weekly_20_2025_Eng.txt,vegetable,Decrease,country vegetables have decreased.
weekly_20_2025_Eng.txt,rice,Unknown,Most of the upcountry vegetable prices
weekly_20_2025_Eng.txt,rice,Unknown,"the highest as 57%, following prices of"
weekly_20_2025_Eng.txt,rice,Unknown,"However, price of green beans has"
weekly_20_2025_Eng.txt,rice,Unknown,and price of knol -khol and raddish
weekly_20_2025_Eng.txt,rice,Decrease,"decreased slightly. Further, price of tomato"
weekly_20_2025_Eng.txt,rice,Unknown,"demand, and price of capsicum has"
weekly_20_2025_Eng.txt,vegetable,Unknown,"Considering low -country vegetables, all"
weekly_20_2025_Eng.txt,rice,Unknown,the vegetable varieties experienced price
weekly_20_2025_Eng.txt,rice,Decrease,"decrease. Particularly, price of long beans"
weekly_20_2025_Eng.txt,rice,Decrease,has decreased by 40% with decreased price
weekly_20_2025_Eng.txt,rice,Unknown,"of sufficient stocks , prices of drumsticks,"
weekly_20_2025_Eng.txt,rice,Unknown,Prices of luffa and snake gourd have
weekly_20_2025_Eng.txt,rice,Unknown,"area. Prices of pumpkin, bitter gourd and"
weekly_20_2025_Eng.txt,rice,Decrease,"area, price of green chilies has decreased"
weekly_20_2025_Eng.txt,rice,Increase,"vegetable prices have increased, with"
weekly_20_2025_Eng.txt,rice,Unknown,Retail prices of most of the vegetable
weekly_20_2025_Eng.txt,rice,Unknown,"country vegetables, the highest price"
weekly_20_2025_Eng.txt,rice,Unknown,"Rs.160 .00/kg. However, the price of"
weekly_20_2025_Eng.txt,vegetable,Unknown,Considering the low -country vegetable
weekly_20_2025_Eng.txt,rice,Decrease,"varieties, the highest price decrease was"
weekly_20_2025_Eng.txt,rice,Unknown,Price increments of lime and green chilies
weekly_20_2025_Eng.txt,rice,Unknown,"year, prices of most varieties have"
weekly_20_2025_Eng.txt,rice,Increase,"increased, while a notable price increment"
weekly_20_2025_Eng.txt,coconut,Unknown,Coconut
weekly_20_2025_Eng.txt,rice,Unknown,Prices of both large and small nuts have
weekly_20_2025_Eng.txt,rice,Decrease,decreased by 1%. Price ranges were
weekly_20_2025_Eng.txt,rice,Unknown,the current wholesale prices of large and
weekly_20_2025_Eng.txt,rice,Unknown,Prices of large and small nuts showed a
weekly_20_2025_Eng.txt,rice,Unknown,price drop of Rs.10.00/nut and Rs.2.00/nut
weekly_20_2025_Eng.txt,rice,Unknown,respectively. Price ranges were Rs.195.00
weekly_20_2025_Eng.txt,rice,Unknown,"same period last year, prices of large nuts"
weekly_20_2025_Eng.txt,fruit,Unknown,Fruits
weekly_20_2025_Eng.txt,rice,Unknown,Prices of most of the fruit varieties have
weekly_20_2025_Eng.txt,rice,Decrease,weather. The highest price decrease was
weekly_20_2025_Eng.txt,rice,Unknown,34%. Prices of wood apple and king
weekly_20_2025_Eng.txt,coconut,Decrease,coconut have decreased by 15% and 11%
weekly_20_2025_Eng.txt,rice,Unknown,respectively due to low demand. The price
weekly_20_2025_Eng.txt,rice,Increase,"apple prices increased by  24%, and 19%"
weekly_20_2025_Eng.txt,rice,Unknown,Wholesale prices for the most of fruits have
weekly_20_2025_Eng.txt,rice,Unknown,"prices, retail prices of most of the fruits"
weekly_20_2025_Eng.txt,rice,Decrease,have also decreased. The highest price
weekly_20_2025_Eng.txt,fruit,Decrease,decrease of Rs.100.00/fruit was reported
weekly_20_2025_Eng.txt,rice,Unknown,for mango -karthakolomban. The price of
weekly_20_2025_Eng.txt,coconut,Decrease,king-coconut has decreased by Rs.
weekly_20_2025_Eng.txt,rice,Unknown,"10.00/fruit. In addition, price of papaw,"
weekly_20_2025_Eng.txt,fruit,Unknown,"40.00/fruit, 37.00/fruit and 20.00/kg"
weekly_20_2025_Eng.txt,rice,Decrease,the highest price decrease of 59% was
weekly_20_2025_Eng.txt,fish,Unknown,Fresh Fish
weekly_20_2025_Eng.txt,rice,Unknown,"The prices of fish varieties except for,"
weekly_20_2025_Eng.txt,rice,Increase,price increase was recorded for thora by
weekly_20_2025_Eng.txt,rice,Decrease,23%. The highest price decrease was
weekly_20_2025_Eng.txt,rice,Unknown,recorded for shrimps by 11%. Price
weekly_20_2025_Eng.txt,rice,Decrease,the highest price decrease was recorded for
weekly_20_2025_Eng.txt,rice,Increase,shrimps by 7%. The highest price increase
weekly_20_2025_Eng.txt,rice,Unknown,The prices of fish varieties except  for
weekly_20_2025_Eng.txt,rice,Increase,highest price increase was recorded for
weekly_20_2025_Eng.txt,rice,Increase,price increase was recorded for kelawalla
weekly_20_2025_Eng.txt,rice,Increase,by Rs.259.00/kg. Price increase of
weekly_20_2025_Eng.txt,rice,Decrease,respectively. Price decrease of balaya has
weekly_20_2025_Eng.txt,rice,Unknown,the prices of other fish varieties except
weekly_20_2025_Eng.txt,rice,Increase,salaya have increased and the highest price
weekly_20_2025_Eng.txt,fish,Unknown,Dried Fish
weekly_20_2025_Eng.txt,rice,Unknown,Prices of most of the dried fish types have
weekly_20_2025_Eng.txt,fish,Increase,increased due to drop in  local dried fish
weekly_20_2025_Eng.txt,rice,Increase,supply. The highest price increase was
weekly_20_2025_Eng.txt,rice,Increase,highest price increase was recorded for
weekly_20_2025_Eng.txt,fish,Unknown,other dry fish varieties except imported
weekly_20_2025_Eng.txt,rice,Increase,sprats have increased and the highest price
weekly_20_2025_Eng.txt,rice,Unknown,The prices of dry fish varieties except  for
weekly_20_2025_Eng.txt,rice,Increase,price increase was recorded for maduwa by
weekly_20_2025_Eng.txt,rice,Unknown,Rs.129.00/kg. The second highest price
weekly_20_2025_Eng.txt,rice,Increase,Rs.56.00/kg. Price increase of kattawa and
weekly_20_2025_Eng.txt,rice,Unknown,and Rs.18.00/kg respectively. Price
weekly_20_2025_Eng.txt,rice,Unknown,the prices of other fish varieties except
weekly_20_2025_Eng.txt,rice,Increase,and the highest price increase was recorded
weekly_20_2025_Eng.txt,egg,Unknown,Eggs
weekly_20_2025_Eng.txt,rice,Unknown,The prices of both brown and white egg
weekly_20_2025_Eng.txt,rice,Unknown,price range of a white egg has recorded    as
weekly_20_2025_Eng.txt,rice,Unknown,Rs.22.00-28.00 and the price range of a
weekly_20_2025_Eng.txt,egg,Unknown,brown egg ha s recorded as Rs.29.00 -
weekly_20_2025_Eng.txt,rice,Unknown,prices of both brown and white eggs have
weekly_20_2025_Eng.txt,rice,Unknown,The prices of both brown and white egg
weekly_20_2025_Eng.txt,rice,Unknown,price range of a white egg has recorded as
weekly_20_2025_Eng.txt,rice,Unknown,Rs.25.00-Rs.31.00 and the price range of a
weekly_20_2025_Eng.txt,egg,Unknown,brown egg has recorded as Rs.27.00-33.00.
weekly_20_2025_Eng.txt,rice,Unknown,The average price of white and brown egg
weekly_20_2025_Eng.txt,rice,Decrease,prices of both egg varieties have decreased
weekly_20_2025_Eng.txt,rice,Unknown,The price of beef has remained unchanged
weekly_20_2025_Eng.txt,rice,Increase,and price increase of broiler and curry
weekly_20_2025_Eng.txt,chicken,Unknown,chicken have recorded as Rs.23.00/kg and
weekly_20_2025_Eng.txt,rice,Increase,Rs.32.00/kg respectively. Price increase of
weekly_20_2025_Eng.txt,rice,Decrease,"However, Price decrease of mutton has"
weekly_20_2025_Eng.txt,rice,Unknown,the price of other meat types except for
weekly_20_2025_Eng.txt,chicken,Increase,broiler and curry chicken have increased.
weekly_20_2025_Eng.txt,rice,Increase,The highest price increase was recorded for
weekly_20_2025_Eng.txt,rice,Unknown,to wholesale and retail prices of selected
weekly_20_2025_Eng.txt,rice,Unknown,"as prevailing prices, price ranges, averages,"
weekly_20_2025_Eng.txt,rice,Unknown,and a comparison of weekly prices. The
weekly_20_2025_Eng.txt,rice,Unknown,changes in prices reported are always with
weekly_20_2025_Eng.txt,rice,Unknown,price prevailed during the previous week
weekly_20_2025_Eng.txt,rice,Unknown,"price information is twice a week ( i.e.,"
weekly_20_2025_Eng.txt,rice,Unknown,"prices, it is thrice a week ( i.e., Friday,"
weekly_20_2025_Eng.txt,rice,Unknown,Rice VarietiesLOCATIONS
weekly_20_2025_Eng.txt,rice,Unknown,Table 01: Selected Markets:Wholesale Price of Rice (Rs/50kg bag)
weekly_20_2025_Eng.txt,rice,Unknown,Table 02: Selected Markets: Retail Price of Rice (Rs/kg)
weekly_20_2025_Eng.txt,rice,Unknown,LOCATIONS Rice Varieties
weekly_20_2025_Eng.txt,dhal,Unknown,Cowpea Red Dhal
weekly_20_2025_Eng.txt,rice,Unknown,Table 04: Selected Markets:Wholesale Price of Subsidiary Food (Rs/50kg)
weekly_20_2025_Eng.txt,onion,Unknown,Dried Chillies Red Onion Big Onion PotatoLOCATION Imported Imported Local Imported Welimada
weekly_20_2025_Eng.txt,rice,Unknown,Table 05: Selected Markets: Retail Price of Subsidiary Food Crops (Rs/kg)
weekly_20_2025_Eng.txt,onion,Unknown,Dried Chillies Red Onion Big Onion Potato Pulses
weekly_20_2025_Eng.txt,dhal,Unknown,Green Gram Cowpea Red Dhal
weekly_20_2025_Eng.txt,rice,Unknown,Table 06: Selected Markets: Wholesale Price of Vegetables(Rs/kg)
weekly_20_2025_Eng.txt,potato,Unknown,ManiocLong Beans Ash Plantain Green Chillies Lime Sweet Potatoe
weekly_20_2025_Eng.txt,rice,Unknown,"Colombo, Meegoda, Norochchole, Jaffna,Dambulla and Kandy - Gotukola Price Rs/Kg"
weekly_20_2025_Eng.txt,vegetable,Unknown,Leafy Vegetables (Rs/bundle)
weekly_20_2025_Eng.txt,coconut,Unknown,Coconut (Rs/nut)
weekly_20_2025_Eng.txt,rice,Unknown,Table 07: Selected Markets: Retail Price of Vegetables (Rs/kg)
weekly_20_2025_Eng.txt,potato,Unknown,Sweet Potato Large Small
weekly_20_2025_Eng.txt,vegetable,Unknown,Low Country Varieties Leafy Vegetable Coconut (Rs/nut)
weekly_20_2025_Eng.txt,rice,Unknown,Table 08: Selected Markets: Retail Price of Fruits (Rs/each & Rs/kg)
weekly_20_2025_Eng.txt,fruit,Unknown,Mango Other Fruits
weekly_20_2025_Eng.txt,coconut,Unknown,Passion Avocado Slime Apple Grapes (Rs/kg) King CoconutWood Apple Orange
weekly_20_2025_Eng.txt,fish,Unknown,Local Dried Fish Imported Dried Fish
weekly_20_2025_Eng.txt,fish,Unknown,Imported Dried Fish
weekly_20_2025_Eng.txt,fish,Unknown,Local Dried Fish
weekly_20_2025_Eng.txt,rice,Unknown,Table 10: Selected Markets: Wholesale Price of Dried Fish (Rs/50kg)
weekly_20_2025_Eng.txt,fish,Unknown,Sea Fish Eggs
weekly_20_2025_Eng.txt,rice,Unknown,Table 09: Selected Markets: Wholesale Price of Fresh Fish & Eggs (Rs/kg & Rs/egg)
weekly_20_2025_Eng.txt,fish,Unknown,Sea Fish
weekly_20_2025_Eng.txt,rice,Unknown,Table 11: Selected Markets: Retail Price of Fresh Fish & Eggs (Rs/kg & Rs/eggs)
weekly_20_2025_Eng.txt,fish,Unknown,Sea Fish Eggs
weekly_20_2025_Eng.txt,rice,Unknown,Table 12: Selected Markets: Retail Price of Dried Fish (Rs/kg)
weekly_20_2025_Eng.txt,fish,Unknown,Dried FishLOCATIONS Sprats-Imported Kattawa Thora Mora Balaya
weekly_20_2025_Eng.txt,rice,Unknown,Table 13: Selected Markets: Retail Price of Meat (Rs/kg)
weekly_20_2025_Eng.txt,chicken,Unknown,Meat Meat (Chicken) Meat
weekly_20_2025_Eng.txt,rice,Unknown,Rice Coconut
weekly_20_2025_Eng.txt,fruit,Unknown,Keeri Samba 270.00 − 300.00 286.00 269.17 311.50 6.25 -8.19 Fruits (Rs/fruit)
weekly_20_2025_Eng.txt,fruit,Unknown,Raw (Red) − Passion Fruit 25.00 − 40.00 33.75 34.44 59.44 -2.02 -43.22
weekly_20_2025_Eng.txt,onion,Unknown,Onion Mango
weekly_20_2025_Eng.txt,onion,Unknown,Big Onion Kohu −
weekly_20_2025_Eng.txt,potato,Unknown,Potato Orange 70.00 − 90.00 84.00 67.78 88.75 23.93 -5.35
weekly_20_2025_Eng.txt,coconut,Unknown,Pulses King Coconut 100.00 − 160.00 138.00 155.00 156.67 -10.97 -11.91
weekly_20_2025_Eng.txt,fish,Unknown,Cowpea (White) 550.00 − 700.00 625.00 684.00 771.43 -8.63 -18.98 Sea Fish
weekly_20_2025_Eng.txt,dhal,Unknown,Red Dhal 250.00 − 255.00 252.50 255.00 278.89 -0.98 -9.46 Hurulla 1000.00 − 1200.00 1112.50 1058.33 790.83 5.12 40.67
weekly_20_2025_Eng.txt,vegetable,Unknown,Vegetable Balaya 1000.00 − 1500.00 1243.75 1158.33 910.00 7.37 36.68
weekly_20_2025_Eng.txt,egg,Unknown,Raddish 100.00 − 150.00 127.00 129.00 91.00 -1.55 39.56 Eggs
weekly_20_2025_Eng.txt,fish,Unknown,Ladies Fingers 100.00 − 250.00 178.00 237.00 113.00 -24.89 57.52 Dried Fish
weekly_20_2025_Eng.txt,potato,Unknown,Sweet Potato 200.00 − 250.00 222.00 228.00 138.00 -2.63 60.87 Maduwa (Imported) −
weekly_20_2025_Eng.txt,vegetable,Unknown,Leafy Vegetable Koduwa (Imported) −
weekly_20_2025_Eng.txt,rice,Unknown,Table 14: Colombo: Wholesale Prices (Rs/kg or Rs/piece)
weekly_20_2025_Eng.txt,rice,Unknown,Average Price Change Compared to
weekly_20_2025_Eng.txt,rice,Unknown,Average Price
weekly_20_2025_Eng.txt,rice,Unknown,Rice Coconut
weekly_20_2025_Eng.txt,fruit,Unknown,Keeri Samba 280.00 − 320.00 294.55 272.31 364.76 22.24 -19.25 Fruits (Rs/fruit)
weekly_20_2025_Eng.txt,fruit,Unknown,Raw (Red) − Passion Fruit 40.00 − 80.00 59.46 60.00 87.63 -0.54 -32.15
weekly_20_2025_Eng.txt,onion,Unknown,Onion Mango
weekly_20_2025_Eng.txt,onion,Unknown,Big Onion Kohu −
weekly_20_2025_Eng.txt,potato,Unknown,Potato Orange 100.00 − 160.00 127.50 90.30 122.00 37.20 4.51
weekly_20_2025_Eng.txt,coconut,Unknown,Pulses King Coconut 160.00 − 250.00 195.38 205.45 213.50 -10.07 -8.48
weekly_20_2025_Eng.txt,fish,Unknown,Cowpea (White) 700.00 − 1000.00 827.33 850.00 1032.61 -22.67 -19.88 Sea Fish
weekly_20_2025_Eng.txt,dhal,Unknown,Red Dhal 270.00 − 320.00 286.50 295.53 328.26 -9.03 -12.72 Hurulla 1300.00 − 1300.00 1300.00 1288.75 1029.29 11.25 26.30
weekly_20_2025_Eng.txt,vegetable,Unknown,Vegetable Balaya 1300.00 − 1350.00 1325.00 1456.25 1224.17 -131.25 8.24
weekly_20_2025_Eng.txt,egg,Unknown,Raddish 160.00 − 400.00 296.09 266.00 229.29 30.09 29.13 Eggs
weekly_20_2025_Eng.txt,fish,Unknown,Ladies Fingers 230.00 − 480.00 371.25 380.00 255.33 -8.75 45.40 Dried Fish
weekly_20_2025_Eng.txt,chicken,Unknown,Root Crops Chicken (Broiler) 1100.00 − 1230.00 1180.00 1157.00 1205.83 23.00 -2.14
weekly_20_2025_Eng.txt,potato,Unknown,Sweet Potato 240.00 − 400.00 328.95 331.00 285.15 -2.05 15.36 Chicken (Curry) 900.00 − 1280.00 1107.00 1075.00 1214.29 32.00 -8.84
weekly_20_2025_Eng.txt,vegetable,Unknown,Leafy Vegetable Pork 1600.00 − 2200.00 1850.00 1700.00 1300.00 150.00 42.31
weekly_20_2025_Eng.txt,rice,Unknown,Table 15: Colombo &Suburbs: Retail Prices (Rs/kg or Rs/piece)
weekly_20_2025_Eng.txt,rice,Unknown,Average Price Change Compared to
weekly_20_2025_Eng.txt,rice,Unknown,Average Price Change Compared to
weekly_20_2025_Eng.txt,vegetable,Unknown,Paddy Vegetable (Up Country) Snake Gourd
weekly_20_2025_Eng.txt,onion,Unknown,Red Onion Badulla 220.00 − 270.00 246.67 Long Beans
weekly_20_2025_Eng.txt,onion,Unknown,Big Onion Welimada 480.00 − 530.00 504.00 Embilipitiya 170.00 − 180.00 175.00
weekly_20_2025_Eng.txt,potato,Unknown,Potato Hambantota −
weekly_20_2025_Eng.txt,vegetable,Unknown,N'Eliya 250.00 − 260.00 254.00 Vegetable (Low Country) Embilipitiya 40.00 − 60.00 52.50
weekly_20_2025_Eng.txt,fruit,Unknown,Moneragala 580.00 − 600.00 592.00 Brinjal Fruits (Rs/kg)
weekly_20_2025_Eng.txt,rice,Unknown,Table 16: Farmgate/Producer Prices of Food Commodities in Selected Producing Areas (Rs/kg)
weekly_20_2025_Eng.txt,rice,Unknown,PriceCOMMODITY Range Average
weekly_20_2025_Eng.txt,rice,Unknown,Price COMMODITY Range Average
weekly_20_2025_Eng.txt,rice,Unknown,Price COMMODITY
weekly_20_2025_Eng.txt,rice,Unknown,Rice
weekly_20_2025_Eng.txt,onion,Unknown,Red Onion
weekly_20_2025_Eng.txt,onion,Unknown,Big Onion
weekly_20_2025_Eng.txt,potato,Unknown,Potato
weekly_20_2025_Eng.txt,dhal,Unknown,Red Dhal 270.00 − 280.00 280.00 − 290.00 280.00 − 290.00 290.00 − 320.00 280.00 − 290.00 290.00 − 290.00 280.00 − 280.00 270.00 − 270.00 280.00 − 280.00
weekly_20_2025_Eng.txt,rice,Unknown,Annex 01 - Colombo Markets: Retail Prices of Rice and Subsidiary Food Crops (Rs/kg) Week 20: 16 - 22 May 2025
weekly_20_2025_Eng.txt,vegetable,Unknown,Vegetable
weekly_20_2025_Eng.txt,potato,Unknown,Sweet Potato 240.00 − 280.00 320.00 − 360.00 360.00 − 400.00 400.00 − 400.00 340.00 − 360.00 − 280.00 − 300.00 400.00 − 400.00 320.00 − 340.00
weekly_20_2025_Eng.txt,vegetable,Unknown,Leafy Vegetable
weekly_20_2025_Eng.txt,coconut,Unknown,Coconut
weekly_20_2025_Eng.txt,rice,Unknown,Annex 02 - Colombo Markets: Retail Prices of Vegetables (Rs/kg) and Coconut (Rs/nut)
weekly_20_2025_Eng.txt,fruit,Unknown,Other Fruits
weekly_20_2025_Eng.txt,coconut,Unknown,King Coconut 170.00 − 180.00 200.00 − 200.00 200.00 − 250.00 200.00 − 200.00 180.00 − 200.00 240.00 − 240.00 180.00 − 180.00 180.00 − 200.00 160.00 − 160.00
weekly_20_2025_Eng.txt,rice,Unknown,Annex 03 - Colombo Markets: Retail Prices of Fruits (Rs/fruit)
weekly_20_2025_Eng.txt,fish,Unknown,Sea Fish
weekly_20_2025_Eng.txt,egg,Unknown,30 Eggs (Rs/egg)
weekly_20_2025_Eng.txt,fish,Unknown,Dried Fish
weekly_20_2025_Eng.txt,chicken,Unknown,Chicken (Broiler) 1120.00 − 1120.00 1230.00 − 1230.00 1220.00 − 1220.00 1180.00 − 1180.00 1180.00 − 1180.00 1150.00 − 1150.00 1100.00 − 1100.00 1180.00 − 1200.00 1200.00 − 1200.00
weekly_20_2025_Eng.txt,chicken,Unknown,Chicken (Curry) 1000.00 − 1000.00 1100.00 − 1100.00 1220.00 − 1220.00 1280.00 − 1280.00 1000.00 − 1000.00 900.00 − 900.00 950.00 − 950.00 1200.00 − 1200.00 1200.00 − 1200.00
weekly_20_2025_Eng.txt,rice,Unknown,Annex 04 - Colombo Markets: Retail Prices of Sea Fish and Dried Fish (Rs/kg)
weekly_20_2025_Eng.txt,rice,Unknown,Rice - (white Kekulu - normal ) 361 9.88 1.52 - 0.03 0.09 10.67 - 6.94 26.29 1.22 1.5
weekly_20_2025_Eng.txt,rice,Unknown,Rice - (white Kekulu Samba) 355 8.81 1.53 - 0.03 0.09 8.11 - 9.82 30.48 0.92 1.7
weekly_20_2025_Eng.txt,rice,Unknown,Rice - ( Red Kekulu - normal ) 366 8.64 2.12 - 0.05 0.1 8.39 - 4.73 31.7 0.88 1.84
weekly_20_2025_Eng.txt,rice,Unknown,Rice -Samba 369 6.86 2.45 - 0.05 0.13 12.79 - 8.71 37.26 1.18 1.49
weekly_20_2025_Eng.txt,rice,Unknown,Rice - Nadu White 366 7.76 1.48 - 0.03 0.12 9.35 - 4.57 20.1 0.64 1.61
weekly_20_2025_Eng.txt,onion,Unknown,Onion
weekly_20_2025_Eng.txt,onion,Unknown,Big onions 48 1.67 0.24 0.16 0.01 0.1 32.99 7.58 14.82 16.94 0.45 0.25
weekly_20_2025_Eng.txt,onion,Unknown,Red onions 55 2.13 0.15 0.18 0.02 0.13 30.15 14.26 20.37 19.32 0.31 0.28
weekly_20_2025_Eng.txt,potato,Unknown,Potatoes 71 1.67 0.25 0.01 0.09 14.31 20.5 9.83 23.84 0.46 0.29
weekly_20_2025_Eng.txt,dhal,Unknown,Red Dhal 319 23.09 0.77 1.06 1.6 0.22 55 NA 41.27 66.63 7.45 3.34
weekly_20_2025_Eng.txt,vegetable,Unknown,Vegetables
weekly_20_2025_Eng.txt,rice,Unknown,Rice
weekly_20_2025_Eng.txt,egg,Unknown,Brinjal (Chinese eggplant) 24 1.28 0.33 16.83 0.12 0.11 32.94 3.37 14.4 21.18 0.28 0.16
weekly_20_2025_Eng.txt,egg,Unknown,Thalana batu (Thai eggplant) 21 1.45 0.26 18.33 0.11 0.09 31.18 2.71 17.24 37.22 0.37 0.24
weekly_20_2025_Eng.txt,coconut,Unknown,Coconuts nuts 390 3.67 39.92 - 0.05 0.11 14.86 -
weekly_20_2025_Eng.txt,potato,Unknown,Sweet potato 108 1.27 0.33 NA 0.04 0.09 14.44 22.2 28.93 21.05 0.51 0.14
weekly_20_2025_Eng.txt,vegetable,Unknown,Leafy Vegetables
weekly_20_2025_Eng.txt,onion,Unknown,Onion leaves 27 2.01 0.26 NA 0.04 0.18 56.8 23.38 35.21 74.95 3.15 0.77
weekly_20_2025_Eng.txt,fruit,Unknown,Jackfruit pods 25 2.14 0.34 NA 0.03 0.04 30.7 24.77 37.32 26.08 0.3 0.17
weekly_20_2025_Eng.txt,fruit,Unknown,Jackfruit seeds 77 5.66 0.44 NA 0.02 0.08 58.91 15.24 40.87 50.14 0.52 0.42
weekly_20_2025_Eng.txt,chicken,Unknown,Chicken 176 23.14 9.24 6.88 0.07 0.49 10.09 - 15.06 20.18 0.75 0.64
weekly_20_2025_Eng.txt,fish,Unknown,Fish
weekly_20_2025_Eng.txt,fish,Unknown,Cuttle fish 76 16.82 0.93 1.93 0.02 0.04 6.22 8.73 35.46 0.62 1.3
weekly_20_2025_Eng.txt,fish,Unknown,Dried Fish
weekly_20_2025_Eng.txt,egg,Unknown,Eggs
weekly_20_2025_Eng.txt,egg,Unknown,Hen eggs (Country) 170 13.14 13 208 0.08 0.18 54.6 50.14 11.04 1.64 1.12
weekly_20_2025_Eng.txt,egg,Unknown,Hen eggs (Table) 135 13.55 9.03 200 0.19 0.19 49.46 63.3 12 2.39 1.73
weekly_20_2025_Eng.txt,egg,Unknown,Quail eggs 153 12.39 11.46 153 0.11 0.17 54.86 60.67 11.21 2.55 1.51
weekly_20_2025_Eng.txt,fruit,Unknown,Fruits
weekly_20_2025_Eng.txt,rice,Unknown,Price Collecting Areas
weekly_11_2025_Eng.txt,vegetable,Unknown,Vegetables
weekly_11_2025_Eng.txt,fruit,Unknown,Fruits
weekly_11_2025_Eng.txt,fish,Unknown,Fish and Dried Fish
weekly_11_2025_Eng.txt,rice,Unknown,Rice
weekly_11_2025_Eng.txt,rice,Increase,Prices of most of the fruits have increased due to  in-
weekly_11_2025_Eng.txt,rice,Unknown,Prices of all most all the fresh fish and dry fish varieties
weekly_11_2025_Eng.txt,rice,Unknown,Prices of green gram and cowpea (Red and White) have
weekly_11_2025_Eng.txt,rice,Increase,Prices of most of the vegetables have increased with the
weekly_11_2025_Eng.txt,rice,Increase,highest price increases of Rs.133.00/kg for green beans.
weekly_11_2025_Eng.txt,rice,Unknown,Retail prices of all most all the local rice varieties have
weekly_11_2025_Eng.txt,rice,Unknown,prices of all the local rice varieties has surpassed the
weekly_11_2025_Eng.txt,rice,Unknown,maximum retail price.
weekly_11_2025_Eng.txt,rice,Unknown,Rice
weekly_11_2025_Eng.txt,rice,Unknown,"Prices of samba  grade I, samba grade II"
weekly_11_2025_Eng.txt,rice,Unknown,slightly by   2% and 1% an d price
weekly_11_2025_Eng.txt,rice,Unknown,Prices of all other local rice varieties have
weekly_11_2025_Eng.txt,rice,Unknown,Imported rice varieties was also available
weekly_11_2025_Eng.txt,rice,Unknown,prices
weekly_11_2025_Eng.txt,rice,Unknown,most of the rice varieties have seen price
weekly_11_2025_Eng.txt,rice,Increase,"increases, with  the highest price increase"
weekly_11_2025_Eng.txt,rice,Unknown,of 26% for raw red. Price of keeri samba
weekly_11_2025_Eng.txt,rice,Unknown,The retail prices of all types of rice
weekly_11_2025_Eng.txt,rice,Decrease,highest price decreased of Rs.10.00/kg was
weekly_11_2025_Eng.txt,rice,Increase,the highest price increase of 26% was
weekly_11_2025_Eng.txt,rice,Decrease,price decreased of 24% was recorded for
weekly_11_2025_Eng.txt,rice,Unknown,The average farm gate prices of major
weekly_11_2025_Eng.txt,rice,Unknown,farm gate price of keeri samba paddy has
weekly_11_2025_Eng.txt,rice,Decrease,Kalawewa areas while price has decreased
weekly_11_2025_Eng.txt,rice,Unknown,respectively. Farm gate price of keeri
weekly_11_2025_Eng.txt,rice,Unknown,145.00/kg. The average farm gate price of
weekly_11_2025_Eng.txt,rice,Unknown,Kurunegala and Nikeweratiya . Its prices
weekly_11_2025_Eng.txt,rice,Unknown,price ranged from Rs.110.00 -132.00/kg.
weekly_11_2025_Eng.txt,rice,Unknown,"Further, price for long grain red paddy has"
weekly_11_2025_Eng.txt,rice,Decrease,decreased by Rs.1.00 -6.00/kg and price
weekly_11_2025_Eng.txt,rice,Unknown,the average prices for all the major paddy
weekly_11_2025_Eng.txt,rice,Unknown,The price of imported dried chilies has not
weekly_11_2025_Eng.txt,rice,Increase,increased significantly and  price ranged
weekly_11_2025_Eng.txt,rice,Unknown,current wholesale price of imported dried
weekly_11_2025_Eng.txt,rice,Unknown,The retail price of imported dried chili es
weekly_11_2025_Eng.txt,rice,Decrease,has decreased by Rs.6.00/kg and price
weekly_11_2025_Eng.txt,rice,Unknown,the current retail price of imported dried
weekly_11_2025_Eng.txt,onion,Unknown,Onion
weekly_11_2025_Eng.txt,rice,Unknown,"Prices of sinnan, vedalan and imported red"
weekly_11_2025_Eng.txt,onion,Decrease,onion   have decreased in the range of 1%-
weekly_11_2025_Eng.txt,rice,Unknown,4%. Price of i mported big onion has
weekly_11_2025_Eng.txt,rice,Unknown,sufficient stocks and price ranged from
weekly_11_2025_Eng.txt,rice,Unknown,current whole sale price of vedalan and
weekly_11_2025_Eng.txt,onion,Decrease,imported red onion have decreased by
weekly_11_2025_Eng.txt,onion,Unknown,27% and 32% while imported big onion
weekly_11_2025_Eng.txt,rice,Unknown,The retail prices of imported big onion and
weekly_11_2025_Eng.txt,onion,Decrease,imported red onion have decreased by
weekly_11_2025_Eng.txt,rice,Unknown,the current retail price of imported big
weekly_11_2025_Eng.txt,onion,Decrease,onion has decreased by 73% and imported
weekly_11_2025_Eng.txt,onion,Increase,red onion has increased by 4%.
weekly_11_2025_Eng.txt,potato,Unknown,Potato
weekly_11_2025_Eng.txt,rice,Unknown,"The Price of Welimada, Nuwara Eliya and"
weekly_11_2025_Eng.txt,potato,Decrease,imported potatoe s have decreased in the
weekly_11_2025_Eng.txt,rice,Unknown,of sufficient stocks and price
weekly_11_2025_Eng.txt,rice,Unknown,current wholesale price  of all potato
weekly_11_2025_Eng.txt,rice,Unknown,The retail prices of all types of potatoes
weekly_11_2025_Eng.txt,rice,Decrease,price decreased of Rs.4.00/kg was recorded
weekly_11_2025_Eng.txt,potato,Unknown,for imported potato.
weekly_11_2025_Eng.txt,rice,Unknown,the current ret ail prices of all types of
weekly_11_2025_Eng.txt,potato,Increase,potatoes have increased with the highest
weekly_11_2025_Eng.txt,rice,Increase,price increase of 5% was recorded for
weekly_11_2025_Eng.txt,potato,Unknown,Nuwara Eliya potato.
weekly_11_2025_Eng.txt,rice,Unknown,Price of white cowpea and red cowpea
weekly_11_2025_Eng.txt,rice,Unknown,sufficient stocks  and price ranged
weekly_11_2025_Eng.txt,rice,Unknown,550.00/kg. Price of red dhal have not
weekly_11_2025_Eng.txt,rice,Increase,increased significantly and average price
weekly_11_2025_Eng.txt,rice,Unknown,current whole sale prices of all pulses
weekly_11_2025_Eng.txt,rice,Unknown,The retail prices of all types of pulses
weekly_11_2025_Eng.txt,dhal,Decrease,except for red dhal have decreased  with
weekly_11_2025_Eng.txt,rice,Unknown,notable price reduction of Rs.54. 00/kg for
weekly_11_2025_Eng.txt,rice,Unknown,the current retail prices of all types of
weekly_11_2025_Eng.txt,rice,Decrease,price decreased of 39% for green gram.
weekly_11_2025_Eng.txt,vegetable,Unknown,Vegetable
weekly_11_2025_Eng.txt,rice,Unknown,Prices of most of the vegetables have
weekly_11_2025_Eng.txt,rice,Unknown,Most of the upcountry vegetable prices
weekly_11_2025_Eng.txt,rice,Unknown,"Puttalam areas, following prices of green"
weekly_11_2025_Eng.txt,rice,Unknown,"However, price of carrot, leeks and"
weekly_11_2025_Eng.txt,rice,Unknown,"-19%. Further, the price of tomato has"
weekly_11_2025_Eng.txt,vegetable,Unknown,"Considering low-country vegetables, most"
weekly_11_2025_Eng.txt,vegetable,Unknown,of the vegetable varieties experienced
weekly_11_2025_Eng.txt,rice,Increase,"price increase. Particularly, price of"
weekly_11_2025_Eng.txt,rice,Unknown,"following prices of snake gourd, luffa and"
weekly_11_2025_Eng.txt,rice,Decrease,of 8%-27% with decreased supply. Prices
weekly_11_2025_Eng.txt,rice,Unknown,"However, price of cucumber, pumpkin"
weekly_11_2025_Eng.txt,rice,Unknown,"addition, price of green chilies has"
weekly_11_2025_Eng.txt,rice,Increase,increased by 29% while price of
weekly_11_2025_Eng.txt,rice,Increase,"most vegetable prices have increased,"
weekly_11_2025_Eng.txt,rice,Unknown,Retail prices of most of the vegetable
weekly_11_2025_Eng.txt,rice,Increase,"vegetables, the highest price increase was"
weekly_11_2025_Eng.txt,vegetable,Unknown,"Considering the low -country vegetables,"
weekly_11_2025_Eng.txt,rice,Unknown,luffa price showed a significant price
weekly_11_2025_Eng.txt,rice,Increase,gourd has a significant price increase of
weekly_11_2025_Eng.txt,rice,Decrease,Rs.64.00/kg. Capsicum prices decreased
weekly_11_2025_Eng.txt,rice,Decrease,/kg) showed a price decrease compared to
weekly_11_2025_Eng.txt,rice,Increase,last week but a 100% price increase
weekly_11_2025_Eng.txt,rice,Unknown,"last year, prices of most of th e varieties"
weekly_11_2025_Eng.txt,rice,Decrease,have decreased while a notable price drop
weekly_11_2025_Eng.txt,coconut,Unknown,Coconut
weekly_11_2025_Eng.txt,rice,Unknown,Prices of both large and small nuts
weekly_11_2025_Eng.txt,rice,Unknown,respectively. Price ranges were
weekly_11_2025_Eng.txt,rice,Unknown,the current wholesale prices of large and
weekly_11_2025_Eng.txt,rice,Unknown,Prices of large and small nuts showed a
weekly_11_2025_Eng.txt,rice,Unknown,"price drop of Rs.9.00/nut and Rs. 4.00/nut,"
weekly_11_2025_Eng.txt,rice,Unknown,respectively. Price ranges were Rs.190.00
weekly_11_2025_Eng.txt,rice,Unknown,prices of large nuts (76%) and small nuts
weekly_11_2025_Eng.txt,fruit,Unknown,Fruits
weekly_11_2025_Eng.txt,rice,Unknown,Wholesale prices of many fruits have
weekly_11_2025_Eng.txt,rice,Decrease,The highest price decrease was recorded
weekly_11_2025_Eng.txt,rice,Unknown,"for betti mangoes, at 38%.  Prices for"
weekly_11_2025_Eng.txt,fruit,Decrease,papaya and passion fruits have fallen by
weekly_11_2025_Eng.txt,rice,Unknown,"harvest season, prices for karthakolomban"
weekly_11_2025_Eng.txt,rice,Decrease,Prices for wood apple decreased by 13%
weekly_11_2025_Eng.txt,rice,Increase,"to increased demand, prices for slime"
weekly_11_2025_Eng.txt,rice,Unknown,Wholesale prices for the most of fruits
weekly_11_2025_Eng.txt,rice,Unknown,"prices, retail prices of most of the fruits"
weekly_11_2025_Eng.txt,rice,Decrease,have also decreased. The highest price
weekly_11_2025_Eng.txt,fruit,Decrease,decrease of Rs.72.00/fruit was
weekly_11_2025_Eng.txt,rice,Unknown,reported for ka rthakolomban.  The price
weekly_11_2025_Eng.txt,fruit,Unknown,Rs.44.00/fruit.
weekly_11_2025_Eng.txt,fruit,Unknown,"In addition, papaw, passion fruit, avocado,"
weekly_11_2025_Eng.txt,coconut,Decrease,king coconut has decreased by
weekly_11_2025_Eng.txt,fruit,Unknown,"Rs.43.00/kg,Rs.32.00/fruit, Rs.31.00/fruit,"
weekly_11_2025_Eng.txt,fruit,Unknown,"Rs.28.00/fruit, Rs.13.00/fruit and"
weekly_11_2025_Eng.txt,fruit,Unknown,"Rs.12.00/fruit respectively. However,"
weekly_11_2025_Eng.txt,rice,Increase,price of banana varieties have increased in
weekly_11_2025_Eng.txt,rice,Increase,the highest price increase of 76% and the
weekly_11_2025_Eng.txt,rice,Decrease,highest price decrease of 42% was
weekly_11_2025_Eng.txt,fish,Unknown,Fresh Fish
weekly_11_2025_Eng.txt,rice,Unknown,Wholesale prices of all the fresh fish types
weekly_11_2025_Eng.txt,rice,Increase,The highest price increase of 19% was
weekly_11_2025_Eng.txt,rice,Unknown,"prices of thora, kelawalla, balaya, hurulla"
weekly_11_2025_Eng.txt,rice,Unknown,respectively. prices of other fresh fish
weekly_11_2025_Eng.txt,rice,Unknown,current wholesale prices of most  of the
weekly_11_2025_Eng.txt,fish,Increase,fresh fish types have increased with the
weekly_11_2025_Eng.txt,rice,Increase,highest price increase of 109% was noted
weekly_11_2025_Eng.txt,rice,Unknown,The prices of other fish varieties except
weekly_11_2025_Eng.txt,rice,Increase,price increase was recorded for Shrimps
weekly_11_2025_Eng.txt,rice,Unknown,by Rs.176.00/kg. The second highest price
weekly_11_2025_Eng.txt,rice,Increase,Rs.155.00/kg. Price increase of paraw and
weekly_11_2025_Eng.txt,rice,Unknown,and Rs.91.00/kg respectively. Price
weekly_11_2025_Eng.txt,rice,Decrease,Rs.89.00/kg. Price decrease of hurulla has
weekly_11_2025_Eng.txt,fish,Unknown,other fish varieties except paraw and
weekly_11_2025_Eng.txt,rice,Increase,price increase was recorded for hurulla by
weekly_11_2025_Eng.txt,fish,Unknown,Dried Fish
weekly_11_2025_Eng.txt,rice,Unknown,Prices of most of the dried fish types have
weekly_11_2025_Eng.txt,rice,Increase,fish supply. A price increase of 9% was
weekly_11_2025_Eng.txt,rice,Decrease,"areas. However, a price decrease of 5 %"
weekly_11_2025_Eng.txt,rice,Unknown,Negombo areas. Prices of other dried fish
weekly_11_2025_Eng.txt,rice,Unknown,current wholesale prices of most of the
weekly_11_2025_Eng.txt,fish,Increase,dried fish types have increased and the
weekly_11_2025_Eng.txt,rice,Unknown,The prices of other dry fish varieties
weekly_11_2025_Eng.txt,rice,Increase,highest price increase was recorded for
weekly_11_2025_Eng.txt,rice,Increase,balaya by Rs.74.00/kg. Price increase of
weekly_11_2025_Eng.txt,rice,Decrease,Price decrease of local sprats has recorded
weekly_11_2025_Eng.txt,rice,Decrease,the highest price decrease was recorded
weekly_11_2025_Eng.txt,rice,Unknown,for local sprats by 22%. The highest price
weekly_11_2025_Eng.txt,egg,Unknown,Eggs
weekly_11_2025_Eng.txt,rice,Unknown,Prices of both brown and white eggs have
weekly_11_2025_Eng.txt,rice,Decrease,decreased by 1% and their prices ranged
weekly_11_2025_Eng.txt,egg,Unknown,Rs. 30.00-34.00/ egg and Rs.28.00 -31.00/
weekly_11_2025_Eng.txt,egg,Unknown,egg respectively.
weekly_11_2025_Eng.txt,rice,Unknown,prices of both brown and white eggs have
weekly_11_2025_Eng.txt,rice,Unknown,The prices of both brown and white egg
weekly_11_2025_Eng.txt,rice,Unknown,types have not changed and the price
weekly_11_2025_Eng.txt,egg,Unknown,range of a white egg has recorded as
weekly_11_2025_Eng.txt,rice,Unknown,Rs.29.00-Rs.33.00 and the price range of
weekly_11_2025_Eng.txt,egg,Unknown,a Brown egg has recorded as Rs.31.00 -
weekly_11_2025_Eng.txt,rice,Unknown,Rs.35.00. The average price of the white
weekly_11_2025_Eng.txt,egg,Unknown,and brown egg types has recorded as
weekly_11_2025_Eng.txt,rice,Unknown,the prices of both egg varieties have
weekly_11_2025_Eng.txt,rice,Unknown,The prices of other meat types except beef
weekly_11_2025_Eng.txt,rice,Increase,have increased and  the highest price
weekly_11_2025_Eng.txt,rice,Increase,Rs.113.00/kg. Price increase of broiler
weekly_11_2025_Eng.txt,chicken,Unknown,and curry chicken have recorded as
weekly_11_2025_Eng.txt,rice,Increase,Price increase of mutton has recorded as
weekly_11_2025_Eng.txt,chicken,Increase,chicken have increased and the highest
weekly_11_2025_Eng.txt,rice,Increase,price increase was recorded for beef by
weekly_11_2025_Eng.txt,rice,Unknown,relating to wholesale and retail prices of
weekly_11_2025_Eng.txt,rice,Unknown,"as prevailing prices, price ranges, averages,"
weekly_11_2025_Eng.txt,rice,Unknown,and a comparison of weekly prices. The
weekly_11_2025_Eng.txt,rice,Unknown,changes in prices reported are always with
weekly_11_2025_Eng.txt,rice,Unknown,price prevailed during the previous week
weekly_11_2025_Eng.txt,rice,Unknown,"price information is twice a week ( i.e.,"
weekly_11_2025_Eng.txt,rice,Unknown,"prices, it is thrice a week ( i.e., Friday,"
weekly_11_2025_Eng.txt,rice,Unknown,Rice VarietiesLOCATIONS
weekly_11_2025_Eng.txt,rice,Unknown,Table 01: Selected Markets:Wholesale Price of Rice (Rs/50kg bag)
weekly_11_2025_Eng.txt,rice,Unknown,Table 02: Selected Markets: Retail Price of Rice (Rs/kg)
weekly_11_2025_Eng.txt,rice,Unknown,LOCATIONS Rice Varieties
weekly_11_2025_Eng.txt,rice,Unknown,Table 04: Selected Markets:Wholesale Price of Subsidiary Food (Rs/50kg)
weekly_11_2025_Eng.txt,onion,Unknown,Dried Chillies Red Onion Big Onion PotatoLOCATION Imported Imported Local Imported Welimada
weekly_11_2025_Eng.txt,dhal,Unknown,Green Gram Cowpea Red Dhal
weekly_11_2025_Eng.txt,rice,Unknown,Table 05: Selected Markets: Retail Price of Subsidiary Food Crops (Rs/kg)
weekly_11_2025_Eng.txt,onion,Unknown,Dried Chillies Red Onion Big Onion Potato Pulses
weekly_11_2025_Eng.txt,dhal,Unknown,Green Gram Cowpea Red Dhal
weekly_11_2025_Eng.txt,rice,Unknown,Table 06: Selected Markets: Wholesale Price of Vegetables(Rs/kg)
weekly_11_2025_Eng.txt,potato,Unknown,ManiocLong Beans Ash Plantain Green Chillies Lime Sweet Potatoe
weekly_11_2025_Eng.txt,rice,Unknown,"Colombo, Meegoda, Norochchole, Jaffna,Dambulla and Kandy - Gotukola Price Rs/Kg"
weekly_11_2025_Eng.txt,vegetable,Unknown,Leafy Vegetables (Rs/bundle)
weekly_11_2025_Eng.txt,coconut,Unknown,Coconut (Rs/nut)
weekly_11_2025_Eng.txt,rice,Unknown,Table 07: Selected Markets: Retail Price of Vegetables (Rs/kg)
weekly_11_2025_Eng.txt,potato,Unknown,Sweet Potato Large Small
weekly_11_2025_Eng.txt,vegetable,Unknown,Low Country Varieties Leafy Vegetable Coconut (Rs/nut)
weekly_11_2025_Eng.txt,rice,Unknown,Table 08: Selected Markets: Retail Price of Fruits (Rs/each & Rs/kg)
weekly_11_2025_Eng.txt,fruit,Unknown,Mango Other Fruits
weekly_11_2025_Eng.txt,coconut,Unknown,Passion Avocado Slime Apple Grapes (Rs/kg) King CoconutWood Apple Orange
weekly_11_2025_Eng.txt,fish,Unknown,Local Dried Fish Imported Dried Fish
weekly_11_2025_Eng.txt,fish,Unknown,Imported Dried Fish
weekly_11_2025_Eng.txt,fish,Unknown,Local Dried Fish
weekly_11_2025_Eng.txt,rice,Unknown,Table 10: Selected Markets: Wholesale Price of Dried Fish (Rs/50kg)
weekly_11_2025_Eng.txt,fish,Unknown,Sea Fish Eggs
weekly_11_2025_Eng.txt,rice,Unknown,Table 09: Selected Markets: Wholesale Price of Fresh Fish & Eggs (Rs/kg & Rs/egg)
weekly_11_2025_Eng.txt,fish,Unknown,Sea Fish
weekly_11_2025_Eng.txt,rice,Unknown,Table 11: Selected Markets: Retail Price of Fresh Fish & Eggs (Rs/kg & Rs/eggs)
weekly_11_2025_Eng.txt,fish,Unknown,Sea Fish Eggs
weekly_11_2025_Eng.txt,rice,Unknown,Table 12: Selected Markets: Retail Price of Dried Fish (Rs/kg)
weekly_11_2025_Eng.txt,fish,Unknown,Dried FishLOCATIONS Sprats-Imported Kattawa Thora Mora Balaya
weekly_11_2025_Eng.txt,rice,Unknown,Table 13: Selected Markets: Retail Price of Meat (Rs/kg)
weekly_11_2025_Eng.txt,chicken,Unknown,Meat Meat (Chicken) Meat
weekly_11_2025_Eng.txt,rice,Unknown,Rice Coconut
weekly_11_2025_Eng.txt,fruit,Unknown,Keeri Samba 260.00 − 280.00 270.83 267.50 320.00 1.25 -15.36 Fruits (Rs/fruit)
weekly_11_2025_Eng.txt,fruit,Unknown,Raw (Red) − Passion Fruit 50.00 − 70.00 63.00 87.78 111.50 -28.23 -43.50
weekly_11_2025_Eng.txt,onion,Unknown,Onion Mango
weekly_11_2025_Eng.txt,onion,Unknown,Big Onion Kohu −
weekly_11_2025_Eng.txt,potato,Unknown,Potato Orange 40.00 − 50.00 44.44 41.88 35.00 6.14 26.98
weekly_11_2025_Eng.txt,coconut,Unknown,Pulses King Coconut 150.00 − 230.00 188.89 196.25 161.88 -3.75 16.69
weekly_11_2025_Eng.txt,fish,Unknown,Cowpea (White) 580.00 − 700.00 638.33 675.00 776.67 -5.43 -17.81 Sea Fish
weekly_11_2025_Eng.txt,dhal,Unknown,Red Dhal 255.00 − 265.00 261.00 259.67 288.33 0.51 -9.48 Hurulla 650.00 − 1100.00 856.67 740.00 410.00 15.77 108.94
weekly_11_2025_Eng.txt,vegetable,Unknown,Vegetable Balaya 800.00 − 1000.00 900.00 798.33 556.25 12.73 61.80
weekly_11_2025_Eng.txt,egg,Unknown,Raddish 80.00 − 140.00 103.00 107.00 67.00 -3.74 53.73 Eggs
weekly_11_2025_Eng.txt,fish,Unknown,Ladies Fingers 200.00 − 260.00 238.00 221.00 91.00 7.69 161.54 Dried Fish
weekly_11_2025_Eng.txt,potato,Unknown,Sweet Potato 130.00 − 180.00 156.00 143.00 125.00 9.09 24.80 Maduwa (Imported) −
weekly_11_2025_Eng.txt,vegetable,Unknown,Leafy Vegetable Koduwa (Imported) −
weekly_11_2025_Eng.txt,rice,Unknown,Table 14: Colombo: Wholesale Prices (Rs/kg or Rs/piece)
weekly_11_2025_Eng.txt,rice,Unknown,Average Price Change Compared to
weekly_11_2025_Eng.txt,rice,Unknown,Average Price
weekly_11_2025_Eng.txt,rice,Unknown,Rice Coconut
weekly_11_2025_Eng.txt,fruit,Unknown,Keeri Samba 260.00 − 320.00 283.24 293.45 372.92 -10.21 -24.05 Fruits (Rs/fruit)
weekly_11_2025_Eng.txt,fruit,Unknown,Raw (Red) − Passion Fruit 60.00 − 120.00 90.00 121.43 153.00 -31.43 -41.18
weekly_11_2025_Eng.txt,onion,Unknown,Onion Mango
weekly_11_2025_Eng.txt,onion,Unknown,Big Onion Kohu −
weekly_11_2025_Eng.txt,potato,Unknown,Potato Orange 60.00 − 120.00 97.89 94.39 71.25 3.51 37.40
weekly_11_2025_Eng.txt,coconut,Unknown,Pulses King Coconut 200.00 − 300.00 250.63 262.22 190.00 -11.60 31.91
weekly_11_2025_Eng.txt,fish,Unknown,Cowpea (White) 700.00 − 900.00 797.60 851.90 1186.36 -54.30 -32.77 Sea Fish
weekly_11_2025_Eng.txt,dhal,Unknown,Red Dhal 280.00 − 340.00 298.68 296.67 336.67 2.02 -11.28 Hurulla 800.00 − 1100.00 964.29 1024.17 767.14 -59.88 25.70
weekly_11_2025_Eng.txt,vegetable,Unknown,Vegetable Balaya 900.00 − 1000.00 941.67 871.43 792.22 70.24 18.86
weekly_11_2025_Eng.txt,egg,Unknown,Raddish 150.00 − 360.00 238.89 244.00 220.00 -5.11 8.59 Eggs
weekly_11_2025_Eng.txt,fish,Unknown,Ladies Fingers 280.00 − 420.00 360.69 328.00 261.72 32.69 37.81 Dried Fish
weekly_11_2025_Eng.txt,chicken,Unknown,Root Crops Chicken (Broiler) 1140.00 − 1320.00 1237.50 1223.33 1275.45 14.17 -2.98
weekly_11_2025_Eng.txt,potato,Unknown,Sweet Potato 200.00 − 340.00 273.10 266.30 278.82 6.81 -2.05 Chicken (Curry) 1100.00 − 1400.00 1218.18 1186.36 1328.18 31.82 -8.28
weekly_11_2025_Eng.txt,vegetable,Unknown,Leafy Vegetable Pork 1400.00 − 1600.00 1480.00 1366.67 1283.33 113.33 15.32
weekly_11_2025_Eng.txt,rice,Unknown,Table 15: Colombo &Suburbs: Retail Prices (Rs/kg or Rs/piece)
weekly_11_2025_Eng.txt,rice,Unknown,Average Price Change Compared to
weekly_11_2025_Eng.txt,rice,Unknown,Average Price Change Compared to
weekly_11_2025_Eng.txt,vegetable,Unknown,Paddy Vegetable (Up Country) Snake Gourd
weekly_11_2025_Eng.txt,onion,Unknown,Red Onion Badulla 210.00 − 235.00 218.75 Long Beans
weekly_11_2025_Eng.txt,onion,Unknown,Big Onion Welimada 200.00 − 220.00 210.00 Embilipitiya 250.00 − 270.00 260.00
weekly_11_2025_Eng.txt,potato,Unknown,Potato Hambantota −
weekly_11_2025_Eng.txt,vegetable,Unknown,N'Eliya 240.00 − 260.00 248.00 Vegetable (Low Country) Embilipitiya 90.00 − 110.00 100.00
weekly_11_2025_Eng.txt,fruit,Unknown,Moneragala 550.00 − 600.00 570.00 Brinjal Fruits (Rs/kg)
weekly_11_2025_Eng.txt,rice,Unknown,Table 16: Farmgate/Producer Prices of Food Commodities in Selected Producing Areas (Rs/kg)
weekly_11_2025_Eng.txt,rice,Unknown,PriceCOMMODITY Range Average
weekly_11_2025_Eng.txt,rice,Unknown,Price COMMODITY Range Average
weekly_11_2025_Eng.txt,rice,Unknown,Price COMMODITY
weekly_11_2025_Eng.txt,rice,Unknown,Rice
weekly_11_2025_Eng.txt,onion,Unknown,Red Onion
weekly_11_2025_Eng.txt,onion,Unknown,Big Onion
weekly_11_2025_Eng.txt,potato,Unknown,Potato
weekly_11_2025_Eng.txt,dhal,Unknown,Red Dhal 280.00 − 320.00 280.00 − 340.00 280.00 − 320.00 280.00 − 320.00 290.00 − 340.00 290.00 − 320.00 280.00 − 300.00 280.00 − 300.00 280.00 − 300.00
weekly_11_2025_Eng.txt,rice,Unknown,Annex 01 - Colombo Markets: Retail Prices of Rice and Subsidiary Food Crops (Rs/kg) Week 11: 14 - 20 Mar 2025
weekly_11_2025_Eng.txt,vegetable,Unknown,Vegetable
weekly_11_2025_Eng.txt,potato,Unknown,Sweet Potato 230.00 − 260.00 320.00 − 340.00 280.00 − 320.00 320.00 − 340.00 230.00 − 250.00 280.00 − 280.00 200.00 − 240.00 230.00 − 300.00 260.00 − 280.00
weekly_11_2025_Eng.txt,vegetable,Unknown,Leafy Vegetable
weekly_11_2025_Eng.txt,coconut,Unknown,Coconut
weekly_11_2025_Eng.txt,rice,Unknown,Annex 02 - Colombo Markets: Retail Prices of Vegetables (Rs/kg) and Coconut (Rs/nut)
weekly_11_2025_Eng.txt,fruit,Unknown,Other Fruits
weekly_11_2025_Eng.txt,coconut,Unknown,King Coconut 250.00 − 300.00 250.00 − 250.00 250.00 − 280.00 250.00 − 280.00 250.00 − 300.00 300.00 − 300.00 200.00 − 250.00 200.00 − 200.00 200.00 − 200.00
weekly_11_2025_Eng.txt,rice,Unknown,Annex 03 - Colombo Markets: Retail Prices of Fruits (Rs/fruit)
weekly_11_2025_Eng.txt,fish,Unknown,Sea Fish
weekly_11_2025_Eng.txt,egg,Unknown,30 Eggs (Rs/egg)
weekly_11_2025_Eng.txt,fish,Unknown,Dried Fish
weekly_11_2025_Eng.txt,chicken,Unknown,Chicken (Broiler) 1140.00 − 1140.00 1280.00 − 1280.00 1300.00 − 1300.00 1300.00 − 1320.00 1140.00 − 1140.00 1200.00 − 1200.00 1200.00 − 1200.00 1190.00 − 1200.00 1280.00 − 1280.00
weekly_11_2025_Eng.txt,chicken,Unknown,Chicken (Curry) 1100.00 − 1100.00 1200.00 − 1200.00 1200.00 − 1400.00 1350.00 − 1350.00 1100.00 − 1100.00 1100.00 − 1100.00 1200.00 − 1200.00 1200.00 − 1200.00 1200.00 − 1200.00
weekly_11_2025_Eng.txt,rice,Unknown,Annex 04 - Colombo Markets: Retail Prices of Sea Fish and Dried Fish (Rs/kg)
weekly_11_2025_Eng.txt,rice,Unknown,Rice - (white Kekulu - normal ) 361 9.88 1.52 - 0.03 0.09 10.67 - 6.94 26.29 1.22 1.5
weekly_11_2025_Eng.txt,rice,Unknown,Rice - (white Kekulu Samba) 355 8.81 1.53 - 0.03 0.09 8.11 - 9.82 30.48 0.92 1.7
weekly_11_2025_Eng.txt,rice,Unknown,Rice - ( Red Kekulu - normal ) 366 8.64 2.12 - 0.05 0.1 8.39 - 4.73 31.7 0.88 1.84
weekly_11_2025_Eng.txt,rice,Unknown,Rice -Samba 369 6.86 2.45 - 0.05 0.13 12.79 - 8.71 37.26 1.18 1.49
weekly_11_2025_Eng.txt,rice,Unknown,Rice - Nadu White 366 7.76 1.48 - 0.03 0.12 9.35 - 4.57 20.1 0.64 1.61
weekly_11_2025_Eng.txt,onion,Unknown,Onion
weekly_11_2025_Eng.txt,onion,Unknown,Big onions 48 1.67 0.24 0.16 0.01 0.1 32.99 7.58 14.82 16.94 0.45 0.25
weekly_11_2025_Eng.txt,onion,Unknown,Red onions 55 2.13 0.15 0.18 0.02 0.13 30.15 14.26 20.37 19.32 0.31 0.28
weekly_11_2025_Eng.txt,potato,Unknown,Potatoes 71 1.67 0.25 0.01 0.09 14.31 20.5 9.83 23.84 0.46 0.29
weekly_11_2025_Eng.txt,dhal,Unknown,Red Dhal 319 23.09 0.77 1.06 1.6 0.22 55 NA 41.27 66.63 7.45 3.34
weekly_11_2025_Eng.txt,vegetable,Unknown,Vegetables
weekly_11_2025_Eng.txt,rice,Unknown,Rice
weekly_11_2025_Eng.txt,egg,Unknown,Brinjal (Chinese eggplant) 24 1.28 0.33 16.83 0.12 0.11 32.94 3.37 14.4 21.18 0.28 0.16
weekly_11_2025_Eng.txt,egg,Unknown,Thalana batu (Thai eggplant) 21 1.45 0.26 18.33 0.11 0.09 31.18 2.71 17.24 37.22 0.37 0.24
weekly_11_2025_Eng.txt,coconut,Unknown,Coconuts nuts 390 3.67 39.92 - 0.05 0.11 14.86 -
weekly_11_2025_Eng.txt,potato,Unknown,Sweet potato 108 1.27 0.33 NA 0.04 0.09 14.44 22.2 28.93 21.05 0.51 0.14
weekly_11_2025_Eng.txt,vegetable,Unknown,Leafy Vegetables
weekly_11_2025_Eng.txt,onion,Unknown,Onion leaves 27 2.01 0.26 NA 0.04 0.18 56.8 23.38 35.21 74.95 3.15 0.77
weekly_11_2025_Eng.txt,fruit,Unknown,Jackfruit pods 25 2.14 0.34 NA 0.03 0.04 30.7 24.77 37.32 26.08 0.3 0.17
weekly_11_2025_Eng.txt,fruit,Unknown,Jackfruit seeds 77 5.66 0.44 NA 0.02 0.08 58.91 15.24 40.87 50.14 0.52 0.42
weekly_11_2025_Eng.txt,chicken,Unknown,Chicken 176 23.14 9.24 6.88 0.07 0.49 10.09 - 15.06 20.18 0.75 0.64
weekly_11_2025_Eng.txt,fish,Unknown,Fish
weekly_11_2025_Eng.txt,fish,Unknown,Cuttle fish 76 16.82 0.93 1.93 0.02 0.04 6.22 8.73 35.46 0.62 1.3
weekly_11_2025_Eng.txt,fish,Unknown,Dried Fish
weekly_11_2025_Eng.txt,egg,Unknown,Eggs
weekly_11_2025_Eng.txt,egg,Unknown,Hen eggs (Country) 170 13.14 13 208 0.08 0.18 54.6 50.14 11.04 1.64 1.12
weekly_11_2025_Eng.txt,egg,Unknown,Hen eggs (Table) 135 13.55 9.03 200 0.19 0.19 49.46 63.3 12 2.39 1.73
weekly_11_2025_Eng.txt,egg,Unknown,Quail eggs 153 12.39 11.46 153 0.11 0.17 54.86 60.67 11.21 2.55 1.51
weekly_11_2025_Eng.txt,fruit,Unknown,Fruits
weekly_11_2025_Eng.txt,rice,Unknown,Price Collecting Areas
weekly_04_2025_Eng.txt,vegetable,Unknown,Vegetables
weekly_04_2025_Eng.txt,coconut,Unknown,Coconut
weekly_04_2025_Eng.txt,rice,Unknown,Paddy/ Rice
weekly_04_2025_Eng.txt,rice,Unknown,The prices of both large and small coconuts have shown a
weekly_04_2025_Eng.txt,rice,Increase,slight increase of approximately Rs.8.00 per nut. Price ranges
weekly_04_2025_Eng.txt,rice,Increase,"Following the increase in wholesale prices last week, the"
weekly_04_2025_Eng.txt,rice,Increase,retail price of imported red onion has risen by Rs.19.00/kg.
weekly_04_2025_Eng.txt,rice,Unknown,"However, the retail price of imported big onion has"
weekly_04_2025_Eng.txt,rice,Decrease,decreased by Rs.13.00/kg. The price of Nuwara Eliya
weekly_04_2025_Eng.txt,potato,Increase,"potatoes has further increased by Rs.8.00/kg, ranging"
weekly_04_2025_Eng.txt,rice,Unknown,"between Rs.400.00-560.00/kg. Meanwhile, the prices of all"
weekly_04_2025_Eng.txt,rice,Unknown,Retail prices of both upcountry and low-country vegetable
weekly_04_2025_Eng.txt,rice,Unknown,"wholesale prices. Among upcountry varieties, the highest"
weekly_04_2025_Eng.txt,rice,Increase,"price increase was observed for beans at Rs.43.00/kg, while"
weekly_04_2025_Eng.txt,rice,Increase,"The retail prices of all domestic rice varieties have increased,"
weekly_04_2025_Eng.txt,rice,Increase,with a notable rise of Rs.18.00/kg for raw red rice.
weekly_04_2025_Eng.txt,rice,Unknown,"Meanwhile, the retail prices of all imported rice varieties"
weekly_04_2025_Eng.txt,rice,Decrease,"paddy prices decreased; short grain by Rs 1.00 -10.00/kg,"
weekly_04_2025_Eng.txt,rice,Unknown,Rice
weekly_04_2025_Eng.txt,rice,Unknown,"Price of nadu grade I, nadu grade II have"
weekly_04_2025_Eng.txt,rice,Unknown,and price ranged Rs.235.00-240.00/kg
weekly_04_2025_Eng.txt,rice,Unknown,"However, samba and raw red rice varieties"
weekly_04_2025_Eng.txt,rice,Unknown,"Meantime, imported rice varieties were"
weekly_04_2025_Eng.txt,rice,Unknown,average prices:
weekly_04_2025_Eng.txt,rice,Increase,"rice varieties should price increases, with"
weekly_04_2025_Eng.txt,rice,Decrease,price of keeri samba has decreased by 26%
weekly_04_2025_Eng.txt,rice,Unknown,The retail prices of all types of rice varieties
weekly_04_2025_Eng.txt,rice,Increase,except for imported rice have increased.
weekly_04_2025_Eng.txt,rice,Unknown,observed for raw red. The retail prices of all
weekly_04_2025_Eng.txt,rice,Unknown,types of imported rice varieties have
weekly_04_2025_Eng.txt,rice,Decrease,decreased and highest price decreased of
weekly_04_2025_Eng.txt,rice,Unknown,the current retail prices of most of the rice
weekly_04_2025_Eng.txt,rice,Increase,price increase of 55% was recorded for raw
weekly_04_2025_Eng.txt,rice,Unknown,The average farmgate prices for all the
weekly_04_2025_Eng.txt,rice,Unknown,"supplies. Accordingly, the price of short"
weekly_04_2025_Eng.txt,rice,Unknown,10.00/kg and prices ranged Rs.105.00 -
weekly_04_2025_Eng.txt,rice,Unknown,"135.00/kg. Further, price of keeri samba"
weekly_04_2025_Eng.txt,rice,Unknown,"141.00/kg price range. Subsequently, it"
weekly_04_2025_Eng.txt,rice,Decrease,was observed a price decline of Rs.5.00-
weekly_04_2025_Eng.txt,rice,Unknown,prices have ranged Rs.103.00-137.00/kg.
weekly_04_2025_Eng.txt,rice,Unknown,The average price of long grin (red) paddy
weekly_04_2025_Eng.txt,rice,Unknown,prices have ranged Rs.139.00-160.00/kg in
weekly_04_2025_Eng.txt,rice,Unknown,the average prices of major paddy varieties
weekly_04_2025_Eng.txt,rice,Increase,highest price increase was reported for
weekly_04_2025_Eng.txt,rice,Unknown,"However, it was reported 4%-24% price"
weekly_04_2025_Eng.txt,rice,Unknown,The price of imported dried chilies has
weekly_04_2025_Eng.txt,rice,Unknown,"sufficient stocks, and price ranged"
weekly_04_2025_Eng.txt,rice,Unknown,current whole sale price of imported dried
weekly_04_2025_Eng.txt,rice,Decrease,"In line with decreased wholesale prices, the"
weekly_04_2025_Eng.txt,rice,Unknown,retail price of imported dried chilies has
weekly_04_2025_Eng.txt,rice,Decrease,decreased by around Rs.1.00/kg and price
weekly_04_2025_Eng.txt,rice,Unknown,the current retail price of imported dried
weekly_04_2025_Eng.txt,onion,Unknown,Onion
weekly_04_2025_Eng.txt,rice,Decrease,Price of imported red onion has decreased
weekly_04_2025_Eng.txt,rice,Unknown,by 3% and price ranged Rs.450.00 -
weekly_04_2025_Eng.txt,onion,Unknown,500.00/kg. Sinnan red onion and vedalan
weekly_04_2025_Eng.txt,onion,Unknown,red onion were available at the
weekly_04_2025_Eng.txt,rice,Unknown,market and average prices
weekly_04_2025_Eng.txt,rice,Unknown,respectively.  Price of big onion has
weekly_04_2025_Eng.txt,rice,Unknown,and price ranged Rs.150.00-200.00/kg.
weekly_04_2025_Eng.txt,rice,Unknown,current whole sale price of imported red
weekly_04_2025_Eng.txt,onion,Increase,onion has increased by 64% while
weekly_04_2025_Eng.txt,onion,Decrease,imported big onion has decreased by 44%
weekly_04_2025_Eng.txt,rice,Increase,In line with increased wholesale prices in the
weekly_04_2025_Eng.txt,rice,Unknown,"last week, the retail price of imported red"
weekly_04_2025_Eng.txt,onion,Increase,onion has increased by Rs.19.00/kg.
weekly_04_2025_Eng.txt,rice,Unknown,"However, the retail price of imported red"
weekly_04_2025_Eng.txt,onion,Decrease,onion has decreased by Rs.13.00/kg.
weekly_04_2025_Eng.txt,rice,Unknown,the current retail price of imported red onion
weekly_04_2025_Eng.txt,onion,Decrease,onion has decreased by 41% respectively.
weekly_04_2025_Eng.txt,potato,Unknown,Potato
weekly_04_2025_Eng.txt,rice,Unknown,The Price of Nuwara Eliya potato has
weekly_04_2025_Eng.txt,rice,Unknown,sufficient stocks and price ranged
weekly_04_2025_Eng.txt,rice,Unknown,Rs.360.00-380.00/kg. Price of imported
weekly_04_2025_Eng.txt,potato,Increase,potato has increased by 10% due to
weekly_04_2025_Eng.txt,rice,Unknown,India and price ranged Rs.130.00 -
weekly_04_2025_Eng.txt,rice,Unknown,current wholesale price of potato has
weekly_04_2025_Eng.txt,potato,Increase,increased by 17% while imported potato
weekly_04_2025_Eng.txt,rice,Decrease,In line with decreased wholesale prices in
weekly_04_2025_Eng.txt,rice,Unknown,"the last week, the retail price of imported"
weekly_04_2025_Eng.txt,potato,Decrease,"potato has decreased by Rs.3.00/kg yet,"
weekly_04_2025_Eng.txt,rice,Unknown,retail price of Nuwara Eliya potato has
weekly_04_2025_Eng.txt,rice,Unknown,the current retail prices of all types of potato
weekly_04_2025_Eng.txt,rice,Increase,have increased with the highest price
weekly_04_2025_Eng.txt,potato,Unknown,potato.
weekly_04_2025_Eng.txt,rice,Unknown,"Prices of green gram, white cowpea and red"
weekly_04_2025_Eng.txt,rice,Unknown,stocks and price ranged Rs.550.00 -
weekly_04_2025_Eng.txt,rice,Unknown,Rs.500.00-600/kg. Price of red dhal has not
weekly_04_2025_Eng.txt,rice,Increase,increased significantly and average price
weekly_04_2025_Eng.txt,rice,Unknown,current whole sale prices of all pulses
weekly_04_2025_Eng.txt,rice,Unknown,The retail prices of all types of pulses have
weekly_04_2025_Eng.txt,rice,Increase,increased with the highest price increased of
weekly_04_2025_Eng.txt,rice,Unknown,the current retail prices of all types of pulses
weekly_04_2025_Eng.txt,vegetable,Unknown,Vegetable
weekly_04_2025_Eng.txt,rice,Unknown,Prices of most of the vegetables have
weekly_04_2025_Eng.txt,rice,Unknown,Most of the upcountry vegetable prices
weekly_04_2025_Eng.txt,rice,Unknown,"prices of raddish, carrot and leeks"
weekly_04_2025_Eng.txt,rice,Unknown,"However, prices of beetroot, knol-khol and"
weekly_04_2025_Eng.txt,rice,Unknown,"Further, prices of tomato and capsicum"
weekly_04_2025_Eng.txt,vegetable,Unknown,"Considering low-country vegetables, most"
weekly_04_2025_Eng.txt,vegetable,Unknown,of the vegetable varieties experienced a
weekly_04_2025_Eng.txt,rice,Increase,"price increase. Particularly, ladies fingers"
weekly_04_2025_Eng.txt,rice,Increase,(12%) prices have increased significantly.
weekly_04_2025_Eng.txt,rice,Unknown,Prices of brinjal and ash plantain have
weekly_04_2025_Eng.txt,rice,Decrease,"However, price of pumpkin has decreased"
weekly_04_2025_Eng.txt,rice,Unknown,"by 8%. In addition, price of green chilies"
weekly_04_2025_Eng.txt,rice,Decrease,has decreased by 15% while price of lime
weekly_04_2025_Eng.txt,rice,Decrease,"vegetable prices have decreased, with"
weekly_04_2025_Eng.txt,rice,Unknown,Retail prices of most of the vegetable
weekly_04_2025_Eng.txt,vegetable,Unknown,"wholesale trend. In up-country vegetables,"
weekly_04_2025_Eng.txt,rice,Increase,the highest price increase was reported for
weekly_04_2025_Eng.txt,vegetable,Unknown,"In low-country vegetable varieties,"
weekly_04_2025_Eng.txt,rice,Increase,capsicum prices significantly increased to
weekly_04_2025_Eng.txt,rice,Unknown,week. Snake gourd prices showed a
weekly_04_2025_Eng.txt,rice,Unknown,significant price increment of
weekly_04_2025_Eng.txt,rice,Unknown,notable price drop at Rs.78.00/kg. Green
weekly_04_2025_Eng.txt,rice,Decrease,price decrease compared to last week.
weekly_04_2025_Eng.txt,rice,Unknown,"year, prices of most varieties have"
weekly_04_2025_Eng.txt,rice,Decrease,"decreased, with a notable price drop of"
weekly_04_2025_Eng.txt,coconut,Unknown,Coconut
weekly_04_2025_Eng.txt,rice,Unknown,Prices of both large and small nuts
weekly_04_2025_Eng.txt,rice,Unknown,respectively. Price ranges were Rs.195.00-
weekly_04_2025_Eng.txt,rice,Unknown,the current wholesale prices of large and
weekly_04_2025_Eng.txt,rice,Unknown,Prices of both large and small nuts showed
weekly_04_2025_Eng.txt,rice,Unknown,Price ranges were Rs.200.00-230.00 for a
weekly_04_2025_Eng.txt,rice,Unknown,prices of large nuts (78%) and small nuts
weekly_04_2025_Eng.txt,fruit,Unknown,Fruits
weekly_04_2025_Eng.txt,rice,Decrease,Wholesale prices of many fruits have fallen
weekly_04_2025_Eng.txt,rice,Decrease,Local orange prices decreased by 31% with
weekly_04_2025_Eng.txt,sugar,Decrease,sugar bananas recorded a 14% decrease in
weekly_04_2025_Eng.txt,rice,Unknown,prices.
weekly_04_2025_Eng.txt,rice,Unknown,Prices of all sizes of pineapples have
weekly_04_2025_Eng.txt,rice,Decrease,"decreased, with the highest price decrease"
weekly_04_2025_Eng.txt,rice,Unknown,Wholesale prices for the most of fruits have
weekly_04_2025_Eng.txt,rice,Unknown,Retail price have followed the downward
weekly_04_2025_Eng.txt,rice,Unknown,trend of wholesale prices. Price of
weekly_04_2025_Eng.txt,rice,Unknown,"Among bananas, the most significant price"
weekly_04_2025_Eng.txt,rice,Unknown,"for kolikuttu banana.  However, price of"
weekly_04_2025_Eng.txt,fruit,Increase,"avocado increased by Rs.25.00/fruit,"
weekly_04_2025_Eng.txt,fruit,Unknown,Rs.13.00/fruit and Rs. 10.00/fruit
weekly_04_2025_Eng.txt,rice,Unknown,"Compared to last year, retail price for most"
weekly_04_2025_Eng.txt,fruit,Increase,of fruit varieties have increased with the
weekly_04_2025_Eng.txt,fish,Unknown,Fresh Fish
weekly_04_2025_Eng.txt,rice,Unknown,Wholesale prices of most of the fresh fish
weekly_04_2025_Eng.txt,rice,Increase,supply. A price increase of 17% was noted
weekly_04_2025_Eng.txt,rice,Decrease,"areas. However, the price decrease of 7%"
weekly_04_2025_Eng.txt,rice,Unknown,Kalpitiya and Negombo areas. Prices of
weekly_04_2025_Eng.txt,fish,Unknown,other fresh fish verities have not changed
weekly_04_2025_Eng.txt,rice,Unknown,current wholesale prices of all of the fresh
weekly_04_2025_Eng.txt,fish,Increase,fish types have increased with the highest
weekly_04_2025_Eng.txt,rice,Increase,price increase of 115% was noted for
weekly_04_2025_Eng.txt,rice,Unknown,The prices of other fish varieties except
weekly_04_2025_Eng.txt,rice,Increase,price increase was recorded for Shrimps by
weekly_04_2025_Eng.txt,rice,Unknown,Rs.115.00/kg. The second highest price
weekly_04_2025_Eng.txt,rice,Increase,Rs.59.00/kg. Price increase of balaya and
weekly_04_2025_Eng.txt,rice,Decrease,Rs.50.00/kg respectively. Price decrease of
weekly_04_2025_Eng.txt,rice,Unknown,the prices of other fish varieties except
weekly_04_2025_Eng.txt,rice,Increase,salaya have increased and the highest price
weekly_04_2025_Eng.txt,fish,Unknown,Dried Fish
weekly_04_2025_Eng.txt,rice,Unknown,Prices of most of the dried fish types have
weekly_04_2025_Eng.txt,fish,Decrease,decreased due to high of local dried fish
weekly_04_2025_Eng.txt,rice,Decrease,supply. A price decrease of 8% was noted
weekly_04_2025_Eng.txt,rice,Increase,"areas. However, a price increase of 5% was"
weekly_04_2025_Eng.txt,rice,Unknown,from Negombo and Beruwala areas. Prices
weekly_04_2025_Eng.txt,fish,Unknown,of other dried fish varieties have not
weekly_04_2025_Eng.txt,rice,Unknown,current wholesale prices of all of the dried
weekly_04_2025_Eng.txt,fish,Unknown,fish types except local salaya have
weekly_04_2025_Eng.txt,rice,Decrease,decreased and the highest price decrease of
weekly_04_2025_Eng.txt,rice,Unknown,The prices of other dry fish varieties except
weekly_04_2025_Eng.txt,rice,Decrease,highest price decrease was recorded for
weekly_04_2025_Eng.txt,rice,Unknown,imported sprats by Rs.104.00/kg. Price
weekly_04_2025_Eng.txt,rice,Increase,respectively. Price increase of kattawa and
weekly_04_2025_Eng.txt,rice,Unknown,the prices of dry fish types except mora
weekly_04_2025_Eng.txt,rice,Decrease,have decreased and the highest price
weekly_04_2025_Eng.txt,egg,Unknown,Eggs
weekly_04_2025_Eng.txt,rice,Unknown,The prices of both brown and white eggs
weekly_04_2025_Eng.txt,rice,Unknown,respectively and their prices
weekly_04_2025_Eng.txt,egg,Unknown,ranged    Rs.28.00-31.50/egg and Rs.26.00-
weekly_04_2025_Eng.txt,egg,Unknown,29.00/egg respectively.
weekly_04_2025_Eng.txt,rice,Unknown,prices of both brown and white eggs have
weekly_04_2025_Eng.txt,rice,Unknown,The prices of both brown and white egg
weekly_04_2025_Eng.txt,egg,Decrease,types have decreased by Rs.4.00/egg and
weekly_04_2025_Eng.txt,rice,Unknown,the price range of a white egg has recorded
weekly_04_2025_Eng.txt,rice,Unknown,as Rs.28.00-Rs.35.00 and the price range
weekly_04_2025_Eng.txt,egg,Unknown,of a brown egg has recorded as Rs.29.00-
weekly_04_2025_Eng.txt,rice,Unknown,36.00. The average price of the white and
weekly_04_2025_Eng.txt,egg,Unknown,brown egg types has recorded as Rs.31.00
weekly_04_2025_Eng.txt,rice,Unknown,the prices of both egg varieties have
weekly_04_2025_Eng.txt,rice,Increase,The prices of all meat types have increased
weekly_04_2025_Eng.txt,rice,Increase,and the highest price increase was recorded
weekly_04_2025_Eng.txt,rice,Increase,for mutton by Rs.67.00/kg. Price increase
weekly_04_2025_Eng.txt,chicken,Unknown,of broiler and curry chicken have
weekly_04_2025_Eng.txt,rice,Increase,respectively. Price increase of beef and
weekly_04_2025_Eng.txt,rice,Unknown,the price of other meat types except beef
weekly_04_2025_Eng.txt,rice,Decrease,price decrease was recorded for curry
weekly_04_2025_Eng.txt,chicken,Unknown,chicken by 12%.
weekly_04_2025_Eng.txt,rice,Unknown,wholesale and retail prices of selected food
weekly_04_2025_Eng.txt,rice,Unknown,"prevailing prices, price ranges, averages, and a"
weekly_04_2025_Eng.txt,rice,Unknown,comparison of weekly prices. The changes in
weekly_04_2025_Eng.txt,rice,Unknown,prices reported are always with price prevailed
weekly_04_2025_Eng.txt,rice,Unknown,The frequency of collection of wholesale price
weekly_04_2025_Eng.txt,rice,Unknown,"Friday) while with retail prices, it is thrice a"
weekly_04_2025_Eng.txt,rice,Unknown,Rice VarietiesLOCATIONS
weekly_04_2025_Eng.txt,rice,Unknown,Table 01: Selected Markets:Wholesale Price of Rice (Rs/50kg bag)
weekly_04_2025_Eng.txt,rice,Unknown,Table 02: Selected Markets: Retail Price of Rice (Rs/kg)
weekly_04_2025_Eng.txt,rice,Unknown,LOCATIONS Rice Varieties
weekly_04_2025_Eng.txt,rice,Unknown,Table 04: Selected Markets:Wholesale Price of Subsidiary Food (Rs/50kg)
weekly_04_2025_Eng.txt,onion,Unknown,Dried Chillies Red Onion Big Onion PotatoLOCATION Imported Imported Local Imported Welimada
weekly_04_2025_Eng.txt,dhal,Unknown,Green Gram Cowpea Red Dhal
weekly_04_2025_Eng.txt,rice,Unknown,Table 05: Selected Markets: Retail Price of Subsidiary Food Crops (Rs/kg)
weekly_04_2025_Eng.txt,onion,Unknown,Dried Chillies Red Onion Big Onion Potato Pulses
weekly_04_2025_Eng.txt,dhal,Unknown,Green Gram Cowpea Red Dhal
weekly_04_2025_Eng.txt,rice,Unknown,Table 06: Selected Markets: Wholesale Price of Vegetables(Rs/kg)
weekly_04_2025_Eng.txt,potato,Unknown,ManiocLong Beans Ash Plantain Green Chillies Lime Sweet Potatoe
weekly_04_2025_Eng.txt,rice,Unknown,"Colombo, Meegoda, Norochchole, Jaffna,Dambulla and Kandy - Gotukola Price Rs/Kg"
weekly_04_2025_Eng.txt,vegetable,Unknown,Leafy Vegetables (Rs/bundle)
weekly_04_2025_Eng.txt,coconut,Unknown,Coconut (Rs/nut)
weekly_04_2025_Eng.txt,rice,Unknown,Table 07: Selected Markets: Retail Price of Vegetables (Rs/kg)
weekly_04_2025_Eng.txt,potato,Unknown,Sweet Potato Large Small
weekly_04_2025_Eng.txt,vegetable,Unknown,Low Country Varieties Leafy Vegetable Coconut (Rs/nut)
weekly_04_2025_Eng.txt,rice,Unknown,Table 08: Selected Markets: Retail Price of Fruits (Rs/each & Rs/kg)
weekly_04_2025_Eng.txt,fruit,Unknown,Mango Other Fruits
weekly_04_2025_Eng.txt,coconut,Unknown,Passion Avocado Slime Apple Grapes (Rs/kg) King CoconutWood Apple Orange
weekly_04_2025_Eng.txt,fish,Unknown,Local Dried Fish Imported Dried Fish
weekly_04_2025_Eng.txt,fish,Unknown,Imported Dried Fish
weekly_04_2025_Eng.txt,fish,Unknown,Local Dried Fish
weekly_04_2025_Eng.txt,rice,Unknown,Table 10: Selected Markets: Wholesale Price of Dried Fish (Rs/50kg)
weekly_04_2025_Eng.txt,fish,Unknown,Sea Fish Eggs
weekly_04_2025_Eng.txt,rice,Unknown,Table 09: Selected Markets: Wholesale Price of Fresh Fish & Eggs (Rs/kg & Rs/egg)
weekly_04_2025_Eng.txt,fish,Unknown,Sea FishLocations
weekly_04_2025_Eng.txt,rice,Unknown,Table 11: Selected Markets: Retail Price of Fresh Fish & Eggs (Rs/kg & Rs/eggs)
weekly_04_2025_Eng.txt,fish,Unknown,Sea Fish EggsLOCATIONS
weekly_04_2025_Eng.txt,rice,Unknown,Table 12: Selected Markets: Retail Price of Dried Fish (Rs/kg)
weekly_04_2025_Eng.txt,fish,Unknown,Dried FishLOCATIONS Sprats-Imported Kattawa Thora Mora Balaya
weekly_04_2025_Eng.txt,rice,Unknown,Table 13: Selected Markets: Retail Price of Meat (Rs/kg)
weekly_04_2025_Eng.txt,chicken,Unknown,Meat Meat (Chicken) Meat
weekly_04_2025_Eng.txt,rice,Unknown,Rice Coconut
weekly_04_2025_Eng.txt,fruit,Unknown,Keeri Samba 250.00−260.00255.00255.00345.00 0.00 -26.09Fruits (Rs/fruit)
weekly_04_2025_Eng.txt,fruit,Unknown,Raw (Red) − Passion Fruit 50.00− 70.00 60.63 55.56115.45 9.12 -47.49
weekly_04_2025_Eng.txt,onion,Unknown,Onion Mango
weekly_04_2025_Eng.txt,onion,Unknown,Big Onion Kohu −
weekly_04_2025_Eng.txt,potato,Unknown,Potato Orange 40.00− 75.00 57.22 83.00 65.00 -31.06 -11.97
weekly_04_2025_Eng.txt,coconut,Unknown,Pulses King Coconut 130.00− 180.00 152.50 158.75 95.00 -3.94 60.53
weekly_04_2025_Eng.txt,fish,Unknown,Cowpea (White) 500.00−650.00566.67550.001106.67 3.03 -48.80Sea Fish
weekly_04_2025_Eng.txt,dhal,Unknown,Red Dhal 270.00−280.00273.57273.33294.17 0.09 -7.00Hurulla 900.00−1000.00 980.831020.00456.00 -3.84 115.10
weekly_04_2025_Eng.txt,vegetable,Unknown,Vegetable Balaya 800.00− 950.00 881.67 870.00586.00 1.34 50.46
weekly_04_2025_Eng.txt,egg,Unknown,Raddish 100.00−140.00116.00100.00129.00 16.00 -10.08Eggs
weekly_04_2025_Eng.txt,fish,Unknown,Ladies Fingers 160.00−260.00212.00158.00325.00 34.18 -34.77Dried Fish
weekly_04_2025_Eng.txt,potato,Unknown,Sweet Potato 120.00−150.00137.00160.00143.00 -14.38 -4.20Maduwa (Imported) −
weekly_04_2025_Eng.txt,vegetable,Unknown,Leafy Vegetable Koduwa (Imported) −
weekly_04_2025_Eng.txt,rice,Unknown,Table 14: Colombo: Wholesale Prices (Rs/kg or Rs/piece)
weekly_04_2025_Eng.txt,rice,Unknown,Average Price Change Compared to
weekly_04_2025_Eng.txt,rice,Unknown,Average Price
weekly_04_2025_Eng.txt,rice,Unknown,Rice Coconut
weekly_04_2025_Eng.txt,fruit,Unknown,Keeri Samba 260.00− 280.00270.16 267.81368.18 2.34-26.62Fruits (Rs/fruit)
weekly_04_2025_Eng.txt,fruit,Unknown,Raw (Red) − Passion Fruit 75.00− 120.00 92.63 83.25 153.57 9.38 -39.68
weekly_04_2025_Eng.txt,onion,Unknown,Onion Mango
weekly_04_2025_Eng.txt,onion,Unknown,Big Onion Kohu −
weekly_04_2025_Eng.txt,potato,Unknown,Potato Orange 80.00− 160.00122.94125.93 130.00 -2.98 -5.43
weekly_04_2025_Eng.txt,coconut,Unknown,Pulses King Coconut 150.00− 220.00191.72193.10 144.40 -1.38 32.77
weekly_04_2025_Eng.txt,fish,Unknown,Cowpea (White) 700.00−1000.00836.77 812.591227.59 24.18-31.84Sea Fish
weekly_04_2025_Eng.txt,dhal,Unknown,Red Dhal 290.00− 360.00311.97 311.14339.24 0.84 -8.04Hurulla 1000.00−1300.001156.251206.25 845.24 -50.00 36.80
weekly_04_2025_Eng.txt,vegetable,Unknown,Vegetable Balaya 900.00−1200.001041.001013.75 917.14 27.25 13.50
weekly_04_2025_Eng.txt,egg,Unknown,Raddish 120.00− 340.00251.29 248.67306.67 2.62-18.06Eggs
weekly_04_2025_Eng.txt,fish,Unknown,Ladies Fingers 240.00− 420.00328.67 304.33497.93 24.33-33.99Dried Fish
weekly_04_2025_Eng.txt,chicken,Unknown,Root Crops Chicken (Broiler) 1000.00−1200.001106.671076.151233.64 30.51 -10.29
weekly_04_2025_Eng.txt,potato,Unknown,Sweet Potato 150.00− 340.00265.56 269.63330.37 -4.07-19.62Chicken (Curry) 1000.00−1200.001070.001038.001210.00 32.00 -11.57
weekly_04_2025_Eng.txt,vegetable,Unknown,Leafy Vegetable Pork 1000.00−1300.001200.001183.331275.00 16.67 -5.88
weekly_04_2025_Eng.txt,rice,Unknown,Table 15: Colombo &Suburbs: Retail Prices (Rs/kg or Rs/piece)
weekly_04_2025_Eng.txt,rice,Unknown,Average Price Change Compared to
weekly_04_2025_Eng.txt,rice,Unknown,Average Price Change Compared to
weekly_04_2025_Eng.txt,vegetable,Unknown,Paddy Vegetable (Up Country) Snake Gourd
weekly_04_2025_Eng.txt,onion,Unknown,Red Onion Badulla − Long Beans
weekly_04_2025_Eng.txt,onion,Unknown,Big Onion Welimada 130.00−160.00 149.00Embilipitiya 230.00−260.00245.00
weekly_04_2025_Eng.txt,potato,Unknown,Potato Hambantota −
weekly_04_2025_Eng.txt,vegetable,Unknown,N'Eliya 310.00−320.00316.00Vegetable (Low Country) Embilipitiya 90.00−120.00102.50
weekly_04_2025_Eng.txt,fruit,Unknown,Moneragala 500.00−550.00520.00Brinjal Fruits (Rs/kg)
weekly_04_2025_Eng.txt,rice,Unknown,Table 16: Farmgate/Producer Prices of Food Commodities in Selected Producing Areas (Rs/kg)
weekly_04_2025_Eng.txt,rice,Unknown,PriceCOMMODITY Range Average
weekly_04_2025_Eng.txt,rice,Unknown,Price COMMODITY Range Average
weekly_04_2025_Eng.txt,rice,Unknown,Price COMMODITY
weekly_04_2025_Eng.txt,rice,Unknown,Rice
weekly_04_2025_Eng.txt,onion,Unknown,Red Onion
weekly_04_2025_Eng.txt,onion,Unknown,Big Onion
weekly_04_2025_Eng.txt,potato,Unknown,Potato
weekly_04_2025_Eng.txt,dhal,Unknown,Red Dhal 295.00− 310.00 300.00− 360.00 290.00− 360.00300.00− 320.00300.00− 360.00300.00− 320.00300.00− 300.00290.00− 320.00 300.00− 320.00
weekly_04_2025_Eng.txt,rice,Unknown,Annex 01 - Colombo Markets: Retail Prices of Rice and Subsidiary Food Crops (Rs/kg) Week 04: 24 - 30 Jan 2025
weekly_04_2025_Eng.txt,vegetable,Unknown,Vegetable
weekly_04_2025_Eng.txt,potato,Unknown,Sweet Potato 150.00− 180.00 320.00− 340.00 280.00− 340.00 320.00 − 340.00 300.00− 320.00 320.00− 320.00 220.00− 260.00 320.00− 340.00260.00− 340.00
weekly_04_2025_Eng.txt,vegetable,Unknown,Leafy Vegetable
weekly_04_2025_Eng.txt,coconut,Unknown,Coconut
weekly_04_2025_Eng.txt,rice,Unknown,Annex 02 - Colombo Markets: Retail Prices of Vegetables (Rs/kg) and Coconut (Rs/nut)
weekly_04_2025_Eng.txt,fruit,Unknown,Other Fruits
weekly_04_2025_Eng.txt,coconut,Unknown,King Coconut 180.00− 220.00 200.00− 220.00200.00− 220.00 200.00− 200.00170.00− 200.00180.00− 220.00150.00− 160.00 180.00− 200.00 180.00−190.00
weekly_04_2025_Eng.txt,rice,Unknown,Annex 03 - Colombo Markets: Retail Prices of Fruits (Rs/fruit)
weekly_04_2025_Eng.txt,fish,Unknown,Sea Fish
weekly_04_2025_Eng.txt,egg,Unknown,30 Eggs (Rs/egg)
weekly_04_2025_Eng.txt,fish,Unknown,Dried Fish
weekly_04_2025_Eng.txt,chicken,Unknown,Chicken (Broiler) 1050.00−1050.001200.00−1200.001200.00−1200.001120.00−1200.001050.00−1050.001050.00−1050.001000.00−1000.001060.00−1100.001060.00−1060.00
weekly_04_2025_Eng.txt,chicken,Unknown,Chicken (Curry) 1000.00−1050.001100.00−1100.001100.00−1100.001100.00−1200.001050.00−1050.001000.00−1000.001000.00−1000.001060.00−1060.001060.00−1060.00
weekly_04_2025_Eng.txt,rice,Unknown,Annex 04 - Colombo Markets: Retail Prices of Sea Fish and Dried Fish (Rs/kg)
weekly_04_2025_Eng.txt,rice,Unknown,Rice - (white Kekulu - normal ) 361 9.88 1.52 - 0.03 0.09 10.67 - 6.94 26.29 1.22 1.5
weekly_04_2025_Eng.txt,rice,Unknown,Rice - (white Kekulu Samba) 355 8.81 1.53 - 0.03 0.09 8.11 - 9.82 30.48 0.92 1.7
weekly_04_2025_Eng.txt,rice,Unknown,Rice - ( Red Kekulu - normal ) 366 8.64 2.12 - 0.05 0.1 8.39 - 4.73 31.7 0.88 1.84
weekly_04_2025_Eng.txt,rice,Unknown,Rice -Samba 369 6.86 2.45 - 0.05 0.13 12.79 - 8.71 37.26 1.18 1.49
weekly_04_2025_Eng.txt,rice,Unknown,Rice - Nadu White 366 7.76 1.48 - 0.03 0.12 9.35 - 4.57 20.1 0.64 1.61
weekly_04_2025_Eng.txt,onion,Unknown,Onion
weekly_04_2025_Eng.txt,onion,Unknown,Big onions 48 1.67 0.24 0.16 0.01 0.1 32.99 7.58 14.82 16.94 0.45 0.25
weekly_04_2025_Eng.txt,onion,Unknown,Red onions 55 2.13 0.15 0.18 0.02 0.13 30.15 14.26 20.37 19.32 0.31 0.28
weekly_04_2025_Eng.txt,potato,Unknown,Potatoes 71 1.67 0.25 0.01 0.09 14.31 20.5 9.83 23.84 0.46 0.29
weekly_04_2025_Eng.txt,dhal,Unknown,Red Dhal 319 23.09 0.77 1.06 1.6 0.22 55 NA 41.27 66.63 7.45 3.34
weekly_04_2025_Eng.txt,vegetable,Unknown,Vegetables
weekly_04_2025_Eng.txt,rice,Unknown,Rice
weekly_04_2025_Eng.txt,egg,Unknown,Brinjal (Chinese eggplant) 24 1.28 0.33 16.83 0.12 0.11 32.94 3.37 14.4 21.18 0.28 0.16
weekly_04_2025_Eng.txt,egg,Unknown,Thalana batu (Thai eggplant) 21 1.45 0.26 18.33 0.11 0.09 31.18 2.71 17.24 37.22 0.37 0.24
weekly_04_2025_Eng.txt,coconut,Unknown,Coconuts nuts 390 3.67 39.92 - 0.05 0.11 14.86 -
weekly_04_2025_Eng.txt,potato,Unknown,Sweet potato 108 1.27 0.33 NA 0.04 0.09 14.44 22.2 28.93 21.05 0.51 0.14
weekly_04_2025_Eng.txt,vegetable,Unknown,Leafy Vegetables
weekly_04_2025_Eng.txt,onion,Unknown,Onion leaves 27 2.01 0.26 NA 0.04 0.18 56.8 23.38 35.21 74.95 3.15 0.77
weekly_04_2025_Eng.txt,fruit,Unknown,Jackfruit pods 25 2.14 0.34 NA 0.03 0.04 30.7 24.77 37.32 26.08 0.3 0.17
weekly_04_2025_Eng.txt,fruit,Unknown,Jackfruit seeds 77 5.66 0.44 NA 0.02 0.08 58.91 15.24 40.87 50.14 0.52 0.42
weekly_04_2025_Eng.txt,chicken,Unknown,Chicken 176 23.14 9.24 6.88 0.07 0.49 10.09 - 15.06 20.18 0.75 0.64
weekly_04_2025_Eng.txt,fish,Unknown,Fish
weekly_04_2025_Eng.txt,fish,Unknown,Cuttle fish 76 16.82 0.93 1.93 0.02 0.04 6.22 8.73 35.46 0.62 1.3
weekly_04_2025_Eng.txt,fish,Unknown,Dried Fish
weekly_04_2025_Eng.txt,egg,Unknown,Eggs
weekly_04_2025_Eng.txt,egg,Unknown,Hen eggs (Country) 170 13.14 13 208 0.08 0.18 54.6 50.14 11.04 1.64 1.12
weekly_04_2025_Eng.txt,egg,Unknown,Hen eggs (Table) 135 13.55 9.03 200 0.19 0.19 49.46 63.3 12 2.39 1.73
weekly_04_2025_Eng.txt,egg,Unknown,Quail eggs 153 12.39 11.46 153 0.11 0.17 54.86 60.67 11.21 2.55 1.51
weekly_04_2025_Eng.txt,fruit,Unknown,Fruits
weekly_04_2025_Eng.txt,rice,Unknown,Price Collecting Areas
weekly_03_2025_Eng.txt,vegetable,Unknown,Vegetables
weekly_03_2025_Eng.txt,coconut,Unknown,Coconut
weekly_03_2025_Eng.txt,rice,Unknown,Rice/Paddy
weekly_03_2025_Eng.txt,rice,Increase,Price of both large and small nuts have increased price
weekly_03_2025_Eng.txt,rice,Unknown,Prices of imported red onion and imported big onion have
weekly_03_2025_Eng.txt,rice,Increase,Nuwara Eliya potato has increased by Rs.30.00/kg and price
weekly_03_2025_Eng.txt,rice,Increase,Prices of most of the upcountry vegetables have increased
weekly_03_2025_Eng.txt,rice,Unknown,while prices of most low country vegetable have
weekly_03_2025_Eng.txt,rice,Unknown,"Prices of most of the rice varieties except for raw red, samba"
weekly_03_2025_Eng.txt,rice,Decrease,grade I and keeri samba have decreased. Price ranged
weekly_03_2025_Eng.txt,rice,Increase,price increase of Rs.9.00/kg was reported for raw red.
weekly_03_2025_Eng.txt,rice,Unknown,Rice
weekly_03_2025_Eng.txt,rice,Increase,Price of raw white has increased by 7% due
weekly_03_2025_Eng.txt,rice,Unknown,Price ranged Rs.215.00 - 245.00/kg.  Prices
weekly_03_2025_Eng.txt,rice,Unknown,of all other local rice varieties have not
weekly_03_2025_Eng.txt,rice,Unknown,changed significantly and average price of
weekly_03_2025_Eng.txt,rice,Unknown,"samba, nadu and raw white rice varieties"
weekly_03_2025_Eng.txt,rice,Unknown,Imported rice varieties was also available
weekly_03_2025_Eng.txt,rice,Unknown,prices
weekly_03_2025_Eng.txt,rice,Increase,"rice varieties have seen price increases,"
weekly_03_2025_Eng.txt,rice,Unknown,with the highest price of 13% for raw
weekly_03_2025_Eng.txt,rice,Unknown,white. The price of keeri samba has
weekly_03_2025_Eng.txt,rice,Unknown,The retail prices of all types of rice varieties
weekly_03_2025_Eng.txt,rice,Decrease,highest price decrease of Rs.2.00/kg was
weekly_03_2025_Eng.txt,rice,Unknown,observed for imported samba and price
weekly_03_2025_Eng.txt,rice,Unknown,ranged Rs.230.00-270.00/kg. Highest price
weekly_03_2025_Eng.txt,rice,Unknown,the current retail prices of all the rice
weekly_03_2025_Eng.txt,rice,Increase,increased with the highest price increase of
weekly_03_2025_Eng.txt,rice,Unknown,province paddy prices have trend to
weekly_03_2025_Eng.txt,rice,Decrease,"prices have decreased. Accordingly, short"
weekly_03_2025_Eng.txt,rice,Unknown,was reported Rs.109.00-142.00/kg price
weekly_03_2025_Eng.txt,rice,Unknown,146.00/kg price range for keeri samba
weekly_03_2025_Eng.txt,rice,Unknown,"paddy. Subsequently, average price of long"
weekly_03_2025_Eng.txt,rice,Unknown,reported price range of Rs.109.00 -
weekly_03_2025_Eng.txt,rice,Unknown,"stocks from Ampara area, price of long"
weekly_03_2025_Eng.txt,rice,Unknown,Rs.18.00/kg in Embilipitiya area. Prices for
weekly_03_2025_Eng.txt,rice,Unknown,the average prices of all the major paddy
weekly_03_2025_Eng.txt,rice,Unknown,The price of imported dried chilies has
weekly_03_2025_Eng.txt,rice,Decrease,decreased by 2% due and price ranged
weekly_03_2025_Eng.txt,rice,Unknown,current whole sale price of imported dried
weekly_03_2025_Eng.txt,rice,Decrease,"In line with decreased wholesale prices, the"
weekly_03_2025_Eng.txt,rice,Unknown,retail price of imported dried chilies has
weekly_03_2025_Eng.txt,rice,Unknown,the current retail price of imported dried
weekly_03_2025_Eng.txt,onion,Unknown,Onion
weekly_03_2025_Eng.txt,rice,Increase,Price of imported red onion has increased
weekly_03_2025_Eng.txt,rice,Unknown,by 19% and price ranged Rs.450.00 -
weekly_03_2025_Eng.txt,rice,Unknown,sufficient stocks at the market. Price of big
weekly_03_2025_Eng.txt,onion,Increase,onion has increased by 16% due to
weekly_03_2025_Eng.txt,rice,Unknown,Indian and Pakistan onion and price ranged
weekly_03_2025_Eng.txt,rice,Unknown,current whole sale price of imported red
weekly_03_2025_Eng.txt,onion,Increase,onion has increased by 74% while
weekly_03_2025_Eng.txt,onion,Decrease,imported big onion has decreased by 38%.
weekly_03_2025_Eng.txt,rice,Unknown,The retail prices of imported red onion and
weekly_03_2025_Eng.txt,onion,Increase,imported big onion have increased by
weekly_03_2025_Eng.txt,rice,Unknown,the current retail price of imported red onion
weekly_03_2025_Eng.txt,onion,Decrease,onion has decreased by 45%.
weekly_03_2025_Eng.txt,potato,Unknown,Potato
weekly_03_2025_Eng.txt,rice,Decrease,The Price of Nuwara Eliya has decreased
weekly_03_2025_Eng.txt,rice,Unknown,by 2% and price ranged Rs.3 20.00-
weekly_03_2025_Eng.txt,rice,Unknown,360.00/kg. Price of imported potatoes has
weekly_03_2025_Eng.txt,rice,Unknown,low-quality stocks and price ranged
weekly_03_2025_Eng.txt,rice,Unknown,current wholesale price of Nuwara Eliya
weekly_03_2025_Eng.txt,potato,Increase,and imported potatoes have increased by
weekly_03_2025_Eng.txt,rice,Unknown,The retail prices of Nuwara Eliya and
weekly_03_2025_Eng.txt,potato,Increase,imported potato have increased by
weekly_03_2025_Eng.txt,rice,Unknown,the current retail prices of imported potato
weekly_03_2025_Eng.txt,potato,Increase,and Nuwara Eliya potatoes have increased
weekly_03_2025_Eng.txt,rice,Unknown,Prices of white cowpea and red cowpea
weekly_03_2025_Eng.txt,rice,Unknown,and price ranged Rs.500.00-600.00/kg and
weekly_03_2025_Eng.txt,rice,Unknown,Rs.440.00-600.00/kg. Price of green gram
weekly_03_2025_Eng.txt,dhal,Increase,and red dhal have not increased
weekly_03_2025_Eng.txt,rice,Unknown,significantly and average prices
weekly_03_2025_Eng.txt,rice,Unknown,current wholesale prices of all pulses
weekly_03_2025_Eng.txt,rice,Decrease,prices of all types of pulses have decreased.
weekly_03_2025_Eng.txt,rice,Unknown,the current retail prices of all types of pulses
weekly_03_2025_Eng.txt,rice,Decrease,have decreased with the highest price
weekly_03_2025_Eng.txt,vegetable,Unknown,Vegetable
weekly_03_2025_Eng.txt,rice,Unknown,Prices of most of the up-country vegetables
weekly_03_2025_Eng.txt,rice,Unknown,extreme weather conditions while prices of
weekly_03_2025_Eng.txt,vegetable,Unknown,most of the low-country vegetables have
weekly_03_2025_Eng.txt,rice,Unknown,Most of the upcountry vegetable prices are
weekly_03_2025_Eng.txt,rice,Unknown,"Nuwara Eliya area, following prices of"
weekly_03_2025_Eng.txt,rice,Unknown,and 10% respectively. Price of green beans
weekly_03_2025_Eng.txt,rice,Increase,"has increased slightly. However, price of"
weekly_03_2025_Eng.txt,rice,Unknown,"availability of stocks. Further, price of"
weekly_03_2025_Eng.txt,vegetable,Unknown,"Considering low-country vegetables, most"
weekly_03_2025_Eng.txt,rice,Unknown,of the vegetable varieties experienced price
weekly_03_2025_Eng.txt,rice,Decrease,pumpkin (10%) prices decreased
weekly_03_2025_Eng.txt,rice,Unknown,significantly. Prices of brinjal and ash
weekly_03_2025_Eng.txt,rice,Unknown,"prices of ladies fingers, long beans and"
weekly_03_2025_Eng.txt,rice,Unknown,"30%. In addition, price of green chilies has"
weekly_03_2025_Eng.txt,rice,Increase,increased by 20% while price of lime has
weekly_03_2025_Eng.txt,rice,Decrease,"most vegetable prices have decreased, with"
weekly_03_2025_Eng.txt,rice,Unknown,Retail prices of most of the vegetable
weekly_03_2025_Eng.txt,vegetable,Unknown,"wholesale trend. In up-country vegetables,"
weekly_03_2025_Eng.txt,rice,Increase,the highest price increase was reported for
weekly_03_2025_Eng.txt,rice,Unknown,"Rs.52.00/kg. However, beetroot price"
weekly_03_2025_Eng.txt,vegetable,Unknown,Considering the low-country vegetable
weekly_03_2025_Eng.txt,rice,Unknown,varieties capsicum prices showed a
weekly_03_2025_Eng.txt,rice,Increase,significant price increased of
weekly_03_2025_Eng.txt,rice,Unknown,Rs.102.00/kg. Bitter gourd prices
weekly_03_2025_Eng.txt,rice,Unknown,has shown a notable price drop at
weekly_03_2025_Eng.txt,rice,Unknown,showed a significant price increment
weekly_03_2025_Eng.txt,rice,Unknown,compared to last week and 12 % price
weekly_03_2025_Eng.txt,rice,Unknown,"last year, prices of most of the varieties"
weekly_03_2025_Eng.txt,rice,Decrease,have decreased while a notable price drop
weekly_03_2025_Eng.txt,coconut,Unknown,Coconut
weekly_03_2025_Eng.txt,rice,Unknown,Prices of both large and small nuts
weekly_03_2025_Eng.txt,rice,Unknown,respectively. Price ranges were
weekly_03_2025_Eng.txt,rice,Unknown,the current wholesale prices of large and
weekly_03_2025_Eng.txt,rice,Increase,Prices of large nuts showed a increase by
weekly_03_2025_Eng.txt,rice,Unknown,around Rs.16.00/nut. Price ranges were
weekly_03_2025_Eng.txt,rice,Unknown,prices of large nuts (72%) and small nuts
weekly_03_2025_Eng.txt,fruit,Unknown,Fruits
weekly_03_2025_Eng.txt,rice,Unknown,The wholesale price of many fruits have
weekly_03_2025_Eng.txt,rice,Unknown,prices of wood apple and local orange.
weekly_03_2025_Eng.txt,rice,Decrease,"decrease in prices due to overstocking,"
weekly_03_2025_Eng.txt,rice,Unknown,Prices of all sizes of pineapples have
weekly_03_2025_Eng.txt,rice,Decrease,"decreased, with the highest price decrease"
weekly_03_2025_Eng.txt,rice,Unknown,The price of red grapes imported from
weekly_03_2025_Eng.txt,rice,Unknown,Wholesale prices for the most of fruits have
weekly_03_2025_Eng.txt,rice,Unknown,Retail price have followed the downward
weekly_03_2025_Eng.txt,rice,Unknown,trend of wholesale prices. Price of all sizes
weekly_03_2025_Eng.txt,rice,Decrease,significant price decrease of Rs.16.00/kg
weekly_03_2025_Eng.txt,rice,Unknown,price of ambul banana and seeni banana
weekly_03_2025_Eng.txt,rice,Decrease,Rs.11.00/kg. Price of papaw has decreased
weekly_03_2025_Eng.txt,rice,Unknown,Price for karathakolomban mango
weekly_03_2025_Eng.txt,fruit,Increase,increased by Rs.19.00/fruit due to limited
weekly_03_2025_Eng.txt,rice,Unknown,stocks with end of the harvest season. Price
weekly_03_2025_Eng.txt,fruit,Decrease,"decreased by Rs.31.00/fruit, Rs.23.00/fruit"
weekly_03_2025_Eng.txt,rice,Unknown,and Rs.12.00/fruit respectively. Price of
weekly_03_2025_Eng.txt,rice,Unknown,"Compared to last year, retail price for most"
weekly_03_2025_Eng.txt,fruit,Increase,of fruit varieties have increased with the
weekly_03_2025_Eng.txt,fish,Unknown,Fresh Fish
weekly_03_2025_Eng.txt,rice,Unknown,Wholesale prices of most of the fresh fish
weekly_03_2025_Eng.txt,rice,Increase,"condition. Price increase of 21%, 20%, and"
weekly_03_2025_Eng.txt,rice,Unknown,"and Southern areas. However, a price"
weekly_03_2025_Eng.txt,rice,Unknown,high supply from Northern areas. Prices of
weekly_03_2025_Eng.txt,fish,Unknown,other fresh fish verities have not changed
weekly_03_2025_Eng.txt,rice,Unknown,the current wholesale prices of all of the
weekly_03_2025_Eng.txt,fish,Increase,fresh fish types have increased with the
weekly_03_2025_Eng.txt,rice,Increase,highest price increase of 89% was noted for
weekly_03_2025_Eng.txt,rice,Unknown,The prices of other fish varieties except
weekly_03_2025_Eng.txt,rice,Increase,the highest price increase was recorded for
weekly_03_2025_Eng.txt,rice,Increase,highest price increase was recorded for
weekly_03_2025_Eng.txt,rice,Increase,thora by Rs.128.00/kg. Price increase of
weekly_03_2025_Eng.txt,rice,Decrease,respectively. Price decrease of thalapath
weekly_03_2025_Eng.txt,rice,Unknown,the prices of other fish varieties except
weekly_03_2025_Eng.txt,rice,Increase,and the highest price increase was recorded
weekly_03_2025_Eng.txt,fish,Unknown,Dried Fish
weekly_03_2025_Eng.txt,rice,Unknown,Prices of most of the dried fish types have
weekly_03_2025_Eng.txt,fish,Increase,decreased due to increase of local dried fish
weekly_03_2025_Eng.txt,rice,Decrease,supply. The price decrease of 14% and 5%
weekly_03_2025_Eng.txt,rice,Increase,price increase of 10% was noted for local
weekly_03_2025_Eng.txt,rice,Unknown,Mannar and Mullaitivu areas. Prices of
weekly_03_2025_Eng.txt,fish,Unknown,other dried fish verities have not changed
weekly_03_2025_Eng.txt,rice,Unknown,the current wholesale prices of all of the
weekly_03_2025_Eng.txt,fish,Unknown,dried fish types except local salaya have
weekly_03_2025_Eng.txt,rice,Decrease,decreased with the highest price decrease
weekly_03_2025_Eng.txt,rice,Unknown,The prices of other dry fish varieties except
weekly_03_2025_Eng.txt,rice,Decrease,have decreased and the highest price
weekly_03_2025_Eng.txt,rice,Decrease,balaya by Rs.67.00/kg. Price decrease of
weekly_03_2025_Eng.txt,rice,Increase,respectively. The highest price increase
weekly_03_2025_Eng.txt,rice,Unknown,the prices of all dry fish types have
weekly_03_2025_Eng.txt,rice,Decrease,decreased and the highest price decrease
weekly_03_2025_Eng.txt,egg,Unknown,Eggs
weekly_03_2025_Eng.txt,rice,Unknown,The prices of both brown and white eggs
weekly_03_2025_Eng.txt,rice,Decrease,have decreased by 12% and their prices
weekly_03_2025_Eng.txt,egg,Unknown,ranged Rs.31.00-37.00/egg and Rs.29.00-
weekly_03_2025_Eng.txt,egg,Unknown,34.00/egg respectively.
weekly_03_2025_Eng.txt,rice,Unknown,prices of both brown and white eggs have
weekly_03_2025_Eng.txt,rice,Unknown,The prices of both brown and white egg
weekly_03_2025_Eng.txt,rice,Increase,types have increased and the price range of
weekly_03_2025_Eng.txt,egg,Unknown,a White egg has recorded as Rs.30.00-
weekly_03_2025_Eng.txt,rice,Unknown,Rs.38.00 and the price range of a brown
weekly_03_2025_Eng.txt,egg,Unknown,egg has recorded as Rs.32.00-Rs.40.00.
weekly_03_2025_Eng.txt,rice,Unknown,The average price of the white and brown
weekly_03_2025_Eng.txt,egg,Unknown,egg types has recorded as Rs.34.00 and
weekly_03_2025_Eng.txt,rice,Unknown,the prices of both eg g varieties have
weekly_03_2025_Eng.txt,rice,Decrease,The prices of all meat types have decreased
weekly_03_2025_Eng.txt,rice,Unknown,and the highest price de crease was
weekly_03_2025_Eng.txt,chicken,Unknown,recorded for curry chicken by
weekly_03_2025_Eng.txt,rice,Decrease,Rs.159.00/kg. Price decrease of Broiler
weekly_03_2025_Eng.txt,chicken,Unknown,Chicken and Pork have recorded as
weekly_03_2025_Eng.txt,rice,Decrease,respectively. Price decrease of beef and
weekly_03_2025_Eng.txt,rice,Unknown,the price of other meat types except beef
weekly_03_2025_Eng.txt,rice,Decrease,price decrease was recorded for curry
weekly_03_2025_Eng.txt,chicken,Unknown,chicken by 16%.
weekly_03_2025_Eng.txt,rice,Unknown,wholesale and retail prices of selected food
weekly_03_2025_Eng.txt,rice,Unknown,"prevailing prices, price ranges, averages, and a"
weekly_03_2025_Eng.txt,rice,Unknown,comparison of weekly prices. The changes in
weekly_03_2025_Eng.txt,rice,Unknown,prices reported are always with price prevailed
weekly_03_2025_Eng.txt,rice,Unknown,The frequency of collection of wholesale price
weekly_03_2025_Eng.txt,rice,Unknown,"Friday) while with retail prices, it is thrice a"
weekly_03_2025_Eng.txt,rice,Unknown,Rice VarietiesLOCATIONS
weekly_03_2025_Eng.txt,rice,Unknown,Table 01: Selected Markets:Wholesale Price of Rice (Rs/50kg bag)
weekly_03_2025_Eng.txt,rice,Unknown,Table 02: Selected Markets: Retail Price of Rice (Rs/kg)
weekly_03_2025_Eng.txt,rice,Unknown,LOCATIONS Rice Varieties
weekly_03_2025_Eng.txt,dhal,Unknown,Cowpea Red Dhal
weekly_03_2025_Eng.txt,rice,Unknown,Table 04: Selected Markets:Wholesale Price of Subsidiary Food (Rs/50kg)
weekly_03_2025_Eng.txt,onion,Unknown,Dried Chillies Red Onion Big Onion PotatoLOCATION Imported Imported Local Imported Welimada
weekly_03_2025_Eng.txt,rice,Unknown,Table 05: Selected Markets: Retail Price of Subsidiary Food Crops (Rs/kg)
weekly_03_2025_Eng.txt,onion,Unknown,Dried Chillies Red Onion Big Onion Potato Pulses
weekly_03_2025_Eng.txt,dhal,Unknown,Green Gram Cowpea Red Dhal
weekly_03_2025_Eng.txt,rice,Unknown,Table 06: Selected Markets: Wholesale Price of Vegetables(Rs/kg)
weekly_03_2025_Eng.txt,potato,Unknown,ManiocLong Beans Ash Plantain Green Chillies Lime Sweet Potatoe
weekly_03_2025_Eng.txt,rice,Unknown,"Colombo, Meegoda, Norochchole, Jaffna,Dambulla and Kandy - Gotukola Price Rs/Kg"
weekly_03_2025_Eng.txt,vegetable,Unknown,Leafy Vegetables (Rs/bundle)
weekly_03_2025_Eng.txt,coconut,Unknown,Coconut (Rs/nut)
weekly_03_2025_Eng.txt,rice,Unknown,Table 07: Selected Markets: Retail Price of Vegetables (Rs/kg)
weekly_03_2025_Eng.txt,potato,Unknown,Sweet Potato Large Small
weekly_03_2025_Eng.txt,vegetable,Unknown,Low Country Varieties Leafy Vegetable Coconut (Rs/nut)
weekly_03_2025_Eng.txt,rice,Unknown,Table 08: Selected Markets: Retail Price of Fruits (Rs/each & Rs/kg)
weekly_03_2025_Eng.txt,fruit,Unknown,Mango Other Fruits
weekly_03_2025_Eng.txt,coconut,Unknown,Passion Avocado Slime Apple Grapes (Rs/kg) King CoconutWood Apple Orange
weekly_03_2025_Eng.txt,fish,Unknown,Local Dried Fish Imported Dried Fish
weekly_03_2025_Eng.txt,fish,Unknown,Imported Dried Fish
weekly_03_2025_Eng.txt,fish,Unknown,Local Dried Fish
weekly_03_2025_Eng.txt,rice,Unknown,Table 10: Selected Markets: Wholesale Price of Dried Fish (Rs/50kg)
weekly_03_2025_Eng.txt,fish,Unknown,Sea Fish Eggs
weekly_03_2025_Eng.txt,rice,Unknown,Table 09: Selected Markets: Wholesale Price of Fresh Fish & Eggs (Rs/kg & Rs/egg)
weekly_03_2025_Eng.txt,fish,Unknown,Sea FishLocations
weekly_03_2025_Eng.txt,rice,Unknown,Table 11: Selected Markets: Retail Price of Fresh Fish & Eggs (Rs/kg & Rs/eggs)
weekly_03_2025_Eng.txt,fish,Unknown,Sea Fish EggsLOCATIONS
weekly_03_2025_Eng.txt,rice,Unknown,Table 12: Selected Markets: Retail Price of Dried Fish (Rs/kg)
weekly_03_2025_Eng.txt,fish,Unknown,Dried FishLOCATIONS Sprats-Imported Kattawa Thora Mora Balaya
weekly_03_2025_Eng.txt,rice,Unknown,Table 13: Selected Markets: Retail Price of Meat (Rs/kg)
weekly_03_2025_Eng.txt,chicken,Unknown,Meat Meat (Chicken) Meat
weekly_03_2025_Eng.txt,rice,Unknown,Rice Coconut
weekly_03_2025_Eng.txt,fruit,Unknown,Keeri Samba 250.00−260.00255.00254.17341.00 0.33 -25.22Fruits (Rs/fruit)
weekly_03_2025_Eng.txt,fruit,Unknown,Raw (Red) − Passion Fruit 50.00− 65.00 55.56 52.50110.00 5.82 -49.49
weekly_03_2025_Eng.txt,onion,Unknown,Onion Mango
weekly_03_2025_Eng.txt,onion,Unknown,Big Onion Kohu −
weekly_03_2025_Eng.txt,potato,Unknown,Potato Orange 70.00− 100.00 83.00 92.73 87.50 -10.49 -5.14
weekly_03_2025_Eng.txt,coconut,Unknown,Pulses King Coconut 150.00− 180.00 158.75 164.44 96.67 -3.46 64.22
weekly_03_2025_Eng.txt,fish,Unknown,Cowpea (White) 500.00−600.00550.00574.29 -4.23 Sea Fish
weekly_03_2025_Eng.txt,dhal,Unknown,Red Dhal 270.00−275.00273.33276.00294.00 -0.97 -7.03Hurulla 950.00−1150.001020.00 851.82541.00 19.74 88.54
weekly_03_2025_Eng.txt,vegetable,Unknown,Vegetable Balaya 800.00− 900.00 870.00 716.25735.00 21.47 18.37
weekly_03_2025_Eng.txt,egg,Unknown,Raddish 80.00−120.00100.00114.00144.00 -12.28 -30.56Eggs
weekly_03_2025_Eng.txt,fish,Unknown,Ladies Fingers 120.00−200.00158.00122.00310.00 29.51 -49.03Dried Fish
weekly_03_2025_Eng.txt,potato,Unknown,Sweet Potato 130.00−200.00160.00134.44116.00 19.01 37.93Maduwa (Imported) −
weekly_03_2025_Eng.txt,vegetable,Unknown,Leafy Vegetable Koduwa (Imported) −
weekly_03_2025_Eng.txt,rice,Unknown,Table 14: Colombo: Wholesale Prices (Rs/kg or Rs/piece)
weekly_03_2025_Eng.txt,rice,Unknown,Average Price Change Compared to
weekly_03_2025_Eng.txt,rice,Unknown,Average Price
weekly_03_2025_Eng.txt,rice,Unknown,Rice Coconut
weekly_03_2025_Eng.txt,fruit,Unknown,Keeri Samba 260.00− 280.00267.81 267.78368.00 0.03-27.22Fruits (Rs/fruit)
weekly_03_2025_Eng.txt,fruit,Unknown,Raw (Red) − Passion Fruit 60.00− 130.00 83.25 74.50 142.69 8.75 -41.66
weekly_03_2025_Eng.txt,onion,Unknown,Onion Mango
weekly_03_2025_Eng.txt,onion,Unknown,Big Onion Kohu −
weekly_03_2025_Eng.txt,potato,Unknown,Potato Orange 90.00− 170.00125.93149.29 178.53 -23.36 -29.46
weekly_03_2025_Eng.txt,coconut,Unknown,Pulses King Coconut 160.00− 220.00193.10195.91 144.58 -2.81 33.56
weekly_03_2025_Eng.txt,fish,Unknown,Cowpea (White) 700.00− 900.00812.59 824.351226.67-11.76-33.76Sea Fish
weekly_03_2025_Eng.txt,dhal,Unknown,Red Dhal 280.00− 360.00311.14 313.57338.18 -2.44 -8.00Hurulla 1100.00−1400.001206.25943.75 904.55 262.50 33.35
weekly_03_2025_Eng.txt,vegetable,Unknown,Vegetable Balaya 900.00−1100.001013.75967.861215.56 45.89 -16.60
weekly_03_2025_Eng.txt,egg,Unknown,Raddish 160.00− 320.00248.67 248.93335.17 -0.26-25.81Eggs
weekly_03_2025_Eng.txt,fish,Unknown,Ladies Fingers 200.00− 360.00304.33 278.62512.76 25.71-40.65Dried Fish
weekly_03_2025_Eng.txt,chicken,Unknown,Root Crops Chicken (Broiler) 1000.00−1160.001076.151190.001278.00-113.85 -15.79
weekly_03_2025_Eng.txt,potato,Unknown,Sweet Potato 200.00− 320.00269.63 268.00317.59 1.63-15.10Chicken (Curry) 1000.00−1200.001038.001196.671157.00-158.67 -10.29
weekly_03_2025_Eng.txt,vegetable,Unknown,Leafy Vegetable Pork 1000.00−1300.001183.331233.331275.00 -50.00 -7.19
weekly_03_2025_Eng.txt,rice,Unknown,Table 15: Colombo &Suburbs: Retail Prices (Rs/kg or Rs/piece)
weekly_03_2025_Eng.txt,rice,Unknown,Average Price Change Compared to
weekly_03_2025_Eng.txt,rice,Unknown,Average Price Change Compared to
weekly_03_2025_Eng.txt,vegetable,Unknown,Paddy Vegetable (Up Country) Snake Gourd
weekly_03_2025_Eng.txt,onion,Unknown,Red Onion Badulla − Long Beans
weekly_03_2025_Eng.txt,onion,Unknown,Big Onion Welimada 150.00−160.00 154.00Embilipitiya 180.00−200.00192.50
weekly_03_2025_Eng.txt,potato,Unknown,Potato Hambantota −
weekly_03_2025_Eng.txt,vegetable,Unknown,N'Eliya 330.00−350.00342.00Vegetable (Low Country) Embilipitiya 80.00−100.00 87.50
weekly_03_2025_Eng.txt,fruit,Unknown,Moneragala 450.00−500.00470.00Brinjal Fruits (Rs/kg)
weekly_03_2025_Eng.txt,rice,Unknown,Table 16: Farmgate/Producer Prices of Food Commodities in Selected Producing Areas (Rs/kg)
weekly_03_2025_Eng.txt,rice,Unknown,PriceCOMMODITY Range Average
weekly_03_2025_Eng.txt,rice,Unknown,Price COMMODITY Range Average
weekly_03_2025_Eng.txt,rice,Unknown,Price COMMODITY
weekly_03_2025_Eng.txt,rice,Unknown,Rice
weekly_03_2025_Eng.txt,onion,Unknown,Red Onion
weekly_03_2025_Eng.txt,onion,Unknown,Big Onion
weekly_03_2025_Eng.txt,potato,Unknown,Potato
weekly_03_2025_Eng.txt,dhal,Unknown,Red Dhal 280.00− 300.00 300.00− 360.00 280.00− 340.00320.00− 320.00300.00− 360.00290.00− 300.00300.00− 320.00290.00− 320.00 300.00− 320.00
weekly_03_2025_Eng.txt,rice,Unknown,Annex 01 - Colombo Markets: Retail Prices of Rice and Subsidiary Food Crops (Rs/kg) Week 03: 17 - 23 Jan 2025
weekly_03_2025_Eng.txt,vegetable,Unknown,Vegetable
weekly_03_2025_Eng.txt,potato,Unknown,Sweet Potato 200.00− 250.00 320.00− 320.00 260.00− 320.00 320.00 − 320.00 280.00− 320.00 − 200.00− 240.00 240.00− 260.00240.00− 260.00
weekly_03_2025_Eng.txt,vegetable,Unknown,Leafy Vegetable
weekly_03_2025_Eng.txt,coconut,Unknown,Coconut
weekly_03_2025_Eng.txt,rice,Unknown,Annex 02 - Colombo Markets: Retail Prices of Vegetables (Rs/kg) and Coconut (Rs/nut)
weekly_03_2025_Eng.txt,fruit,Unknown,Other Fruits
weekly_03_2025_Eng.txt,coconut,Unknown,King Coconut 180.00− 220.00 200.00− 220.00180.00− 200.00 200.00− 220.00160.00− 180.00180.00− 200.00160.00− 160.00 180.00− 200.00 180.00−200.00
weekly_03_2025_Eng.txt,rice,Unknown,Annex 03 - Colombo Markets: Retail Prices of Fruits (Rs/fruit)
weekly_03_2025_Eng.txt,fish,Unknown,Sea Fish
weekly_03_2025_Eng.txt,egg,Unknown,30 Eggs (Rs/egg)
weekly_03_2025_Eng.txt,fish,Unknown,Dried Fish
weekly_03_2025_Eng.txt,chicken,Unknown,Chicken (Broiler) 1100.00−1100.001020.00−1020.001100.00−1100.001160.00−1160.001000.00−1000.001100.00−1100.001000.00−1000.001120.00−1150.001060.00−1060.00
weekly_03_2025_Eng.txt,chicken,Unknown,Chicken (Curry) 1200.00−1200.001000.00−1000.001000.00−1000.001000.00−1000.001000.00−1000.001000.00−1000.001000.00−1000.001120.00−1120.001060.00−1060.00
weekly_03_2025_Eng.txt,rice,Unknown,Annex 04 - Colombo Markets: Retail Prices of Sea Fish and Dried Fish (Rs/kg)
weekly_03_2025_Eng.txt,rice,Unknown,Rice - (white Kekulu - normal ) 361 9.88 1.52 - 0.03 0.09 10.67 - 6.94 26.29 1.22 1.5
weekly_03_2025_Eng.txt,rice,Unknown,Rice - (white Kekulu Samba) 355 8.81 1.53 - 0.03 0.09 8.11 - 9.82 30.48 0.92 1.7
weekly_03_2025_Eng.txt,rice,Unknown,Rice - ( Red Kekulu - normal ) 366 8.64 2.12 - 0.05 0.1 8.39 - 4.73 31.7 0.88 1.84
weekly_03_2025_Eng.txt,rice,Unknown,Rice -Samba 369 6.86 2.45 - 0.05 0.13 12.79 - 8.71 37.26 1.18 1.49
weekly_03_2025_Eng.txt,rice,Unknown,Rice - Nadu White 366 7.76 1.48 - 0.03 0.12 9.35 - 4.57 20.1 0.64 1.61
weekly_03_2025_Eng.txt,onion,Unknown,Onion
weekly_03_2025_Eng.txt,onion,Unknown,Big onions 48 1.67 0.24 0.16 0.01 0.1 32.99 7.58 14.82 16.94 0.45 0.25
weekly_03_2025_Eng.txt,onion,Unknown,Red onions 55 2.13 0.15 0.18 0.02 0.13 30.15 14.26 20.37 19.32 0.31 0.28
weekly_03_2025_Eng.txt,potato,Unknown,Potatoes 71 1.67 0.25 0.01 0.09 14.31 20.5 9.83 23.84 0.46 0.29
weekly_03_2025_Eng.txt,dhal,Unknown,Red Dhal 319 23.09 0.77 1.06 1.6 0.22 55 NA 41.27 66.63 7.45 3.34
weekly_03_2025_Eng.txt,vegetable,Unknown,Vegetables
weekly_03_2025_Eng.txt,rice,Unknown,Rice
weekly_03_2025_Eng.txt,egg,Unknown,Brinjal (Chinese eggplant) 24 1.28 0.33 16.83 0.12 0.11 32.94 3.37 14.4 21.18 0.28 0.16
weekly_03_2025_Eng.txt,egg,Unknown,Thalana batu (Thai eggplant) 21 1.45 0.26 18.33 0.11 0.09 31.18 2.71 17.24 37.22 0.37 0.24
weekly_03_2025_Eng.txt,coconut,Unknown,Coconuts nuts 390 3.67 39.92 - 0.05 0.11 14.86 -
weekly_03_2025_Eng.txt,potato,Unknown,Sweet potato 108 1.27 0.33 NA 0.04 0.09 14.44 22.2 28.93 21.05 0.51 0.14
weekly_03_2025_Eng.txt,vegetable,Unknown,Leafy Vegetables
weekly_03_2025_Eng.txt,onion,Unknown,Onion leaves 27 2.01 0.26 NA 0.04 0.18 56.8 23.38 35.21 74.95 3.15 0.77
weekly_03_2025_Eng.txt,fruit,Unknown,Jackfruit pods 25 2.14 0.34 NA 0.03 0.04 30.7 24.77 37.32 26.08 0.3 0.17
weekly_03_2025_Eng.txt,fruit,Unknown,Jackfruit seeds 77 5.66 0.44 NA 0.02 0.08 58.91 15.24 40.87 50.14 0.52 0.42
weekly_03_2025_Eng.txt,chicken,Unknown,Chicken 176 23.14 9.24 6.88 0.07 0.49 10.09 - 15.06 20.18 0.75 0.64
weekly_03_2025_Eng.txt,fish,Unknown,Fish
weekly_03_2025_Eng.txt,fish,Unknown,Cuttle fish 76 16.82 0.93 1.93 0.02 0.04 6.22 8.73 35.46 0.62 1.3
weekly_03_2025_Eng.txt,fish,Unknown,Dried Fish
weekly_03_2025_Eng.txt,egg,Unknown,Eggs
weekly_03_2025_Eng.txt,egg,Unknown,Hen eggs (Country) 170 13.14 13 208 0.08 0.18 54.6 50.14 11.04 1.64 1.12
weekly_03_2025_Eng.txt,egg,Unknown,Hen eggs (Table) 135 13.55 9.03 200 0.19 0.19 49.46 63.3 12 2.39 1.73
weekly_03_2025_Eng.txt,egg,Unknown,Quail eggs 153 12.39 11.46 153 0.11 0.17 54.86 60.67 11.21 2.55 1.51
weekly_03_2025_Eng.txt,fruit,Unknown,Fruits
weekly_03_2025_Eng.txt,rice,Unknown,Price Collecting Areas
weekly_09_2025_Eng.txt,vegetable,Unknown,Vegetables
weekly_09_2025_Eng.txt,coconut,Unknown,Coconut
weekly_09_2025_Eng.txt,rice,Unknown,Paddy/ Rice
weekly_09_2025_Eng.txt,rice,Increase,Prices of both large and small nuts have increased and the
weekly_09_2025_Eng.txt,rice,Unknown,prices ranged Rs.220.00 -240.00 for large nuts and Rs.180.00 -
weekly_09_2025_Eng.txt,onion,Unknown,Stocks of imported red onion and big onion were available in
weekly_09_2025_Eng.txt,rice,Decrease,the market and the prices of both types have decreased further.
weekly_09_2025_Eng.txt,rice,Unknown,Prices ranged between Rs.350.00 -600.00/kg for red onion and
weekly_09_2025_Eng.txt,onion,Unknown,Rs.150.00-240.00/kg for big onion in Colombo and suburb
weekly_09_2025_Eng.txt,rice,Unknown,markets. Prices of both Nuwara Eliya and imported potatoes
weekly_09_2025_Eng.txt,rice,Increase,"have increased. Further, the prices of white cowpea,"
weekly_09_2025_Eng.txt,rice,Decrease,red cowpea and red dhal have decreased while the price of
weekly_09_2025_Eng.txt,rice,Decrease,Retail prices of most of the vegetables have decreased.
weekly_09_2025_Eng.txt,rice,Decrease,"Considering the up-country varieties, the highest price decrease"
weekly_09_2025_Eng.txt,rice,Decrease,"low country varieties, the highest price decrease was reported"
weekly_09_2025_Eng.txt,rice,Unknown,Retail prices of all the rice varieties except for nadu grade I and
weekly_09_2025_Eng.txt,rice,Increase,raw red have increased. The highest price increase was noted
weekly_09_2025_Eng.txt,rice,Unknown,for keeri samba and the price ranged Rs.265.00 -300.00/kg.
weekly_09_2025_Eng.txt,rice,Unknown,Prices of other varieties ranged between Rs.240.00 -260.00/kg
weekly_09_2025_Eng.txt,rice,Unknown,Rs.230.00-260.00/kg for raw red and white rice in Colombo
weekly_09_2025_Eng.txt,rice,Unknown,and suburb markets. Average farmgate prices of most of the
weekly_09_2025_Eng.txt,rice,Unknown,Rice
weekly_09_2025_Eng.txt,rice,Increase,Price of keeri samba has increased by 3%
weekly_09_2025_Eng.txt,rice,Unknown,the market and the price ranged Rs.260.00-
weekly_09_2025_Eng.txt,rice,Unknown,270.00/kg. Prices of all the other local rice
weekly_09_2025_Eng.txt,rice,Unknown,Average prices of raw red and
weekly_09_2025_Eng.txt,rice,Unknown,Imported rice varieties were also available
weekly_09_2025_Eng.txt,rice,Unknown,prices
weekly_09_2025_Eng.txt,rice,Unknown,wholesale prices of most of the rice
weekly_09_2025_Eng.txt,rice,Increase,varieties have seen price increased with the
weekly_09_2025_Eng.txt,rice,Increase,highest price increase of 27% for raw red.
weekly_09_2025_Eng.txt,rice,Unknown,Prices of keeri samba and imported ponni
weekly_09_2025_Eng.txt,rice,Unknown,The retail prices of all the types of local rice
weekly_09_2025_Eng.txt,rice,Increase,price increase of Rs.16.00/kg was recorded
weekly_09_2025_Eng.txt,rice,Unknown,for keeri samba. The retail prices of all the
weekly_09_2025_Eng.txt,rice,Unknown,type of imported rice varieties have not
weekly_09_2025_Eng.txt,rice,Increase,the highest price increase of 21% was
weekly_09_2025_Eng.txt,rice,Unknown,recorded for local raw red and the highest price
weekly_09_2025_Eng.txt,rice,Unknown,The average farm gate prices of most of the
weekly_09_2025_Eng.txt,rice,Unknown,"Accordingly, the average prices of keeri"
weekly_09_2025_Eng.txt,rice,Decrease,"However, it was also reported price decline"
weekly_09_2025_Eng.txt,rice,Unknown,13.00/kg. The prices for keeri samba paddy
weekly_09_2025_Eng.txt,rice,Unknown,"Further, the average farm gate price of"
weekly_09_2025_Eng.txt,rice,Unknown,Rs.4.00/kg in Ampara while the price has
weekly_09_2025_Eng.txt,rice,Unknown,Kurunegala areas. Prices for short grain
weekly_09_2025_Eng.txt,rice,Unknown,"140.00/kg. Subsequently, a slight price"
weekly_09_2025_Eng.txt,rice,Decrease,Rs.5.00/kg price decrease in Polonnaruwa
weekly_09_2025_Eng.txt,rice,Unknown,area. Prices ranged between Rs.109.00-
weekly_09_2025_Eng.txt,rice,Unknown,"130.00/kg. Furthermore, the price of long"
weekly_09_2025_Eng.txt,rice,Unknown,Prices ranged between Rs.120.00-
weekly_09_2025_Eng.txt,rice,Unknown,average prices of all the paddy varieties
weekly_09_2025_Eng.txt,rice,Decrease,price of keeri samba paddy has decreased
weekly_09_2025_Eng.txt,rice,Unknown,Price of imported dried chilies has not
weekly_09_2025_Eng.txt,rice,Increase,increased significantly and the price
weekly_09_2025_Eng.txt,rice,Unknown,current wholesale price of imported dried
weekly_09_2025_Eng.txt,rice,Increase,"In line with increased wholesale price, the"
weekly_09_2025_Eng.txt,rice,Unknown,retail price of imported dried chilies has
weekly_09_2025_Eng.txt,rice,Increase,increased by Rs.5.00/kg and the price ranged
weekly_09_2025_Eng.txt,rice,Unknown,the current retail price of imported dried
weekly_09_2025_Eng.txt,onion,Unknown,Onion
weekly_09_2025_Eng.txt,rice,Decrease,Price of imported red onion has decreased
weekly_09_2025_Eng.txt,rice,Unknown,stocks and the price ranged Rs.200.00-
weekly_09_2025_Eng.txt,onion,Unknown,250.00/kg. Sinan red onion was also
weekly_09_2025_Eng.txt,rice,Unknown,available at the market and the price ranged
weekly_09_2025_Eng.txt,rice,Unknown,Rs.150.00-200.00/kg. Price of imported
weekly_09_2025_Eng.txt,rice,Decrease,big onion has decreased by 3% and price
weekly_09_2025_Eng.txt,rice,Unknown,current wholesale price of imported red
weekly_09_2025_Eng.txt,onion,Increase,onion has increased by 1% while imported
weekly_09_2025_Eng.txt,onion,Decrease,big onion has decreased by 69%.
weekly_09_2025_Eng.txt,rice,Unknown,Retail prices of imported red onion an d
weekly_09_2025_Eng.txt,onion,Decrease,imported big onion have decreased by
weekly_09_2025_Eng.txt,rice,Unknown,the current retail price of imported red onion
weekly_09_2025_Eng.txt,onion,Decrease,onion has decreased by 59%.
weekly_09_2025_Eng.txt,potato,Unknown,Potato
weekly_09_2025_Eng.txt,rice,Increase,Price of Nuwara Eliya potato has increased
weekly_09_2025_Eng.txt,rice,Unknown,stocks and the price ranged Rs.350.00-
weekly_09_2025_Eng.txt,rice,Unknown,400.00/kg. Price of imported potato has
weekly_09_2025_Eng.txt,rice,Increase,increased by 2% and the price ranged
weekly_09_2025_Eng.txt,rice,Unknown,current wholesale prices of Nuwara Eliya
weekly_09_2025_Eng.txt,potato,Increase,and imported potatoes have increased by
weekly_09_2025_Eng.txt,rice,Increase,"In line with increased wholesale prices, the"
weekly_09_2025_Eng.txt,rice,Unknown,retail prices of all the types of potatoes have
weekly_09_2025_Eng.txt,rice,Increase,"increased. Among those, highest price"
weekly_09_2025_Eng.txt,potato,Unknown,Nuwara Eliya potato.
weekly_09_2025_Eng.txt,rice,Unknown,the current retail prices of all the types of
weekly_09_2025_Eng.txt,rice,Increase,potato have increased with the highest price
weekly_09_2025_Eng.txt,potato,Unknown,potatoes.
weekly_09_2025_Eng.txt,rice,Increase,Price of green gram has increased by 2%
weekly_09_2025_Eng.txt,rice,Unknown,and the price ranged Rs.550.00-700.00/kg.
weekly_09_2025_Eng.txt,rice,Decrease,Price of red cowpea has decreased by 2%
weekly_09_2025_Eng.txt,rice,Unknown,and the price ranged Rs.450.00-600.00/kg.
weekly_09_2025_Eng.txt,rice,Unknown,Prices of white cowpea and red dhal have
weekly_09_2025_Eng.txt,rice,Unknown,average prices were Rs.660.00/kg and
weekly_09_2025_Eng.txt,rice,Unknown,the current wholesale prices of all the pulse
weekly_09_2025_Eng.txt,rice,Unknown,Retail prices of all the types of pulses except
weekly_09_2025_Eng.txt,rice,Decrease,"those, the highest price decrease of"
weekly_09_2025_Eng.txt,rice,Increase,The retail price of green gram has increased
weekly_09_2025_Eng.txt,rice,Unknown,by Rs.9.00/kg and the price ranged
weekly_09_2025_Eng.txt,rice,Unknown,the current retail prices of all the types of
weekly_09_2025_Eng.txt,rice,Decrease,pulses have decreased with the highest price
weekly_09_2025_Eng.txt,vegetable,Unknown,Vegetable
weekly_09_2025_Eng.txt,rice,Unknown,Prices of most of the vegetables have
weekly_09_2025_Eng.txt,rice,Unknown,Prices of most of the upcountry vegetables
weekly_09_2025_Eng.txt,rice,Unknown,"prices of radish, knolkhol, and carrot have"
weekly_09_2025_Eng.txt,rice,Unknown,"However, the prices of beetroot, leeks and"
weekly_09_2025_Eng.txt,rice,Unknown,"3%-6%. Further, price of tomato has"
weekly_09_2025_Eng.txt,rice,Unknown,from Kandy area and the price of capsicum
weekly_09_2025_Eng.txt,vegetable,Unknown,"Considering the low-country vegetables,"
weekly_09_2025_Eng.txt,rice,Unknown,the prices of most of the vegetables
weekly_09_2025_Eng.txt,rice,Decrease,experienced price decrease. A significant
weekly_09_2025_Eng.txt,rice,Decrease,price decrease was recorded for brinjal
weekly_09_2025_Eng.txt,rice,Unknown,"the prices of pumpkin, ash plantain and"
weekly_09_2025_Eng.txt,rice,Unknown,"of 2%-8%. However, the prices of snake"
weekly_09_2025_Eng.txt,rice,Unknown,"addition, the price of green chilies has"
weekly_09_2025_Eng.txt,rice,Decrease,decreased by 17% while price of lime has
weekly_09_2025_Eng.txt,rice,Unknown,wholesale prices of most of the vegetables
weekly_09_2025_Eng.txt,rice,Unknown,Retail prices of most of the vegetable
weekly_09_2025_Eng.txt,rice,Unknown,downward wholesale price trend. Among
weekly_09_2025_Eng.txt,vegetable,Unknown,"the up-country vegetables, the highest"
weekly_09_2025_Eng.txt,rice,Decrease,price decrease was reported for carrots
weekly_09_2025_Eng.txt,vegetable,Unknown,Considering the low-country vegetable
weekly_09_2025_Eng.txt,rice,Unknown,"varieties, the price of capsicum"
weekly_09_2025_Eng.txt,rice,Decrease,showed a significant price decrease
weekly_09_2025_Eng.txt,rice,Decrease,(Rs.125.00/kg) showed a price decrease
weekly_09_2025_Eng.txt,rice,Unknown,compared to last week but a 69 % price
weekly_09_2025_Eng.txt,rice,Increase,the price of lime has increased by
weekly_09_2025_Eng.txt,rice,Unknown,"last year, the current retail prices of most of"
weekly_09_2025_Eng.txt,rice,Unknown,notable price drop was reported for
weekly_09_2025_Eng.txt,coconut,Unknown,Coconut
weekly_09_2025_Eng.txt,rice,Unknown,Prices of both large and small nuts have
weekly_09_2025_Eng.txt,rice,Decrease,decreased by 1%. Price ranges were
weekly_09_2025_Eng.txt,rice,Unknown,the current wholesale prices of large and
weekly_09_2025_Eng.txt,rice,Unknown,Prices of large and small nuts showed a
weekly_09_2025_Eng.txt,rice,Unknown,"Rs.3.00/nut, respectively. Price ranges"
weekly_09_2025_Eng.txt,rice,Unknown,current retail prices of large and small nuts
weekly_09_2025_Eng.txt,fruit,Unknown,Fruits
weekly_09_2025_Eng.txt,rice,Unknown,Prices of most of the fruit varieties have
weekly_09_2025_Eng.txt,rice,Increase,The highest price increase was reported as
weekly_09_2025_Eng.txt,rice,Unknown,limited stocks and high demand. Prices of
weekly_09_2025_Eng.txt,rice,Increase,Price of vilad mango has increased by 15%
weekly_09_2025_Eng.txt,rice,Unknown,while the price of karthakolomban has
weekly_09_2025_Eng.txt,rice,Decrease,decreased by 20%. Price of wood apple has
weekly_09_2025_Eng.txt,rice,Unknown,the current wholesale prices of most of the
weekly_09_2025_Eng.txt,rice,Increase,fruits have increased with the highest price
weekly_09_2025_Eng.txt,rice,Increase,"In line with the increased wholesale prices,"
weekly_09_2025_Eng.txt,rice,Unknown,the retail prices of most of the fruits have
weekly_09_2025_Eng.txt,rice,Increase,also increased. The highest price
weekly_09_2025_Eng.txt,rice,Unknown,"prices of imported grapes, orange (local),"
weekly_09_2025_Eng.txt,fruit,Unknown,"Rs.25.00/kg, Rs.18.00/fruit, Rs.16.00/kg"
weekly_09_2025_Eng.txt,fruit,Unknown,and Rs.15.00/fruit.
weekly_09_2025_Eng.txt,rice,Unknown,"However, the price of mango"
weekly_09_2025_Eng.txt,rice,Unknown,"Rs.148.00/fruit. In addition, the price of"
weekly_09_2025_Eng.txt,fruit,Decrease,passion fruit has also decreased by
weekly_09_2025_Eng.txt,fruit,Unknown,Rs.6.00/fruit.
weekly_09_2025_Eng.txt,rice,Unknown,the current retail prices of most of the fruit
weekly_09_2025_Eng.txt,rice,Increase,price increase of 68% reported for king
weekly_09_2025_Eng.txt,coconut,Unknown,coconut.
weekly_09_2025_Eng.txt,fish,Unknown,Fresh Fish
weekly_09_2025_Eng.txt,rice,Unknown,Wholesale prices of most of the fresh fish
weekly_09_2025_Eng.txt,rice,Increase,supply. The highest price increase of 43%
weekly_09_2025_Eng.txt,rice,Increase,"areas. Price increase of 20%, 17% and 11%"
weekly_09_2025_Eng.txt,rice,Decrease,"However, a price decrease of 9% was noted"
weekly_09_2025_Eng.txt,rice,Unknown,Prices of other fresh fish verities have not
weekly_09_2025_Eng.txt,rice,Unknown,the current wholesale prices of most of the
weekly_09_2025_Eng.txt,fish,Increase,fresh fish types have increased with the
weekly_09_2025_Eng.txt,rice,Increase,highest price increase of 40% noted for
weekly_09_2025_Eng.txt,rice,Unknown,Prices of all the fish varieties except
weekly_09_2025_Eng.txt,rice,Increase,increased and the highest price increase
weekly_09_2025_Eng.txt,rice,Increase,Price increase of kelawalla and salaya were
weekly_09_2025_Eng.txt,rice,Decrease,Rs.135.00/kg respectively. Price decrease
weekly_09_2025_Eng.txt,rice,Unknown,the current retail prices of most of the fish
weekly_09_2025_Eng.txt,rice,Decrease,price decrease recorded for thalapath as
weekly_09_2025_Eng.txt,rice,Increase,15%. The highest price increase was
weekly_09_2025_Eng.txt,fish,Unknown,Dried Fish
weekly_09_2025_Eng.txt,rice,Unknown,Prices of most of the dried fish types have
weekly_09_2025_Eng.txt,rice,Increase,dried fish. A price increase of 5% was
weekly_09_2025_Eng.txt,rice,Decrease,"However, a price decrease of 5% was noted"
weekly_09_2025_Eng.txt,rice,Unknown,Negombo and Beruwala areas. Prices of
weekly_09_2025_Eng.txt,fish,Unknown,other dried fish verities have not changed
weekly_09_2025_Eng.txt,rice,Unknown,the current wholesale prices of most of the
weekly_09_2025_Eng.txt,fish,Decrease,dried fish types have decreased with the
weekly_09_2025_Eng.txt,rice,Decrease,highest price decrease of 34% noted for
weekly_09_2025_Eng.txt,rice,Unknown,Prices of all the dry fish varieties except
weekly_09_2025_Eng.txt,rice,Increase,highest price increase was recorded for
weekly_09_2025_Eng.txt,rice,Increase,highest price increase was recorded for
weekly_09_2025_Eng.txt,rice,Decrease,local Sprats by Rs.68.00/kg. Price decrease
weekly_09_2025_Eng.txt,rice,Unknown,the retail prices of most of the dried fish
weekly_09_2025_Eng.txt,rice,Decrease,price decrease recorded for local sprats by
weekly_09_2025_Eng.txt,rice,Increase,21%. The highest price increase was
weekly_09_2025_Eng.txt,egg,Unknown,Eggs
weekly_09_2025_Eng.txt,rice,Unknown,Prices of both brown and white eggs have
weekly_09_2025_Eng.txt,rice,Increase,increased by 4% and their prices
weekly_09_2025_Eng.txt,egg,Unknown,ranged Rs.27.50-33.00/egg and Rs.25.50-
weekly_09_2025_Eng.txt,egg,Unknown,29.00/egg respectively.
weekly_09_2025_Eng.txt,rice,Unknown,the current wholesale prices of both brown
weekly_09_2025_Eng.txt,egg,Decrease,and white eggs have decreased by 49% and
weekly_09_2025_Eng.txt,rice,Unknown,Prices of both brown and white eggs have
weekly_09_2025_Eng.txt,rice,Unknown,not changed significantly and the prices
weekly_09_2025_Eng.txt,egg,Unknown,ranged Rs.28.00-Rs.35.00 for white eggs
weekly_09_2025_Eng.txt,egg,Unknown,and Rs.30.00-36.00 for brown eggs. The
weekly_09_2025_Eng.txt,rice,Unknown,average price of the white and brown egg
weekly_09_2025_Eng.txt,rice,Unknown,the current retail prices of both eg g
weekly_09_2025_Eng.txt,rice,Unknown,Prices of both beef and pork have remained
weekly_09_2025_Eng.txt,rice,Increase,price increase was recorded for broiler
weekly_09_2025_Eng.txt,rice,Increase,chicken by Rs.58.00/kg. Price increase of
weekly_09_2025_Eng.txt,chicken,Unknown,curry chicken and mutton have recorded as
weekly_09_2025_Eng.txt,rice,Unknown,the current price of mutton and beef have
weekly_09_2025_Eng.txt,rice,Increase,increased by 10% and the price of curry
weekly_09_2025_Eng.txt,chicken,Decrease,chicken has decreased by 11%.
weekly_09_2025_Eng.txt,rice,Unknown,to wholesale and retail prices of selected
weekly_09_2025_Eng.txt,rice,Unknown,"as prevailing prices, price ranges, averages,"
weekly_09_2025_Eng.txt,rice,Unknown,and a comparison of weekly prices. The
weekly_09_2025_Eng.txt,rice,Unknown,changes in prices reported are always with
weekly_09_2025_Eng.txt,rice,Unknown,price prevailed during the previous week
weekly_09_2025_Eng.txt,rice,Unknown,"price information is twice a week ( i.e.,"
weekly_09_2025_Eng.txt,rice,Unknown,"prices, it is thrice a week ( i.e., Friday,"
weekly_09_2025_Eng.txt,rice,Unknown,Rice VarietiesLOCATIONS
weekly_09_2025_Eng.txt,rice,Unknown,Table 01: Selected Markets:Wholesale Price of Rice (Rs/50kg bag)
weekly_09_2025_Eng.txt,rice,Unknown,Table 02: Selected Markets: Retail Price of Rice (Rs/kg)
weekly_09_2025_Eng.txt,rice,Unknown,LOCATIONS Rice Varieties
weekly_09_2025_Eng.txt,dhal,Unknown,Green Gram Cowpea Red Dhal
weekly_09_2025_Eng.txt,rice,Unknown,Table 04: Selected Markets:Wholesale Price of Subsidiary Food (Rs/50kg)
weekly_09_2025_Eng.txt,onion,Unknown,Dried Chillies Red Onion Big Onion PotatoLOCATION Imported Imported Local Imported
weekly_09_2025_Eng.txt,rice,Unknown,Table 05: Selected Markets: Retail Price of Subsidiary Food Crops (Rs/kg)
weekly_09_2025_Eng.txt,onion,Unknown,Dried Chillies Red Onion Big Onion Potato Pulses
weekly_09_2025_Eng.txt,dhal,Unknown,Green Gram Cowpea Red Dhal
weekly_09_2025_Eng.txt,rice,Unknown,Table 06: Selected Markets: Wholesale Price of Vegetables(Rs/kg)
weekly_09_2025_Eng.txt,rice,Unknown,"Colombo, Meegoda, Norochchole, Jaffna,Dambulla and Kandy - Gotukola Price Rs/Kg"
weekly_09_2025_Eng.txt,vegetable,Unknown,Leafy Vegetables (Rs/bundle)
weekly_09_2025_Eng.txt,coconut,Unknown,Coconut (Rs/nut)
weekly_09_2025_Eng.txt,potato,Unknown,ManiocLong Beans Ash Plantain Green Chillies Lime Sweet Potatoe
weekly_09_2025_Eng.txt,rice,Unknown,Table 07: Selected Markets: Retail Price of Vegetables (Rs/kg)
weekly_09_2025_Eng.txt,potato,Unknown,Ash Plantain Green Chillies Lime Sweet Potato Large Small
weekly_09_2025_Eng.txt,vegetable,Unknown,Low Country Varieties Leafy Vegetable Coconut (Rs/nut)
weekly_09_2025_Eng.txt,rice,Unknown,Table 08: Selected Markets: Retail Price of Fruits (Rs/each & Rs/kg)
weekly_09_2025_Eng.txt,fruit,Unknown,Mango Other Fruits
weekly_09_2025_Eng.txt,coconut,Unknown,Passion Avocado Slime Apple Grapes (Rs/kg) King CoconutWood Apple Orange
weekly_09_2025_Eng.txt,fish,Unknown,Sea Fish Eggs
weekly_09_2025_Eng.txt,rice,Unknown,Table 09: Selected Markets: Wholesale Price of Fresh Fish & Eggs (Rs/kg & Rs/egg)
weekly_09_2025_Eng.txt,fish,Unknown,Sea FishLocations
weekly_09_2025_Eng.txt,rice,Unknown,Table 10: Selected Markets: Wholesale Price of Dried Fish (Rs/50kg)
weekly_09_2025_Eng.txt,fish,Unknown,Local Dried Fish
weekly_09_2025_Eng.txt,fish,Unknown,Local Dried Fish Imported Dried Fish
weekly_09_2025_Eng.txt,fish,Unknown,Imported Dried Fish
weekly_09_2025_Eng.txt,rice,Unknown,Table 11: Selected Markets: Retail Price of Fresh Fish & Eggs (Rs/kg & Rs/eggs)
weekly_09_2025_Eng.txt,fish,Unknown,Sea Fish EggsLOCATIONS
weekly_09_2025_Eng.txt,rice,Unknown,Table 12: Selected Markets: Retail Price of Dried Fish (Rs/kg)
weekly_09_2025_Eng.txt,fish,Unknown,Dried FishLOCATIONS Sprats-Imported Kattawa Thora Mora Balaya
weekly_09_2025_Eng.txt,rice,Unknown,Table 13: Selected Markets: Retail Price of Meat (Rs/kg)
weekly_09_2025_Eng.txt,chicken,Unknown,Meat Meat (Chicken) Meat
weekly_09_2025_Eng.txt,rice,Unknown,Rice Coconut
weekly_09_2025_Eng.txt,fruit,Unknown,Keeri Samba 260.00−270.00265.00257.50320.00 2.91 -17.19Fruits (Rs/fruit)
weekly_09_2025_Eng.txt,fruit,Unknown,Raw (Red) − Passion Fruit 90.00− 130.00 107.50 118.89104.29 -9.58 3.08
weekly_09_2025_Eng.txt,onion,Unknown,Onion Mango
weekly_09_2025_Eng.txt,onion,Unknown,Big Onion Kohu −
weekly_09_2025_Eng.txt,potato,Unknown,Potato Orange 40.00− 50.00 43.75 40.63 42.78 7.69 2.27
weekly_09_2025_Eng.txt,coconut,Unknown,Pulses King Coconut 180.00− 250.00 215.00 228.75130.00 -6.01 65.38
weekly_09_2025_Eng.txt,fish,Unknown,Cowpea (White) 600.00−700.00660.00663.33771.67 -0.50 -14.47Sea Fish
weekly_09_2025_Eng.txt,dhal,Unknown,Red Dhal 260.00−265.00262.86263.33295.00 -0.18 -10.90Hurulla 750.00− 850.00 800.00 723.85598.00 10.52 33.78
weekly_09_2025_Eng.txt,vegetable,Unknown,Vegetable Balaya 600.00− 700.00 675.83 706.67588.00 -4.36 14.94
weekly_09_2025_Eng.txt,egg,Unknown,Raddish 60.00−100.00 84.00 96.00108.00 -12.50 -22.22Eggs
weekly_09_2025_Eng.txt,fish,Unknown,Ladies Fingers 150.00−230.00166.67172.00166.00 -3.10 0.40Dried Fish
weekly_09_2025_Eng.txt,potato,Unknown,Sweet Potato 120.00−150.00134.00137.00138.00 -2.19 -2.90Maduwa (Imported) −
weekly_09_2025_Eng.txt,vegetable,Unknown,Leafy Vegetable Koduwa (Imported) −
weekly_09_2025_Eng.txt,rice,Unknown,Table 14: Colombo: Wholesale Prices (Rs/kg or Rs/piece)
weekly_09_2025_Eng.txt,rice,Unknown,Average Price Change Compared to
weekly_09_2025_Eng.txt,rice,Unknown,Average Price
weekly_09_2025_Eng.txt,rice,Unknown,Rice Coconut
weekly_09_2025_Eng.txt,fruit,Unknown,Keeri Samba 265.00− 300.00280.52 265.00375.83 15.52-25.36Fruits (Rs/fruit)
weekly_09_2025_Eng.txt,fruit,Unknown,Raw (Red) − Passion Fruit 120.00− 200.00151.25156.92 147.27 -5.67 2.70
weekly_09_2025_Eng.txt,onion,Unknown,Onion Mango
weekly_09_2025_Eng.txt,onion,Unknown,Big Onion Kohu −
weekly_09_2025_Eng.txt,potato,Unknown,Potato Orange 60.00− 120.00 97.38 79.74 74.21 17.64 31.21
weekly_09_2025_Eng.txt,coconut,Unknown,Pulses King Coconut 230.00− 300.00261.67259.52 155.83 2.14 67.91
weekly_09_2025_Eng.txt,fish,Unknown,Cowpea (White) 700.00− 900.00817.60 838.081218.52-20.48-32.90Sea Fish
weekly_09_2025_Eng.txt,dhal,Unknown,Red Dhal 280.00− 320.00297.97 300.28338.39 -2.30-11.94Hurulla 950.00−1100.001030.00980.00 943.81 50.00 9.13
weekly_09_2025_Eng.txt,vegetable,Unknown,Vegetable Balaya 680.00− 750.00708.89990.00 668.33-281.11 6.07
weekly_09_2025_Eng.txt,egg,Unknown,Raddish 100.00− 340.00232.59 234.29265.77 -1.69-12.48Eggs
weekly_09_2025_Eng.txt,fish,Unknown,Ladies Fingers 240.00− 400.00322.41 330.71330.00 -8.30 -2.30Dried Fish
weekly_09_2025_Eng.txt,chicken,Unknown,Root Crops Chicken (Broiler) 1050.00−1300.001174.671117.141224.55 57.52 -4.07
weekly_09_2025_Eng.txt,potato,Unknown,Sweet Potato 150.00− 340.00265.38 284.67294.23-19.28 -9.80Chicken (Curry) 1000.00−1350.001168.571151.821313.64 16.75 -11.04
weekly_09_2025_Eng.txt,vegetable,Unknown,Leafy Vegetable Pork 1300.00−1300.001300.001300.001275.00 0.00 1.96
weekly_09_2025_Eng.txt,rice,Unknown,Table 15: Colombo &Suburbs: Retail Prices (Rs/kg or Rs/piece)
weekly_09_2025_Eng.txt,rice,Unknown,Average Price Change Compared to
weekly_09_2025_Eng.txt,rice,Unknown,Average Price Change Compared to
weekly_09_2025_Eng.txt,vegetable,Unknown,Paddy Vegetable (Up Country) Snake Gourd
weekly_09_2025_Eng.txt,onion,Unknown,Red Onion Badulla − Long Beans
weekly_09_2025_Eng.txt,onion,Unknown,Big Onion Welimada 170.00−180.00 174.00Embilipitiya 120.00−130.00125.00
weekly_09_2025_Eng.txt,potato,Unknown,Potato Hambantota −
weekly_09_2025_Eng.txt,vegetable,Unknown,N'Eliya 270.00−290.00278.00Vegetable (Low Country) Embilipitiya 70.00−80.00 75.00
weekly_09_2025_Eng.txt,fruit,Unknown,Moneragala 480.00−520.00496.00Brinjal Fruits (Rs/kg)
weekly_09_2025_Eng.txt,rice,Unknown,Table 16: Farmgate/Producer Prices of Food Commodities in Selected Producing Areas (Rs/kg)
weekly_09_2025_Eng.txt,rice,Unknown,PriceCOMMODITY Range Average
weekly_09_2025_Eng.txt,rice,Unknown,Price COMMODITY Range Average
weekly_09_2025_Eng.txt,rice,Unknown,Price COMMODITY
weekly_09_2025_Eng.txt,rice,Unknown,Rice
weekly_09_2025_Eng.txt,onion,Unknown,Red Onion
weekly_09_2025_Eng.txt,onion,Unknown,Big Onion
weekly_09_2025_Eng.txt,potato,Unknown,Potato
weekly_09_2025_Eng.txt,dhal,Unknown,Red Dhal 280.00− 300.00 290.00− 320.00 280.00− 320.00300.00− 320.00290.00− 320.00280.00− 300.00280.00− 320.00300.00− 320.00 300.00− 320.00
weekly_09_2025_Eng.txt,rice,Unknown,Annex 01 - Colombo Markets: Retail Prices of Rice and Subsidiary Food Crops (Rs/kg) Week 09: 28 Feb - 06 Mar 2025
weekly_09_2025_Eng.txt,vegetable,Unknown,Vegetable
weekly_09_2025_Eng.txt,potato,Unknown,Sweet Potato 150.00− 180.00 320.00− 340.00 320.00− 340.00 340.00 − 340.00 260.00− 280.00 240.00− 260.00 200.00− 200.00 300.00− 320.00200.00− 200.00
weekly_09_2025_Eng.txt,vegetable,Unknown,Leafy Vegetable
weekly_09_2025_Eng.txt,coconut,Unknown,Coconut
weekly_09_2025_Eng.txt,rice,Unknown,Annex 02 - Colombo Markets: Retail Prices of Vegetables (Rs/kg) and Coconut (Rs/nut)
weekly_09_2025_Eng.txt,fruit,Unknown,Other Fruits
weekly_09_2025_Eng.txt,coconut,Unknown,King Coconut 250.00− 300.00 250.00− 250.00280.00− 280.00 250.00− 300.00230.00− 240.00250.00− 280.00230.00− 230.00 250.00− 250.00 230.00−230.00
weekly_09_2025_Eng.txt,rice,Unknown,Annex 03 - Colombo Markets: Retail Prices of Fruits (Rs/fruit)
weekly_09_2025_Eng.txt,fish,Unknown,Sea Fish
weekly_09_2025_Eng.txt,egg,Unknown,30 Eggs (Rs/egg)
weekly_09_2025_Eng.txt,fish,Unknown,Dried Fish
weekly_09_2025_Eng.txt,chicken,Unknown,Chicken (Broiler) 1050.00−1050.001250.00−1250.001250.00−1250.001250.00−1300.001100.00−1100.001100.00−1100.001100.00−1100.001120.00−1200.001120.00−1180.00
weekly_09_2025_Eng.txt,chicken,Unknown,Chicken (Curry) 1000.00−1000.001250.00−1250.001250.00−1250.001300.00−1350.001100.00−1100.001000.00−1000.001050.00−1100.001100.00−1180.001180.00−1180.00
weekly_09_2025_Eng.txt,rice,Unknown,Annex 04 - Colombo Markets: Retail Prices of Sea Fish and Dried Fish (Rs/kg)
weekly_09_2025_Eng.txt,rice,Unknown,Rice - (white Kekulu - normal ) 361 9.88 1.52 - 0.03 0.09 10.67 - 6.94 26.29 1.22 1.5
weekly_09_2025_Eng.txt,rice,Unknown,Rice - (white Kekulu Samba) 355 8.81 1.53 - 0.03 0.09 8.11 - 9.82 30.48 0.92 1.7
weekly_09_2025_Eng.txt,rice,Unknown,Rice - ( Red Kekulu - normal ) 366 8.64 2.12 - 0.05 0.1 8.39 - 4.73 31.7 0.88 1.84
weekly_09_2025_Eng.txt,rice,Unknown,Rice -Samba 369 6.86 2.45 - 0.05 0.13 12.79 - 8.71 37.26 1.18 1.49
weekly_09_2025_Eng.txt,rice,Unknown,Rice - Nadu White 366 7.76 1.48 - 0.03 0.12 9.35 - 4.57 20.1 0.64 1.61
weekly_09_2025_Eng.txt,onion,Unknown,Onion
weekly_09_2025_Eng.txt,onion,Unknown,Big onions 48 1.67 0.24 0.16 0.01 0.1 32.99 7.58 14.82 16.94 0.45 0.25
weekly_09_2025_Eng.txt,onion,Unknown,Red onions 55 2.13 0.15 0.18 0.02 0.13 30.15 14.26 20.37 19.32 0.31 0.28
weekly_09_2025_Eng.txt,potato,Unknown,Potatoes 71 1.67 0.25 0.01 0.09 14.31 20.5 9.83 23.84 0.46 0.29
weekly_09_2025_Eng.txt,dhal,Unknown,Red Dhal 319 23.09 0.77 1.06 1.6 0.22 55 NA 41.27 66.63 7.45 3.34
weekly_09_2025_Eng.txt,vegetable,Unknown,Vegetables
weekly_09_2025_Eng.txt,rice,Unknown,Rice
weekly_09_2025_Eng.txt,egg,Unknown,Brinjal (Chinese eggplant) 24 1.28 0.33 16.83 0.12 0.11 32.94 3.37 14.4 21.18 0.28 0.16
weekly_09_2025_Eng.txt,egg,Unknown,Thalana batu (Thai eggplant) 21 1.45 0.26 18.33 0.11 0.09 31.18 2.71 17.24 37.22 0.37 0.24
weekly_09_2025_Eng.txt,coconut,Unknown,Coconuts nuts 390 3.67 39.92 - 0.05 0.11 14.86 -
weekly_09_2025_Eng.txt,potato,Unknown,Sweet potato 108 1.27 0.33 NA 0.04 0.09 14.44 22.2 28.93 21.05 0.51 0.14
weekly_09_2025_Eng.txt,vegetable,Unknown,Leafy Vegetables
weekly_09_2025_Eng.txt,onion,Unknown,Onion leaves 27 2.01 0.26 NA 0.04 0.18 56.8 23.38 35.21 74.95 3.15 0.77
weekly_09_2025_Eng.txt,fruit,Unknown,Jackfruit pods 25 2.14 0.34 NA 0.03 0.04 30.7 24.77 37.32 26.08 0.3 0.17
weekly_09_2025_Eng.txt,fruit,Unknown,Jackfruit seeds 77 5.66 0.44 NA 0.02 0.08 58.91 15.24 40.87 50.14 0.52 0.42
weekly_09_2025_Eng.txt,chicken,Unknown,Chicken 176 23.14 9.24 6.88 0.07 0.49 10.09 - 15.06 20.18 0.75 0.64
weekly_09_2025_Eng.txt,fish,Unknown,Fish
weekly_09_2025_Eng.txt,fish,Unknown,Cuttle fish 76 16.82 0.93 1.93 0.02 0.04 6.22 8.73 35.46 0.62 1.3
weekly_09_2025_Eng.txt,fish,Unknown,Dried Fish
weekly_09_2025_Eng.txt,egg,Unknown,Eggs
weekly_09_2025_Eng.txt,egg,Unknown,Hen eggs (Country) 170 13.14 13 208 0.08 0.18 54.6 50.14 11.04 1.64 1.12
weekly_09_2025_Eng.txt,egg,Unknown,Hen eggs (Table) 135 13.55 9.03 200 0.19 0.19 49.46 63.3 12 2.39 1.73
weekly_09_2025_Eng.txt,egg,Unknown,Quail eggs 153 12.39 11.46 153 0.11 0.17 54.86 60.67 11.21 2.55 1.51
weekly_09_2025_Eng.txt,fruit,Unknown,Fruits
weekly_09_2025_Eng.txt,rice,Unknown,Price Collecting Areas
weekly_08_2025_Eng.txt,vegetable,Unknown,Vegetables
weekly_08_2025_Eng.txt,coconut,Unknown,Coconut
weekly_08_2025_Eng.txt,rice,Unknown,Paddy/Rice
weekly_08_2025_Eng.txt,rice,Unknown,The prices of both large and small coconuts have shown
weekly_08_2025_Eng.txt,rice,Unknown,respectively.  Price ranges were Rs.220.00 -240.00 for a large
weekly_08_2025_Eng.txt,rice,Unknown,price of imported red onion and big onion has dropped by
weekly_08_2025_Eng.txt,rice,Unknown,"Rs.40.00/kg and Rs.18.00/kg, respectively. The prices of"
weekly_08_2025_Eng.txt,potato,Unknown,Nuwara Eliya potatoes (ranging between Rs.360.00 -500.00/
weekly_08_2025_Eng.txt,rice,Unknown,"Meanwhile, the prices of mung beans and dhal have dropped"
weekly_08_2025_Eng.txt,rice,Unknown,"by Rs.10.00 and Rs 3.00/kg respectively. However, prices of"
weekly_08_2025_Eng.txt,rice,Unknown,Retail prices of both upcountry and low -country vegetable
weekly_08_2025_Eng.txt,rice,Unknown,"supplies. Among upcountry varieties, the highest price"
weekly_08_2025_Eng.txt,rice,Unknown,"Of the domestic rice varieties, retail prices of raw (white) and"
weekly_08_2025_Eng.txt,rice,Unknown,"respectively. Meanwhile, the retail prices of imported rice"
weekly_08_2025_Eng.txt,rice,Unknown,during the week. With the introduction of guaranteed price
weekly_08_2025_Eng.txt,rice,Unknown,"for paddy, by the government, prices of most types of paddy"
weekly_08_2025_Eng.txt,rice,Unknown,Rice
weekly_08_2025_Eng.txt,rice,Increase,Price of raw white has increased by 2% due
weekly_08_2025_Eng.txt,rice,Increase,to increased paddy prices. Price ranged
weekly_08_2025_Eng.txt,rice,Unknown,between Rs.215.00-225.00/kg. Prices of all
weekly_08_2025_Eng.txt,rice,Unknown,other local rice varieties have not changed
weekly_08_2025_Eng.txt,rice,Unknown,significantly. Average prices of keeri samba
weekly_08_2025_Eng.txt,rice,Unknown,Imported rice varieties was also available at
weekly_08_2025_Eng.txt,rice,Unknown,prices
weekly_08_2025_Eng.txt,rice,Unknown,of the rice varieties have seen price
weekly_08_2025_Eng.txt,rice,Increase,"increases, with the highest price increase of"
weekly_08_2025_Eng.txt,rice,Unknown,28% for raw red. Price of keeri samba has
weekly_08_2025_Eng.txt,rice,Unknown,The retail prices of local raw (white) and raw
weekly_08_2025_Eng.txt,rice,Unknown,Rs.8.00/kg respectively. The retail prices of
weekly_08_2025_Eng.txt,rice,Unknown,Imported samba and nadu prices have
weekly_08_2025_Eng.txt,rice,Increase,highest price increase of 21% was recorded
weekly_08_2025_Eng.txt,rice,Unknown,for local raw red and the highest price
weekly_08_2025_Eng.txt,rice,Unknown,Short grain (samba) paddy prices have
weekly_08_2025_Eng.txt,rice,Unknown,keeri samba paddy prices in Polonnaruwa
weekly_08_2025_Eng.txt,rice,Increase,(red) prices increased by 8% in Matara
weekly_08_2025_Eng.txt,rice,Decrease,"district. However, the highest price decrease"
weekly_08_2025_Eng.txt,rice,Unknown,the average prices of short grain (samba)
weekly_08_2025_Eng.txt,rice,Unknown,"areas. However, the average price of keeri"
weekly_08_2025_Eng.txt,rice,Unknown,The price of imported dried chillies has not
weekly_08_2025_Eng.txt,rice,Increase,increased significantly and price ranged
weekly_08_2025_Eng.txt,rice,Unknown,current wholesale price of imported dried
weekly_08_2025_Eng.txt,rice,Unknown,The retail price of imported dried chilies has
weekly_08_2025_Eng.txt,rice,Increase,increased by Rs.6.00/kg and price ranged
weekly_08_2025_Eng.txt,rice,Unknown,current retail price of imported dried chilies
weekly_08_2025_Eng.txt,onion,Unknown,Onion
weekly_08_2025_Eng.txt,rice,Unknown,Price of Imported red onion and imported
weekly_08_2025_Eng.txt,onion,Decrease,big onion have decreased by 11% and
weekly_08_2025_Eng.txt,rice,Unknown,"and price ranged Rs.220.00-320.00/kg,"
weekly_08_2025_Eng.txt,rice,Unknown,current whole sale price of imported Red
weekly_08_2025_Eng.txt,onion,Increase,onion has increased by 20% while imported
weekly_08_2025_Eng.txt,onion,Decrease,big onion has decreased by 67%
weekly_08_2025_Eng.txt,rice,Decrease,"In line with decreased wholesale prices, the"
weekly_08_2025_Eng.txt,rice,Unknown,retail price of both imported red onion and
weekly_08_2025_Eng.txt,onion,Decrease,imported big onion has  decreased by
weekly_08_2025_Eng.txt,rice,Unknown,current retail price of imported red onion has
weekly_08_2025_Eng.txt,onion,Increase,increased by 24% and imported big onion has
weekly_08_2025_Eng.txt,potato,Unknown,Potato
weekly_08_2025_Eng.txt,rice,Unknown,The Price of Nuwara Eliya potato has
weekly_08_2025_Eng.txt,rice,Decrease,decreased by 2% and price ranged
weekly_08_2025_Eng.txt,rice,Unknown,Rs.320.00-350.00/kg. Price of imported
weekly_08_2025_Eng.txt,potato,Decrease,potato has decreased by 14% due to
weekly_08_2025_Eng.txt,rice,Unknown,availability of sufficient stocks and price
weekly_08_2025_Eng.txt,rice,Unknown,current wholesale price of Nuwara Eliya
weekly_08_2025_Eng.txt,potato,Unknown,potato and imported potatoes have
weekly_08_2025_Eng.txt,rice,Unknown,The retail prices of all types of potatoes have
weekly_08_2025_Eng.txt,potato,Unknown,Eliya potato.
weekly_08_2025_Eng.txt,rice,Unknown,current retail prices of imported and Nuwara
weekly_08_2025_Eng.txt,potato,Increase,Eliya potatoes have increased by 9% and 3%
weekly_08_2025_Eng.txt,rice,Decrease,Price of Green gram has decreased by 3%
weekly_08_2025_Eng.txt,rice,Unknown,and price ranged Rs.550.00 -650.00/kg.
weekly_08_2025_Eng.txt,rice,Increase,Price of white cowpea has increased by 2%
weekly_08_2025_Eng.txt,rice,Unknown,and price ranged Rs.600.00-700.00/kg.
weekly_08_2025_Eng.txt,rice,Unknown,Prices of red cowpea and red dhal have not
weekly_08_2025_Eng.txt,rice,Increase,increased significantly and average prices
weekly_08_2025_Eng.txt,rice,Unknown,current whole sale prices of all pulses
weekly_08_2025_Eng.txt,rice,Unknown,The retail prices of green gram and red dhal
weekly_08_2025_Eng.txt,rice,Unknown,Rs.3.00/kg respectively. The retail prices of
weekly_08_2025_Eng.txt,rice,Unknown,current retail prices of all types of pulses have
weekly_08_2025_Eng.txt,rice,Decrease,decreased with the highest price decreased of
weekly_08_2025_Eng.txt,vegetable,Unknown,Vegetable
weekly_08_2025_Eng.txt,rice,Unknown,Prices of most of the vegetables have
weekly_08_2025_Eng.txt,rice,Unknown,Most of the upcountry vegetable prices have
weekly_08_2025_Eng.txt,rice,Unknown,"following prices of beetroot, leeks, knolkhol"
weekly_08_2025_Eng.txt,rice,Unknown,"9%-32%. However, price of cabbage, and"
weekly_08_2025_Eng.txt,rice,Unknown,price of tomato and capsicum have
weekly_08_2025_Eng.txt,vegetable,Unknown,"Considering low-country vegetables, most"
weekly_08_2025_Eng.txt,rice,Unknown,of the vegetable varieties experienced price
weekly_08_2025_Eng.txt,rice,Unknown,(22%) and bitter gourd (21%) prices
weekly_08_2025_Eng.txt,rice,Increase,increased significantly. Prices of ash
weekly_08_2025_Eng.txt,rice,Unknown,price of pumpkin and cucumber have
weekly_08_2025_Eng.txt,rice,Unknown,"addition, price of green chilies and lime"
weekly_08_2025_Eng.txt,rice,Decrease,"vegetable prices have decreased, with"
weekly_08_2025_Eng.txt,rice,Unknown,Retail prices of most of the vegetable
weekly_08_2025_Eng.txt,rice,Decrease,"vegetables, the highest price decrease was"
weekly_08_2025_Eng.txt,rice,Decrease,"Moreover, the leeks price decreased to"
weekly_08_2025_Eng.txt,vegetable,Unknown,Considering the low-country vegetable
weekly_08_2025_Eng.txt,rice,Unknown,varieties brinjal prices showed a significant
weekly_08_2025_Eng.txt,rice,Decrease,price decrease of around Rs.160.00/Kg.
weekly_08_2025_Eng.txt,rice,Decrease,Long beans significant price decrease of
weekly_08_2025_Eng.txt,rice,Unknown,Rs.87.00/kg. Capsicum prices significantly
weekly_08_2025_Eng.txt,rice,Decrease,(Rs.80.00/kg) showed a price decrease
weekly_08_2025_Eng.txt,rice,Unknown,compared to last week but a 68 % price
weekly_08_2025_Eng.txt,rice,Unknown,"year, prices of most of the varieties have"
weekly_08_2025_Eng.txt,rice,Decrease,decreased while a notable price drop was
weekly_08_2025_Eng.txt,coconut,Unknown,Coconut
weekly_08_2025_Eng.txt,rice,Unknown,Prices of both large and small nuts
weekly_08_2025_Eng.txt,rice,Unknown,respectively. Price ranges were
weekly_08_2025_Eng.txt,rice,Unknown,the current wholesale prices of large and
weekly_08_2025_Eng.txt,rice,Unknown,Prices of large and small nuts showed a
weekly_08_2025_Eng.txt,rice,Unknown,Rs.4.00/nut respectively. Price ranges were
weekly_08_2025_Eng.txt,rice,Unknown,prices of large nuts (95%) and small nuts
weekly_08_2025_Eng.txt,fruit,Unknown,Fruits
weekly_08_2025_Eng.txt,rice,Unknown,Prices of most of fruit varieties have
weekly_08_2025_Eng.txt,rice,Decrease,The highest price decrease of 23% recorded
weekly_08_2025_Eng.txt,rice,Decrease,"low quality stocks, the prices had decreased"
weekly_08_2025_Eng.txt,rice,Unknown,"Due to the abundance of stock, the price of"
weekly_08_2025_Eng.txt,rice,Unknown,"However, wood apple and papaya prices"
weekly_08_2025_Eng.txt,rice,Unknown,Wholesale prices for the most of fruits have
weekly_08_2025_Eng.txt,rice,Decrease,"In line with the decreased wholesale prices,"
weekly_08_2025_Eng.txt,rice,Unknown,retail prices of most of the fruit varieties
weekly_08_2025_Eng.txt,rice,Decrease,have decreased. The highest price decreased
weekly_08_2025_Eng.txt,fruit,Unknown,of Rs.73.00/fruit was reported for avocado.
weekly_08_2025_Eng.txt,rice,Decrease,Price of karthakolomban has decreased by
weekly_08_2025_Eng.txt,rice,Unknown,Rs.54.00/fruit and price of Orange(local)
weekly_08_2025_Eng.txt,rice,Decrease,has decreased by Rs.20.00/fruit. Price of
weekly_08_2025_Eng.txt,rice,Unknown,"Meanwhile, price of papaya and passion"
weekly_08_2025_Eng.txt,rice,Unknown,Rs.20.00/fruit respectively. Prices of all
weekly_08_2025_Eng.txt,rice,Unknown,range of Rs.2.00-Rs. 17.00/kg. Price of
weekly_08_2025_Eng.txt,coconut,Unknown,wood apple and king coconut have
weekly_08_2025_Eng.txt,fruit,Increase,increased by Rs.14.00/fruit and
weekly_08_2025_Eng.txt,fruit,Unknown,Rs.8.00/fruit respectively.
weekly_08_2025_Eng.txt,rice,Unknown,"Compared to last year, price of most fruits"
weekly_08_2025_Eng.txt,rice,Increase,price increase of 73% recorded for king
weekly_08_2025_Eng.txt,coconut,Unknown,coconut.
weekly_08_2025_Eng.txt,fish,Unknown,Fresh Fish
weekly_08_2025_Eng.txt,rice,Unknown,Wholesale prices of all of the fresh fish
weekly_08_2025_Eng.txt,rice,Decrease,"supply. Price decrease of 13%, 11% and"
weekly_08_2025_Eng.txt,rice,Unknown,Mannar and Southern areas. Prices of other
weekly_08_2025_Eng.txt,fish,Unknown,fresh fish verities have not changed
weekly_08_2025_Eng.txt,rice,Unknown,the current wholesale prices of most of the
weekly_08_2025_Eng.txt,fish,Decrease,fresh fish types have decreased with the
weekly_08_2025_Eng.txt,rice,Decrease,highest price decrease of 32% was noted for
weekly_08_2025_Eng.txt,rice,Unknown,The prices of other fish varieties except
weekly_08_2025_Eng.txt,rice,Decrease,balaya have decreased and the highest price
weekly_08_2025_Eng.txt,rice,Unknown,Rs.219.00/kg. The second highest p rice
weekly_08_2025_Eng.txt,rice,Decrease,Rs.140.00/kg. The price decrease of
weekly_08_2025_Eng.txt,rice,Increase,price increase of balaya has reported as
weekly_08_2025_Eng.txt,rice,Unknown,the prices of other fish varieties except
weekly_08_2025_Eng.txt,rice,Decrease,highest price decrease was recorded for
weekly_08_2025_Eng.txt,fish,Unknown,Dried Fish
weekly_08_2025_Eng.txt,rice,Unknown,Prices of most of the dried fish types have
weekly_08_2025_Eng.txt,fish,Increase,decreased due to increase of local dried fish
weekly_08_2025_Eng.txt,rice,Decrease,supply. A price decrease of 9% was noted
weekly_08_2025_Eng.txt,rice,Unknown,"Iran and Thailand.  Likewise, a price"
weekly_08_2025_Eng.txt,rice,Increase,price increase of 5% was noted for imported
weekly_08_2025_Eng.txt,rice,Unknown,"Oman, Indonesia and Pakistan. Prices of"
weekly_08_2025_Eng.txt,fish,Unknown,other dried fish verities have not changed
weekly_08_2025_Eng.txt,rice,Unknown,the current wholesale prices of most of the
weekly_08_2025_Eng.txt,fish,Decrease,dried fish types have decreased with the
weekly_08_2025_Eng.txt,rice,Decrease,highest price decrease of 33% was noted for
weekly_08_2025_Eng.txt,rice,Unknown,The prices of all the dry fish varieties except
weekly_08_2025_Eng.txt,rice,Decrease,the highest price decrease was recorded for
weekly_08_2025_Eng.txt,rice,Decrease,highest price decrease was recorded for
weekly_08_2025_Eng.txt,rice,Decrease,salaya by Rs.55.00/kg. Price decrease of
weekly_08_2025_Eng.txt,rice,Increase,Price increase of kattawa has recorded as
weekly_08_2025_Eng.txt,rice,Decrease,the highest price decrease was recorded for
weekly_08_2025_Eng.txt,rice,Unknown,Local Sprats by 24%. The highest price
weekly_08_2025_Eng.txt,egg,Unknown,Eggs
weekly_08_2025_Eng.txt,rice,Unknown,Prices of both brown and white eggs have
weekly_08_2025_Eng.txt,rice,Unknown,and their prices ranged Rs. 27.50 -
weekly_08_2025_Eng.txt,egg,Unknown,30.00/egg and Rs. 25.50 - 27.00/egg
weekly_08_2025_Eng.txt,rice,Unknown,the current wholesale prices of both brown
weekly_08_2025_Eng.txt,egg,Decrease,and white eggs have decreased by 51% and
weekly_08_2025_Eng.txt,rice,Unknown,The prices of both Brown and White egg
weekly_08_2025_Eng.txt,egg,Decrease,types have decreased by around Rs.3.00/egg
weekly_08_2025_Eng.txt,rice,Unknown,and the price range of a white egg has
weekly_08_2025_Eng.txt,rice,Unknown,recorded as Rs.26.00-Rs.33.00 and the price
weekly_08_2025_Eng.txt,egg,Unknown,range of a brown egg has recorded as
weekly_08_2025_Eng.txt,rice,Unknown,Rs.28.00-Rs.35.00. The average price of the
weekly_08_2025_Eng.txt,egg,Unknown,white and brown egg types has recorded as
weekly_08_2025_Eng.txt,rice,Unknown,the prices of both egg varieties have
weekly_08_2025_Eng.txt,rice,Unknown,The prices of all types of meat except beef
weekly_08_2025_Eng.txt,chicken,Decrease,and chicken (curry) have decreased and the
weekly_08_2025_Eng.txt,rice,Decrease,highest price decrease was recorded for
weekly_08_2025_Eng.txt,rice,Unknown,Mutton and Pork by Rs.40.00/kg. Price
weekly_08_2025_Eng.txt,chicken,Decrease,decrease of broiler chicken has recorded as
weekly_08_2025_Eng.txt,rice,Increase,Rs.12.00/kg. Price increase of beef and
weekly_08_2025_Eng.txt,chicken,Unknown,chicken (curry) has recorded as Rs.16.00/kg
weekly_08_2025_Eng.txt,rice,Unknown,the price of other meat types except broiler
weekly_08_2025_Eng.txt,chicken,Increase,and curry chicken have increased. The
weekly_08_2025_Eng.txt,rice,Increase,highest price increase was recorded for
weekly_08_2025_Eng.txt,rice,Unknown,to wholesale and retail prices of selected
weekly_08_2025_Eng.txt,rice,Unknown,"prevailing prices, price ranges, averages, and"
weekly_08_2025_Eng.txt,rice,Unknown,a comparison of weekly prices. The changes
weekly_08_2025_Eng.txt,rice,Unknown,in prices reported are always with price
weekly_08_2025_Eng.txt,rice,Unknown,"price information is twice a week ( i.e.,"
weekly_08_2025_Eng.txt,rice,Unknown,"Tuesday and Friday) while with retail prices,"
weekly_08_2025_Eng.txt,rice,Unknown,"it is thrice a week (i.e., Friday, Monday, and"
weekly_08_2025_Eng.txt,rice,Unknown,Rice VarietiesLOCATIONS
weekly_08_2025_Eng.txt,rice,Unknown,Table 01: Selected Markets:Wholesale Price of Rice (Rs/50kg bag)
weekly_08_2025_Eng.txt,rice,Unknown,Table 02: Selected Markets: Retail Price of Rice (Rs/kg)
weekly_08_2025_Eng.txt,rice,Unknown,LOCATIONS Rice Varieties
weekly_08_2025_Eng.txt,dhal,Unknown,Cowpea Red Dhal
weekly_08_2025_Eng.txt,rice,Unknown,Table 04: Selected Markets:Wholesale Price of Subsidiary Food (Rs/50kg)
weekly_08_2025_Eng.txt,onion,Unknown,Dried Chillies Red Onion Big Onion PotatoLOCATION Imported Imported Local Imported Welimada
weekly_08_2025_Eng.txt,rice,Unknown,Table 05: Selected Markets: Retail Price of Subsidiary Food Crops (Rs/kg)
weekly_08_2025_Eng.txt,onion,Unknown,Dried Chillies Red Onion Big Onion Potato Pulses
weekly_08_2025_Eng.txt,dhal,Unknown,Green Gram Cowpea Red Dhal
weekly_08_2025_Eng.txt,rice,Unknown,Table 06: Selected Markets: Wholesale Price of Vegetables(Rs/kg)
weekly_08_2025_Eng.txt,potato,Unknown,ManiocLong Beans Ash Plantain Green Chillies Lime Sweet Potatoe
weekly_08_2025_Eng.txt,rice,Unknown,"Colombo, Meegoda, Norochchole, Jaffna,Dambulla and Kandy - Gotukola Price Rs/Kg"
weekly_08_2025_Eng.txt,vegetable,Unknown,Leafy Vegetables (Rs/bundle)
weekly_08_2025_Eng.txt,coconut,Unknown,Coconut (Rs/nut)
weekly_08_2025_Eng.txt,rice,Unknown,Table 07: Selected Markets: Retail Price of Vegetables (Rs/kg)
weekly_08_2025_Eng.txt,potato,Unknown,Sweet Potato Large Small
weekly_08_2025_Eng.txt,vegetable,Unknown,Low Country Varieties Leafy Vegetable Coconut (Rs/nut)
weekly_08_2025_Eng.txt,rice,Unknown,Table 08: Selected Markets: Retail Price of Fruits (Rs/each & Rs/kg)
weekly_08_2025_Eng.txt,fruit,Unknown,Mango Other Fruits
weekly_08_2025_Eng.txt,coconut,Unknown,Passion Avocado Slime Apple Grapes (Rs/kg) King CoconutWood Apple Orange
weekly_08_2025_Eng.txt,fish,Unknown,Local Dried Fish Imported Dried Fish
weekly_08_2025_Eng.txt,fish,Unknown,Imported Dried Fish
weekly_08_2025_Eng.txt,fish,Unknown,Local Dried Fish
weekly_08_2025_Eng.txt,rice,Unknown,Table 10: Selected Markets: Wholesale Price of Dried Fish (Rs/50kg)
weekly_08_2025_Eng.txt,fish,Unknown,Sea Fish Eggs
weekly_08_2025_Eng.txt,rice,Unknown,Table 09: Selected Markets: Wholesale Price of Fresh Fish & Eggs (Rs/kg & Rs/egg)
weekly_08_2025_Eng.txt,fish,Unknown,Sea FishLocations
weekly_08_2025_Eng.txt,rice,Unknown,Table 11: Selected Markets: Retail Price of Fresh Fish & Eggs (Rs/kg & Rs/eggs)
weekly_08_2025_Eng.txt,fish,Unknown,Sea Fish EggsLOCATIONS
weekly_08_2025_Eng.txt,rice,Unknown,Table 12: Selected Markets: Retail Price of Dried Fish (Rs/kg)
weekly_08_2025_Eng.txt,fish,Unknown,Dried FishLOCATIONS Sprats-Imported Kattawa Thora Mora Balaya
weekly_08_2025_Eng.txt,rice,Unknown,Table 13: Selected Markets: Retail Price of Meat (Rs/kg)
weekly_08_2025_Eng.txt,chicken,Unknown,Meat Meat (Chicken) Meat
weekly_08_2025_Eng.txt,rice,Unknown,Rice Coconut
weekly_08_2025_Eng.txt,fruit,Unknown,Keeri Samba 255.00−260.00257.50258.00325.00 -0.19 -20.77Fruits (Rs/fruit)
weekly_08_2025_Eng.txt,fruit,Unknown,Raw (Red) − Passion Fruit 100.00− 130.00 118.89 115.56 90.91 2.88 30.78
weekly_08_2025_Eng.txt,onion,Unknown,Onion Mango
weekly_08_2025_Eng.txt,onion,Unknown,Big Onion Kohu −
weekly_08_2025_Eng.txt,potato,Unknown,Potato Orange 35.00− 50.00 40.63 52.78 39.55 -23.03 2.73
weekly_08_2025_Eng.txt,coconut,Unknown,Pulses King Coconut 200.00− 250.00 228.75 217.50120.00 5.17 90.63
weekly_08_2025_Eng.txt,fish,Unknown,Cowpea (White) 600.00−700.00663.33650.00846.67 2.05 -21.65Sea Fish
weekly_08_2025_Eng.txt,dhal,Unknown,Red Dhal 260.00−270.00263.33265.71293.33 -0.90 -10.23Hurulla 700.00− 800.00 723.85 727.50536.00 -0.50 35.05
weekly_08_2025_Eng.txt,vegetable,Unknown,Vegetable Balaya 600.00− 800.00 706.67 782.50648.00 -9.69 9.05
weekly_08_2025_Eng.txt,egg,Unknown,Raddish 80.00−120.00 96.00112.00 99.00 -14.29 -3.03Eggs
weekly_08_2025_Eng.txt,fish,Unknown,Ladies Fingers 150.00−200.00172.00180.00188.00 -4.44 -8.51Dried Fish
weekly_08_2025_Eng.txt,potato,Unknown,Sweet Potato 120.00−160.00137.00157.00147.00 -12.74 -6.80Maduwa (Imported) −
weekly_08_2025_Eng.txt,vegetable,Unknown,Leafy Vegetable Koduwa (Imported) −
weekly_08_2025_Eng.txt,rice,Unknown,Table 14: Colombo: Wholesale Prices (Rs/kg or Rs/piece)
weekly_08_2025_Eng.txt,rice,Unknown,Average Price Change Compared to
weekly_08_2025_Eng.txt,rice,Unknown,Average Price
weekly_08_2025_Eng.txt,rice,Unknown,Rice Coconut
weekly_08_2025_Eng.txt,fruit,Unknown,Keeri Samba 260.00− 280.00265.00 265.69377.20 -0.69-29.75Fruits (Rs/fruit)
weekly_08_2025_Eng.txt,fruit,Unknown,Raw (Red) − Passion Fruit 120.00− 200.00156.92137.33 131.50 19.59 19.33
weekly_08_2025_Eng.txt,onion,Unknown,Onion Mango
weekly_08_2025_Eng.txt,onion,Unknown,Big Onion Kohu −
weekly_08_2025_Eng.txt,potato,Unknown,Potato Orange 50.00− 120.00 79.74100.10 72.00 -20.36 10.75
weekly_08_2025_Eng.txt,coconut,Unknown,Pulses King Coconut 220.00− 350.00259.52251.25 150.00 8.27 73.02
weekly_08_2025_Eng.txt,fish,Unknown,Cowpea (White) 700.00−1000.00838.08 822.311219.23 15.77-31.26Sea Fish
weekly_08_2025_Eng.txt,dhal,Unknown,Red Dhal 280.00− 340.00300.28 303.42336.07 -3.14-10.65Hurulla 800.00−1300.00980.00990.91 947.73 -10.91 3.41
weekly_08_2025_Eng.txt,vegetable,Unknown,Vegetable Balaya 900.00−1200.00990.00978.571025.45 11.43 -3.46
weekly_08_2025_Eng.txt,egg,Unknown,Raddish 150.00− 340.00234.29 244.67243.70-10.38 -3.86Eggs
weekly_08_2025_Eng.txt,fish,Unknown,Ladies Fingers 260.00− 400.00330.71 334.83389.31 -4.12-15.05Dried Fish
weekly_08_2025_Eng.txt,chicken,Unknown,Root Crops Chicken (Broiler) 990.00−1300.001117.141129.291224.55 -12.15 -8.77
weekly_08_2025_Eng.txt,potato,Unknown,Sweet Potato 160.00− 360.00284.67 287.10309.66 -2.43 -8.07Chicken (Curry) 1000.00−1350.001151.821118.171317.78 33.65 -12.59
weekly_08_2025_Eng.txt,vegetable,Unknown,Leafy Vegetable Pork 1200.00−1400.001300.001340.001275.00 -40.00 1.96
weekly_08_2025_Eng.txt,rice,Unknown,Table 15: Colombo &Suburbs: Retail Prices (Rs/kg or Rs/piece)
weekly_08_2025_Eng.txt,rice,Unknown,Average Price Change Compared to
weekly_08_2025_Eng.txt,rice,Unknown,Average Price Change Compared to
weekly_08_2025_Eng.txt,vegetable,Unknown,Paddy Vegetable (Up Country) Snake Gourd
weekly_08_2025_Eng.txt,onion,Unknown,Red Onion Badulla − Long Beans
weekly_08_2025_Eng.txt,onion,Unknown,Big Onion Welimada 60.00−80.00 68.00Embilipitiya 130.00−150.00137.50
weekly_08_2025_Eng.txt,potato,Unknown,Potato Hambantota −
weekly_08_2025_Eng.txt,vegetable,Unknown,N'Eliya 250.00−260.00256.00Vegetable (Low Country) Embilipitiya 80.00−100.00 92.50
weekly_08_2025_Eng.txt,fruit,Unknown,Moneragala 480.00−520.00496.00Brinjal Fruits (Rs/kg)
weekly_08_2025_Eng.txt,rice,Unknown,Table 16: Farmgate/Producer Prices of Food Commodities in Selected Producing Areas (Rs/kg)
weekly_08_2025_Eng.txt,rice,Unknown,PriceCOMMODITY Range Average
weekly_08_2025_Eng.txt,rice,Unknown,Price COMMODITY Range Average
weekly_08_2025_Eng.txt,rice,Unknown,Price COMMODITY
weekly_08_2025_Eng.txt,rice,Unknown,Rice
weekly_08_2025_Eng.txt,onion,Unknown,Red Onion
weekly_08_2025_Eng.txt,onion,Unknown,Big Onion
weekly_08_2025_Eng.txt,potato,Unknown,Potato
weekly_08_2025_Eng.txt,dhal,Unknown,Red Dhal 280.00− 300.00 300.00− 320.00 300.00− 320.00300.00− 320.00300.00− 340.00290.00− 320.00280.00− 300.00280.00− 320.00 280.00− 340.00
weekly_08_2025_Eng.txt,rice,Unknown,Annex 01 - Colombo Markets: Retail Prices of Rice and Subsidiary Food Crops (Rs/kg) Week 08: 21 - 27 Feb 2025
weekly_08_2025_Eng.txt,vegetable,Unknown,Vegetable
weekly_08_2025_Eng.txt,potato,Unknown,Sweet Potato 200.00− 240.00 280.00− 340.00 320.00− 340.00 300.00 − 320.00 300.00− 320.00 300.00− 320.00 160.00− 220.00 320.00− 360.00280.00− 300.00
weekly_08_2025_Eng.txt,vegetable,Unknown,Leafy Vegetable
weekly_08_2025_Eng.txt,coconut,Unknown,Coconut
weekly_08_2025_Eng.txt,rice,Unknown,Annex 02 - Colombo Markets: Retail Prices of Vegetables (Rs/kg) and Coconut (Rs/nut)
weekly_08_2025_Eng.txt,fruit,Unknown,Other Fruits
weekly_08_2025_Eng.txt,coconut,Unknown,King Coconut 220.00− 250.00 300.00− 350.00300.00− 350.00 250.00− 300.00220.00− 250.00220.00− 250.00250.00− 250.00 230.00− 250.00 230.00−230.00
weekly_08_2025_Eng.txt,rice,Unknown,Annex 03 - Colombo Markets: Retail Prices of Fruits (Rs/fruit)
weekly_08_2025_Eng.txt,fish,Unknown,Sea Fish
weekly_08_2025_Eng.txt,egg,Unknown,30 Eggs (Rs/egg)
weekly_08_2025_Eng.txt,fish,Unknown,Dried Fish
weekly_08_2025_Eng.txt,chicken,Unknown,Chicken (Broiler) 990.00−1080.001150.00−1150.001250.00−1250.001250.00−1300.001080.00−1080.001100.00−1100.001000.00−1000.001050.00−1050.001040.00−1050.00
weekly_08_2025_Eng.txt,chicken,Unknown,Chicken (Curry) 1050.00−1050.001200.00−1200.001250.00−1250.001300.00−1350.001050.00−1050.001000.00−1000.001030.00−1030.001150.00−1150.001040.00−1040.00
weekly_08_2025_Eng.txt,rice,Unknown,Annex 04 - Colombo Markets: Retail Prices of Sea Fish and Dried Fish (Rs/kg)
weekly_08_2025_Eng.txt,rice,Unknown,Rice - (white Kekulu - normal ) 361 9.88 1.52 - 0.03 0.09 10.67 - 6.94 26.29 1.22 1.5
weekly_08_2025_Eng.txt,rice,Unknown,Rice - (white Kekulu Samba) 355 8.81 1.53 - 0.03 0.09 8.11 - 9.82 30.48 0.92 1.7
weekly_08_2025_Eng.txt,rice,Unknown,Rice - ( Red Kekulu - normal ) 366 8.64 2.12 - 0.05 0.1 8.39 - 4.73 31.7 0.88 1.84
weekly_08_2025_Eng.txt,rice,Unknown,Rice -Samba 369 6.86 2.45 - 0.05 0.13 12.79 - 8.71 37.26 1.18 1.49
weekly_08_2025_Eng.txt,rice,Unknown,Rice - Nadu White 366 7.76 1.48 - 0.03 0.12 9.35 - 4.57 20.1 0.64 1.61
weekly_08_2025_Eng.txt,onion,Unknown,Onion
weekly_08_2025_Eng.txt,onion,Unknown,Big onions 48 1.67 0.24 0.16 0.01 0.1 32.99 7.58 14.82 16.94 0.45 0.25
weekly_08_2025_Eng.txt,onion,Unknown,Red onions 55 2.13 0.15 0.18 0.02 0.13 30.15 14.26 20.37 19.32 0.31 0.28
weekly_08_2025_Eng.txt,potato,Unknown,Potatoes 71 1.67 0.25 0.01 0.09 14.31 20.5 9.83 23.84 0.46 0.29
weekly_08_2025_Eng.txt,dhal,Unknown,Red Dhal 319 23.09 0.77 1.06 1.6 0.22 55 NA 41.27 66.63 7.45 3.34
weekly_08_2025_Eng.txt,vegetable,Unknown,Vegetables
weekly_08_2025_Eng.txt,rice,Unknown,Rice
weekly_08_2025_Eng.txt,egg,Unknown,Brinjal (Chinese eggplant) 24 1.28 0.33 16.83 0.12 0.11 32.94 3.37 14.4 21.18 0.28 0.16
weekly_08_2025_Eng.txt,egg,Unknown,Thalana batu (Thai eggplant) 21 1.45 0.26 18.33 0.11 0.09 31.18 2.71 17.24 37.22 0.37 0.24
weekly_08_2025_Eng.txt,coconut,Unknown,Coconuts nuts 390 3.67 39.92 - 0.05 0.11 14.86 -
weekly_08_2025_Eng.txt,potato,Unknown,Sweet potato 108 1.27 0.33 NA 0.04 0.09 14.44 22.2 28.93 21.05 0.51 0.14
weekly_08_2025_Eng.txt,vegetable,Unknown,Leafy Vegetables
weekly_08_2025_Eng.txt,onion,Unknown,Onion leaves 27 2.01 0.26 NA 0.04 0.18 56.8 23.38 35.21 74.95 3.15 0.77
weekly_08_2025_Eng.txt,fruit,Unknown,Jackfruit pods 25 2.14 0.34 NA 0.03 0.04 30.7 24.77 37.32 26.08 0.3 0.17
weekly_08_2025_Eng.txt,fruit,Unknown,Jackfruit seeds 77 5.66 0.44 NA 0.02 0.08 58.91 15.24 40.87 50.14 0.52 0.42
weekly_08_2025_Eng.txt,chicken,Unknown,Chicken 176 23.14 9.24 6.88 0.07 0.49 10.09 - 15.06 20.18 0.75 0.64
weekly_08_2025_Eng.txt,fish,Unknown,Fish
weekly_08_2025_Eng.txt,fish,Unknown,Cuttle fish 76 16.82 0.93 1.93 0.02 0.04 6.22 8.73 35.46 0.62 1.3
weekly_08_2025_Eng.txt,fish,Unknown,Dried Fish
weekly_08_2025_Eng.txt,egg,Unknown,Eggs
weekly_08_2025_Eng.txt,egg,Unknown,Hen eggs (Country) 170 13.14 13 208 0.08 0.18 54.6 50.14 11.04 1.64 1.12
weekly_08_2025_Eng.txt,egg,Unknown,Hen eggs (Table) 135 13.55 9.03 200 0.19 0.19 49.46 63.3 12 2.39 1.73
weekly_08_2025_Eng.txt,egg,Unknown,Quail eggs 153 12.39 11.46 153 0.11 0.17 54.86 60.67 11.21 2.55 1.51
weekly_08_2025_Eng.txt,fruit,Unknown,Fruits
weekly_08_2025_Eng.txt,rice,Unknown,Price Collecting Areas
weekly_18_2025_Eng.txt,vegetable,Unknown,Vegetables
weekly_18_2025_Eng.txt,fruit,Unknown,Fruits
weekly_18_2025_Eng.txt,rice,Unknown,Paddy/Rice
weekly_18_2025_Eng.txt,rice,Decrease,Prices of most of the fruit varieties have decreased with
weekly_18_2025_Eng.txt,rice,Decrease,Prices of all onion varieties have decreased with the
weekly_18_2025_Eng.txt,rice,Unknown,availability of sufficient stocks and prices of big onion
weekly_18_2025_Eng.txt,rice,Decrease,further decreased in next week. Prices of local  and
weekly_18_2025_Eng.txt,potato,Unknown,"imported potatoes, red dhal, white cowpea and red"
weekly_18_2025_Eng.txt,rice,Unknown,Retail prices of most of the vegetable varieties have
weekly_18_2025_Eng.txt,rice,Unknown,Prices of most of the paddy varieties not change
weekly_18_2025_Eng.txt,rice,Unknown,"significantly. However, the prices of all paddy varieties"
weekly_18_2025_Eng.txt,rice,Unknown,Rice
weekly_18_2025_Eng.txt,rice,Unknown,prices of all rice varieties have not changed
weekly_18_2025_Eng.txt,rice,Unknown,significantly and price ranged of raw red
weekly_18_2025_Eng.txt,rice,Unknown,Imported rice varieties were available at
weekly_18_2025_Eng.txt,rice,Unknown,the market under the following price
weekly_18_2025_Eng.txt,rice,Unknown,of the rice varieties have seen price
weekly_18_2025_Eng.txt,rice,Increase,increase with the highest price of 15% for
weekly_18_2025_Eng.txt,rice,Unknown,raw red. price of keeri samba and imported
weekly_18_2025_Eng.txt,rice,Unknown,Retail prices of all types of rice varieties
weekly_18_2025_Eng.txt,rice,Decrease,price decreased of Rs.9.00/ kg was
weekly_18_2025_Eng.txt,rice,Increase,highest price increase of 14% was recorded
weekly_18_2025_Eng.txt,rice,Unknown,for local raw red and highest price
weekly_18_2025_Eng.txt,rice,Increase,It was observed the slight price increase for
weekly_18_2025_Eng.txt,rice,Increase,price of short grain paddy has increased by
weekly_18_2025_Eng.txt,rice,Unknown,"Subsequently, the average price of keeri"
weekly_18_2025_Eng.txt,rice,Increase,"areas. Further, price increase of Rs.1.00 -"
weekly_18_2025_Eng.txt,rice,Unknown,areas. Its prices have ranged Rs.125.00 -
weekly_18_2025_Eng.txt,rice,Increase,"Likewise, the significant price increase of"
weekly_18_2025_Eng.txt,rice,Unknown,in Southern province and price  ranged
weekly_18_2025_Eng.txt,rice,Unknown,the average price of all the major paddy
weekly_18_2025_Eng.txt,rice,Unknown,"grain red paddy. However, price of keeri"
weekly_18_2025_Eng.txt,rice,Unknown,The price of imported dried chilies has not
weekly_18_2025_Eng.txt,rice,Unknown,changed significantly and price ranged
weekly_18_2025_Eng.txt,rice,Unknown,current wholesale price of imported dried
weekly_18_2025_Eng.txt,rice,Unknown,The retail price of imported dried chilies
weekly_18_2025_Eng.txt,rice,Increase,has increased by Rs.25.00/ kg and price
weekly_18_2025_Eng.txt,rice,Unknown,the current retail price of imported dried
weekly_18_2025_Eng.txt,onion,Unknown,Onion
weekly_18_2025_Eng.txt,rice,Unknown,"Prices of sinan , vedalan and imported red"
weekly_18_2025_Eng.txt,onion,Unknown,onion have decreas ed in the range of 2% -
weekly_18_2025_Eng.txt,rice,Unknown,"and price ranged Rs.170.00 -200, Rs.250-"
weekly_18_2025_Eng.txt,rice,Unknown,respectively. Price of imported big onion
weekly_18_2025_Eng.txt,rice,Decrease,has decreased by 5%  and price ranged
weekly_18_2025_Eng.txt,rice,Unknown,current wholesale prices of all onion
weekly_18_2025_Eng.txt,rice,Unknown,Retail prices of vedalan and imported red
weekly_18_2025_Eng.txt,onion,Decrease,onion have decreased by Rs.31.00/ kg and
weekly_18_2025_Eng.txt,rice,Unknown,Rs.4.00/kg respectively. Retail price of
weekly_18_2025_Eng.txt,onion,Decrease,imported big onion has decreased by
weekly_18_2025_Eng.txt,rice,Unknown,the current retail price of imported big
weekly_18_2025_Eng.txt,onion,Decrease,onions and vedalan have decreased.
weekly_18_2025_Eng.txt,rice,Decrease,Among those a highest price decreased of
weekly_18_2025_Eng.txt,onion,Unknown,76% was recorded for imported big onions
weekly_18_2025_Eng.txt,rice,Increase,and a highest price increase of 7% was
weekly_18_2025_Eng.txt,onion,Unknown,recorded for imported red onions.
weekly_18_2025_Eng.txt,potato,Unknown,Potato
weekly_18_2025_Eng.txt,rice,Increase,Price of Welimada potato has increased
weekly_18_2025_Eng.txt,rice,Unknown,by 2% and price ranged Rs.220.00 -
weekly_18_2025_Eng.txt,rice,Unknown,260.00/kg. P rice of Nuwara Eliya potato
weekly_18_2025_Eng.txt,rice,Decrease,has decreased by 3% and price ranged
weekly_18_2025_Eng.txt,rice,Unknown,Rs.260.00-280.00/kg. Price of imported
weekly_18_2025_Eng.txt,potato,Decrease,potato has decreased by 11% due to
weekly_18_2025_Eng.txt,rice,Unknown,availability of low-quality stocks and price
weekly_18_2025_Eng.txt,rice,Unknown,current wholesale price of all potato
weekly_18_2025_Eng.txt,rice,Unknown,The retail prices of Nuwara Eliya and
weekly_18_2025_Eng.txt,potato,Decrease,imported potatoes have decreased by
weekly_18_2025_Eng.txt,rice,Unknown,"Rs.6.00/kg and Rs.2.00/ kg, while price"
weekly_18_2025_Eng.txt,rice,Unknown,the current retail prices of all potato
weekly_18_2025_Eng.txt,rice,Increase,varieties have increased. The highest price
weekly_18_2025_Eng.txt,potato,Unknown,Eliya potato.
weekly_18_2025_Eng.txt,rice,Increase,Price of green gram   has increased by 9%
weekly_18_2025_Eng.txt,rice,Unknown,and price ranged Rs.700.00 -850.00/kg.
weekly_18_2025_Eng.txt,rice,Unknown,"Price of white cowpea, red cowpea and red"
weekly_18_2025_Eng.txt,dhal,Unknown,dhal have not changed significantly and
weekly_18_2025_Eng.txt,rice,Unknown,price ranges were Rs.650.00 -700.00/kg
weekly_18_2025_Eng.txt,rice,Unknown,prices of the most of the pulses varieties
weekly_18_2025_Eng.txt,rice,Increase,have increased with the highest price
weekly_18_2025_Eng.txt,rice,Unknown,"The retail prices of white cowpea, red"
weekly_18_2025_Eng.txt,dhal,Decrease,cowpea and red dhal have decreased of
weekly_18_2025_Eng.txt,rice,Unknown,respectively. The retail price of green gram
weekly_18_2025_Eng.txt,rice,Unknown,the curren t retail prices of all types of
weekly_18_2025_Eng.txt,rice,Decrease,significant price decreased of 39% was
weekly_18_2025_Eng.txt,vegetable,Unknown,Vegetable
weekly_18_2025_Eng.txt,rice,Unknown,Prices of most of upcountry vegetables
weekly_18_2025_Eng.txt,rice,Increase,have increased while prices of most low
weekly_18_2025_Eng.txt,vegetable,Decrease,country vegetables have decreased.
weekly_18_2025_Eng.txt,rice,Unknown,All the upcountry vegetable prices have
weekly_18_2025_Eng.txt,rice,Increase,prices of all the other vegetables increased
weekly_18_2025_Eng.txt,rice,Unknown,"producing areas, price of tomato has"
weekly_18_2025_Eng.txt,rice,Increase,increased by 18% and price of capsicum
weekly_18_2025_Eng.txt,vegetable,Unknown,"Considering low-country vegetables, most"
weekly_18_2025_Eng.txt,rice,Unknown,of the vegetable varieties experienced price
weekly_18_2025_Eng.txt,rice,Decrease,"decrease. Particul arly, price of cucumber"
weekly_18_2025_Eng.txt,rice,Decrease,"has decreased by 17%, following prices of"
weekly_18_2025_Eng.txt,rice,Unknown,13% and 11% respectively. Prices of
weekly_18_2025_Eng.txt,rice,Unknown,"8%. However, prices of drums tick has"
weekly_18_2025_Eng.txt,rice,Unknown,"areas, and prices of long beans and bitter"
weekly_18_2025_Eng.txt,rice,Decrease,price of green chilies has decreased by 12%
weekly_18_2025_Eng.txt,rice,Increase,while price of lime has increased by 23%.
weekly_18_2025_Eng.txt,rice,Increase,"vegetable prices have increased, with"
weekly_18_2025_Eng.txt,rice,Unknown,Retail prices of most of upcountry
weekly_18_2025_Eng.txt,vegetable,Increase,vegetable varieties increased in line with
weekly_18_2025_Eng.txt,rice,Unknown,"up-country vegetables, the highest price"
weekly_18_2025_Eng.txt,rice,Unknown,"Rs.116 .00/kg. However, the price of beans"
weekly_18_2025_Eng.txt,vegetable,Unknown,Considering the low -country vegetable
weekly_18_2025_Eng.txt,rice,Increase,"prices of most varieties have increased,"
weekly_18_2025_Eng.txt,rice,Unknown,while a notable price increment of 411%
weekly_18_2025_Eng.txt,coconut,Unknown,Coconut
weekly_18_2025_Eng.txt,rice,Unknown,Prices of both large and small nuts have not
weekly_18_2025_Eng.txt,rice,Unknown,changed significantly . Price ranges were
weekly_18_2025_Eng.txt,rice,Unknown,the current wholesale prices of large and
weekly_18_2025_Eng.txt,rice,Unknown,Prices of large and small nuts showed a
weekly_18_2025_Eng.txt,rice,Unknown,price increment of Rs.9.00/nut and
weekly_18_2025_Eng.txt,rice,Unknown,Rs.3.00/nut respectively. Price ranges were
weekly_18_2025_Eng.txt,rice,Unknown,prices of large nuts (108%) and small  nuts
weekly_18_2025_Eng.txt,fruit,Unknown,Fruits
weekly_18_2025_Eng.txt,rice,Unknown,Prices of most of the fruit varieties have
weekly_18_2025_Eng.txt,rice,Increase,increased supply.  The highest price
weekly_18_2025_Eng.txt,rice,Unknown,"Due to sufficient stocks, prices of slime"
weekly_18_2025_Eng.txt,fruit,Decrease,apple and pass ion fruit decreased by 25%
weekly_18_2025_Eng.txt,rice,Unknown,"limited stocks, the price of karthakolomban"
weekly_18_2025_Eng.txt,rice,Increase,mango has increased by 19%.  Prices of
weekly_18_2025_Eng.txt,rice,Unknown,Wholesale prices for the most of fruits have
weekly_18_2025_Eng.txt,rice,Decrease,"In line with the decreased wholesale prices,"
weekly_18_2025_Eng.txt,rice,Unknown,retail prices of most of the fruit varieties
weekly_18_2025_Eng.txt,rice,Decrease,have decreased. The highest price
weekly_18_2025_Eng.txt,fruit,Unknown,27.00/fruit was reported for all
weekly_18_2025_Eng.txt,rice,Unknown,"sizes of pineapples. Price of av ocado,"
weekly_18_2025_Eng.txt,fruit,Unknown,"Rs.21.00/fruit, Rs.16.00/fruit, Rs.15.00/"
weekly_18_2025_Eng.txt,fruit,Unknown,fruit R s.14.00/fruit and Rs.13.00/fruit
weekly_18_2025_Eng.txt,coconut,Decrease,banana and king coconut have decreased
weekly_18_2025_Eng.txt,fruit,Unknown,by Rs.12.0 0/kg and Rs.11.00/fruit.
weekly_18_2025_Eng.txt,rice,Unknown,"Meanwhile, price of karthakolomban"
weekly_18_2025_Eng.txt,fruit,Increase,mango has increased by Rs. 78.00/fruit.
weekly_18_2025_Eng.txt,rice,Unknown,"Compared to last year, prices of most fruit"
weekly_18_2025_Eng.txt,rice,Decrease,price decrease of 62% recorded for average
weekly_18_2025_Eng.txt,fish,Unknown,Fresh Fish
weekly_18_2025_Eng.txt,rice,Unknown,Wholesale prices of all of the fresh fish
weekly_18_2025_Eng.txt,rice,Decrease,decreased supply. The highest price
weekly_18_2025_Eng.txt,rice,Increase,Mirissa areas. The prices increase of 13 %
weekly_18_2025_Eng.txt,rice,Unknown,"Mullaithivu areas. However, a price"
weekly_18_2025_Eng.txt,rice,Unknown,high supply from Northern areas. Prices of
weekly_18_2025_Eng.txt,fish,Unknown,other fresh fish verities have n ot changed
weekly_18_2025_Eng.txt,rice,Unknown,current wholesale prices of all of the fresh
weekly_18_2025_Eng.txt,fish,Increase,fish types have increased with the highest
weekly_18_2025_Eng.txt,rice,Increase,price increase of 68% was noted for
weekly_18_2025_Eng.txt,rice,Unknown,The prices of other fish varieties except
weekly_18_2025_Eng.txt,rice,Increase,increased and the highest price increase
weekly_18_2025_Eng.txt,rice,Decrease,The highest price decrease was recorded
weekly_18_2025_Eng.txt,rice,Unknown,for kelawalla by Rs.337.00/kg. Price
weekly_18_2025_Eng.txt,rice,Unknown,the prices of other fish varieties except
weekly_18_2025_Eng.txt,rice,Increase,increased and the highest price increase
weekly_18_2025_Eng.txt,fish,Unknown,Dried Fish
weekly_18_2025_Eng.txt,rice,Unknown,Prices of most of the dried fish types have
weekly_18_2025_Eng.txt,fish,Increase,increased due to decrease of local dried fish
weekly_18_2025_Eng.txt,rice,Increase,supply. The prices increase of 12% and 7%
weekly_18_2025_Eng.txt,rice,Unknown,price increa se of 5% was noted for
weekly_18_2025_Eng.txt,rice,Unknown,"Iran and Thailand. However, a price"
weekly_18_2025_Eng.txt,rice,Unknown,Jaffna and Mannar areas. Prices of other
weekly_18_2025_Eng.txt,fish,Unknown,dried fish verities have not changed
weekly_18_2025_Eng.txt,rice,Unknown,current wholesale prices of most of the
weekly_18_2025_Eng.txt,fish,Increase,dried fish types have increased with the
weekly_18_2025_Eng.txt,rice,Increase,highest price increase of 104% was noted
weekly_18_2025_Eng.txt,rice,Unknown,The prices of other dry fish varieties except
weekly_18_2025_Eng.txt,rice,Increase,the highest price increase was recorded for
weekly_18_2025_Eng.txt,rice,Increase,price increase was recorded for kattawa by
weekly_18_2025_Eng.txt,rice,Decrease,Rs.48.00/kg. Price decrease of local sprats
weekly_18_2025_Eng.txt,rice,Unknown,the prices of other fish varieties except
weekly_18_2025_Eng.txt,rice,Increase,and the highest price increase was recorded
weekly_18_2025_Eng.txt,egg,Unknown,Eggs
weekly_18_2025_Eng.txt,rice,Unknown,Prices of brown and white eggs have
weekly_18_2025_Eng.txt,rice,Unknown,their prices ranged Rs.27.00-31.00/egg and
weekly_18_2025_Eng.txt,egg,Unknown,Rs.25.00-28.00/egg respectively.
weekly_18_2025_Eng.txt,rice,Unknown,prices of both brown and white eggs hav e
weekly_18_2025_Eng.txt,rice,Unknown,The prices of both brown and white egg
weekly_18_2025_Eng.txt,rice,Increase,types have increased and the price range of
weekly_18_2025_Eng.txt,egg,Unknown,a white egg has recorded as Rs.27.00-32.00
weekly_18_2025_Eng.txt,rice,Unknown,and the price range of a brown egg has
weekly_18_2025_Eng.txt,rice,Unknown,price of the white and brown egg types has
weekly_18_2025_Eng.txt,rice,Unknown,the prices of both egg varieties have
weekly_18_2025_Eng.txt,rice,Unknown,The prices of other meat types except pork
weekly_18_2025_Eng.txt,rice,Decrease,have decreased. The highest price decrease
weekly_18_2025_Eng.txt,rice,Decrease,The second highest price decrease was
weekly_18_2025_Eng.txt,rice,Unknown,recorded for beef by Rs.39.00/kg. Price
weekly_18_2025_Eng.txt,chicken,Decrease,decrease of broiler and curry chicken have
weekly_18_2025_Eng.txt,rice,Increase,respectively. Price increase of pork has
weekly_18_2025_Eng.txt,rice,Unknown,the price of other meat types except broiler
weekly_18_2025_Eng.txt,chicken,Increase,and curry chicken have increased. The
weekly_18_2025_Eng.txt,rice,Increase,highest price increase was recorde d for
weekly_18_2025_Eng.txt,rice,Unknown,to wholesale and retail prices of selected
weekly_18_2025_Eng.txt,rice,Unknown,"as prevailing prices, price ranges, averages,"
weekly_18_2025_Eng.txt,rice,Unknown,and a comparison of weekly prices. The
weekly_18_2025_Eng.txt,rice,Unknown,changes in prices reported are always with
weekly_18_2025_Eng.txt,rice,Unknown,price prevailed during the previous week
weekly_18_2025_Eng.txt,rice,Unknown,"price information is twice a week ( i.e.,"
weekly_18_2025_Eng.txt,rice,Unknown,"prices, it is thrice a week ( i.e., Friday,"
weekly_18_2025_Eng.txt,rice,Unknown,Rice VarietiesLOCATIONS
weekly_18_2025_Eng.txt,rice,Unknown,Table 01: Selected Markets:Wholesale Price of Rice (Rs/50kg bag)
weekly_18_2025_Eng.txt,rice,Unknown,Table 02: Selected Markets: Retail Price of Rice (Rs/kg)
weekly_18_2025_Eng.txt,rice,Unknown,LOCATIONS Rice Varieties
weekly_18_2025_Eng.txt,dhal,Unknown,Green Gram Cowpea Red Dhal
weekly_18_2025_Eng.txt,rice,Unknown,Table 04: Selected Markets:Wholesale Price of Subsidiary Food (Rs/50kg)
weekly_18_2025_Eng.txt,onion,Unknown,Dried Chillies Red Onion Big Onion PotatoLOCATION Imported Imported Local Imported Welimada
weekly_18_2025_Eng.txt,rice,Unknown,Table 05: Selected Markets: Retail Price of Subsidiary Food Crops (Rs/kg)
weekly_18_2025_Eng.txt,onion,Unknown,Dried Chillies Red Onion Big Onion Potato Pulses
weekly_18_2025_Eng.txt,dhal,Unknown,Green Gram Cowpea Red Dhal
weekly_18_2025_Eng.txt,rice,Unknown,Table 06: Selected Markets: Wholesale Price of Vegetables(Rs/kg)
weekly_18_2025_Eng.txt,potato,Unknown,ManiocLong Beans Ash Plantain Green Chillies Lime Sweet Potatoe
weekly_18_2025_Eng.txt,rice,Unknown,"Colombo, Meegoda, Norochchole, Jaffna,Dambulla and Kandy - Gotukola Price Rs/Kg"
weekly_18_2025_Eng.txt,vegetable,Unknown,Leafy Vegetables (Rs/bundle)
weekly_18_2025_Eng.txt,coconut,Unknown,Coconut (Rs/nut)
weekly_18_2025_Eng.txt,rice,Unknown,Table 07: Selected Markets: Retail Price of Vegetables (Rs/kg)
weekly_18_2025_Eng.txt,potato,Unknown,Sweet Potato Large Small
weekly_18_2025_Eng.txt,vegetable,Unknown,Low Country Varieties Leafy Vegetable Coconut (Rs/nut)
weekly_18_2025_Eng.txt,rice,Unknown,Table 08: Selected Markets: Retail Price of Fruits (Rs/each & Rs/kg)
weekly_18_2025_Eng.txt,fruit,Unknown,Mango Other Fruits
weekly_18_2025_Eng.txt,coconut,Unknown,Passion Avocado Slime Apple Grapes (Rs/kg) King CoconutWood Apple Orange
weekly_18_2025_Eng.txt,fish,Unknown,Local Dried Fish Imported Dried Fish
weekly_18_2025_Eng.txt,fish,Unknown,Imported Dried Fish
weekly_18_2025_Eng.txt,fish,Unknown,Local Dried Fish
weekly_18_2025_Eng.txt,rice,Unknown,Table 10: Selected Markets: Wholesale Price of Dried Fish (Rs/50kg)
weekly_18_2025_Eng.txt,fish,Unknown,Sea Fish Eggs
weekly_18_2025_Eng.txt,rice,Unknown,Table 09: Selected Markets: Wholesale Price of Fresh Fish & Eggs (Rs/kg & Rs/egg)
weekly_18_2025_Eng.txt,fish,Unknown,Sea Fish
weekly_18_2025_Eng.txt,rice,Unknown,Table 11: Selected Markets: Retail Price of Fresh Fish & Eggs (Rs/kg & Rs/eggs)
weekly_18_2025_Eng.txt,fish,Unknown,Sea Fish Eggs
weekly_18_2025_Eng.txt,rice,Unknown,Table 12: Selected Markets: Retail Price of Dried Fish (Rs/kg)
weekly_18_2025_Eng.txt,fish,Unknown,Dried FishLOCATIONS Sprats-Imported Kattawa Thora Mora Balaya
weekly_18_2025_Eng.txt,rice,Unknown,Table 13: Selected Markets: Retail Price of Meat (Rs/kg)
weekly_18_2025_Eng.txt,chicken,Unknown,Meat Meat (Chicken) Meat
weekly_18_2025_Eng.txt,rice,Unknown,Rice Coconut
weekly_18_2025_Eng.txt,fruit,Unknown,Keeri Samba 260.00 − 280.00 270.00 270.00 315.00 0.00 -14.29 Fruits (Rs/fruit)
weekly_18_2025_Eng.txt,fruit,Unknown,Raw (Red) − Passion Fruit 40.00 − 50.00 45.00 55.00 63.00 -18.18 -28.57
weekly_18_2025_Eng.txt,onion,Unknown,Onion Mango
weekly_18_2025_Eng.txt,onion,Unknown,Big Onion Kohu −
weekly_18_2025_Eng.txt,potato,Unknown,Potato Orange 35.00 − 50.00 41.88 45.00 56.82 -6.94 -26.30
weekly_18_2025_Eng.txt,coconut,Unknown,Pulses King Coconut 120.00 − 180.00 145.00 152.50 162.22 -4.92 -10.62
weekly_18_2025_Eng.txt,fish,Unknown,Cowpea (White) 650.00 − 700.00 675.00 675.00 0.00 Sea Fish
weekly_18_2025_Eng.txt,dhal,Unknown,Red Dhal 250.00 − 260.00 254.17 257.14 281.67 -1.16 -9.76 Hurulla 1000.00 − 1100.00 1038.89 953.33 642.50 8.97 61.69
weekly_18_2025_Eng.txt,vegetable,Unknown,Vegetable Balaya 1100.00 − 1300.00 1199.09 1041.67 730.83 15.11 64.07
weekly_18_2025_Eng.txt,egg,Unknown,Raddish 100.00 − 160.00 133.00 98.00 59.00 35.71 125.42 Eggs
weekly_18_2025_Eng.txt,fish,Unknown,Ladies Fingers 250.00 − 350.00 296.00 315.00 139.00 -6.03 112.95 Dried Fish
weekly_18_2025_Eng.txt,potato,Unknown,Sweet Potato 180.00 − 220.00 208.00 198.18 174.44 4.95 19.24 Maduwa (Imported) −
weekly_18_2025_Eng.txt,vegetable,Unknown,Leafy Vegetable Koduwa (Imported) −
weekly_18_2025_Eng.txt,rice,Unknown,Table 14: Colombo: Wholesale Prices (Rs/kg or Rs/piece)
weekly_18_2025_Eng.txt,rice,Unknown,Average Price Change Compared to
weekly_18_2025_Eng.txt,rice,Unknown,Average Price
weekly_18_2025_Eng.txt,rice,Unknown,Rice Coconut
weekly_18_2025_Eng.txt,fruit,Unknown,Keeri Samba 260.00 − 300.00 275.29 284.74 366.40 -9.44 -24.87 Fruits (Rs/fruit)
weekly_18_2025_Eng.txt,fruit,Unknown,Raw (Red) − Passion Fruit 50.00 − 80.00 65.28 80.00 93.85 -14.72 -30.44
weekly_18_2025_Eng.txt,onion,Unknown,Onion Mango
weekly_18_2025_Eng.txt,onion,Unknown,Big Onion Kohu −
weekly_18_2025_Eng.txt,potato,Unknown,Potato Orange 60.00 − 100.00 81.58 94.41 92.00 -12.83 -11.33
weekly_18_2025_Eng.txt,coconut,Unknown,Pulses King Coconut 180.00 − 220.00 198.24 209.44 218.42 -11.21 -9.24
weekly_18_2025_Eng.txt,fish,Unknown,Cowpea (White) 700.00 − 1000.00 826.67 836.84 1062.00 -10.18 -22.16 Sea Fish
weekly_18_2025_Eng.txt,dhal,Unknown,Red Dhal 270.00 − 320.00 295.50 299.17 330.40 -3.67 -10.56 Hurulla 1100.00 − 1300.00 1216.67 1214.71 866.11 1.96 40.47
weekly_18_2025_Eng.txt,vegetable,Unknown,Vegetable Balaya 1200.00 − 1350.00 1262.50 1371.43 990.00 -108.93 27.53
weekly_18_2025_Eng.txt,egg,Unknown,Raddish 200.00 − 400.00 304.29 275.22 191.33 29.07 59.03 Eggs
weekly_18_2025_Eng.txt,fish,Unknown,Ladies Fingers 320.00 − 460.00 384.09 468.40 247.24 -84.31 55.35 Dried Fish
weekly_18_2025_Eng.txt,chicken,Unknown,Root Crops Chicken (Broiler) 1050.00 − 1160.00 1121.11 1131.54 1254.55 -10.43 -10.64
weekly_18_2025_Eng.txt,potato,Unknown,Sweet Potato 240.00 − 400.00 329.00 323.60 323.10 5.40 1.82 Chicken (Curry) 950.00 − 1140.00 1056.67 1074.62 1181.82 -17.95 -10.59
weekly_18_2025_Eng.txt,vegetable,Unknown,Leafy Vegetable Pork 1500.00 − 1800.00 1683.33 1616.67 1300.00 66.67 29.49
weekly_18_2025_Eng.txt,rice,Unknown,Table 15: Colombo &Suburbs: Retail Prices (Rs/kg or Rs/piece)
weekly_18_2025_Eng.txt,rice,Unknown,Average Price Change Compared to
weekly_18_2025_Eng.txt,rice,Unknown,Average Price Change Compared to
weekly_18_2025_Eng.txt,vegetable,Unknown,Paddy Vegetable (Up Country) Snake Gourd
weekly_18_2025_Eng.txt,onion,Unknown,Red Onion Badulla 265.00 − 320.00 295.00 Long Beans
weekly_18_2025_Eng.txt,onion,Unknown,Big Onion Welimada 600.00 − 630.00 614.00 Embilipitiya 330.00 − 350.00 340.00
weekly_18_2025_Eng.txt,potato,Unknown,Potato Hambantota −
weekly_18_2025_Eng.txt,vegetable,Unknown,N'Eliya 245.00 − 260.00 253.00 Vegetable (Low Country) Embilipitiya 70.00 − 80.00 76.25
weekly_18_2025_Eng.txt,fruit,Unknown,Moneragala 550.00 − 600.00 570.00 Brinjal Fruits (Rs/kg)
weekly_18_2025_Eng.txt,rice,Unknown,Table 16: Farmgate/Producer Prices of Food Commodities in Selected Producing Areas (Rs/kg)
weekly_18_2025_Eng.txt,rice,Unknown,PriceCOMMODITY Range Average
weekly_18_2025_Eng.txt,rice,Unknown,Price COMMODITY Range Average
weekly_18_2025_Eng.txt,rice,Unknown,Price COMMODITY
weekly_18_2025_Eng.txt,rice,Unknown,Rice
weekly_18_2025_Eng.txt,onion,Unknown,Red Onion
weekly_18_2025_Eng.txt,onion,Unknown,Big Onion
weekly_18_2025_Eng.txt,potato,Unknown,Potato
weekly_18_2025_Eng.txt,dhal,Unknown,Red Dhal 270.00 − 290.00 300.00 − 320.00 280.00 − 300.00 300.00 − 320.00 290.00 − 300.00 280.00 − 290.00 280.00 − 290.00 320.00 − 320.00 280.00 − 320.00
weekly_18_2025_Eng.txt,rice,Unknown,Annex 01 - Colombo Markets: Retail Prices of Rice and Subsidiary Food Crops (Rs/kg) Week 18: 02 - 08 May 2025
weekly_18_2025_Eng.txt,vegetable,Unknown,Vegetable
weekly_18_2025_Eng.txt,potato,Unknown,Sweet Potato 260.00 − 280.00 340.00 − 350.00 340.00 − 360.00 330.00 − 340.00 340.00 − 350.00 340.00 − 340.00 240.00 − 260.00 360.00 − 400.00 400.00 − 400.00
weekly_18_2025_Eng.txt,vegetable,Unknown,Leafy Vegetable
weekly_18_2025_Eng.txt,coconut,Unknown,Coconut
weekly_18_2025_Eng.txt,rice,Unknown,Annex 02 - Colombo Markets: Retail Prices of Vegetables (Rs/kg) and Coconut (Rs/nut)
weekly_18_2025_Eng.txt,fruit,Unknown,Other Fruits
weekly_18_2025_Eng.txt,coconut,Unknown,King Coconut 180.00 − 200.00 200.00 − 200.00 220.00 − 220.00 200.00 − 200.00 210.00 − 220.00 200.00 − 200.00 180.00 − 200.00 180.00 − 200.00 180.00 − 200.00
weekly_18_2025_Eng.txt,rice,Unknown,Annex 03 - Colombo Markets: Retail Prices of Fruits (Rs/fruit)
weekly_18_2025_Eng.txt,fish,Unknown,Sea Fish
weekly_18_2025_Eng.txt,egg,Unknown,30 Eggs (Rs/egg)
weekly_18_2025_Eng.txt,fish,Unknown,Dried Fish
weekly_18_2025_Eng.txt,chicken,Unknown,Chicken (Broiler) 1100.00 − 1100.00 1150.00 − 1150.00 1160.00 − 1160.00 1120.00 − 1120.00 1100.00 − 1100.00 1150.00 − 1150.00 1050.00 − 1050.00 1120.00 − 1120.00 1140.00 − 1140.00
weekly_18_2025_Eng.txt,chicken,Unknown,Chicken (Curry) 1100.00 − 1100.00 1000.00 − 1000.00 1100.00 − 1100.00 1100.00 − 1100.00 1000.00 − 1000.00 1000.00 − 1000.00 950.00 − 950.00 1120.00 − 1120.00 1140.00 − 1140.00
weekly_18_2025_Eng.txt,rice,Unknown,Annex 04 - Colombo Markets: Retail Prices of Sea Fish and Dried Fish (Rs/kg)
weekly_18_2025_Eng.txt,rice,Unknown,Rice - (white Kekulu - normal ) 361 9.88 1.52 - 0.03 0.09 10.67 - 6.94 26.29 1.22 1.5
weekly_18_2025_Eng.txt,rice,Unknown,Rice - (white Kekulu Samba) 355 8.81 1.53 - 0.03 0.09 8.11 - 9.82 30.48 0.92 1.7
weekly_18_2025_Eng.txt,rice,Unknown,Rice - ( Red Kekulu - normal ) 366 8.64 2.12 - 0.05 0.1 8.39 - 4.73 31.7 0.88 1.84
weekly_18_2025_Eng.txt,rice,Unknown,Rice -Samba 369 6.86 2.45 - 0.05 0.13 12.79 - 8.71 37.26 1.18 1.49
weekly_18_2025_Eng.txt,rice,Unknown,Rice - Nadu White 366 7.76 1.48 - 0.03 0.12 9.35 - 4.57 20.1 0.64 1.61
weekly_18_2025_Eng.txt,onion,Unknown,Onion
weekly_18_2025_Eng.txt,onion,Unknown,Big onions 48 1.67 0.24 0.16 0.01 0.1 32.99 7.58 14.82 16.94 0.45 0.25
weekly_18_2025_Eng.txt,onion,Unknown,Red onions 55 2.13 0.15 0.18 0.02 0.13 30.15 14.26 20.37 19.32 0.31 0.28
weekly_18_2025_Eng.txt,potato,Unknown,Potatoes 71 1.67 0.25 0.01 0.09 14.31 20.5 9.83 23.84 0.46 0.29
weekly_18_2025_Eng.txt,dhal,Unknown,Red Dhal 319 23.09 0.77 1.06 1.6 0.22 55 NA 41.27 66.63 7.45 3.34
weekly_18_2025_Eng.txt,vegetable,Unknown,Vegetables
weekly_18_2025_Eng.txt,rice,Unknown,Rice
weekly_18_2025_Eng.txt,egg,Unknown,Brinjal (Chinese eggplant) 24 1.28 0.33 16.83 0.12 0.11 32.94 3.37 14.4 21.18 0.28 0.16
weekly_18_2025_Eng.txt,egg,Unknown,Thalana batu (Thai eggplant) 21 1.45 0.26 18.33 0.11 0.09 31.18 2.71 17.24 37.22 0.37 0.24
weekly_18_2025_Eng.txt,coconut,Unknown,Coconuts nuts 390 3.67 39.92 - 0.05 0.11 14.86 -
weekly_18_2025_Eng.txt,potato,Unknown,Sweet potato 108 1.27 0.33 NA 0.04 0.09 14.44 22.2 28.93 21.05 0.51 0.14
weekly_18_2025_Eng.txt,vegetable,Unknown,Leafy Vegetables
weekly_18_2025_Eng.txt,onion,Unknown,Onion leaves 27 2.01 0.26 NA 0.04 0.18 56.8 23.38 35.21 74.95 3.15 0.77
weekly_18_2025_Eng.txt,fruit,Unknown,Jackfruit pods 25 2.14 0.34 NA 0.03 0.04 30.7 24.77 37.32 26.08 0.3 0.17
weekly_18_2025_Eng.txt,fruit,Unknown,Jackfruit seeds 77 5.66 0.44 NA 0.02 0.08 58.91 15.24 40.87 50.14 0.52 0.42
weekly_18_2025_Eng.txt,chicken,Unknown,Chicken 176 23.14 9.24 6.88 0.07 0.49 10.09 - 15.06 20.18 0.75 0.64
weekly_18_2025_Eng.txt,fish,Unknown,Fish
weekly_18_2025_Eng.txt,fish,Unknown,Cuttle fish 76 16.82 0.93 1.93 0.02 0.04 6.22 8.73 35.46 0.62 1.3
weekly_18_2025_Eng.txt,fish,Unknown,Dried Fish
weekly_18_2025_Eng.txt,egg,Unknown,Eggs
weekly_18_2025_Eng.txt,egg,Unknown,Hen eggs (Country) 170 13.14 13 208 0.08 0.18 54.6 50.14 11.04 1.64 1.12
weekly_18_2025_Eng.txt,egg,Unknown,Hen eggs (Table) 135 13.55 9.03 200 0.19 0.19 49.46 63.3 12 2.39 1.73
weekly_18_2025_Eng.txt,egg,Unknown,Quail eggs 153 12.39 11.46 153 0.11 0.17 54.86 60.67 11.21 2.55 1.51
weekly_18_2025_Eng.txt,fruit,Unknown,Fruits
weekly_18_2025_Eng.txt,rice,Unknown,Price Collecting Areas
weekly_19_2025_Eng.txt,vegetable,Unknown,Vegetables
weekly_19_2025_Eng.txt,fruit,Unknown,Fruits
weekly_19_2025_Eng.txt,rice,Unknown,Rice
weekly_19_2025_Eng.txt,rice,Decrease,Prices of most of  the fruits have decreased due
weekly_19_2025_Eng.txt,rice,Increase,Price of imported big onion has increased by
weekly_19_2025_Eng.txt,rice,Unknown,Prices of most of the upcountry vegetable
weekly_19_2025_Eng.txt,rice,Increase,varieties have increased with the highest price
weekly_19_2025_Eng.txt,rice,Unknown,Retail prices of most of the rice varieties have
weekly_19_2025_Eng.txt,rice,Unknown,Rice
weekly_19_2025_Eng.txt,rice,Unknown,Prices of all rice varieties have not
weekly_19_2025_Eng.txt,rice,Increase,increased significantly and price ranged of
weekly_19_2025_Eng.txt,rice,Unknown,Imported rice varieties except imported
weekly_19_2025_Eng.txt,rice,Unknown,following price ranges
weekly_19_2025_Eng.txt,rice,Unknown,of the rice varieties have seen price
weekly_19_2025_Eng.txt,rice,Increase,"increases, with the highest price increase of"
weekly_19_2025_Eng.txt,rice,Unknown,16% for raw red. price of keeri samba and
weekly_19_2025_Eng.txt,rice,Unknown,The retail prices of all types of rice
weekly_19_2025_Eng.txt,rice,Decrease,those a highest price decreased of
weekly_19_2025_Eng.txt,rice,Increase,and a highest price increase of Rs. 4.00 /kg
weekly_19_2025_Eng.txt,rice,Decrease,highest price  decreased of 25% was
weekly_19_2025_Eng.txt,rice,Unknown,recorded for keeri samba and highest price
weekly_19_2025_Eng.txt,rice,Unknown,The average farmgate prices of major
weekly_19_2025_Eng.txt,rice,Unknown,average price of short grain paddy
weekly_19_2025_Eng.txt,rice,Unknown,"Polonnaruwa areas . Further, the price"
weekly_19_2025_Eng.txt,rice,Unknown,Dehiattakandiya areas. The prices ranged
weekly_19_2025_Eng.txt,rice,Unknown,the average farmgate prices of major paddy
weekly_19_2025_Eng.txt,rice,Unknown,"long grain red paddy. However, price of"
weekly_19_2025_Eng.txt,rice,Unknown,The price of imported dried chilies has
weekly_19_2025_Eng.txt,rice,Unknown,sufficient stocks and price ranged
weekly_19_2025_Eng.txt,rice,Unknown,current whole sale price of imported dried
weekly_19_2025_Eng.txt,rice,Unknown,The retail price of imported dried chilies
weekly_19_2025_Eng.txt,rice,Decrease,has decreased by Rs.8.00/ kg and price
weekly_19_2025_Eng.txt,rice,Unknown,the current retail price of imported dried
weekly_19_2025_Eng.txt,onion,Unknown,Onion
weekly_19_2025_Eng.txt,rice,Unknown,Prices o f sinan and imported red onions
weekly_19_2025_Eng.txt,rice,Unknown,price ranged Rs.200.00 -230.00 and
weekly_19_2025_Eng.txt,rice,Unknown,Rs.280-330.00/kg. P rice of vedalan red
weekly_19_2025_Eng.txt,onion,Decrease,onion has decreased by 12% due to
weekly_19_2025_Eng.txt,rice,Unknown,availability of low-quality stocks and price
weekly_19_2025_Eng.txt,rice,Increase,Price of imported big onion has increased
weekly_19_2025_Eng.txt,rice,Unknown,stocks and price ranged Rs.80.00 -
weekly_19_2025_Eng.txt,rice,Unknown,current prices of sinan and vedalan red
weekly_19_2025_Eng.txt,onion,Unknown,onion and imported big onion varieties
weekly_19_2025_Eng.txt,onion,Increase,while imported red onion has increased by
weekly_19_2025_Eng.txt,rice,Unknown,The retail price of imported red onion has
weekly_19_2025_Eng.txt,rice,Increase,price of imported big onion has increased
weekly_19_2025_Eng.txt,rice,Unknown,the current retail price of imported big
weekly_19_2025_Eng.txt,onion,Decrease,onions and vedalan have decreased.
weekly_19_2025_Eng.txt,rice,Decrease,Among those a highest price decreased of
weekly_19_2025_Eng.txt,onion,Unknown,57% was recorded for imported big onions
weekly_19_2025_Eng.txt,rice,Increase,and a highest price increase  of 8% was
weekly_19_2025_Eng.txt,onion,Unknown,recorded for imported red onion.
weekly_19_2025_Eng.txt,potato,Unknown,Potato
weekly_19_2025_Eng.txt,rice,Unknown,The Price of Welimada and Nuwara Eliya
weekly_19_2025_Eng.txt,potato,Decrease,potatoes have decreased by 9% and 6% due
weekly_19_2025_Eng.txt,rice,Unknown,and price ranged Rs.220.00-230.00/kg and
weekly_19_2025_Eng.txt,rice,Unknown,Rs.250.00-260.00/kg the price of imported
weekly_19_2025_Eng.txt,potato,Increase,potato has increased by 8% due to
weekly_19_2025_Eng.txt,rice,Unknown,unavailability of sufficient stocks and price
weekly_19_2025_Eng.txt,rice,Unknown,current wholesale price of all potato
weekly_19_2025_Eng.txt,rice,Unknown,The retail prices of Nuwara Eliya and
weekly_19_2025_Eng.txt,potato,Decrease,imported potato es have  decreased by
weekly_19_2025_Eng.txt,rice,Unknown,Rs.14.00/kg respectively while price
weekly_19_2025_Eng.txt,rice,Unknown,the current retail prices of all potato
weekly_19_2025_Eng.txt,rice,Increase,varieties have increased. The highest price
weekly_19_2025_Eng.txt,potato,Unknown,potatoes.
weekly_19_2025_Eng.txt,rice,Unknown,Price of green gram and red cowpea   have
weekly_19_2025_Eng.txt,rice,Unknown,price ranged Rs.650.00 -850.00/kg and
weekly_19_2025_Eng.txt,rice,Unknown,Rs.460.00-700.00/kg. Prices of white
weekly_19_2025_Eng.txt,dhal,Unknown,cowpea and red dhal have not changed
weekly_19_2025_Eng.txt,rice,Unknown,The retail price of red cowpea has
weekly_19_2025_Eng.txt,rice,Increase,price of white cowpea has increased
weekly_19_2025_Eng.txt,rice,Unknown,Rs.23.00/kg. The retail price of red dhal
weekly_19_2025_Eng.txt,rice,Unknown,the current retail prices of all types of
weekly_19_2025_Eng.txt,rice,Decrease,notable price decreased of 39% was
weekly_19_2025_Eng.txt,vegetable,Unknown,Vegetable
weekly_19_2025_Eng.txt,rice,Unknown,Prices of most of upcountry vegetables
weekly_19_2025_Eng.txt,rice,Increase,have increased while prices of most of low
weekly_19_2025_Eng.txt,vegetable,Decrease,country vegetables have decreased.
weekly_19_2025_Eng.txt,vegetable,Unknown,Among the upcountry vegetable varieties
weekly_19_2025_Eng.txt,rice,Increase,"price increase of 16%, following prices of"
weekly_19_2025_Eng.txt,rice,Unknown,the range of 10% - 12%. Prices of carrot
weekly_19_2025_Eng.txt,rice,Unknown,"However, price of raddish and green beans"
weekly_19_2025_Eng.txt,rice,Decrease,"have decreased by 3% - 4%. Further, price"
weekly_19_2025_Eng.txt,rice,Unknown,"Considering low-country vegetables, price"
weekly_19_2025_Eng.txt,rice,Unknown,following prices of long beans and snake
weekly_19_2025_Eng.txt,rice,Unknown,"respectively. However, prices of drumstick"
weekly_19_2025_Eng.txt,rice,Unknown,"areas, following prices of bitter gourd and"
weekly_19_2025_Eng.txt,rice,Unknown,"17%-26%. In addition, price of green"
weekly_19_2025_Eng.txt,rice,Increase,"vegetable prices have increased, with"
weekly_19_2025_Eng.txt,rice,Unknown,Retail prices of most of the upcountry
weekly_19_2025_Eng.txt,vegetable,Increase,vegetable varieties increased in line with
weekly_19_2025_Eng.txt,rice,Increase,price increase was reported for carrot by
weekly_19_2025_Eng.txt,rice,Unknown,"knolkhol. However, the price of beans"
weekly_19_2025_Eng.txt,vegetable,Unknown,Considering the low -country vegetable
weekly_19_2025_Eng.txt,rice,Unknown,"varieties, tomato prices showed a"
weekly_19_2025_Eng.txt,rice,Increase,significant price increase of around Rs.
weekly_19_2025_Eng.txt,rice,Unknown,106.00/kg. Drumstick prices showed a
weekly_19_2025_Eng.txt,rice,Increase,significant price increase of Rs. 44. 00/kg.
weekly_19_2025_Eng.txt,rice,Increase,Capsicum prices increased by
weekly_19_2025_Eng.txt,rice,Increase,Rs.24.00/kg. Lime prices increased by
weekly_19_2025_Eng.txt,rice,Increase,"prices of most varieties have increased,"
weekly_19_2025_Eng.txt,rice,Unknown,while a notable price increment of 402%
weekly_19_2025_Eng.txt,coconut,Unknown,Coconut
weekly_19_2025_Eng.txt,rice,Unknown,Prices of both large and small nuts have
weekly_19_2025_Eng.txt,rice,Unknown,respectively. Price ranges were Rs. 180.00-
weekly_19_2025_Eng.txt,rice,Unknown,the current wholes ale prices of large and
weekly_19_2025_Eng.txt,rice,Unknown,Prices of large and small nuts showed a
weekly_19_2025_Eng.txt,rice,Unknown,price drop of Rs.6.00/nut and Rs.4.00/nut
weekly_19_2025_Eng.txt,rice,Unknown,respectively. Price ranges were
weekly_19_2025_Eng.txt,rice,Unknown,prices of large nuts (100%) and small nuts
weekly_19_2025_Eng.txt,fruit,Unknown,Fruits
weekly_19_2025_Eng.txt,rice,Unknown,Prices of most of the fruit varieties have
weekly_19_2025_Eng.txt,rice,Decrease,highest price decrease of 31% was
weekly_19_2025_Eng.txt,rice,Unknown,recorded for pineapple large. The prices of
weekly_19_2025_Eng.txt,fruit,Unknown,the range of Rs.25.00-31.00/fruit.
weekly_19_2025_Eng.txt,rice,Increase,avocado and slime apple prices increased
weekly_19_2025_Eng.txt,rice,Unknown,Wholesale prices for the most of fruits have
weekly_19_2025_Eng.txt,rice,Decrease,"In line with the decreased wholesale prices,"
weekly_19_2025_Eng.txt,rice,Unknown,retail prices of most of the fruit varieties
weekly_19_2025_Eng.txt,rice,Decrease,have decreased. The highest price
weekly_19_2025_Eng.txt,rice,Unknown,Prices of all sizes of pineapple have
weekly_19_2025_Eng.txt,rice,Unknown,"Rs.100.00/kg. Also, price of seeni banana"
weekly_19_2025_Eng.txt,rice,Unknown,"Compared to last year, price of most fruit"
weekly_19_2025_Eng.txt,rice,Decrease,price decrease of 63% recorded for large
weekly_19_2025_Eng.txt,fish,Unknown,Fresh Fish
weekly_19_2025_Eng.txt,rice,Unknown,The prices of other fish varieties except
weekly_19_2025_Eng.txt,rice,Decrease,price decrease of 17% for salaya.
weekly_19_2025_Eng.txt,rice,Decrease,the highest price decrease was recorded for
weekly_19_2025_Eng.txt,rice,Increase,shrimps by 7%. The highest price increase
weekly_19_2025_Eng.txt,rice,Unknown,The prices of other fish varieties except
weekly_19_2025_Eng.txt,rice,Increase,and the highest price increase was recorded
weekly_19_2025_Eng.txt,rice,Unknown,for kelawalla by Rs.307.00/kg. Price s for
weekly_19_2025_Eng.txt,rice,Decrease,respectively. The highest price decrease
weekly_19_2025_Eng.txt,rice,Decrease,Price decrease of salaya and thalapath have
weekly_19_2025_Eng.txt,rice,Decrease,the highest price decrease was recorded for
weekly_19_2025_Eng.txt,rice,Increase,Thora by 12%. The highest price increase
weekly_19_2025_Eng.txt,fish,Unknown,Dried Fish
weekly_19_2025_Eng.txt,rice,Unknown,The prices of other dry fish varieties except
weekly_19_2025_Eng.txt,rice,Decrease,decreased and the highest price decrease
weekly_19_2025_Eng.txt,rice,Increase,highest price increase was recorded for
weekly_19_2025_Eng.txt,rice,Unknown,balaya by 12%. The second highest price
weekly_19_2025_Eng.txt,fish,Unknown,other dry fish varieties except maduwa and
weekly_19_2025_Eng.txt,rice,Increase,highest price increase was recorded for
weekly_19_2025_Eng.txt,rice,Unknown,The prices of other dry fish varieties except
weekly_19_2025_Eng.txt,rice,Decrease,decreased and the highest price decrease
weekly_19_2025_Eng.txt,rice,Decrease,Price decrease of imported sprats and
weekly_19_2025_Eng.txt,rice,Increase,price increase was recorded for local sprats
weekly_19_2025_Eng.txt,rice,Increase,price increase was recorded for mora by
weekly_19_2025_Eng.txt,fish,Unknown,other dried fish varieties except local and
weekly_19_2025_Eng.txt,rice,Increase,highest price increase was recorded for
weekly_19_2025_Eng.txt,egg,Unknown,Eggs
weekly_19_2025_Eng.txt,rice,Unknown,The prices of both white and brown eggs
weekly_19_2025_Eng.txt,rice,Decrease,have decreased by 4% and prices range of
weekly_19_2025_Eng.txt,rice,Unknown,respectively. The average price of the
weekly_19_2025_Eng.txt,egg,Unknown,white and brown egg s have  recorded as
weekly_19_2025_Eng.txt,rice,Unknown,the prices of both egg varieties have
weekly_19_2025_Eng.txt,rice,Decrease,decreased and price decrease of white and
weekly_19_2025_Eng.txt,egg,Unknown,brown eggs have recorded as 43% and
weekly_19_2025_Eng.txt,rice,Unknown,The prices of both brown and white egg
weekly_19_2025_Eng.txt,rice,Decrease,types have decreased and the price range of
weekly_19_2025_Eng.txt,egg,Unknown,a white egg has recorded as Rs.25.00 -
weekly_19_2025_Eng.txt,rice,Unknown,Rs.30.00 and the price range of a brown
weekly_19_2025_Eng.txt,egg,Unknown,egg has recorded as Rs.28.00 -Rs.31.00.
weekly_19_2025_Eng.txt,rice,Unknown,The average price of the white and brown
weekly_19_2025_Eng.txt,egg,Unknown,egg types has recorded as Rs.27.00 and
weekly_19_2025_Eng.txt,rice,Unknown,the prices of both egg varieties have
weekly_19_2025_Eng.txt,rice,Increase,The prices of all meat types have increased
weekly_19_2025_Eng.txt,rice,Increase,and the highest price increase was recorded
weekly_19_2025_Eng.txt,rice,Increase,for Mutton by Rs.67.00/kg. Price increase
weekly_19_2025_Eng.txt,chicken,Unknown,of broiler and curry chicken have recorded
weekly_19_2025_Eng.txt,rice,Increase,respectively. Price increase of beef and
weekly_19_2025_Eng.txt,chicken,Unknown,chicken have inc reased and the highest
weekly_19_2025_Eng.txt,rice,Increase,price increase was recorded for Pork by
weekly_19_2025_Eng.txt,rice,Unknown,to wholesale and retail prices of selected
weekly_19_2025_Eng.txt,rice,Unknown,"as prevailing prices, price ranges, averages,"
weekly_19_2025_Eng.txt,rice,Unknown,and a comparison of weekly prices. The
weekly_19_2025_Eng.txt,rice,Unknown,changes in prices reported are always with
weekly_19_2025_Eng.txt,rice,Unknown,price prevail ed during the previous week
weekly_19_2025_Eng.txt,rice,Unknown,"price information is twice a week ( i.e.,"
weekly_19_2025_Eng.txt,rice,Unknown,"prices, it is thrice a week ( i.e., Friday,"
weekly_19_2025_Eng.txt,rice,Unknown,Rice VarietiesLOCATIONS
weekly_19_2025_Eng.txt,rice,Unknown,Table 01: Selected Markets:Wholesale Price of Rice (Rs/50kg bag)
weekly_19_2025_Eng.txt,rice,Unknown,Table 02: Selected Markets: Retail Price of Rice (Rs/kg)
weekly_19_2025_Eng.txt,rice,Unknown,LOCATIONS Rice Varieties
weekly_19_2025_Eng.txt,dhal,Unknown,Green Gram Cowpea Red Dhal
weekly_19_2025_Eng.txt,rice,Unknown,Table 04: Selected Markets:Wholesale Price of Subsidiary Food (Rs/50kg)
weekly_19_2025_Eng.txt,onion,Unknown,Dried Chillies Red Onion Big Onion PotatoLOCATION Imported Imported Local Imported Welimada
weekly_19_2025_Eng.txt,rice,Unknown,Table 05: Selected Markets: Retail Price of Subsidiary Food Crops (Rs/kg)
weekly_19_2025_Eng.txt,onion,Unknown,Dried Chillies Red Onion Big Onion Potato Pulses
weekly_19_2025_Eng.txt,dhal,Unknown,Green Gram Cowpea Red Dhal
weekly_19_2025_Eng.txt,rice,Unknown,Table 06: Selected Markets: Wholesale Price of Vegetables(Rs/kg)
weekly_19_2025_Eng.txt,potato,Unknown,ManiocLong Beans Ash Plantain Green Chillies Lime Sweet Potatoe
weekly_19_2025_Eng.txt,rice,Unknown,"Colombo, Meegoda, Norochchole, Jaffna,Dambulla and Kandy - Gotukola Price Rs/Kg"
weekly_19_2025_Eng.txt,vegetable,Unknown,Leafy Vegetables (Rs/bundle)
weekly_19_2025_Eng.txt,coconut,Unknown,Coconut (Rs/nut)
weekly_19_2025_Eng.txt,rice,Unknown,Table 07: Selected Markets: Retail Price of Vegetables (Rs/kg)
weekly_19_2025_Eng.txt,potato,Unknown,Sweet Potato Large Small
weekly_19_2025_Eng.txt,vegetable,Unknown,Low Country Varieties Leafy Vegetable Coconut (Rs/nut)
weekly_19_2025_Eng.txt,rice,Unknown,Table 08: Selected Markets: Retail Price of Fruits (Rs/each & Rs/kg)
weekly_19_2025_Eng.txt,fruit,Unknown,Mango Other Fruits
weekly_19_2025_Eng.txt,coconut,Unknown,Passion Avocado Slime Apple Grapes (Rs/kg) King CoconutWood Apple Orange
weekly_19_2025_Eng.txt,fish,Unknown,Local Dried Fish Imported Dried Fish
weekly_19_2025_Eng.txt,fish,Unknown,Imported Dried Fish
weekly_19_2025_Eng.txt,fish,Unknown,Local Dried Fish
weekly_19_2025_Eng.txt,rice,Unknown,Table 10: Selected Markets: Wholesale Price of Dried Fish (Rs/50kg)
weekly_19_2025_Eng.txt,fish,Unknown,Sea Fish Eggs
weekly_19_2025_Eng.txt,rice,Unknown,Table 09: Selected Markets: Wholesale Price of Fresh Fish & Eggs (Rs/kg & Rs/egg)
weekly_19_2025_Eng.txt,fish,Unknown,Sea Fish
weekly_19_2025_Eng.txt,rice,Unknown,Table 11: Selected Markets: Retail Price of Fresh Fish & Eggs (Rs/kg & Rs/eggs)
weekly_19_2025_Eng.txt,fish,Unknown,Sea Fish Eggs
weekly_19_2025_Eng.txt,rice,Unknown,Table 12: Selected Markets: Retail Price of Dried Fish (Rs/kg)
weekly_19_2025_Eng.txt,fish,Unknown,Dried FishLOCATIONS Sprats-Imported Kattawa Thora Mora Balaya
weekly_19_2025_Eng.txt,rice,Unknown,Table 13: Selected Markets: Retail Price of Meat (Rs/kg)
weekly_19_2025_Eng.txt,chicken,Unknown,Meat Meat (Chicken) Meat
weekly_19_2025_Eng.txt,rice,Unknown,Rice Coconut
weekly_19_2025_Eng.txt,fruit,Unknown,Keeri Samba 255.00 − 280.00 269.17 270.00 312.78 -0.31 -13.94 Fruits (Rs/fruit)
weekly_19_2025_Eng.txt,fruit,Unknown,Raw (Red) − Passion Fruit 25.00 − 45.00 34.44 45.00 56.67 -23.46 -39.22
weekly_19_2025_Eng.txt,onion,Unknown,Onion Mango
weekly_19_2025_Eng.txt,onion,Unknown,Big Onion Kohu −
weekly_19_2025_Eng.txt,potato,Unknown,Potato Orange 50.00 − 90.00 67.78 41.88 65.91 61.86 2.84
weekly_19_2025_Eng.txt,coconut,Unknown,Pulses King Coconut 120.00 − 170.00 155.00 145.00 167.50 6.90 -7.46
weekly_19_2025_Eng.txt,fish,Unknown,Cowpea (White) 650.00 − 720.00 684.00 675.00 1.33 Sea Fish
weekly_19_2025_Eng.txt,dhal,Unknown,Red Dhal 250.00 − 260.00 255.00 254.17 281.88 0.33 -9.53 Hurulla 1000.00 − 1100.00 1058.33 1038.89 645.00 1.87 64.08
weekly_19_2025_Eng.txt,vegetable,Unknown,Vegetable Balaya 1100.00 − 1200.00 1158.33 1199.09 816.00 -3.40 41.95
weekly_19_2025_Eng.txt,egg,Unknown,Raddish 100.00 − 180.00 129.00 133.00 74.00 -3.01 74.32 Eggs
weekly_19_2025_Eng.txt,fish,Unknown,Ladies Fingers 200.00 − 260.00 237.00 296.00 124.00 -19.93 91.13 Dried Fish
weekly_19_2025_Eng.txt,potato,Unknown,Sweet Potato 180.00 − 260.00 228.00 208.00 153.00 9.62 49.02 Maduwa (Imported) −
weekly_19_2025_Eng.txt,vegetable,Unknown,Leafy Vegetable Koduwa (Imported) −
weekly_19_2025_Eng.txt,rice,Unknown,Table 14: Colombo: Wholesale Prices (Rs/kg or Rs/piece)
weekly_19_2025_Eng.txt,rice,Unknown,Average Price Change Compared to
weekly_19_2025_Eng.txt,rice,Unknown,Average Price
weekly_19_2025_Eng.txt,rice,Unknown,Rice Coconut
weekly_19_2025_Eng.txt,fruit,Unknown,Keeri Samba 260.00 − 290.00 272.31 275.29 365.00 -2.99 -25.40 Fruits (Rs/fruit)
weekly_19_2025_Eng.txt,fruit,Unknown,Raw (Red) − Passion Fruit 40.00 − 80.00 60.00 65.28 83.44 -5.28 -28.09
weekly_19_2025_Eng.txt,onion,Unknown,Onion Mango
weekly_19_2025_Eng.txt,onion,Unknown,Big Onion Kohu −
weekly_19_2025_Eng.txt,potato,Unknown,Potato Orange 60.00 − 120.00 90.30 81.58 120.56 8.72 -25.10
weekly_19_2025_Eng.txt,coconut,Unknown,Pulses King Coconut 180.00 − 250.00 205.45 198.24 232.63 7.22 -11.68
weekly_19_2025_Eng.txt,fish,Unknown,Cowpea (White) 700.00 − 1000.00 850.00 826.67 1066.67 23.33 -20.31 Sea Fish
weekly_19_2025_Eng.txt,dhal,Unknown,Red Dhal 270.00 − 320.00 295.53 295.50 330.83 0.03 -10.67 Hurulla 1200.00 − 1400.00 1288.75 1216.67 914.44 72.08 40.93
weekly_19_2025_Eng.txt,vegetable,Unknown,Vegetable Balaya 1250.00 − 1600.00 1456.25 1262.50 1257.78 193.75 15.78
weekly_19_2025_Eng.txt,egg,Unknown,Raddish 130.00 − 360.00 266.00 304.29 218.39 -38.29 21.80 Eggs
weekly_19_2025_Eng.txt,fish,Unknown,Ladies Fingers 280.00 − 520.00 380.00 384.09 261.88 -4.09 45.11 Dried Fish
weekly_19_2025_Eng.txt,chicken,Unknown,Root Crops Chicken (Broiler) 1100.00 − 1200.00 1157.00 1121.11 1199.09 35.89 -3.51
weekly_19_2025_Eng.txt,potato,Unknown,Sweet Potato 260.00 − 400.00 331.00 329.00 312.33 2.00 5.98 Chicken (Curry) 950.00 − 1150.00 1075.00 1056.67 1200.00 18.33 -10.42
weekly_19_2025_Eng.txt,vegetable,Unknown,Leafy Vegetable Pork 1700.00 − 1700.00 1700.00 1683.33 1300.00 16.67 30.77
weekly_19_2025_Eng.txt,rice,Unknown,Table 15: Colombo &Suburbs: Retail Prices (Rs/kg or Rs/piece)
weekly_19_2025_Eng.txt,rice,Unknown,Average Price Change Compared to
weekly_19_2025_Eng.txt,rice,Unknown,Average Price Change Compared to
weekly_19_2025_Eng.txt,vegetable,Unknown,Paddy Vegetable (Up Country) Snake Gourd
weekly_19_2025_Eng.txt,onion,Unknown,Red Onion Badulla 350.00 − 420.00 383.33 Long Beans
weekly_19_2025_Eng.txt,onion,Unknown,Big Onion Welimada 420.00 − 430.00 425.00 Embilipitiya 200.00 − 220.00 210.00
weekly_19_2025_Eng.txt,potato,Unknown,Potato Hambantota −
weekly_19_2025_Eng.txt,vegetable,Unknown,N'Eliya 230.00 − 245.00 236.00 Vegetable (Low Country) Embilipitiya 60.00 − 70.00 63.33
weekly_19_2025_Eng.txt,fruit,Unknown,Moneragala 600.00 − 650.00 620.00 Brinjal Fruits (Rs/kg)
weekly_19_2025_Eng.txt,rice,Unknown,Table 16: Farmgate/Producer Prices of Food Commodities in Selected Producing Areas (Rs/kg)
weekly_19_2025_Eng.txt,rice,Unknown,PriceCOMMODITY Range Average
weekly_19_2025_Eng.txt,rice,Unknown,Price COMMODITY Range Average
weekly_19_2025_Eng.txt,rice,Unknown,Price COMMODITY
weekly_19_2025_Eng.txt,rice,Unknown,Rice
weekly_19_2025_Eng.txt,onion,Unknown,Red Onion
weekly_19_2025_Eng.txt,onion,Unknown,Big Onion
weekly_19_2025_Eng.txt,potato,Unknown,Potato
weekly_19_2025_Eng.txt,dhal,Unknown,Red Dhal 270.00 − 290.00 − 280.00 − 280.00 320.00 − 320.00 300.00 − 320.00 290.00 − 300.00 275.00 − 280.00 270.00 − 270.00 320.00 − 320.00
weekly_19_2025_Eng.txt,rice,Unknown,Annex 01 - Colombo Markets: Retail Prices of Rice and Subsidiary Food Crops (Rs/kg) Week 19: 09 - 15 May 2025
weekly_19_2025_Eng.txt,vegetable,Unknown,Vegetable
weekly_19_2025_Eng.txt,potato,Unknown,Sweet Potato 280.00 − 300.00 400.00 − 400.00 320.00 − 400.00 400.00 − 400.00 340.00 − 360.00 400.00 − 400.00 260.00 − 280.00 320.00 − 340.00 280.00 − 360.00
weekly_19_2025_Eng.txt,vegetable,Unknown,Leafy Vegetable
weekly_19_2025_Eng.txt,coconut,Unknown,Coconut
weekly_19_2025_Eng.txt,rice,Unknown,Annex 02 - Colombo Markets: Retail Prices of Vegetables (Rs/kg) and Coconut (Rs/nut)
weekly_19_2025_Eng.txt,fruit,Unknown,Other Fruits
weekly_19_2025_Eng.txt,coconut,Unknown,King Coconut 180.00 − 200.00 − 250.00 − 250.00 − 200.00 − 200.00 250.00 − 250.00 220.00 − 220.00 180.00 − 200.00 200.00 − 200.00
weekly_19_2025_Eng.txt,rice,Unknown,Annex 03 - Colombo Markets: Retail Prices of Fruits (Rs/fruit)
weekly_19_2025_Eng.txt,fish,Unknown,Sea Fish
weekly_19_2025_Eng.txt,egg,Unknown,30 Eggs (Rs/egg)
weekly_19_2025_Eng.txt,fish,Unknown,Dried Fish
weekly_19_2025_Eng.txt,chicken,Unknown,Chicken (Broiler) − − − − 1150.00 − 1150.00 − 1100.00 − 1100.00 1160.00 − 1175.00 1200.00 − 1200.00
weekly_19_2025_Eng.txt,chicken,Unknown,Chicken (Curry) − − − − 1150.00 − 1150.00 − 950.00 − 950.00 1100.00 − 1100.00 1100.00 − 1100.00
weekly_19_2025_Eng.txt,rice,Unknown,Annex 04 - Colombo Markets: Retail Prices of Sea Fish and Dried Fish (Rs/kg)
weekly_19_2025_Eng.txt,rice,Unknown,Rice - (white Kekulu - normal ) 361 9.88 1.52 - 0.03 0.09 10.67 - 6.94 26.29 1.22 1.5
weekly_19_2025_Eng.txt,rice,Unknown,Rice - (white Kekulu Samba) 355 8.81 1.53 - 0.03 0.09 8.11 - 9.82 30.48 0.92 1.7
weekly_19_2025_Eng.txt,rice,Unknown,Rice - ( Red Kekulu - normal ) 366 8.64 2.12 - 0.05 0.1 8.39 - 4.73 31.7 0.88 1.84
weekly_19_2025_Eng.txt,rice,Unknown,Rice -Samba 369 6.86 2.45 - 0.05 0.13 12.79 - 8.71 37.26 1.18 1.49
weekly_19_2025_Eng.txt,rice,Unknown,Rice - Nadu White 366 7.76 1.48 - 0.03 0.12 9.35 - 4.57 20.1 0.64 1.61
weekly_19_2025_Eng.txt,onion,Unknown,Onion
weekly_19_2025_Eng.txt,onion,Unknown,Big onions 48 1.67 0.24 0.16 0.01 0.1 32.99 7.58 14.82 16.94 0.45 0.25
weekly_19_2025_Eng.txt,onion,Unknown,Red onions 55 2.13 0.15 0.18 0.02 0.13 30.15 14.26 20.37 19.32 0.31 0.28
weekly_19_2025_Eng.txt,potato,Unknown,Potatoes 71 1.67 0.25 0.01 0.09 14.31 20.5 9.83 23.84 0.46 0.29
weekly_19_2025_Eng.txt,dhal,Unknown,Red Dhal 319 23.09 0.77 1.06 1.6 0.22 55 NA 41.27 66.63 7.45 3.34
weekly_19_2025_Eng.txt,vegetable,Unknown,Vegetables
weekly_19_2025_Eng.txt,rice,Unknown,Rice
weekly_19_2025_Eng.txt,egg,Unknown,Brinjal (Chinese eggplant) 24 1.28 0.33 16.83 0.12 0.11 32.94 3.37 14.4 21.18 0.28 0.16
weekly_19_2025_Eng.txt,egg,Unknown,Thalana batu (Thai eggplant) 21 1.45 0.26 18.33 0.11 0.09 31.18 2.71 17.24 37.22 0.37 0.24
weekly_19_2025_Eng.txt,coconut,Unknown,Coconuts nuts 390 3.67 39.92 - 0.05 0.11 14.86 -
weekly_19_2025_Eng.txt,potato,Unknown,Sweet potato 108 1.27 0.33 NA 0.04 0.09 14.44 22.2 28.93 21.05 0.51 0.14
weekly_19_2025_Eng.txt,vegetable,Unknown,Leafy Vegetables
weekly_19_2025_Eng.txt,onion,Unknown,Onion leaves 27 2.01 0.26 NA 0.04 0.18 56.8 23.38 35.21 74.95 3.15 0.77
weekly_19_2025_Eng.txt,fruit,Unknown,Jackfruit pods 25 2.14 0.34 NA 0.03 0.04 30.7 24.77 37.32 26.08 0.3 0.17
weekly_19_2025_Eng.txt,fruit,Unknown,Jackfruit seeds 77 5.66 0.44 NA 0.02 0.08 58.91 15.24 40.87 50.14 0.52 0.42
weekly_19_2025_Eng.txt,chicken,Unknown,Chicken 176 23.14 9.24 6.88 0.07 0.49 10.09 - 15.06 20.18 0.75 0.64
weekly_19_2025_Eng.txt,fish,Unknown,Fish
weekly_19_2025_Eng.txt,fish,Unknown,Cuttle fish 76 16.82 0.93 1.93 0.02 0.04 6.22 8.73 35.46 0.62 1.3
weekly_19_2025_Eng.txt,fish,Unknown,Dried Fish
weekly_19_2025_Eng.txt,egg,Unknown,Eggs
weekly_19_2025_Eng.txt,egg,Unknown,Hen eggs (Country) 170 13.14 13 208 0.08 0.18 54.6 50.14 11.04 1.64 1.12
weekly_19_2025_Eng.txt,egg,Unknown,Hen eggs (Table) 135 13.55 9.03 200 0.19 0.19 49.46 63.3 12 2.39 1.73
weekly_19_2025_Eng.txt,egg,Unknown,Quail eggs 153 12.39 11.46 153 0.11 0.17 54.86 60.67 11.21 2.55 1.51
weekly_19_2025_Eng.txt,fruit,Unknown,Fruits
weekly_19_2025_Eng.txt,rice,Unknown,Price Collecting Areas
weekly_13_2025_Eng.txt,vegetable,Unknown,Vegetables
weekly_13_2025_Eng.txt,fruit,Unknown,Fruits
weekly_13_2025_Eng.txt,fish,Unknown,Fish
weekly_13_2025_Eng.txt,rice,Unknown,Rice
weekly_13_2025_Eng.txt,rice,Decrease,Retail prices of most of the fruit varieties have decreased with
weekly_13_2025_Eng.txt,rice,Decrease,the highest price decrease was reported for all sized
weekly_13_2025_Eng.txt,rice,Increase,Prices of most of the fish varieties have increased and the
weekly_13_2025_Eng.txt,rice,Increase,highest price increase was recorded for balaya Compared to
weekly_13_2025_Eng.txt,rice,Unknown,"the same period of last year, the prices of most of the fish"
weekly_13_2025_Eng.txt,rice,Increase,varieties have increased and the highest price increase was
weekly_13_2025_Eng.txt,rice,Unknown,The Prices of Welimada and Nuwara Eliya potatoes have
weekly_13_2025_Eng.txt,rice,Unknown,of sufficient stocks and price ranged between
weekly_13_2025_Eng.txt,rice,Unknown,Rs.340.00-480.00/kg and price of imported potato has
weekly_13_2025_Eng.txt,rice,Increase,Retail prices of most vegetable varieties have increased in
weekly_13_2025_Eng.txt,rice,Increase,"vegetables, the highest price increase was reported for"
weekly_13_2025_Eng.txt,rice,Increase,"season, these prices are expected to increase further in the"
weekly_13_2025_Eng.txt,rice,Unknown,Retail prices of all local rice varieties except nadu have
weekly_13_2025_Eng.txt,rice,Increase,increased with the highest price increase of Rs.6.00/kg was
weekly_13_2025_Eng.txt,rice,Decrease,"period of last year, the prices of keeri samba have decreased"
weekly_13_2025_Eng.txt,rice,Unknown,Rice
weekly_13_2025_Eng.txt,rice,Unknown,prices of all local rice varieties have not
weekly_13_2025_Eng.txt,rice,Unknown,changed significantly and average price of
weekly_13_2025_Eng.txt,rice,Unknown,imported rice varieties was also available at
weekly_13_2025_Eng.txt,rice,Unknown,prices
weekly_13_2025_Eng.txt,rice,Increase,"of the rice prices have increases, with the"
weekly_13_2025_Eng.txt,rice,Unknown,highest price of 26% for raw red. Prices of
weekly_13_2025_Eng.txt,rice,Unknown,The retail prices of all types of rice varieties
weekly_13_2025_Eng.txt,rice,Increase,"Among those, a highest price increased of"
weekly_13_2025_Eng.txt,rice,Unknown,The retail price of nadu grade I has
weekly_13_2025_Eng.txt,rice,Increase,the highest price increase of 19% was
weekly_13_2025_Eng.txt,rice,Decrease,price decreased of 19% was recorded for
weekly_13_2025_Eng.txt,rice,Unknown,The average farmgate prices of major
weekly_13_2025_Eng.txt,rice,Unknown,farmgate price of keeri samba paddy has
weekly_13_2025_Eng.txt,rice,Unknown,prices have ranged Rs.125.00 -145.00/kg.
weekly_13_2025_Eng.txt,rice,Unknown,"However, the average farmgate price of"
weekly_13_2025_Eng.txt,rice,Unknown,reported Rs.117.00-135.00/kg price range
weekly_13_2025_Eng.txt,rice,Unknown,producing areas. The farmgate price of
weekly_13_2025_Eng.txt,rice,Unknown,"125.00/kg price range. Further, the price"
weekly_13_2025_Eng.txt,rice,Unknown,while reported price ranged of Rs.120.00 -
weekly_13_2025_Eng.txt,rice,Unknown,the average farmgate price of all the major
weekly_13_2025_Eng.txt,rice,Unknown,The price of imported dried chilies has
weekly_13_2025_Eng.txt,rice,Decrease,decreased by  3% and  price r anged
weekly_13_2025_Eng.txt,rice,Unknown,current whole sale price of imported dried
weekly_13_2025_Eng.txt,rice,Unknown,The retail price of imported dried chilies has
weekly_13_2025_Eng.txt,rice,Increase,increased by Rs.15.00/kg and price ranged
weekly_13_2025_Eng.txt,rice,Unknown,the current retail price of imported dried
weekly_13_2025_Eng.txt,onion,Unknown,Onion
weekly_13_2025_Eng.txt,rice,Unknown,Prices of sinnan and vedalan  red onion
weekly_13_2025_Eng.txt,rice,Unknown,have not changed significantly and price
weekly_13_2025_Eng.txt,rice,Unknown,320.00/kg.  Price s of imported red onion
weekly_13_2025_Eng.txt,onion,Unknown,and imported big onion also have not
weekly_13_2025_Eng.txt,rice,Unknown,changed significantly and price ranged
weekly_13_2025_Eng.txt,rice,Unknown,current whole sale price of vedalan and
weekly_13_2025_Eng.txt,onion,Increase,imported red onion have increased by 16%
weekly_13_2025_Eng.txt,onion,Unknown,and 22% while imported big onion has
weekly_13_2025_Eng.txt,rice,Unknown,The retail price of imported red onion has
weekly_13_2025_Eng.txt,rice,Decrease,decreased by Rs.11.00/kg. The retail price of
weekly_13_2025_Eng.txt,onion,Increase,vedalan red onion has increased by
weekly_13_2025_Eng.txt,rice,Unknown,Rs.19.00/kg and retail price of imported big
weekly_13_2025_Eng.txt,onion,Decrease,onion has decreased by Rs.2.00/kg.
weekly_13_2025_Eng.txt,rice,Unknown,the current retail prices of imported big
weekly_13_2025_Eng.txt,onion,Decrease,onion and vedalan red onion have decreased
weekly_13_2025_Eng.txt,rice,Unknown,by 70% and 4% respectively. The retail price
weekly_13_2025_Eng.txt,onion,Increase,of imported red onion has increased by 31%.
weekly_13_2025_Eng.txt,potato,Unknown,Potato
weekly_13_2025_Eng.txt,rice,Unknown,The Price of Welimada and Nuwara Eliya
weekly_13_2025_Eng.txt,potato,Decrease,potatoes have decreased by 7% and 9% due
weekly_13_2025_Eng.txt,rice,Unknown,to availability of sufficient stocks and price
weekly_13_2025_Eng.txt,rice,Unknown,270.00/kg price of imported potato has not
weekly_13_2025_Eng.txt,rice,Unknown,changed significantly and price ranged
weekly_13_2025_Eng.txt,rice,Unknown,current wholesale price  of all potato
weekly_13_2025_Eng.txt,rice,Unknown,The retail prices of Welimada and Nuwara
weekly_13_2025_Eng.txt,potato,Decrease,Eliya potatoes have decreased by
weekly_13_2025_Eng.txt,rice,Unknown,The retail price of imported potato has
weekly_13_2025_Eng.txt,rice,Unknown,the current retail price of all types of
weekly_13_2025_Eng.txt,potato,Increase,potatoes have increased with the highest
weekly_13_2025_Eng.txt,rice,Increase,price increase of 2% was recorded for
weekly_13_2025_Eng.txt,potato,Unknown,imported potato.
weekly_13_2025_Eng.txt,rice,Increase,Price of Green gram has increased by 6%
weekly_13_2025_Eng.txt,rice,Unknown,and price ranged Rs.650.00 -850.00/kg.
weekly_13_2025_Eng.txt,rice,Increase,Price of white Cowpea has increased by
weekly_13_2025_Eng.txt,rice,Unknown,3% and price ranged Rs.600.00-700.00/kg.
weekly_13_2025_Eng.txt,rice,Unknown,Prices of red cowpea and Red dhal have not
weekly_13_2025_Eng.txt,rice,Increase,increased significantly and average prices
weekly_13_2025_Eng.txt,rice,Unknown,current whole sale prices of all pulses
weekly_13_2025_Eng.txt,rice,Increase,"In line with increased wholesale prices, the"
weekly_13_2025_Eng.txt,rice,Unknown,retail prices of all types of pulses have
weekly_13_2025_Eng.txt,rice,Increase,"increased. Among those,  a notable price"
weekly_13_2025_Eng.txt,rice,Unknown,the current retail prices of all types of pulses
weekly_13_2025_Eng.txt,rice,Unknown,price reduction of 37% was recorded for
weekly_13_2025_Eng.txt,vegetable,Unknown,Vegetable
weekly_13_2025_Eng.txt,rice,Unknown,Prices of most of upcountry vegetables
weekly_13_2025_Eng.txt,rice,Unknown,while prices of most low country
weekly_13_2025_Eng.txt,vegetable,Increase,vegetables have decreased due to increase
weekly_13_2025_Eng.txt,rice,Unknown,Most of the upcountry vegetable prices are
weekly_13_2025_Eng.txt,rice,Unknown,"from Jaffna area, following prices of"
weekly_13_2025_Eng.txt,rice,Unknown,"However, price of leeks, raddish and"
weekly_13_2025_Eng.txt,rice,Increase,"-8%. Further, price of tomato has increased"
weekly_13_2025_Eng.txt,rice,Increase,and price of capsicum has increased by 4%
weekly_13_2025_Eng.txt,vegetable,Unknown,"Considering low-country vegetables, most"
weekly_13_2025_Eng.txt,rice,Unknown,of the vegetable varieties experienced price
weekly_13_2025_Eng.txt,rice,Decrease,"decrease. Particularly, p rice of cucumber"
weekly_13_2025_Eng.txt,rice,Unknown,"excess stocks, following prices of long"
weekly_13_2025_Eng.txt,rice,Unknown,supply from Embilipitiya area. Prices of
weekly_13_2025_Eng.txt,rice,Unknown,"-8%. However, price of brinjal has"
weekly_13_2025_Eng.txt,rice,Unknown,from major producing areas and price of
weekly_13_2025_Eng.txt,rice,Unknown,"In addition, price of green chilies has"
weekly_13_2025_Eng.txt,rice,Increase,increased b y 3% while price of lime has
weekly_13_2025_Eng.txt,rice,Increase,"vegetable prices have increased, with"
weekly_13_2025_Eng.txt,rice,Unknown,Retail prices of most vegetable varieties
weekly_13_2025_Eng.txt,vegetable,Unknown,"wholesale trend. In up-country vegetables,"
weekly_13_2025_Eng.txt,rice,Increase,the highest price increase was reported for
weekly_13_2025_Eng.txt,rice,Unknown,"varieties, brinjal prices showed a"
weekly_13_2025_Eng.txt,rice,Increase,significant price increase of  around
weekly_13_2025_Eng.txt,rice,Unknown,Rs.198.00/kg. Bitter gourd prices showed a
weekly_13_2025_Eng.txt,rice,Increase,significant price increase of Rs.34.00 /kg.
weekly_13_2025_Eng.txt,rice,Decrease,Capsicum prices decreased by Rs.34.00/kg
weekly_13_2025_Eng.txt,rice,Increase,prices increased by Rs. 65.00 /kg. Green
weekly_13_2025_Eng.txt,rice,Unknown,Chilies (Rs.130.00 /kg) showed a price
weekly_13_2025_Eng.txt,rice,Increase,price increase compared to last year.
weekly_13_2025_Eng.txt,rice,Unknown,prices of most of the varieties have
weekly_13_2025_Eng.txt,rice,Increase,"increased, while a notable price increment"
weekly_13_2025_Eng.txt,coconut,Unknown,Coconut
weekly_13_2025_Eng.txt,rice,Unknown,Prices of both large and small nuts have
weekly_13_2025_Eng.txt,rice,Increase,increased by 4%.  Price ranges were
weekly_13_2025_Eng.txt,rice,Unknown,the current wholesale prices of large and
weekly_13_2025_Eng.txt,rice,Unknown,Prices of large and small nuts showed a
weekly_13_2025_Eng.txt,rice,Unknown,price increment of Rs.2.00/nut. Price
weekly_13_2025_Eng.txt,rice,Unknown,prices of large nuts (77%) and small nuts
weekly_13_2025_Eng.txt,fruit,Unknown,Fruits
weekly_13_2025_Eng.txt,rice,Decrease,Wholesale prices of many fruits have fallen
weekly_13_2025_Eng.txt,rice,Decrease,The highest price decrease was recorded
weekly_13_2025_Eng.txt,rice,Unknown,"harvest season, price for vilad mango had"
weekly_13_2025_Eng.txt,rice,Decrease,kolikuttu and passion fruit prices decreased
weekly_13_2025_Eng.txt,rice,Increase,"increased demand, prices for wood apple"
weekly_13_2025_Eng.txt,rice,Unknown,Wholesale prices for the most of fruits have
weekly_13_2025_Eng.txt,rice,Decrease,"In line with the decreased wholesale prices,"
weekly_13_2025_Eng.txt,rice,Unknown,retail prices of most of the fruits have also
weekly_13_2025_Eng.txt,rice,Decrease,decreased. The highest price decrease in
weekly_13_2025_Eng.txt,rice,Unknown,price of papaw and avocado have
weekly_13_2025_Eng.txt,fruit,Unknown,"Rs. 32.00/fruit respectively. However, the"
weekly_13_2025_Eng.txt,rice,Increase,price of imported grapes has increased by
weekly_13_2025_Eng.txt,rice,Unknown,current prices of most of the fruits have
weekly_13_2025_Eng.txt,rice,Decrease,decreased and the highest price decrease of
weekly_13_2025_Eng.txt,fruit,Unknown,45% was reported for passion fruit.
weekly_13_2025_Eng.txt,fish,Unknown,Fresh Fish
weekly_13_2025_Eng.txt,rice,Unknown,Wholesale prices of most of the fresh fish
weekly_13_2025_Eng.txt,rice,Increase,supply. The highest price increase of 16%
weekly_13_2025_Eng.txt,rice,Increase,from Northern areas. A price increase of
weekly_13_2025_Eng.txt,rice,Unknown,"Trincomalee areas. The prices of mora,"
weekly_13_2025_Eng.txt,rice,Increase,"increased by 3% -9%. However, A price"
weekly_13_2025_Eng.txt,rice,Decrease,A price decrease of 11% was noted for
weekly_13_2025_Eng.txt,rice,Unknown,current wholesale prices of most of  the
weekly_13_2025_Eng.txt,fish,Increase,fresh fish types have increased with the
weekly_13_2025_Eng.txt,rice,Increase,highest price increase of 68% was noted for
weekly_13_2025_Eng.txt,rice,Unknown,The prices of other fish varieties except
weekly_13_2025_Eng.txt,rice,Increase,and the highest price increase was recorded
weekly_13_2025_Eng.txt,rice,Increase,highest price increase was recorded for
weekly_13_2025_Eng.txt,rice,Decrease,price decrease was recorded for thora by
weekly_13_2025_Eng.txt,rice,Unknown,Rs.91.00/kg. The second highest  price
weekly_13_2025_Eng.txt,rice,Unknown,the prices of other fish varieties except
weekly_13_2025_Eng.txt,rice,Increase,highest price increase was recorded for
weekly_13_2025_Eng.txt,fish,Unknown,Dried Fish
weekly_13_2025_Eng.txt,rice,Unknown,Prices of most of the dried fish types have
weekly_13_2025_Eng.txt,fish,Increase,increased due to decrease of local dried fish
weekly_13_2025_Eng.txt,rice,Increase,supply. The highest price increase of 28%
weekly_13_2025_Eng.txt,rice,Increase,A price increase of 8% was noted for local
weekly_13_2025_Eng.txt,rice,Unknown,Prices of other dried fish verities have not
weekly_13_2025_Eng.txt,rice,Unknown,current wholesale prices of most of the
weekly_13_2025_Eng.txt,fish,Increase,dried fish types have increased and the
weekly_13_2025_Eng.txt,rice,Increase,highest price increase of 105% was noted
weekly_13_2025_Eng.txt,rice,Unknown,The prices of other dry fish varieties except
weekly_13_2025_Eng.txt,rice,Increase,highest price increase was recorded for
weekly_13_2025_Eng.txt,rice,Increase,salaya by Rs.105.00/kg. Price increase of
weekly_13_2025_Eng.txt,rice,Decrease,Price decrease of mora and aguluwa have
weekly_13_2025_Eng.txt,rice,Decrease,the highest price decrease was recorded for
weekly_13_2025_Eng.txt,rice,Unknown,imported sprats by 13%. The highest price
weekly_13_2025_Eng.txt,egg,Unknown,Eggs
weekly_13_2025_Eng.txt,rice,Unknown,Prices of both brown and white eggs ha ve
weekly_13_2025_Eng.txt,rice,Increase,increased by 1% and their prices ranged
weekly_13_2025_Eng.txt,egg,Unknown,Rs. 26.00 -33.00/egg and Rs.24.00 -
weekly_13_2025_Eng.txt,egg,Unknown,30.00/egg respectively.
weekly_13_2025_Eng.txt,rice,Unknown,prices of both brown and white eggs have
weekly_13_2025_Eng.txt,rice,Unknown,The prices of both brown and white egg
weekly_13_2025_Eng.txt,rice,Increase,types have increased and the price range of
weekly_13_2025_Eng.txt,egg,Unknown,a white egg has recorded as Rs.28.00 -
weekly_13_2025_Eng.txt,rice,Unknown,Rs.36.00 and the price range of a brown
weekly_13_2025_Eng.txt,egg,Unknown,egg has recorded as Rs.29.00 -Rs.38.00.
weekly_13_2025_Eng.txt,rice,Unknown,The average price of the white and brown
weekly_13_2025_Eng.txt,egg,Unknown,egg types has recorded as Rs.31.00 and
weekly_13_2025_Eng.txt,rice,Unknown,the prices of both egg varieties have
weekly_13_2025_Eng.txt,rice,Increase,The prices of all meat types have increased
weekly_13_2025_Eng.txt,rice,Increase,and the highest price increase was recorded
weekly_13_2025_Eng.txt,rice,Increase,for beef by Rs.63.00/kg. Price increase of
weekly_13_2025_Eng.txt,chicken,Unknown,broiler and curry chicken have recorded as
weekly_13_2025_Eng.txt,rice,Increase,Price increase of mutton and pork have
weekly_13_2025_Eng.txt,chicken,Increase,chicken have increased and the highest
weekly_13_2025_Eng.txt,rice,Increase,price increase was recorded for pork and
weekly_13_2025_Eng.txt,rice,Unknown,to wholesale and retail prices of selected
weekly_13_2025_Eng.txt,rice,Unknown,"as prevailing prices, price ranges, averages,"
weekly_13_2025_Eng.txt,rice,Unknown,and a comparison of weekly prices. The
weekly_13_2025_Eng.txt,rice,Unknown,changes in prices reported are always with
weekly_13_2025_Eng.txt,rice,Unknown,price prevailed during the previous week
weekly_13_2025_Eng.txt,rice,Unknown,"price information is twice a week ( i.e.,"
weekly_13_2025_Eng.txt,rice,Unknown,"prices, it is thrice a week ( i.e., Friday,"
weekly_13_2025_Eng.txt,rice,Unknown,Rice VarietiesLOCATIONS
weekly_13_2025_Eng.txt,rice,Unknown,Table 01: Selected Markets:Wholesale Price of Rice (Rs/50kg bag)
weekly_13_2025_Eng.txt,rice,Unknown,Table 02: Selected Markets: Retail Price of Rice (Rs/kg)
weekly_13_2025_Eng.txt,rice,Unknown,LOCATIONS Rice Varieties
weekly_13_2025_Eng.txt,dhal,Unknown,Green Gram Cowpea Red Dhal
weekly_13_2025_Eng.txt,rice,Unknown,Table 04: Selected Markets:Wholesale Price of Subsidiary Food (Rs/50kg)
weekly_13_2025_Eng.txt,onion,Unknown,Dried Chillies Red Onion Big Onion PotatoLOCATION Imported Imported Local Imported Welimada
weekly_13_2025_Eng.txt,rice,Unknown,Table 05: Selected Markets: Retail Price of Subsidiary Food Crops (Rs/kg)
weekly_13_2025_Eng.txt,onion,Unknown,Dried Chillies Red Onion Big Onion Potato Pulses
weekly_13_2025_Eng.txt,dhal,Unknown,Green Gram Cowpea Red Dhal
weekly_13_2025_Eng.txt,rice,Unknown,Table 06: Selected Markets: Wholesale Price of Vegetables(Rs/kg)
weekly_13_2025_Eng.txt,rice,Unknown,"Colombo, Meegoda, Norochchole, Jaffna,Dambulla and Kandy - Gotukola Price Rs/Kg"
weekly_13_2025_Eng.txt,vegetable,Unknown,Leafy Vegetables (Rs/bundle)
weekly_13_2025_Eng.txt,coconut,Unknown,Coconut (Rs/nut)
weekly_13_2025_Eng.txt,potato,Unknown,ManiocLong Beans Ash Plantain Green Chillies Lime Sweet Potatoe
weekly_13_2025_Eng.txt,rice,Unknown,Table 07: Selected Markets: Retail Price of Vegetables (Rs/kg)
weekly_13_2025_Eng.txt,potato,Unknown,Ash Plantain Green Chillies Lime Sweet Potato Large Small
weekly_13_2025_Eng.txt,vegetable,Unknown,Low Country Varieties Leafy Vegetable Coconut (Rs/nut)
weekly_13_2025_Eng.txt,rice,Unknown,Table 08: Selected Markets: Retail Price of Fruits (Rs/each & Rs/kg)
weekly_13_2025_Eng.txt,fruit,Unknown,Mango Other Fruits
weekly_13_2025_Eng.txt,coconut,Unknown,Passion Avocado Slime Apple Grapes (Rs/kg) King CoconutWood Apple Orange
weekly_13_2025_Eng.txt,fish,Unknown,Sea Fish Eggs
weekly_13_2025_Eng.txt,rice,Unknown,Table 09: Selected Markets: Wholesale Price of Fresh Fish & Eggs (Rs/kg & Rs/egg)
weekly_13_2025_Eng.txt,fish,Unknown,Sea Fish
weekly_13_2025_Eng.txt,rice,Unknown,Table 10: Selected Markets: Wholesale Price of Dried Fish (Rs/50kg)
weekly_13_2025_Eng.txt,fish,Unknown,Local Dried Fish
weekly_13_2025_Eng.txt,fish,Unknown,Local Dried Fish Imported Dried Fish
weekly_13_2025_Eng.txt,fish,Unknown,Imported Dried Fish
weekly_13_2025_Eng.txt,rice,Unknown,Table 11: Selected Markets: Retail Price of Fresh Fish & Eggs (Rs/kg & Rs/eggs)
weekly_13_2025_Eng.txt,fish,Unknown,Sea Fish Eggs
weekly_13_2025_Eng.txt,rice,Unknown,Table 12: Selected Markets: Retail Price of Dried Fish (Rs/kg)
weekly_13_2025_Eng.txt,fish,Unknown,Dried FishLOCATIONS Sprats-Imported Kattawa Thora Mora Balaya
weekly_13_2025_Eng.txt,rice,Unknown,Table 13: Selected Markets: Retail Price of Meat (Rs/kg)
weekly_13_2025_Eng.txt,chicken,Unknown,Meat Meat (Chicken) Meat
weekly_13_2025_Eng.txt,rice,Unknown,Rice Coconut
weekly_13_2025_Eng.txt,fruit,Unknown,Keeri Samba 260.00 − 280.00 270.00 271.67 317.50 -0.61 -14.96 Fruits (Rs/fruit)
weekly_13_2025_Eng.txt,fruit,Unknown,Raw (Red) − Passion Fruit 50.00 − 60.00 52.78 58.33 107.78 -9.52 -51.03
weekly_13_2025_Eng.txt,onion,Unknown,Onion Mango
weekly_13_2025_Eng.txt,onion,Unknown,Big Onion Kohu −
weekly_13_2025_Eng.txt,potato,Unknown,Potato Orange 35.00 − 50.00 44.38 45.00 40.50 -1.39 9.57
weekly_13_2025_Eng.txt,coconut,Unknown,Pulses King Coconut 150.00 − 220.00 188.75 191.11 180.00 -1.24 4.86
weekly_13_2025_Eng.txt,fish,Unknown,Cowpea (White) 600.00 − 700.00 656.00 638.33 750.00 2.77 -12.53 Sea Fish
weekly_13_2025_Eng.txt,dhal,Unknown,Red Dhal 255.00 − 265.00 260.71 261.67 285.83 -0.36 -8.79 Hurulla 850.00 − 1000.00 915.00 838.33 637.00 9.15 43.64
weekly_13_2025_Eng.txt,vegetable,Unknown,Vegetable Balaya 750.00 − 900.00 834.44 777.50 496.00 7.32 68.23
weekly_13_2025_Eng.txt,egg,Unknown,Raddish 80.00 − 120.00 100.00 106.00 42.00 -5.66 138.10 Eggs
weekly_13_2025_Eng.txt,fish,Unknown,Ladies Fingers 200.00 − 250.00 229.00 232.00 50.00 -1.29 358.00 Dried Fish
weekly_13_2025_Eng.txt,potato,Unknown,Sweet Potato 140.00 − 180.00 161.00 146.00 141.00 10.27 14.18 Maduwa (Imported) −
weekly_13_2025_Eng.txt,vegetable,Unknown,Leafy Vegetable Koduwa (Imported) −
weekly_13_2025_Eng.txt,rice,Unknown,Table 14: Colombo: Wholesale Prices (Rs/kg or Rs/piece)
weekly_13_2025_Eng.txt,rice,Unknown,Average Price Change Compared to
weekly_13_2025_Eng.txt,rice,Unknown,Average Price
weekly_13_2025_Eng.txt,rice,Unknown,Rice Coconut
weekly_13_2025_Eng.txt,fruit,Unknown,Keeri Samba 280.00 − 340.00 301.18 295.16 371.46 6.02 -18.92 Fruits (Rs/fruit)
weekly_13_2025_Eng.txt,fruit,Unknown,Raw (Red) − Passion Fruit 60.00 − 100.00 83.00 88.24 150.91 -5.24 -45.00
weekly_13_2025_Eng.txt,onion,Unknown,Onion Mango
weekly_13_2025_Eng.txt,onion,Unknown,Big Onion Kohu −
weekly_13_2025_Eng.txt,potato,Unknown,Potato Orange 50.00 − 120.00 79.06 85.68 85.24 -6.62 -7.25
weekly_13_2025_Eng.txt,coconut,Unknown,Pulses King Coconut 200.00 − 250.00 230.00 233.33 213.33 -3.33 7.81
weekly_13_2025_Eng.txt,fish,Unknown,Cowpea (White) 700.00 − 1000.00 826.36 798.26 1120.83 28.10 -26.27 Sea Fish
weekly_13_2025_Eng.txt,dhal,Unknown,Red Dhal 280.00 − 340.00 298.92 298.92 335.42 0.00 -10.88 Hurulla 960.00 − 1200.00 1094.17 1074.38 810.63 19.79 34.98
weekly_13_2025_Eng.txt,vegetable,Unknown,Vegetable Balaya 900.00 − 1300.00 1043.75 920.83 761.43 122.92 37.08
weekly_13_2025_Eng.txt,egg,Unknown,Raddish 160.00 − 320.00 245.00 240.95 175.93 4.05 39.26 Eggs
weekly_13_2025_Eng.txt,fish,Unknown,Ladies Fingers 300.00 − 400.00 363.18 347.20 219.66 15.98 65.34 Dried Fish
weekly_13_2025_Eng.txt,chicken,Unknown,Root Crops Chicken (Broiler) 1170.00 − 1320.00 1244.17 1227.50 1251.82 16.67 -0.61
weekly_13_2025_Eng.txt,potato,Unknown,Sweet Potato 220.00 − 360.00 304.55 270.00 306.55 34.55 -0.65 Chicken (Curry) 1000.00 − 1280.00 1113.75 1090.91 1222.73 22.84 -8.91
weekly_13_2025_Eng.txt,vegetable,Unknown,Leafy Vegetable Pork 1400.00 − 1700.00 1516.67 1483.33 1300.00 33.33 16.67
weekly_13_2025_Eng.txt,rice,Unknown,Table 15: Colombo &Suburbs: Retail Prices (Rs/kg or Rs/piece)
weekly_13_2025_Eng.txt,rice,Unknown,Average Price Change Compared to
weekly_13_2025_Eng.txt,rice,Unknown,Average Price Change Compared to
weekly_13_2025_Eng.txt,vegetable,Unknown,Paddy Vegetable (Up Country) Snake Gourd
weekly_13_2025_Eng.txt,onion,Unknown,Red Onion Badulla 180.00 − 220.00 200.00 Long Beans
weekly_13_2025_Eng.txt,onion,Unknown,Big Onion Welimada 180.00 − 190.00 185.00 Embilipitiya 280.00 − 300.00 292.50
weekly_13_2025_Eng.txt,potato,Unknown,Potato Hambantota −
weekly_13_2025_Eng.txt,vegetable,Unknown,N'Eliya 240.00 − 260.00 248.00 Vegetable (Low Country) Embilipitiya 100.00 − 120.00 112.50
weekly_13_2025_Eng.txt,fruit,Unknown,Moneragala 650.00 − 670.00 658.00 Brinjal Fruits (Rs/kg)
weekly_13_2025_Eng.txt,rice,Unknown,Table 16: Farmgate/Producer Prices of Food Commodities in Selected Producing Areas (Rs/kg)
weekly_13_2025_Eng.txt,rice,Unknown,PriceCOMMODITY Range Average
weekly_13_2025_Eng.txt,rice,Unknown,Price COMMODITY Range Average
weekly_13_2025_Eng.txt,rice,Unknown,Price COMMODITY
weekly_13_2025_Eng.txt,rice,Unknown,Rice
weekly_13_2025_Eng.txt,onion,Unknown,Red Onion
weekly_13_2025_Eng.txt,onion,Unknown,Big Onion
weekly_13_2025_Eng.txt,potato,Unknown,Potato
weekly_13_2025_Eng.txt,dhal,Unknown,Red Dhal 280.00 − 320.00 290.00 − 340.00 280.00 − 320.00 290.00 − 340.00 280.00 − 320.00 290.00 − 320.00 280.00 − 300.00 290.00 − 340.00 280.00 − 320.00
weekly_13_2025_Eng.txt,rice,Unknown,Annex 01 - Colombo Markets: Retail Prices of Rice and Subsidiary Food Crops (Rs/kg) Week 13: 28 Mar - 03 Apr 2025
weekly_13_2025_Eng.txt,vegetable,Unknown,Vegetable
weekly_13_2025_Eng.txt,potato,Unknown,Sweet Potato 240.00 − 260.00 300.00 − 320.00 320.00 − 320.00 360.00 − 360.00 320.00 − 340.00 360.00 − 360.00 220.00 − 240.00 340.00 − 360.00 280.00 − 320.00
weekly_13_2025_Eng.txt,vegetable,Unknown,Leafy Vegetable
weekly_13_2025_Eng.txt,coconut,Unknown,Coconut
weekly_13_2025_Eng.txt,rice,Unknown,Annex 02 - Colombo Markets: Retail Prices of Vegetables (Rs/kg) and Coconut (Rs/nut)
weekly_13_2025_Eng.txt,fruit,Unknown,Other Fruits
weekly_13_2025_Eng.txt,coconut,Unknown,King Coconut 230.00 − 250.00 220.00 − 220.00 230.00 − 230.00 240.00 − 250.00 220.00 − 230.00 200.00 − 250.00 200.00 − 250.00 200.00 − 230.00 250.00 − 250.00
weekly_13_2025_Eng.txt,rice,Unknown,Annex 03 - Colombo Markets: Retail Prices of Fruits (Rs/fruit)
weekly_13_2025_Eng.txt,fish,Unknown,Sea Fish
weekly_13_2025_Eng.txt,egg,Unknown,30 Eggs (Rs/egg)
weekly_13_2025_Eng.txt,fish,Unknown,Dried Fish
weekly_13_2025_Eng.txt,chicken,Unknown,Chicken (Broiler) 1170.00 − 1170.00 1320.00 − 1320.00 1280.00 − 1280.00 1280.00 − 1280.00 1200.00 − 1200.00 1280.00 − 1280.00 1200.00 − 1200.00 1190.00 − 1200.00 1250.00 − 1250.00
weekly_13_2025_Eng.txt,chicken,Unknown,Chicken (Curry) 1000.00 − 1000.00 1100.00 − 1100.00 − 1280.00 − 1280.00 1100.00 − 1100.00 1100.00 − 1100.00 1050.00 − 1050.00 − 1000.00 − 1000.00
weekly_13_2025_Eng.txt,rice,Unknown,Annex 04 - Colombo Markets: Retail Prices of Sea Fish and Dried Fish (Rs/kg)
weekly_13_2025_Eng.txt,rice,Unknown,Rice - (white Kekulu - normal ) 361 9.88 1.52 - 0.03 0.09 10.67 - 6.94 26.29 1.22 1.5
weekly_13_2025_Eng.txt,rice,Unknown,Rice - (white Kekulu Samba) 355 8.81 1.53 - 0.03 0.09 8.11 - 9.82 30.48 0.92 1.7
weekly_13_2025_Eng.txt,rice,Unknown,Rice - ( Red Kekulu - normal ) 366 8.64 2.12 - 0.05 0.1 8.39 - 4.73 31.7 0.88 1.84
weekly_13_2025_Eng.txt,rice,Unknown,Rice -Samba 369 6.86 2.45 - 0.05 0.13 12.79 - 8.71 37.26 1.18 1.49
weekly_13_2025_Eng.txt,rice,Unknown,Rice - Nadu White 366 7.76 1.48 - 0.03 0.12 9.35 - 4.57 20.1 0.64 1.61
weekly_13_2025_Eng.txt,onion,Unknown,Onion
weekly_13_2025_Eng.txt,onion,Unknown,Big onions 48 1.67 0.24 0.16 0.01 0.1 32.99 7.58 14.82 16.94 0.45 0.25
weekly_13_2025_Eng.txt,onion,Unknown,Red onions 55 2.13 0.15 0.18 0.02 0.13 30.15 14.26 20.37 19.32 0.31 0.28
weekly_13_2025_Eng.txt,potato,Unknown,Potatoes 71 1.67 0.25 0.01 0.09 14.31 20.5 9.83 23.84 0.46 0.29
weekly_13_2025_Eng.txt,dhal,Unknown,Red Dhal 319 23.09 0.77 1.06 1.6 0.22 55 NA 41.27 66.63 7.45 3.34
weekly_13_2025_Eng.txt,vegetable,Unknown,Vegetables
weekly_13_2025_Eng.txt,rice,Unknown,Rice
weekly_13_2025_Eng.txt,egg,Unknown,Brinjal (Chinese eggplant) 24 1.28 0.33 16.83 0.12 0.11 32.94 3.37 14.4 21.18 0.28 0.16
weekly_13_2025_Eng.txt,egg,Unknown,Thalana batu (Thai eggplant) 21 1.45 0.26 18.33 0.11 0.09 31.18 2.71 17.24 37.22 0.37 0.24
weekly_13_2025_Eng.txt,coconut,Unknown,Coconuts nuts 390 3.67 39.92 - 0.05 0.11 14.86 -
weekly_13_2025_Eng.txt,potato,Unknown,Sweet potato 108 1.27 0.33 NA 0.04 0.09 14.44 22.2 28.93 21.05 0.51 0.14
weekly_13_2025_Eng.txt,vegetable,Unknown,Leafy Vegetables
weekly_13_2025_Eng.txt,onion,Unknown,Onion leaves 27 2.01 0.26 NA 0.04 0.18 56.8 23.38 35.21 74.95 3.15 0.77
weekly_13_2025_Eng.txt,fruit,Unknown,Jackfruit pods 25 2.14 0.34 NA 0.03 0.04 30.7 24.77 37.32 26.08 0.3 0.17
weekly_13_2025_Eng.txt,fruit,Unknown,Jackfruit seeds 77 5.66 0.44 NA 0.02 0.08 58.91 15.24 40.87 50.14 0.52 0.42
weekly_13_2025_Eng.txt,chicken,Unknown,Chicken 176 23.14 9.24 6.88 0.07 0.49 10.09 - 15.06 20.18 0.75 0.64
weekly_13_2025_Eng.txt,fish,Unknown,Fish
weekly_13_2025_Eng.txt,fish,Unknown,Cuttle fish 76 16.82 0.93 1.93 0.02 0.04 6.22 8.73 35.46 0.62 1.3
weekly_13_2025_Eng.txt,fish,Unknown,Dried Fish
weekly_13_2025_Eng.txt,egg,Unknown,Eggs
weekly_13_2025_Eng.txt,egg,Unknown,Hen eggs (Country) 170 13.14 13 208 0.08 0.18 54.6 50.14 11.04 1.64 1.12
weekly_13_2025_Eng.txt,egg,Unknown,Hen eggs (Table) 135 13.55 9.03 200 0.19 0.19 49.46 63.3 12 2.39 1.73
weekly_13_2025_Eng.txt,egg,Unknown,Quail eggs 153 12.39 11.46 153 0.11 0.17 54.86 60.67 11.21 2.55 1.51
weekly_13_2025_Eng.txt,fruit,Unknown,Fruits
weekly_13_2025_Eng.txt,rice,Unknown,Price Collecting Areas
weekly_14_2025_Eng.txt,vegetable,Unknown,Vegetables
weekly_14_2025_Eng.txt,fruit,Unknown,Fruits
weekly_14_2025_Eng.txt,rice,Unknown,Rice
weekly_14_2025_Eng.txt,rice,Increase,"In line with the increased wholesale prices, retail prices of"
weekly_14_2025_Eng.txt,fruit,Increase,"most of the fruits have also increased. However,"
weekly_14_2025_Eng.txt,rice,Decrease,prices of most of the fruits have decreased.
weekly_14_2025_Eng.txt,rice,Increase,"Retail price of all types of potato has increased. Among those,"
weekly_14_2025_Eng.txt,rice,Increase,a notable price increase of Rs.20.00/kg was recorded for
weekly_14_2025_Eng.txt,potato,Unknown,Welimada potato.
weekly_14_2025_Eng.txt,rice,Increase,Retail prices of most of the vegetable varieties increased in
weekly_14_2025_Eng.txt,rice,Increase,"vegetables, the highest price increase was reported for"
weekly_14_2025_Eng.txt,vegetable,Unknown,beetroot. When considering the low country vegetable
weekly_14_2025_Eng.txt,rice,Increase,"varieties, drumstick prices showed a significant price increase"
weekly_14_2025_Eng.txt,rice,Unknown,Retail prices of all local varieties except keeri samba and raw
weekly_14_2025_Eng.txt,rice,Decrease,(red) have decreased. The retail prices of keeri samba has
weekly_14_2025_Eng.txt,rice,Decrease,"period of last year, the highest price decreased of 18% was"
weekly_14_2025_Eng.txt,rice,Increase,recorded for keeri samba and the highest price increase of 21%
weekly_14_2025_Eng.txt,fish,Unknown,Fish
weekly_14_2025_Eng.txt,rice,Increase,Retail prices of all fish varieties have increased and the highest
weekly_14_2025_Eng.txt,rice,Increase,price increase was recorded for shrimps. Compared to the
weekly_14_2025_Eng.txt,rice,Unknown,"same period of last year, the price of other fish varieties except"
weekly_14_2025_Eng.txt,rice,Increase,thora and paraw have increased and the highest price increase
weekly_14_2025_Eng.txt,rice,Unknown,Rice
weekly_14_2025_Eng.txt,rice,Increase,Prices of keeri samba has increased by 4%
weekly_14_2025_Eng.txt,rice,Unknown,the marke t and price ranged R s.260.00-
weekly_14_2025_Eng.txt,rice,Unknown,300.00/kg. Price of all other local rice
weekly_14_2025_Eng.txt,rice,Unknown,and average price of raw red and raw white
weekly_14_2025_Eng.txt,rice,Unknown,Imported rice varieties were also available
weekly_14_2025_Eng.txt,rice,Unknown,"at the market, with  the following price"
weekly_14_2025_Eng.txt,rice,Unknown,of the rice varieties have seen price
weekly_14_2025_Eng.txt,rice,Increase,increase with the highest price of 27% for
weekly_14_2025_Eng.txt,rice,Unknown,raw red. Price of keeri samba and imported
weekly_14_2025_Eng.txt,rice,Unknown,The retail prices of imported samba and
weekly_14_2025_Eng.txt,rice,Unknown,The retail price of keeri samba has
weekly_14_2025_Eng.txt,rice,Decrease,the highest price decreased of 18% was
weekly_14_2025_Eng.txt,rice,Increase,price increase of 21% was recorded for
weekly_14_2025_Eng.txt,rice,Unknown,The average farm gate prices of major
weekly_14_2025_Eng.txt,rice,Unknown,over the previous week. The average price
weekly_14_2025_Eng.txt,rice,Unknown,"year, the average prices of short grain"
weekly_14_2025_Eng.txt,rice,Unknown,The price of imported  dried chilies has
weekly_14_2025_Eng.txt,rice,Unknown,sufficient stocks at the market and price
weekly_14_2025_Eng.txt,rice,Unknown,current wholesale price of imported dried
weekly_14_2025_Eng.txt,rice,Decrease,"In line with decreased wholesale prices, the"
weekly_14_2025_Eng.txt,rice,Unknown,retail price of imported dried chili es has
weekly_14_2025_Eng.txt,rice,Decrease,decreased by Rs.5.00/kg and price ranged
weekly_14_2025_Eng.txt,rice,Unknown,the current retail price of imported dried
weekly_14_2025_Eng.txt,onion,Unknown,Onion
weekly_14_2025_Eng.txt,rice,Unknown,"Prices of sinnan,  vedalan and imported"
weekly_14_2025_Eng.txt,onion,Increase,red onion varieties have  increased
weekly_14_2025_Eng.txt,rice,Unknown,"price ranged Rs.150.00-220.00/kg,"
weekly_14_2025_Eng.txt,rice,Unknown,300.00/kg. Price of imported big onion has
weekly_14_2025_Eng.txt,rice,Increase,increased by 3% and price ranged
weekly_14_2025_Eng.txt,rice,Unknown,current wholesale price of vedalan and
weekly_14_2025_Eng.txt,onion,Increase,imported red onion have increased by 14%
weekly_14_2025_Eng.txt,onion,Unknown,and 20% while imported big onion has
weekly_14_2025_Eng.txt,rice,Unknown,The retail price of all types of onions have
weekly_14_2025_Eng.txt,rice,Increase,increased with the highest price increased
weekly_14_2025_Eng.txt,rice,Unknown,onion. The retail price of imported big
weekly_14_2025_Eng.txt,onion,Increase,onion has increased by Rs.5.00/kg.
weekly_14_2025_Eng.txt,rice,Increase,the highest price increase of 30% was
weekly_14_2025_Eng.txt,onion,Unknown,recorded for imported red onion and
weekly_14_2025_Eng.txt,onion,Decrease,imported big onion has decreased by 68%.
weekly_14_2025_Eng.txt,potato,Unknown,Potato
weekly_14_2025_Eng.txt,rice,Unknown,The price of Welimada potato and Nuwara
weekly_14_2025_Eng.txt,potato,Increase,Eliya potato  varieties have increased
weekly_14_2025_Eng.txt,rice,Unknown,unavailability of sufficient stocks and price
weekly_14_2025_Eng.txt,rice,Unknown,300.00/kg. Price of imported potato has
weekly_14_2025_Eng.txt,rice,Unknown,quality stocks and price ranged Rs.150.00-
weekly_14_2025_Eng.txt,rice,Unknown,current wholesale price  of all potato
weekly_14_2025_Eng.txt,rice,Unknown,The retail price of all types of potato has
weekly_14_2025_Eng.txt,rice,Increase,"increased. Among those,  a notable price"
weekly_14_2025_Eng.txt,potato,Unknown,Welimada potato.
weekly_14_2025_Eng.txt,rice,Unknown,the current retail prices of imported and
weekly_14_2025_Eng.txt,potato,Increase,Nuwara Eliya potato es have increased by
weekly_14_2025_Eng.txt,rice,Unknown,"Price of green gram, white cowpea and red"
weekly_14_2025_Eng.txt,rice,Unknown,stocks and  price ranged Rs.750.00 -
weekly_14_2025_Eng.txt,rice,Unknown,Rs.400.00-650.00/kg. Prices of red  dhal
weekly_14_2025_Eng.txt,rice,Decrease,has decreased  by 2%  and price ranged
weekly_14_2025_Eng.txt,rice,Unknown,current wholesale prices of all pulses
weekly_14_2025_Eng.txt,rice,Unknown,The retail prices of all types of pulses
weekly_14_2025_Eng.txt,dhal,Increase,except for red dhal have increased. Among
weekly_14_2025_Eng.txt,rice,Increase,"those, the highest price increased of"
weekly_14_2025_Eng.txt,rice,Decrease,The retail price of red dhal has decreased
weekly_14_2025_Eng.txt,rice,Unknown,the current retail prices of all types of
weekly_14_2025_Eng.txt,rice,Increase,highest price increase of 33% was recorded
weekly_14_2025_Eng.txt,vegetable,Unknown,Vegetable
weekly_14_2025_Eng.txt,rice,Unknown,Prices of most of the upcountry vegetables
weekly_14_2025_Eng.txt,rice,Decrease,have decreased while prices of most of the
weekly_14_2025_Eng.txt,vegetable,Increase,low country vegetables have increased.
weekly_14_2025_Eng.txt,rice,Unknown,Most of the upcountry vegetable prices are
weekly_14_2025_Eng.txt,rice,Unknown,"following prices of green beans, leeks and"
weekly_14_2025_Eng.txt,rice,Unknown,"10% -19%. However, price of beetroot has"
weekly_14_2025_Eng.txt,rice,Unknown,"from Jaffna area, following prices of knol-"
weekly_14_2025_Eng.txt,rice,Unknown,"supply from major producing areas, price"
weekly_14_2025_Eng.txt,vegetable,Unknown,"Considering low-country vegetables, most"
weekly_14_2025_Eng.txt,rice,Unknown,of the vegetable varieties experienced price
weekly_14_2025_Eng.txt,rice,Increase,"increase. Particularly, price of pumpkin"
weekly_14_2025_Eng.txt,rice,Increase,has increased by 19% while price of ladies
weekly_14_2025_Eng.txt,rice,Decrease,"decreased supply. Prices of long beans,"
weekly_14_2025_Eng.txt,rice,Unknown,"However, prices of bitter gourd, ash"
weekly_14_2025_Eng.txt,rice,Unknown,"the range of 5% - 11%. In addition, price of"
weekly_14_2025_Eng.txt,rice,Decrease,price of lime has decreased by 4%.
weekly_14_2025_Eng.txt,rice,Increase,"vegetable prices have increased, with"
weekly_14_2025_Eng.txt,rice,Unknown,Retail prices of most  of the vegetable
weekly_14_2025_Eng.txt,vegetable,Unknown,"wholesale trend. In up-country vegetables,"
weekly_14_2025_Eng.txt,rice,Increase,the highest price increase was reported for
weekly_14_2025_Eng.txt,rice,Decrease,price was decreased by Rs.164.00/kg.
weekly_14_2025_Eng.txt,rice,Unknown,"varieties, drumstick prices showed a"
weekly_14_2025_Eng.txt,rice,Increase,significant price increase of around
weekly_14_2025_Eng.txt,rice,Unknown,Rs.347.00/Kg. Capsicum prices showed a
weekly_14_2025_Eng.txt,rice,Increase,significant price increase of Rs.110.00/kg.
weekly_14_2025_Eng.txt,rice,Increase,Tomato prices increased by Rs.81.00/kg
weekly_14_2025_Eng.txt,rice,Unknown,prices d ecreased by Rs.4.00/kg. Green
weekly_14_2025_Eng.txt,rice,Unknown,chilies (Rs.89.00/kg) showed a price
weekly_14_2025_Eng.txt,rice,Unknown,"year, prices of most of the varieties have"
weekly_14_2025_Eng.txt,rice,Increase,"increased, while a notable price increment"
weekly_14_2025_Eng.txt,coconut,Unknown,Coconut
weekly_14_2025_Eng.txt,rice,Unknown,Prices of both large and small nuts have not
weekly_14_2025_Eng.txt,rice,Unknown,changed significantly.  Price ranges were
weekly_14_2025_Eng.txt,rice,Unknown,the current wholesale prices of large and
weekly_14_2025_Eng.txt,rice,Unknown,Prices of large and small nuts showed a
weekly_14_2025_Eng.txt,rice,Unknown,price drop of Rs.5.00/nut and Rs.1.00/nut
weekly_14_2025_Eng.txt,rice,Unknown,respectively. Price ranges were Rs.190.00-
weekly_14_2025_Eng.txt,rice,Unknown,prices of large nuts (71%) and small nuts
weekly_14_2025_Eng.txt,fruit,Unknown,Fruits
weekly_14_2025_Eng.txt,rice,Unknown,Prices of most of the fruit varieties have
weekly_14_2025_Eng.txt,rice,Increase,The highest price increase was recorded for
weekly_14_2025_Eng.txt,rice,Unknown,"demand and low stocks, prices for"
weekly_14_2025_Eng.txt,rice,Unknown,"season, prices for slime apple and papaw"
weekly_14_2025_Eng.txt,rice,Unknown,Wholesale prices for the most of fruits have
weekly_14_2025_Eng.txt,fruit,Decrease,decrease was recorded for passion fruit.
weekly_14_2025_Eng.txt,rice,Increase,"In line with the increased wholesale prices,"
weekly_14_2025_Eng.txt,rice,Unknown,retail prices of most of the fruits have also
weekly_14_2025_Eng.txt,rice,Increase,increased. The highest price increase of
weekly_14_2025_Eng.txt,fruit,Unknown,Rs.39.00/fruit was reported for
weekly_14_2025_Eng.txt,rice,Unknown,karthakolomban mango . The price of
weekly_14_2025_Eng.txt,rice,Unknown,Rs.22.00/fruit and the price of all sizes
weekly_14_2025_Eng.txt,rice,Unknown,"Rs.4.00-18.00/kg. Also, the price of ambul"
weekly_14_2025_Eng.txt,rice,Unknown,"However, price of papaw, slime apple ,"
weekly_14_2025_Eng.txt,coconut,Unknown,imported grapes and king coconut
weekly_14_2025_Eng.txt,fruit,Unknown,"23.00/fruit, Rs.21.00/kg and Rs.16.00/fruit"
weekly_14_2025_Eng.txt,rice,Unknown,current prices of most of the fruits have
weekly_14_2025_Eng.txt,rice,Decrease,decreased and the highest price decrease of
weekly_14_2025_Eng.txt,fruit,Unknown,38% was reported for passion fruit.
weekly_14_2025_Eng.txt,fish,Unknown,Fresh Fish
weekly_14_2025_Eng.txt,rice,Unknown,Wholesale prices of all of the fresh fish
weekly_14_2025_Eng.txt,rice,Increase,festival season. The highest price increase
weekly_14_2025_Eng.txt,rice,Increase,Puttalam areas. A price increase of 20%
weekly_14_2025_Eng.txt,rice,Unknown,"areas. In addition, the wholesale prices of"
weekly_14_2025_Eng.txt,rice,Increase,increased by 6% - 9% respectively. Prices
weekly_14_2025_Eng.txt,fish,Unknown,of other fresh fish varieties have not
weekly_14_2025_Eng.txt,rice,Unknown,current wholesale prices of all of the fresh
weekly_14_2025_Eng.txt,fish,Increase,fish types have increased with the highest
weekly_14_2025_Eng.txt,rice,Increase,price increase of 46% was noted for balaya.
weekly_14_2025_Eng.txt,rice,Unknown,The prices of all fish varieties have
weekly_14_2025_Eng.txt,rice,Increase,increased and the highest price increase
weekly_14_2025_Eng.txt,rice,Increase,The second highest price increase was
weekly_14_2025_Eng.txt,rice,Unknown,recorded for Thora by Rs.199.00/kg. Price
weekly_14_2025_Eng.txt,rice,Unknown,the prices of other fish varieties except
weekly_14_2025_Eng.txt,rice,Increase,highest price increase was recorded for
weekly_14_2025_Eng.txt,fish,Unknown,Dried Fish
weekly_14_2025_Eng.txt,rice,Unknown,Prices of all of the dried fish types have
weekly_14_2025_Eng.txt,fish,Increase,increased due to decrease of local dried fish
weekly_14_2025_Eng.txt,rice,Increase,supply. The highest price increase of 14%
weekly_14_2025_Eng.txt,rice,Increase,A price increase of 8% was noted for local
weekly_14_2025_Eng.txt,rice,Unknown,Mannar and Mulla ithivu areas. Prices of
weekly_14_2025_Eng.txt,fish,Unknown,other dried fish verities have not changed
weekly_14_2025_Eng.txt,rice,Unknown,current wholesale prices of most of the
weekly_14_2025_Eng.txt,fish,Increase,dried fish types have increased with the
weekly_14_2025_Eng.txt,rice,Increase,highest price increase of 103% was noted
weekly_14_2025_Eng.txt,rice,Unknown,The prices of other dry fish varieties except
weekly_14_2025_Eng.txt,rice,Increase,the highest price increase was recorded for
weekly_14_2025_Eng.txt,rice,Increase,highest price increase was recorded for
weekly_14_2025_Eng.txt,rice,Unknown,imported sprats by Rs.18.00/kg. Price
weekly_14_2025_Eng.txt,rice,Decrease,the highest price decrease was recorded for
weekly_14_2025_Eng.txt,rice,Unknown,imported sprats by 17%. The highest price
weekly_14_2025_Eng.txt,egg,Unknown,Eggs
weekly_14_2025_Eng.txt,rice,Unknown,Prices of both brown and white eggs have
weekly_14_2025_Eng.txt,rice,Unknown,and their prices ranged between
weekly_14_2025_Eng.txt,egg,Unknown,Rs.35.00-44.00/egg and Rs.33.00 -
weekly_14_2025_Eng.txt,egg,Unknown,40.00/egg respectively.
weekly_14_2025_Eng.txt,rice,Unknown,the current wholesale prices of both brown
weekly_14_2025_Eng.txt,egg,Decrease,and white eggs have decreased by 12% and
weekly_14_2025_Eng.txt,rice,Unknown,The prices of both brown and white egg
weekly_14_2025_Eng.txt,rice,Increase,types have increased and the price range of
weekly_14_2025_Eng.txt,egg,Unknown,a white egg has recorded as
weekly_14_2025_Eng.txt,rice,Unknown,Rs.35.00-Rs.44.00 and the price range of a
weekly_14_2025_Eng.txt,egg,Unknown,brown egg has recorded as Rs.37.00 -
weekly_14_2025_Eng.txt,rice,Unknown,Rs.46.00. The average price of the white
weekly_14_2025_Eng.txt,egg,Unknown,and brown egg types has recorded as
weekly_14_2025_Eng.txt,rice,Unknown,the prices of both egg varieties have
weekly_14_2025_Eng.txt,rice,Unknown,The prices of other meat types except pork
weekly_14_2025_Eng.txt,rice,Decrease,have decreased and price decrease of
weekly_14_2025_Eng.txt,chicken,Unknown,broiler and curry chicken have recorded as
weekly_14_2025_Eng.txt,rice,Decrease,Price decrease of beef has recorded as
weekly_14_2025_Eng.txt,rice,Increase,Rs.23.00/kg. Price increase of pork has
weekly_14_2025_Eng.txt,chicken,Increase,chicken have increased and the highest
weekly_14_2025_Eng.txt,rice,Increase,price increase was recorded for beef by
weekly_14_2025_Eng.txt,rice,Unknown,to wholesale and retail prices of selected
weekly_14_2025_Eng.txt,rice,Unknown,"as prevailing prices, price ranges, averages,"
weekly_14_2025_Eng.txt,rice,Unknown,and a comparison of weekly prices. The
weekly_14_2025_Eng.txt,rice,Unknown,changes in prices reported are always with
weekly_14_2025_Eng.txt,rice,Unknown,price prevailed during the previous week
weekly_14_2025_Eng.txt,rice,Unknown,"price in formation is twice a week ( i.e.,"
weekly_14_2025_Eng.txt,rice,Unknown,"prices, it is thrice a week ( i.e., Friday,"
weekly_14_2025_Eng.txt,rice,Unknown,Rice VarietiesLOCATIONS
weekly_14_2025_Eng.txt,rice,Unknown,Table 01: Selected Markets:Wholesale Price of Rice (Rs/50kg bag)
weekly_14_2025_Eng.txt,rice,Unknown,Table 02: Selected Markets: Retail Price of Rice (Rs/kg)
weekly_14_2025_Eng.txt,rice,Unknown,LOCATIONS Rice Varieties
weekly_14_2025_Eng.txt,dhal,Unknown,Cowpea Red Dhal
weekly_14_2025_Eng.txt,rice,Unknown,Table 04: Selected Markets:Wholesale Price of Subsidiary Food (Rs/50kg)
weekly_14_2025_Eng.txt,onion,Unknown,Dried Chillies Red Onion Big Onion PotatoLOCATION Imported Imported Local Imported Welimada
weekly_14_2025_Eng.txt,rice,Unknown,Table 05: Selected Markets: Retail Price of Subsidiary Food Crops (Rs/kg)
weekly_14_2025_Eng.txt,onion,Unknown,Dried Chillies Red Onion Big Onion Potato Pulses
weekly_14_2025_Eng.txt,dhal,Unknown,Green Gram Cowpea Red Dhal
weekly_14_2025_Eng.txt,rice,Unknown,Table 06: Selected Markets: Wholesale Price of Vegetables(Rs/kg)
weekly_14_2025_Eng.txt,potato,Unknown,ManiocLong Beans Ash Plantain Green Chillies Lime Sweet Potatoe
weekly_14_2025_Eng.txt,rice,Unknown,"Colombo, Meegoda, Norochchole, Jaffna,Dambulla and Kandy - Gotukola Price Rs/Kg"
weekly_14_2025_Eng.txt,vegetable,Unknown,Leafy Vegetables (Rs/bundle)
weekly_14_2025_Eng.txt,coconut,Unknown,Coconut (Rs/nut)
weekly_14_2025_Eng.txt,rice,Unknown,Table 07: Selected Markets: Retail Price of Vegetables (Rs/kg)
weekly_14_2025_Eng.txt,potato,Unknown,Sweet Potato Large Small
weekly_14_2025_Eng.txt,vegetable,Unknown,Low Country Varieties Leafy Vegetable Coconut (Rs/nut)
weekly_14_2025_Eng.txt,rice,Unknown,Table 08: Selected Markets: Retail Price of Fruits (Rs/each & Rs/kg)
weekly_14_2025_Eng.txt,fruit,Unknown,Mango Other Fruits
weekly_14_2025_Eng.txt,coconut,Unknown,Passion Avocado Slime Apple Grapes (Rs/kg) King CoconutWood Apple Orange
weekly_14_2025_Eng.txt,fish,Unknown,Local Dried Fish Imported Dried Fish
weekly_14_2025_Eng.txt,fish,Unknown,Imported Dried Fish
weekly_14_2025_Eng.txt,fish,Unknown,Local Dried Fish
weekly_14_2025_Eng.txt,rice,Unknown,Table 10: Selected Markets: Wholesale Price of Dried Fish (Rs/50kg)
weekly_14_2025_Eng.txt,fish,Unknown,Sea Fish Eggs
weekly_14_2025_Eng.txt,rice,Unknown,Table 09: Selected Markets: Wholesale Price of Fresh Fish & Eggs (Rs/kg & Rs/egg)
weekly_14_2025_Eng.txt,fish,Unknown,Sea Fish
weekly_14_2025_Eng.txt,rice,Unknown,Table 11: Selected Markets: Retail Price of Fresh Fish & Eggs (Rs/kg & Rs/eggs)
weekly_14_2025_Eng.txt,fish,Unknown,Sea Fish Eggs
weekly_14_2025_Eng.txt,rice,Unknown,Table 12: Selected Markets: Retail Price of Dried Fish (Rs/kg)
weekly_14_2025_Eng.txt,fish,Unknown,Dried FishLOCATIONS Sprats-Imported Kattawa Thora Mora Balaya
weekly_14_2025_Eng.txt,rice,Unknown,Table 13: Selected Markets: Retail Price of Meat (Rs/kg)
weekly_14_2025_Eng.txt,chicken,Unknown,Meat Meat (Chicken) Meat
weekly_14_2025_Eng.txt,rice,Unknown,Rice Coconut
weekly_14_2025_Eng.txt,fruit,Unknown,Keeri Samba 260.00 − 300.00 280.00 270.00 317.50 3.70 -11.81 Fruits (Rs/fruit)
weekly_14_2025_Eng.txt,fruit,Unknown,Raw (Red) − Passion Fruit 50.00 − 60.00 55.00 52.78 90.00 4.21 -38.89
weekly_14_2025_Eng.txt,onion,Unknown,Onion Mango
weekly_14_2025_Eng.txt,onion,Unknown,Big Onion Kohu −
weekly_14_2025_Eng.txt,potato,Unknown,Potato Orange 40.00 − 50.00 46.88 44.38 44.18 5.63 6.10
weekly_14_2025_Eng.txt,coconut,Unknown,Pulses King Coconut 150.00 − 200.00 170.00 188.75 190.00 -9.93 -10.53
weekly_14_2025_Eng.txt,fish,Unknown,Cowpea (White) 600.00 − 700.00 666.67 656.00 750.00 1.63 -11.11 Sea Fish
weekly_14_2025_Eng.txt,dhal,Unknown,Red Dhal 250.00 − 260.00 255.83 260.71 283.33 -1.87 -9.71 Hurulla 850.00 − 950.00 920.83 915.00 635.45 0.64 44.91
weekly_14_2025_Eng.txt,vegetable,Unknown,Vegetable Balaya 750.00 − 1200.00 904.55 834.44 620.91 8.40 45.68
weekly_14_2025_Eng.txt,egg,Unknown,Raddish 100.00 − 150.00 118.00 100.00 44.00 18.00 168.18 Eggs
weekly_14_2025_Eng.txt,fish,Unknown,Ladies Fingers 230.00 − 300.00 259.00 229.00 49.00 13.10 428.57 Dried Fish
weekly_14_2025_Eng.txt,potato,Unknown,Sweet Potato 150.00 − 200.00 174.00 161.00 210.00 8.07 -17.14 Maduwa (Imported) −
weekly_14_2025_Eng.txt,vegetable,Unknown,Leafy Vegetable Koduwa (Imported) −
weekly_14_2025_Eng.txt,rice,Unknown,Table 14: Colombo: Wholesale Prices (Rs/kg or Rs/piece)
weekly_14_2025_Eng.txt,rice,Unknown,Average Price Change Compared to
weekly_14_2025_Eng.txt,rice,Unknown,Average Price
weekly_14_2025_Eng.txt,rice,Unknown,Rice Coconut
weekly_14_2025_Eng.txt,fruit,Unknown,Keeri Samba 280.00 − 320.00 303.67 301.18 371.25 2.49 -18.20 Fruits (Rs/fruit)
weekly_14_2025_Eng.txt,fruit,Unknown,Raw (Red) − Passion Fruit 70.00 − 100.00 86.00 83.00 139.17 3.00 -38.20
weekly_14_2025_Eng.txt,onion,Unknown,Onion Mango
weekly_14_2025_Eng.txt,onion,Unknown,Big Onion Kohu −
weekly_14_2025_Eng.txt,potato,Unknown,Potato Orange 60.00 − 120.00 81.11 79.06 86.90 2.05 -6.67
weekly_14_2025_Eng.txt,coconut,Unknown,Pulses King Coconut 180.00 − 250.00 214.50 230.00 231.43 -15.50 -7.31
weekly_14_2025_Eng.txt,fish,Unknown,Cowpea (White) 700.00 − 950.00 852.00 826.36 1108.33 25.64 -23.13 Sea Fish
weekly_14_2025_Eng.txt,dhal,Unknown,Red Dhal 280.00 − 320.00 296.97 298.92 333.20 -1.95 -10.87 Hurulla 1000.00 − 1400.00 1140.91 1094.17 841.43 46.74 35.59
weekly_14_2025_Eng.txt,vegetable,Unknown,Vegetable Balaya 1000.00 − 1500.00 1204.17 1043.75 954.55 160.42 26.15
weekly_14_2025_Eng.txt,egg,Unknown,Raddish 160.00 − 360.00 266.00 245.00 178.28 21.00 49.21 Eggs
weekly_14_2025_Eng.txt,fish,Unknown,Ladies Fingers 300.00 − 480.00 394.64 363.18 216.33 31.46 82.42 Dried Fish
weekly_14_2025_Eng.txt,chicken,Unknown,Root Crops Chicken (Broiler) 1100.00 − 1300.00 1227.78 1244.17 1284.12 -16.39 -4.39
weekly_14_2025_Eng.txt,potato,Unknown,Sweet Potato 230.00 − 360.00 311.54 304.55 294.00 6.99 5.97 Chicken (Curry) 1000.00 − 1200.00 1111.11 1113.75 1186.67 -2.64 -6.37
weekly_14_2025_Eng.txt,vegetable,Unknown,Leafy Vegetable Pork 1400.00 − 1800.00 1525.00 1516.67 1357.14 8.33 12.37
weekly_14_2025_Eng.txt,rice,Unknown,Table 15: Colombo &Suburbs: Retail Prices (Rs/kg or Rs/piece)
weekly_14_2025_Eng.txt,rice,Unknown,Average Price Change Compared to
weekly_14_2025_Eng.txt,rice,Unknown,Average Price Change Compared to
weekly_14_2025_Eng.txt,vegetable,Unknown,Paddy Vegetable (Up Country) Snake Gourd
weekly_14_2025_Eng.txt,onion,Unknown,Red Onion Badulla 160.00 − 185.00 172.50 Long Beans
weekly_14_2025_Eng.txt,onion,Unknown,Big Onion Welimada 260.00 − 270.00 264.00 Embilipitiya 250.00 − 270.00 260.00
weekly_14_2025_Eng.txt,potato,Unknown,Potato Hambantota −
weekly_14_2025_Eng.txt,vegetable,Unknown,N'Eliya 240.00 − 250.00 244.00 Vegetable (Low Country) Embilipitiya 90.00 − 100.00 95.00
weekly_14_2025_Eng.txt,fruit,Unknown,Moneragala 680.00 − 700.00 688.00 Brinjal Fruits (Rs/kg)
weekly_14_2025_Eng.txt,rice,Unknown,Table 16: Farmgate/Producer Prices of Food Commodities in Selected Producing Areas (Rs/kg)
weekly_14_2025_Eng.txt,rice,Unknown,PriceCOMMODITY Range Average
weekly_14_2025_Eng.txt,rice,Unknown,Price COMMODITY Range Average
weekly_14_2025_Eng.txt,rice,Unknown,Price COMMODITY
weekly_14_2025_Eng.txt,rice,Unknown,Rice
weekly_14_2025_Eng.txt,onion,Unknown,Red Onion
weekly_14_2025_Eng.txt,onion,Unknown,Big Onion
weekly_14_2025_Eng.txt,potato,Unknown,Potato
weekly_14_2025_Eng.txt,dhal,Unknown,Red Dhal 280.00 − 320.00 280.00 − 320.00 280.00 − 320.00 280.00 − 320.00 280.00 − 300.00 290.00 − 320.00 280.00 − 300.00 280.00 − 300.00 280.00 − 320.00
weekly_14_2025_Eng.txt,rice,Unknown,Annex 01 - Colombo Markets: Retail Prices of Rice and Subsidiary Food Crops (Rs/kg) Week 14: 04 - 10 Apr 2025
weekly_14_2025_Eng.txt,vegetable,Unknown,Vegetable
weekly_14_2025_Eng.txt,potato,Unknown,Sweet Potato 230.00 − 260.00 320.00 − 320.00 320.00 − 340.00 360.00 − 360.00 320.00 − 340.00 360.00 − 360.00 230.00 − 240.00 240.00 − 320.00 340.00 − 340.00
weekly_14_2025_Eng.txt,vegetable,Unknown,Leafy Vegetable
weekly_14_2025_Eng.txt,coconut,Unknown,Coconut
weekly_14_2025_Eng.txt,rice,Unknown,Annex 02 - Colombo Markets: Retail Prices of Vegetables (Rs/kg) and Coconut (Rs/nut)
weekly_14_2025_Eng.txt,fruit,Unknown,Other Fruits
weekly_14_2025_Eng.txt,coconut,Unknown,King Coconut 180.00 − 200.00 220.00 − 250.00 250.00 − 250.00 200.00 − 250.00 200.00 − 220.00 250.00 − 250.00 180.00 − 200.00 200.00 − 220.00 200.00 − 220.00
weekly_14_2025_Eng.txt,rice,Unknown,Annex 03 - Colombo Markets: Retail Prices of Fruits (Rs/fruit)
weekly_14_2025_Eng.txt,fish,Unknown,Sea Fish
weekly_14_2025_Eng.txt,egg,Unknown,30 Eggs (Rs/egg)
weekly_14_2025_Eng.txt,fish,Unknown,Dried Fish
weekly_14_2025_Eng.txt,chicken,Unknown,Chicken (Broiler) 1200.00 − 1200.00 1280.00 − 1280.00 1280.00 − 1280.00 1280.00 − 1280.00 1100.00 − 1100.00 1150.00 − 1150.00 1200.00 − 1200.00 1300.00 − 1300.00 1260.00 − 1260.00
weekly_14_2025_Eng.txt,chicken,Unknown,Chicken (Curry) − 1200.00 − 1200.00 1200.00 − 1200.00 1100.00 − 1200.00 1000.00 − 1000.00 1000.00 − 1000.00 1100.00 − 1100.00 1100.00 − 1100.00 1100.00 − 1100.00
weekly_14_2025_Eng.txt,rice,Unknown,Annex 04 - Colombo Markets: Retail Prices of Sea Fish and Dried Fish (Rs/kg)
weekly_14_2025_Eng.txt,rice,Unknown,Rice - (white Kekulu - normal ) 361 9.88 1.52 - 0.03 0.09 10.67 - 6.94 26.29 1.22 1.5
weekly_14_2025_Eng.txt,rice,Unknown,Rice - (white Kekulu Samba) 355 8.81 1.53 - 0.03 0.09 8.11 - 9.82 30.48 0.92 1.7
weekly_14_2025_Eng.txt,rice,Unknown,Rice - ( Red Kekulu - normal ) 366 8.64 2.12 - 0.05 0.1 8.39 - 4.73 31.7 0.88 1.84
weekly_14_2025_Eng.txt,rice,Unknown,Rice -Samba 369 6.86 2.45 - 0.05 0.13 12.79 - 8.71 37.26 1.18 1.49
weekly_14_2025_Eng.txt,rice,Unknown,Rice - Nadu White 366 7.76 1.48 - 0.03 0.12 9.35 - 4.57 20.1 0.64 1.61
weekly_14_2025_Eng.txt,onion,Unknown,Onion
weekly_14_2025_Eng.txt,onion,Unknown,Big onions 48 1.67 0.24 0.16 0.01 0.1 32.99 7.58 14.82 16.94 0.45 0.25
weekly_14_2025_Eng.txt,onion,Unknown,Red onions 55 2.13 0.15 0.18 0.02 0.13 30.15 14.26 20.37 19.32 0.31 0.28
weekly_14_2025_Eng.txt,potato,Unknown,Potatoes 71 1.67 0.25 0.01 0.09 14.31 20.5 9.83 23.84 0.46 0.29
weekly_14_2025_Eng.txt,dhal,Unknown,Red Dhal 319 23.09 0.77 1.06 1.6 0.22 55 NA 41.27 66.63 7.45 3.34
weekly_14_2025_Eng.txt,vegetable,Unknown,Vegetables
weekly_14_2025_Eng.txt,rice,Unknown,Rice
weekly_14_2025_Eng.txt,egg,Unknown,Brinjal (Chinese eggplant) 24 1.28 0.33 16.83 0.12 0.11 32.94 3.37 14.4 21.18 0.28 0.16
weekly_14_2025_Eng.txt,egg,Unknown,Thalana batu (Thai eggplant) 21 1.45 0.26 18.33 0.11 0.09 31.18 2.71 17.24 37.22 0.37 0.24
weekly_14_2025_Eng.txt,coconut,Unknown,Coconuts nuts 390 3.67 39.92 - 0.05 0.11 14.86 -
weekly_14_2025_Eng.txt,potato,Unknown,Sweet potato 108 1.27 0.33 NA 0.04 0.09 14.44 22.2 28.93 21.05 0.51 0.14
weekly_14_2025_Eng.txt,vegetable,Unknown,Leafy Vegetables
weekly_14_2025_Eng.txt,onion,Unknown,Onion leaves 27 2.01 0.26 NA 0.04 0.18 56.8 23.38 35.21 74.95 3.15 0.77
weekly_14_2025_Eng.txt,fruit,Unknown,Jackfruit pods 25 2.14 0.34 NA 0.03 0.04 30.7 24.77 37.32 26.08 0.3 0.17
weekly_14_2025_Eng.txt,fruit,Unknown,Jackfruit seeds 77 5.66 0.44 NA 0.02 0.08 58.91 15.24 40.87 50.14 0.52 0.42
weekly_14_2025_Eng.txt,chicken,Unknown,Chicken 176 23.14 9.24 6.88 0.07 0.49 10.09 - 15.06 20.18 0.75 0.64
weekly_14_2025_Eng.txt,fish,Unknown,Fish
weekly_14_2025_Eng.txt,fish,Unknown,Cuttle fish 76 16.82 0.93 1.93 0.02 0.04 6.22 8.73 35.46 0.62 1.3
weekly_14_2025_Eng.txt,fish,Unknown,Dried Fish
weekly_14_2025_Eng.txt,egg,Unknown,Eggs
weekly_14_2025_Eng.txt,egg,Unknown,Hen eggs (Country) 170 13.14 13 208 0.08 0.18 54.6 50.14 11.04 1.64 1.12
weekly_14_2025_Eng.txt,egg,Unknown,Hen eggs (Table) 135 13.55 9.03 200 0.19 0.19 49.46 63.3 12 2.39 1.73
weekly_14_2025_Eng.txt,egg,Unknown,Quail eggs 153 12.39 11.46 153 0.11 0.17 54.86 60.67 11.21 2.55 1.51
weekly_14_2025_Eng.txt,fruit,Unknown,Fruits
weekly_14_2025_Eng.txt,rice,Unknown,Price Collecting Areas
weekly_01_2025_Eng.txt,vegetable,Unknown,Vegetables
weekly_01_2025_Eng.txt,rice,Unknown,Rice/Paddy
weekly_01_2025_Eng.txt,onion,Unknown,Stocks of imported red onion and big onion were
weekly_01_2025_Eng.txt,rice,Unknown,available in the market. Price of imported red onion
weekly_01_2025_Eng.txt,rice,Decrease,has decreased by Rs.3.00/kg while the price of big
weekly_01_2025_Eng.txt,rice,Increase,onion has increased by Rs.10.00/kg. Prices ranged
weekly_01_2025_Eng.txt,onion,Unknown,between Rs.480.00-600.00/kg for red onion and
weekly_01_2025_Eng.txt,onion,Unknown,Rs.200.00-300.00/kg for big onion in Colombo
weekly_01_2025_Eng.txt,rice,Unknown,and suburb markets. Prices of both Nuwara Eliya
weekly_01_2025_Eng.txt,potato,Unknown,and imported potatoes ranged between
weekly_01_2025_Eng.txt,rice,Unknown,"Further, the prices of green gram, white cowpea and"
weekly_01_2025_Eng.txt,rice,Unknown,Retail prices of all the vegetables except for tomato
weekly_01_2025_Eng.txt,rice,Decrease,the highest price decrease was reported for beans as
weekly_01_2025_Eng.txt,rice,Increase,price increase was reported for bitter gourd as
weekly_01_2025_Eng.txt,rice,Unknown,Prices of all the rice varieties except for local samba
weekly_01_2025_Eng.txt,rice,Increase,sufficient stocks. The highest price increase of
weekly_01_2025_Eng.txt,rice,Unknown,"Rs.12.00/kg was reported for raw red rice, followed by"
weekly_01_2025_Eng.txt,rice,Unknown,nadu grade I (Rs.2.00/kg). Prices ranged between
weekly_01_2025_Eng.txt,rice,Unknown,Rice
weekly_01_2025_Eng.txt,rice,Unknown,Price of most local rice varieties have not
weekly_01_2025_Eng.txt,rice,Increase,increased significantly. Price ranges of
weekly_01_2025_Eng.txt,rice,Unknown,220.00/kg respectively. The raw red rice
weekly_01_2025_Eng.txt,rice,Unknown,Imported rice varieties were also available
weekly_01_2025_Eng.txt,rice,Unknown,prices:
weekly_01_2025_Eng.txt,rice,Unknown,wholesale prices of most of the rice
weekly_01_2025_Eng.txt,rice,Increase,price increase of 7% for both nadu rice and
weekly_01_2025_Eng.txt,rice,Unknown,raw white. The price of keeri samba has
weekly_01_2025_Eng.txt,rice,Unknown,The retail prices of all the local rice varieties
weekly_01_2025_Eng.txt,rice,Unknown,"The retail prices of imported samba ,"
weekly_01_2025_Eng.txt,rice,Unknown,the current retail prices of all the rice
weekly_01_2025_Eng.txt,rice,Increase,increased with the highest price increase of
weekly_01_2025_Eng.txt,rice,Decrease,is expected a slight price decrease of paddy
weekly_01_2025_Eng.txt,rice,Unknown,prices in coming weeks. The average
weekly_01_2025_Eng.txt,rice,Unknown,farmgate price of short grain paddy has
weekly_01_2025_Eng.txt,rice,Unknown,changed slightly and its prices ranged
weekly_01_2025_Eng.txt,rice,Unknown,Rs.135.00-143.00/kg. The average price of
weekly_01_2025_Eng.txt,rice,Unknown,Dehiattakandiya areas. Its’ prices ranged
weekly_01_2025_Eng.txt,rice,Unknown,The average price of long grain white
weekly_01_2025_Eng.txt,rice,Unknown,of Maha harvesting season. It prices ranged
weekly_01_2025_Eng.txt,rice,Unknown,average price of long grain red paddy has
weekly_01_2025_Eng.txt,rice,Unknown,limited supply. The prices for long grain
weekly_01_2025_Eng.txt,rice,Unknown,the average prices of all the paddy varieties
weekly_01_2025_Eng.txt,rice,Increase,to 76% with the highest price increase
weekly_01_2025_Eng.txt,rice,Unknown,The price of imported dried chilies has
weekly_01_2025_Eng.txt,rice,Unknown,quality stocks and the price ranged
weekly_01_2025_Eng.txt,rice,Unknown,current wholesale price of imported dried
weekly_01_2025_Eng.txt,rice,Unknown,The retail price of imported dried chilies has
weekly_01_2025_Eng.txt,rice,Increase,increased by Rs.9.00/kg and the price ranged
weekly_01_2025_Eng.txt,rice,Unknown,the current retail price of imported dried
weekly_01_2025_Eng.txt,onion,Unknown,Onion
weekly_01_2025_Eng.txt,rice,Decrease,Price of sinnan red onion has decreased by
weekly_01_2025_Eng.txt,rice,Unknown,Rs.2.00/kg and the price ranged Rs.250.00-
weekly_01_2025_Eng.txt,rice,Unknown,320.00/kg. Price of imported red onion has
weekly_01_2025_Eng.txt,rice,Decrease,decreased by 4% and the price ranged
weekly_01_2025_Eng.txt,rice,Unknown,Rs.400.00-480.00/kg. Price of imported
weekly_01_2025_Eng.txt,onion,Unknown,big onion has not changed significantly and
weekly_01_2025_Eng.txt,rice,Unknown,price ranged Rs.130.00-180.00/kg.
weekly_01_2025_Eng.txt,rice,Unknown,current wholesale price of imported red
weekly_01_2025_Eng.txt,onion,Increase,onion has increased by 2% while imported
weekly_01_2025_Eng.txt,onion,Decrease,big onion has decreased by 60%
weekly_01_2025_Eng.txt,rice,Unknown,The retail price of imported red onion has
weekly_01_2025_Eng.txt,rice,Increase,price of imported big onion has increased by
weekly_01_2025_Eng.txt,rice,Unknown,the current retail price of imported big onion
weekly_01_2025_Eng.txt,onion,Increase,has increased by 7% and imported red onion
weekly_01_2025_Eng.txt,potato,Unknown,Potato
weekly_01_2025_Eng.txt,rice,Unknown,The Price of Nuwara Eliya and imported
weekly_01_2025_Eng.txt,potato,Increase,potatoes have increased by 3% and 5% due
weekly_01_2025_Eng.txt,rice,Decrease,to decreased supply and the prices ranged
weekly_01_2025_Eng.txt,rice,Unknown,current wholesale price of Nuwara Eliya
weekly_01_2025_Eng.txt,rice,Decrease,potato has decreased by 6% while the price
weekly_01_2025_Eng.txt,potato,Increase,of imported potato has increased by 21%
weekly_01_2025_Eng.txt,rice,Unknown,"In line with wholesale prices, the retail"
weekly_01_2025_Eng.txt,rice,Unknown,prices of all the types of potatoes have
weekly_01_2025_Eng.txt,rice,Decrease,decreased. Highest price decrease of
weekly_01_2025_Eng.txt,potato,Unknown,potato.
weekly_01_2025_Eng.txt,rice,Unknown,the current retail prices of all the types of
weekly_01_2025_Eng.txt,potato,Increase,potatoes have increased with the highest
weekly_01_2025_Eng.txt,rice,Increase,price increase of 33% was recorded for
weekly_01_2025_Eng.txt,potato,Unknown,imported potato.
weekly_01_2025_Eng.txt,rice,Unknown,Prices of green gram and red cowpea have
weekly_01_2025_Eng.txt,rice,Decrease,decreased by 3% and the prices ranged
weekly_01_2025_Eng.txt,rice,Unknown,630.00/kg respectively. Prices of red
weekly_01_2025_Eng.txt,dhal,Increase,cowpea and red dhal have not increased
weekly_01_2025_Eng.txt,rice,Unknown,significantly and the price ranged
weekly_01_2025_Eng.txt,rice,Unknown,current wholesale prices of all the pulse
weekly_01_2025_Eng.txt,rice,Decrease,price decreased of 50% recorded for red
weekly_01_2025_Eng.txt,rice,Unknown,"market, the retail prices of all the types of"
weekly_01_2025_Eng.txt,dhal,Decrease,pulses have decreased except for red dhal.
weekly_01_2025_Eng.txt,rice,Decrease,The highest price decrease of Rs.14.00/kg
weekly_01_2025_Eng.txt,rice,Increase,price of red dhal has increased by around
weekly_01_2025_Eng.txt,rice,Unknown,Rs.1.00/kg and the price ranged Rs.290.00-
weekly_01_2025_Eng.txt,rice,Unknown,the current retail prices of all the types of
weekly_01_2025_Eng.txt,rice,Decrease,pulses have decreased with the highest price
weekly_01_2025_Eng.txt,vegetable,Unknown,Vegetable
weekly_01_2025_Eng.txt,rice,Unknown,Prices of most of the vegetables have
weekly_01_2025_Eng.txt,rice,Unknown,Prices of most of the upcountry vegetables
weekly_01_2025_Eng.txt,rice,Decrease,"have decreased, with the highest price"
weekly_01_2025_Eng.txt,rice,Unknown,Prices of all the other  up-country
weekly_01_2025_Eng.txt,vegetable,Unknown,"vegetables, except for beetroot have"
weekly_01_2025_Eng.txt,rice,Increase,the price of beetroot has increased by 24%
weekly_01_2025_Eng.txt,rice,Unknown,"Nuwara Eliya area. Further, the price of"
weekly_01_2025_Eng.txt,rice,Decrease,price of capsicum has decreased by 28%
weekly_01_2025_Eng.txt,vegetable,Unknown,"Considering the low-country vegetables,"
weekly_01_2025_Eng.txt,rice,Unknown,the prices most of the vegetable varieties
weekly_01_2025_Eng.txt,rice,Increase,experienced price decrease with increased
weekly_01_2025_Eng.txt,rice,Unknown,long beans (22%)  the prices have
weekly_01_2025_Eng.txt,rice,Decrease,decreased significantly. Prices of all the
weekly_01_2025_Eng.txt,vegetable,Unknown,other low country vegetables except for
weekly_01_2025_Eng.txt,rice,Unknown,"However, the price of snake gourd has"
weekly_01_2025_Eng.txt,rice,Unknown,"addition, the prices of green chilies and"
weekly_01_2025_Eng.txt,rice,Unknown,"Compared to the previous years, the prices"
weekly_01_2025_Eng.txt,vegetable,Decrease,"of most of the vegetables have decreased,"
weekly_01_2025_Eng.txt,rice,Decrease,with   the highest price decrease of 62%
weekly_01_2025_Eng.txt,rice,Unknown,Retail prices of most of the vegetable
weekly_01_2025_Eng.txt,rice,Unknown,downward wholesale price trend. For up-
weekly_01_2025_Eng.txt,rice,Unknown,"country vegetables, the highest price"
weekly_01_2025_Eng.txt,rice,Unknown,Prices of capsicum has significantly
weekly_01_2025_Eng.txt,vegetable,Unknown,Low-country vegetables have shown a
weekly_01_2025_Eng.txt,rice,Unknown,notable price drop with the
weekly_01_2025_Eng.txt,rice,Decrease,highest   price decrease of Rs.117.00/kg for
weekly_01_2025_Eng.txt,rice,Unknown,"year, the current retail prices of most of the"
weekly_01_2025_Eng.txt,rice,Unknown,price drop reported for carrots at 60 %.
weekly_01_2025_Eng.txt,coconut,Unknown,Coconut
weekly_01_2025_Eng.txt,rice,Unknown,Prices of both large and small nuts
weekly_01_2025_Eng.txt,rice,Unknown,respectively. Price ranges were Rs.165.00 -
weekly_01_2025_Eng.txt,rice,Unknown,the current wholesale prices of large and
weekly_01_2025_Eng.txt,rice,Unknown,Prices of large nuts showed a slight
weekly_01_2025_Eng.txt,rice,Increase,increase by around Rs.2.00/nut. Price
weekly_01_2025_Eng.txt,rice,Unknown,prices of large nuts (59%) and small nuts
weekly_01_2025_Eng.txt,fruit,Unknown,Fruits
weekly_01_2025_Eng.txt,rice,Unknown,Prices of most fruit varieties have
weekly_01_2025_Eng.txt,rice,Decrease,the prices of avocado and orange decreased
weekly_01_2025_Eng.txt,rice,Unknown,Prices of all the sizes of pineapple and
weekly_01_2025_Eng.txt,rice,Unknown,prices of all the types of banana s have
weekly_01_2025_Eng.txt,rice,Increase,prices of passion fruit has increased by
weekly_01_2025_Eng.txt,rice,Unknown,stocks. Prices of imported red grapes has
weekly_01_2025_Eng.txt,rice,Unknown,the wholesale price of most of fruit have
weekly_01_2025_Eng.txt,rice,Increase,increased with the highest price increase of
weekly_01_2025_Eng.txt,rice,Unknown,Retail prices of most of the fruits have
weekly_01_2025_Eng.txt,rice,Unknown,wholesale prices. The highest price
weekly_01_2025_Eng.txt,fruit,Unknown,Rs.178.00/fruit due to availability of low
weekly_01_2025_Eng.txt,fruit,Unknown,quality and small fruits with the end of the
weekly_01_2025_Eng.txt,rice,Unknown,harvesting season. Price of all sizes of
weekly_01_2025_Eng.txt,rice,Unknown,Rs.61.00-Rs.85.00. Price of papaw has
weekly_01_2025_Eng.txt,rice,Decrease,decreased by Rs. 26.00/kg.  Price of orange
weekly_01_2025_Eng.txt,fruit,Decrease,has decreased by Rs.10.00/fruit due to low
weekly_01_2025_Eng.txt,rice,Unknown,"quality fruit. In contrast, the price of"
weekly_01_2025_Eng.txt,rice,Unknown,"high demand, the price of king coconut has"
weekly_01_2025_Eng.txt,rice,Unknown,"Compared to last year, the retail prices of"
weekly_01_2025_Eng.txt,fruit,Increase,most of the fruit varieties have increased
weekly_01_2025_Eng.txt,rice,Increase,with the highest price increase of 57%
weekly_01_2025_Eng.txt,fish,Unknown,Fresh Fish
weekly_01_2025_Eng.txt,rice,Unknown,Wholesale prices of most of the fresh fish
weekly_01_2025_Eng.txt,rice,Unknown,supply. Prices of kelawalla and thalapath
weekly_01_2025_Eng.txt,rice,Increase,"areas. However, a price increase of 9% was"
weekly_01_2025_Eng.txt,rice,Unknown,Northern areas. Prices of other fresh fish
weekly_01_2025_Eng.txt,rice,Unknown,the current wholesale prices of most of the
weekly_01_2025_Eng.txt,fish,Decrease,fresh fish types have decreased with the
weekly_01_2025_Eng.txt,rice,Decrease,highest price decrease of 25% noted for
weekly_01_2025_Eng.txt,rice,Unknown,The retail prices of all other fish varieties
weekly_01_2025_Eng.txt,rice,Decrease,decreased and the highest price decrease
weekly_01_2025_Eng.txt,rice,Unknown,Rs.128.00/kg. The second highest price
weekly_01_2025_Eng.txt,rice,Decrease,Rs.64.00/kg. Price decrease of other fish
weekly_01_2025_Eng.txt,rice,Increase,range of Rs.31.00-59.00/kg. Price increase
weekly_01_2025_Eng.txt,rice,Decrease,the highest price decrease was recorded for
weekly_01_2025_Eng.txt,rice,Unknown,balaya by 28% and the highest price
weekly_01_2025_Eng.txt,fish,Unknown,Dried Fish
weekly_01_2025_Eng.txt,rice,Unknown,Prices of most of the dried fish types have
weekly_01_2025_Eng.txt,rice,Increase,dried fish. Price increase of 7% and 6%
weekly_01_2025_Eng.txt,rice,Decrease,a price decrease of 5% was noted for local
weekly_01_2025_Eng.txt,rice,Unknown,Negombo and Beruwala areas. Prices of
weekly_01_2025_Eng.txt,fish,Unknown,other dried fish varieties have not changed
weekly_01_2025_Eng.txt,rice,Unknown,the current wholesale prices of most of the
weekly_01_2025_Eng.txt,fish,Decrease,dried fish types have decreased with the
weekly_01_2025_Eng.txt,rice,Decrease,highest price decrease of 26% noted for
weekly_01_2025_Eng.txt,rice,Unknown,The prices of other dry fish varieties except
weekly_01_2025_Eng.txt,rice,Increase,with the highest price increase recorded for
weekly_01_2025_Eng.txt,rice,Increase,highest price increase was recorded for
weekly_01_2025_Eng.txt,rice,Decrease,price decrease was recorded for mora by
weekly_01_2025_Eng.txt,rice,Decrease,Rs.73.00/kg. Price decrease of balaya and
weekly_01_2025_Eng.txt,rice,Decrease,the highest price decrease was recorded for
weekly_01_2025_Eng.txt,rice,Unknown,kattawa by 14%. The second highest price
weekly_01_2025_Eng.txt,egg,Unknown,Eggs
weekly_01_2025_Eng.txt,rice,Unknown,Prices of brown and white eggs have
weekly_01_2025_Eng.txt,rice,Increase,increased by 16% and their prices ranged
weekly_01_2025_Eng.txt,egg,Unknown,Rs.35.00- 42.00/egg and Rs.33.00-38.00/
weekly_01_2025_Eng.txt,egg,Unknown,egg respectively.
weekly_01_2025_Eng.txt,rice,Unknown,the current wholesale prices of both brown
weekly_01_2025_Eng.txt,egg,Decrease,and white eggs have decreased by 28% and
weekly_01_2025_Eng.txt,rice,Unknown,Prices of both brown and white eggs have
weekly_01_2025_Eng.txt,rice,Increase,increased by Rs.6.00. The price range of a
weekly_01_2025_Eng.txt,egg,Unknown,white egg was Rs.35.00-41.00 and the
weekly_01_2025_Eng.txt,rice,Unknown,price range of a brown egg was Rs.37.00-
weekly_01_2025_Eng.txt,rice,Unknown,42.00. The average price of the white and
weekly_01_2025_Eng.txt,egg,Unknown,brown egg types were Rs.37.00 and
weekly_01_2025_Eng.txt,rice,Unknown,the current retail prices of both egg
weekly_01_2025_Eng.txt,rice,Unknown,Prices of all the meat types except for
weekly_01_2025_Eng.txt,rice,Increase,broiler chicken have increased. Price
weekly_01_2025_Eng.txt,rice,Increase,respectively. Price increase of curry
weekly_01_2025_Eng.txt,chicken,Unknown,chicken has recorded as Rs.59.00/kg and
weekly_01_2025_Eng.txt,rice,Decrease,price decrease of broiler chicken has
weekly_01_2025_Eng.txt,rice,Unknown,the prices of all the meat types except for
weekly_01_2025_Eng.txt,rice,Decrease,highest price decrease was recorded for
weekly_01_2025_Eng.txt,chicken,Unknown,broiler chicken by10%.
weekly_01_2025_Eng.txt,rice,Unknown,wholesale and retail prices of selected food
weekly_01_2025_Eng.txt,rice,Unknown,"prevailing prices, price ranges, averages, and a"
weekly_01_2025_Eng.txt,rice,Unknown,comparison of weekly prices. The changes in
weekly_01_2025_Eng.txt,rice,Unknown,prices reported are always with price prevailed
weekly_01_2025_Eng.txt,rice,Unknown,The frequency of collection of wholesale price
weekly_01_2025_Eng.txt,rice,Unknown,"Friday) while with retail prices, it is thrice a"
weekly_01_2025_Eng.txt,rice,Unknown,Rice VarietiesLOCATIONS
weekly_01_2025_Eng.txt,rice,Unknown,Table 01: Selected Markets:Wholesale Price of Rice (Rs/50kg bag)
weekly_01_2025_Eng.txt,rice,Unknown,Table 02: Selected Markets: Retail Price of Rice (Rs/kg)
weekly_01_2025_Eng.txt,rice,Unknown,LOCATIONS Rice Varieties
weekly_01_2025_Eng.txt,dhal,Unknown,Green Gram Cowpea Red Dhal
weekly_01_2025_Eng.txt,rice,Unknown,Table 04: Selected Markets:Wholesale Price of Subsidiary Food (Rs/50kg)
weekly_01_2025_Eng.txt,onion,Unknown,Dried Chillies Red Onion Big Onion PotatoLOCATION Imported Imported Local Imported Welimada
weekly_01_2025_Eng.txt,rice,Unknown,Table 05: Selected Markets: Retail Price of Subsidiary Food Crops (Rs/kg)
weekly_01_2025_Eng.txt,onion,Unknown,Dried Chillies Red Onion Big Onion Potato Pulses
weekly_01_2025_Eng.txt,dhal,Unknown,Green Gram Cowpea Red Dhal
weekly_01_2025_Eng.txt,rice,Unknown,Table 06: Selected Markets: Wholesale Price of Vegetables(Rs/kg)
weekly_01_2025_Eng.txt,potato,Unknown,ManiocLong Beans Ash Plantain Green Chillies Lime Sweet Potatoe
weekly_01_2025_Eng.txt,rice,Unknown,"Colombo, Meegoda, Norochchole, Jaffna,Dambulla and Kandy - Gotukola Price Rs/Kg"
weekly_01_2025_Eng.txt,vegetable,Unknown,Leafy Vegetables (Rs/bundle)
weekly_01_2025_Eng.txt,coconut,Unknown,Coconut (Rs/nut)
weekly_01_2025_Eng.txt,rice,Unknown,Table 07: Selected Markets: Retail Price of Vegetables (Rs/kg)
weekly_01_2025_Eng.txt,potato,Unknown,Sweet Potato Large Small
weekly_01_2025_Eng.txt,vegetable,Unknown,Low Country Varieties Leafy Vegetable Coconut (Rs/nut)
weekly_01_2025_Eng.txt,rice,Unknown,Table 08: Selected Markets: Retail Price of Fruits (Rs/each & Rs/kg)
weekly_01_2025_Eng.txt,fruit,Unknown,Mango Other Fruits
weekly_01_2025_Eng.txt,coconut,Unknown,Passion Avocado Slime Apple Grapes (Rs/kg) King CoconutWood Apple Orange
weekly_01_2025_Eng.txt,fish,Unknown,Local Dried Fish Imported Dried Fish
weekly_01_2025_Eng.txt,fish,Unknown,Imported Dried Fish
weekly_01_2025_Eng.txt,fish,Unknown,Local Dried Fish
weekly_01_2025_Eng.txt,rice,Unknown,Table 10: Selected Markets: Wholesale Price of Dried Fish (Rs/50kg)
weekly_01_2025_Eng.txt,fish,Unknown,Sea Fish Eggs
weekly_01_2025_Eng.txt,rice,Unknown,Table 09: Selected Markets: Wholesale Price of Fresh Fish & Eggs (Rs/kg & Rs/egg)
weekly_01_2025_Eng.txt,fish,Unknown,Sea FishLocations
weekly_01_2025_Eng.txt,rice,Unknown,Table 11: Selected Markets: Retail Price of Fresh Fish & Eggs (Rs/kg & Rs/eggs)
weekly_01_2025_Eng.txt,fish,Unknown,Sea Fish EggsLOCATIONS
weekly_01_2025_Eng.txt,rice,Unknown,Table 12: Selected Markets: Retail Price of Dried Fish (Rs/kg)
weekly_01_2025_Eng.txt,fish,Unknown,Dried FishLOCATIONS Sprats-Imported Kattawa Thora Mora Balaya
weekly_01_2025_Eng.txt,rice,Unknown,Table 13: Selected Markets: Retail Price of Meat (Rs/kg)
weekly_01_2025_Eng.txt,chicken,Unknown,Meat Meat (Chicken) Meat
weekly_01_2025_Eng.txt,rice,Unknown,Rice Coconut
weekly_01_2025_Eng.txt,fruit,Unknown,Keeri Samba 250.00−260.00255.00255.00322.50 0.00 -20.93Fruits (Rs/fruit)
weekly_01_2025_Eng.txt,fruit,Unknown,Raw (Red) − Passion Fruit 35.00− 70.00 52.73 40.73 77.50 29.46 -31.96
weekly_01_2025_Eng.txt,onion,Unknown,Onion Mango
weekly_01_2025_Eng.txt,onion,Unknown,Big Onion Kohu −
weekly_01_2025_Eng.txt,potato,Unknown,Potato Orange 100.00− 140.00 117.00 130.00143.33 -10.00 -18.37
weekly_01_2025_Eng.txt,coconut,Unknown,Pulses King Coconut 150.00− 170.00 166.36 164.44 93.33 1.17 78.25
weekly_01_2025_Eng.txt,fish,Unknown,Cowpea (White) 500.00−650.00580.00583.331100.00 -0.57 -47.27Sea Fish
weekly_01_2025_Eng.txt,dhal,Unknown,Red Dhal 275.00−280.00277.14275.00296.67 0.78 -6.58Hurulla 750.00− 900.00 829.23 848.33658.00 -2.25 26.02
weekly_01_2025_Eng.txt,vegetable,Unknown,Vegetable Balaya 650.00− 800.00 757.86 774.171013.00 -2.11 -25.19
weekly_01_2025_Eng.txt,egg,Unknown,Raddish 80.00−150.00112.00126.00151.00 -11.11 -25.83Eggs
weekly_01_2025_Eng.txt,fish,Unknown,Ladies Fingers 60.00−150.00108.00133.00151.00 -18.80 -28.48Dried Fish
weekly_01_2025_Eng.txt,potato,Unknown,Sweet Potato 120.00−140.00128.00123.00 93.00 4.07 37.63Maduwa (Imported) −
weekly_01_2025_Eng.txt,vegetable,Unknown,Leafy Vegetable Koduwa (Imported) −
weekly_01_2025_Eng.txt,rice,Unknown,Table 14: Colombo: Wholesale Prices (Rs/kg or Rs/piece)
weekly_01_2025_Eng.txt,rice,Unknown,Average Price Change Compared to
weekly_01_2025_Eng.txt,rice,Unknown,Average Price
weekly_01_2025_Eng.txt,rice,Unknown,Rice Coconut
weekly_01_2025_Eng.txt,fruit,Unknown,Keeri Samba 260.00− 280.00264.67 264.39 0.28 Fruits (Rs/fruit)
weekly_01_2025_Eng.txt,fruit,Unknown,Raw (Red) − Passion Fruit 40.00− 90.00 71.00 64.23 80.42 6.77 -11.71
weekly_01_2025_Eng.txt,onion,Unknown,Onion Mango
weekly_01_2025_Eng.txt,onion,Unknown,Big Onion Kohu −
weekly_01_2025_Eng.txt,potato,Unknown,Potato Orange 120.00− 200.00168.82179.23 208.57 -10.41 -19.06
weekly_01_2025_Eng.txt,coconut,Unknown,Pulses King Coconut 180.00− 220.00198.00186.79 130.50 11.21 51.72
weekly_01_2025_Eng.txt,fish,Unknown,Cowpea (White) 700.00− 950.00831.90 835.931306.25 -4.03-36.31Sea Fish
weekly_01_2025_Eng.txt,dhal,Unknown,Red Dhal 290.00− 360.00313.33 312.31339.55 1.02 -7.72Hurulla 900.00− 960.00927.50991.67 867.14 -64.17 6.96
weekly_01_2025_Eng.txt,vegetable,Unknown,Vegetable Balaya 750.00−1200.00989.291020.591375.00 -31.30 -28.05
weekly_01_2025_Eng.txt,egg,Unknown,Raddish 140.00− 300.00231.03 257.41317.31-26.38-27.19Eggs
weekly_01_2025_Eng.txt,fish,Unknown,Ladies Fingers 160.00− 360.00259.33 274.83347.20-15.50-25.31Dried Fish
weekly_01_2025_Eng.txt,chicken,Unknown,Root Crops Chicken (Broiler) 1100.00−1260.001208.331230.001337.27 -21.67 -9.64
weekly_01_2025_Eng.txt,potato,Unknown,Sweet Potato 140.00− 340.00243.21 261.48252.40-18.27 -3.64Chicken (Curry) 1000.00−1200.001109.091050.001207.27 59.09 -8.13
weekly_01_2025_Eng.txt,vegetable,Unknown,Leafy Vegetable Pork 1000.00−1300.001233.331125.001275.00 108.33 -3.27
weekly_01_2025_Eng.txt,rice,Unknown,Table 15: Colombo &Suburbs: Retail Prices (Rs/kg or Rs/piece)
weekly_01_2025_Eng.txt,rice,Unknown,Average Price Change Compared to
weekly_01_2025_Eng.txt,rice,Unknown,Average Price Change Compared to
weekly_01_2025_Eng.txt,vegetable,Unknown,Paddy Vegetable (Up Country) Snake Gourd
weekly_01_2025_Eng.txt,onion,Unknown,Red Onion Badulla − Long Beans
weekly_01_2025_Eng.txt,onion,Unknown,Big Onion Welimada 210.00−230.00 218.00Embilipitiya 200.00−220.00207.50
weekly_01_2025_Eng.txt,potato,Unknown,Potato Hambantota −
weekly_01_2025_Eng.txt,vegetable,Unknown,N'Eliya 280.00−300.00290.00Vegetable (Low Country) Embilipitiya 70.00−80.00 73.75
weekly_01_2025_Eng.txt,fruit,Unknown,Moneragala 480.00−500.00488.00Brinjal Fruits (Rs/kg)
weekly_01_2025_Eng.txt,rice,Unknown,Table 16: Farmgate/Producer Prices of Food Commodities in Selected Producing Areas (Rs/kg)
weekly_01_2025_Eng.txt,rice,Unknown,PriceCOMMODITY Range Average
weekly_01_2025_Eng.txt,rice,Unknown,Price COMMODITY Range Average
weekly_01_2025_Eng.txt,rice,Unknown,Price COMMODITY
weekly_01_2025_Eng.txt,rice,Unknown,Rice
weekly_01_2025_Eng.txt,onion,Unknown,Red Onion
weekly_01_2025_Eng.txt,onion,Unknown,Big Onion
weekly_01_2025_Eng.txt,potato,Unknown,Potato
weekly_01_2025_Eng.txt,dhal,Unknown,Red Dhal 290.00− 300.00 300.00− 360.00 290.00− 340.00300.00− 320.00350.00− 360.00290.00− 320.00300.00− 300.00290.00− 300.00 300.00− 320.00
weekly_01_2025_Eng.txt,rice,Unknown,Annex 01 - Colombo Markets: Retail Prices of Rice and Subsidiary Food Crops (Rs/kg) Week 01: 03 - 09 Jan 2025
weekly_01_2025_Eng.txt,vegetable,Unknown,Vegetable
weekly_01_2025_Eng.txt,potato,Unknown,Sweet Potato 140.00− 180.00 280.00− 320.00 240.00− 260.00 320.00 − 340.00 180.00− 240.00 160.00− 180.00 240.00− 300.00 230.00− 240.00260.00− 280.00
weekly_01_2025_Eng.txt,vegetable,Unknown,Leafy Vegetable
weekly_01_2025_Eng.txt,coconut,Unknown,Coconut
weekly_01_2025_Eng.txt,rice,Unknown,Annex 02 - Colombo Markets: Retail Prices of Vegetables (Rs/kg) and Coconut (Rs/nut)
weekly_01_2025_Eng.txt,fruit,Unknown,Other Fruits
weekly_01_2025_Eng.txt,coconut,Unknown,King Coconut 180.00− 220.00 200.00− 220.00200.00− 220.00 200.00− 200.00180.00− 200.00180.00− 200.00180.00− 200.00 180.00− 200.00 180.00−200.00
weekly_01_2025_Eng.txt,rice,Unknown,Annex 03 - Colombo Markets: Retail Prices of Fruits (Rs/fruit)
weekly_01_2025_Eng.txt,fish,Unknown,Sea Fish
weekly_01_2025_Eng.txt,egg,Unknown,30 Eggs (Rs/egg)
weekly_01_2025_Eng.txt,fish,Unknown,Dried Fish
weekly_01_2025_Eng.txt,chicken,Unknown,Chicken (Broiler) 1200.00−1200.001220.00−1220.001250.00−1250.001250.00−1260.001150.00−1150.001100.00−1100.001200.00−1200.001200.00−1200.001200.00−1200.00
weekly_01_2025_Eng.txt,chicken,Unknown,Chicken (Curry) 1100.00−1100.001100.00−1100.001100.00−1100.001150.00−1200.001150.00−1150.00 − 1000.00−1000.001100.00−1100.001100.00−1100.00
weekly_01_2025_Eng.txt,rice,Unknown,Annex 04 - Colombo Markets: Retail Prices of Sea Fish and Dried Fish (Rs/kg)
weekly_01_2025_Eng.txt,rice,Unknown,Rice - (white Kekulu - normal ) 361 9.88 1.52 - 0.03 0.09 10.67 - 6.94 26.29 1.22 1.5
weekly_01_2025_Eng.txt,rice,Unknown,Rice - (white Kekulu Samba) 355 8.81 1.53 - 0.03 0.09 8.11 - 9.82 30.48 0.92 1.7
weekly_01_2025_Eng.txt,rice,Unknown,Rice - ( Red Kekulu - normal ) 366 8.64 2.12 - 0.05 0.1 8.39 - 4.73 31.7 0.88 1.84
weekly_01_2025_Eng.txt,rice,Unknown,Rice -Samba 369 6.86 2.45 - 0.05 0.13 12.79 - 8.71 37.26 1.18 1.49
weekly_01_2025_Eng.txt,rice,Unknown,Rice - Nadu White 366 7.76 1.48 - 0.03 0.12 9.35 - 4.57 20.1 0.64 1.61
weekly_01_2025_Eng.txt,onion,Unknown,Onion
weekly_01_2025_Eng.txt,onion,Unknown,Big onions 48 1.67 0.24 0.16 0.01 0.1 32.99 7.58 14.82 16.94 0.45 0.25
weekly_01_2025_Eng.txt,onion,Unknown,Red onions 55 2.13 0.15 0.18 0.02 0.13 30.15 14.26 20.37 19.32 0.31 0.28
weekly_01_2025_Eng.txt,potato,Unknown,Potatoes 71 1.67 0.25 0.01 0.09 14.31 20.5 9.83 23.84 0.46 0.29
weekly_01_2025_Eng.txt,dhal,Unknown,Red Dhal 319 23.09 0.77 1.06 1.6 0.22 55 NA 41.27 66.63 7.45 3.34
weekly_01_2025_Eng.txt,vegetable,Unknown,Vegetables
weekly_01_2025_Eng.txt,rice,Unknown,Rice
weekly_01_2025_Eng.txt,egg,Unknown,Brinjal (Chinese eggplant) 24 1.28 0.33 16.83 0.12 0.11 32.94 3.37 14.4 21.18 0.28 0.16
weekly_01_2025_Eng.txt,egg,Unknown,Thalana batu (Thai eggplant) 21 1.45 0.26 18.33 0.11 0.09 31.18 2.71 17.24 37.22 0.37 0.24
weekly_01_2025_Eng.txt,coconut,Unknown,Coconuts nuts 390 3.67 39.92 - 0.05 0.11 14.86 -
weekly_01_2025_Eng.txt,potato,Unknown,Sweet potato 108 1.27 0.33 NA 0.04 0.09 14.44 22.2 28.93 21.05 0.51 0.14
weekly_01_2025_Eng.txt,vegetable,Unknown,Leafy Vegetables
weekly_01_2025_Eng.txt,onion,Unknown,Onion leaves 27 2.01 0.26 NA 0.04 0.18 56.8 23.38 35.21 74.95 3.15 0.77
weekly_01_2025_Eng.txt,fruit,Unknown,Jackfruit pods 25 2.14 0.34 NA 0.03 0.04 30.7 24.77 37.32 26.08 0.3 0.17
weekly_01_2025_Eng.txt,fruit,Unknown,Jackfruit seeds 77 5.66 0.44 NA 0.02 0.08 58.91 15.24 40.87 50.14 0.52 0.42
weekly_01_2025_Eng.txt,chicken,Unknown,Chicken 176 23.14 9.24 6.88 0.07 0.49 10.09 - 15.06 20.18 0.75 0.64
weekly_01_2025_Eng.txt,fish,Unknown,Fish
weekly_01_2025_Eng.txt,fish,Unknown,Cuttle fish 76 16.82 0.93 1.93 0.02 0.04 6.22 8.73 35.46 0.62 1.3
weekly_01_2025_Eng.txt,fish,Unknown,Dried Fish
weekly_01_2025_Eng.txt,egg,Unknown,Eggs
weekly_01_2025_Eng.txt,egg,Unknown,Hen eggs (Country) 170 13.14 13 208 0.08 0.18 54.6 50.14 11.04 1.64 1.12
weekly_01_2025_Eng.txt,egg,Unknown,Hen eggs (Table) 135 13.55 9.03 200 0.19 0.19 49.46 63.3 12 2.39 1.73
weekly_01_2025_Eng.txt,egg,Unknown,Quail eggs 153 12.39 11.46 153 0.11 0.17 54.86 60.67 11.21 2.55 1.51
weekly_01_2025_Eng.txt,fruit,Unknown,Fruits
weekly_01_2025_Eng.txt,rice,Unknown,Price Collecting Areas
weekly_06_2025_Eng.txt,vegetable,Unknown,Vegetables
weekly_06_2025_Eng.txt,coconut,Unknown,Coconut
weekly_06_2025_Eng.txt,rice,Unknown,Paddy/Rice
weekly_06_2025_Eng.txt,rice,Increase,Prices of both large and small nuts have increased further
weekly_06_2025_Eng.txt,rice,Unknown,and the prices ranged Rs.210.00-240.00 for large nuts
weekly_06_2025_Eng.txt,onion,Unknown,Stocks of imported red onion and big onion were
weekly_06_2025_Eng.txt,rice,Unknown,available in the market and the prices of both types have
weekly_06_2025_Eng.txt,rice,Decrease,decreased further. Prices ranged between Rs.400.00 -
weekly_06_2025_Eng.txt,onion,Unknown,640.00/kg for red onion and Rs.160.00-250.00/kg for big
weekly_06_2025_Eng.txt,rice,Unknown,onion in Colombo and suburb markets. Prices of both
weekly_06_2025_Eng.txt,potato,Decrease,Nuwara Eliya and imported potatoes have decreased.
weekly_06_2025_Eng.txt,rice,Unknown,"Further, the prices of white cowpea, red cowpea and red"
weekly_06_2025_Eng.txt,rice,Decrease,dhal have decreased while the price of green gram has
weekly_06_2025_Eng.txt,rice,Decrease,Retail prices of most of the vegetables have decreased.
weekly_06_2025_Eng.txt,rice,Unknown,"Considering the up-country varieties, the highest price"
weekly_06_2025_Eng.txt,rice,Decrease,"country varieties, the highest price decrease was reported"
weekly_06_2025_Eng.txt,rice,Unknown,Retail prices of all the rice varieties except for keeri
weekly_06_2025_Eng.txt,rice,Decrease,rice stocks to the market. The highest price decrease was
weekly_06_2025_Eng.txt,rice,Unknown,noted for local raw red rice and the price ranged
weekly_06_2025_Eng.txt,rice,Unknown,Rs.220.00-260.00/kg. Prices of other varieties ranged
weekly_06_2025_Eng.txt,rice,Unknown,suburb markets. Average farmgate prices of most of the
weekly_06_2025_Eng.txt,rice,Increase,purchased paddy at higher prices than the certified
weekly_06_2025_Eng.txt,rice,Unknown,prices.
weekly_06_2025_Eng.txt,rice,Unknown,Rice
weekly_06_2025_Eng.txt,rice,Increase,Price of keeri samba has increased by 2%
weekly_06_2025_Eng.txt,rice,Unknown,and the price ranged Rs.255.00-267.00/kg.
weekly_06_2025_Eng.txt,rice,Unknown,"However, the price of nadu, raw red and"
weekly_06_2025_Eng.txt,rice,Decrease,raw white rice varieties have decreased in
weekly_06_2025_Eng.txt,rice,Unknown,the average prices were Rs.238.00/kg and
weekly_06_2025_Eng.txt,rice,Unknown,Imported rice varieties were also available
weekly_06_2025_Eng.txt,rice,Unknown,prices:
weekly_06_2025_Eng.txt,rice,Unknown,the current wholesale prices of most of the
weekly_06_2025_Eng.txt,rice,Increase,rice varieties have increased with the
weekly_06_2025_Eng.txt,rice,Increase,highest price increase of 26% for raw red.
weekly_06_2025_Eng.txt,rice,Decrease,The price of keeri samba has decreased by
weekly_06_2025_Eng.txt,rice,Unknown,Retail prices of all the types of rice varieties
weekly_06_2025_Eng.txt,rice,Decrease,"Among those, the highest price decrease of"
weekly_06_2025_Eng.txt,rice,Unknown,Prices of raw red and white rice ranged
weekly_06_2025_Eng.txt,rice,Unknown,and suburb markets. The retail price of keeri
weekly_06_2025_Eng.txt,rice,Unknown,price ranged Rs.260.00-280.00/kg.
weekly_06_2025_Eng.txt,rice,Decrease,the highest price decrease of 30% was
weekly_06_2025_Eng.txt,rice,Increase,price increase of 18% was recorded for raw
weekly_06_2025_Eng.txt,rice,Unknown,"price for major paddy varieties, the mill"
weekly_06_2025_Eng.txt,rice,Unknown,"than certified price. As a result, the prices"
weekly_06_2025_Eng.txt,rice,Unknown,"Accordingly, the price of short grain paddy"
weekly_06_2025_Eng.txt,rice,Unknown,Kalawewa areas while its prices ranged
weekly_06_2025_Eng.txt,rice,Increase,price increase of Rs.3.00-9.00/kg for keeri
weekly_06_2025_Eng.txt,rice,Unknown,samba paddy in those areas and the prices
weekly_06_2025_Eng.txt,rice,Unknown,average price of long grain white paddy has
weekly_06_2025_Eng.txt,rice,Unknown,prices ranged Rs.105.00-128.00/kg.
weekly_06_2025_Eng.txt,rice,Unknown,"However, the prices of short grain, keeri"
weekly_06_2025_Eng.txt,rice,Unknown,"Subsequently, the average price of long"
weekly_06_2025_Eng.txt,rice,Unknown,reported Rs.118.00-132.00/kg price range
weekly_06_2025_Eng.txt,rice,Unknown,the average prices of all the major paddy
weekly_06_2025_Eng.txt,rice,Decrease,price of keeri samba paddy has decreased
weekly_06_2025_Eng.txt,rice,Unknown,The price of imported dried chilies has
weekly_06_2025_Eng.txt,rice,Decrease,decreased by 3% and the price ranged
weekly_06_2025_Eng.txt,rice,Unknown,current wholesale price of imported dried
weekly_06_2025_Eng.txt,rice,Decrease,"In line with decreased wholesale prices, the"
weekly_06_2025_Eng.txt,rice,Unknown,retail price of imported dried chilli has not
weekly_06_2025_Eng.txt,rice,Unknown,changed significantly and the price ranged
weekly_06_2025_Eng.txt,rice,Unknown,the current retail price of imported dried
weekly_06_2025_Eng.txt,onion,Unknown,Onion
weekly_06_2025_Eng.txt,rice,Increase,Price of imported red onion has increased
weekly_06_2025_Eng.txt,rice,Unknown,by 2% and the price ranged Rs.300.00-
weekly_06_2025_Eng.txt,onion,Unknown,400.00/kg. Sinan red onion was also
weekly_06_2025_Eng.txt,rice,Unknown,available at the market and price ranged
weekly_06_2025_Eng.txt,rice,Unknown,Rs.180.00-220.00/kg. Price of imported
weekly_06_2025_Eng.txt,onion,Decrease,big onion has decreased by 12% due to
weekly_06_2025_Eng.txt,rice,Unknown,price ranged Rs.110.00-145.00/kg.
weekly_06_2025_Eng.txt,rice,Unknown,current wholesale price of imported red
weekly_06_2025_Eng.txt,onion,Increase,onion has increased by 58% while
weekly_06_2025_Eng.txt,onion,Decrease,imported big onion has decreased by 58%.
weekly_06_2025_Eng.txt,rice,Unknown,Retail prices of imported red onion and
weekly_06_2025_Eng.txt,onion,Decrease,imported big onion have decreased by
weekly_06_2025_Eng.txt,rice,Unknown,the current retail price of imported red onion
weekly_06_2025_Eng.txt,onion,Decrease,onion has decreased by 52% respectively.
weekly_06_2025_Eng.txt,potato,Unknown,Potato
weekly_06_2025_Eng.txt,rice,Unknown,Price of Nuwara Eliya and imported
weekly_06_2025_Eng.txt,potato,Decrease,potatoes have decreased by 8% and 3% due
weekly_06_2025_Eng.txt,rice,Unknown,prices ranged Rs.260.00-330.00/kg and
weekly_06_2025_Eng.txt,rice,Unknown,current wholesale price of Nuwara Eliya
weekly_06_2025_Eng.txt,potato,Decrease,potato has decreased by 7% while imported
weekly_06_2025_Eng.txt,potato,Increase,potato has increased by 14%.
weekly_06_2025_Eng.txt,rice,Decrease,"In line with decreased wholesale prices, the"
weekly_06_2025_Eng.txt,rice,Unknown,retail prices of all types of potatoes have
weekly_06_2025_Eng.txt,rice,Decrease,decreased. Retail prices of imported and
weekly_06_2025_Eng.txt,potato,Decrease,Nuwara Eliya potatoes have decreased by
weekly_06_2025_Eng.txt,rice,Unknown,the current retail price of Nuwara Eliya
weekly_06_2025_Eng.txt,potato,Increase,potato has increased by 6% while the retail
weekly_06_2025_Eng.txt,rice,Decrease,price of imported potato has decreased by
weekly_06_2025_Eng.txt,rice,Increase,Price of green gram has increased by
weekly_06_2025_Eng.txt,rice,Unknown,3% and the price ranged Rs.550.00-
weekly_06_2025_Eng.txt,rice,Unknown,690.00/kg. Price of red cowpea has
weekly_06_2025_Eng.txt,rice,Unknown,quality stocks and the price ranged
weekly_06_2025_Eng.txt,rice,Unknown,Rs.500.00-600.00/kg. Prices of white
weekly_06_2025_Eng.txt,dhal,Unknown,cowpea and red dhal have not changed
weekly_06_2025_Eng.txt,rice,Unknown,significantly and average prices
weekly_06_2025_Eng.txt,rice,Unknown,current wholesale prices of all the types of
weekly_06_2025_Eng.txt,rice,Unknown,"The retail prices of all the types of pulses,"
weekly_06_2025_Eng.txt,rice,Decrease,"Among those, the highest price decrease of"
weekly_06_2025_Eng.txt,rice,Increase,The retail price of green gram has increased
weekly_06_2025_Eng.txt,rice,Unknown,the current retail prices of all types of pulses
weekly_06_2025_Eng.txt,rice,Decrease,have decreased with the highest price
weekly_06_2025_Eng.txt,vegetable,Unknown,Vegetable
weekly_06_2025_Eng.txt,rice,Unknown,Prices of most of the vegetables have
weekly_06_2025_Eng.txt,vegetable,Unknown,"Considering up country vegetables, the"
weekly_06_2025_Eng.txt,rice,Decrease,highest price decrease was reported for
weekly_06_2025_Eng.txt,rice,Unknown,"prices of carrot, cabbage and knol-khol"
weekly_06_2025_Eng.txt,rice,Unknown,"and Kandy areas. Further, the price of"
weekly_06_2025_Eng.txt,rice,Increase,price of capsicum has increased by 4%.
weekly_06_2025_Eng.txt,vegetable,Unknown,"Considering low-country vegetables, most"
weekly_06_2025_Eng.txt,rice,Unknown,of the vegetable varieties experienced price
weekly_06_2025_Eng.txt,rice,Decrease,prices have decreased considerably.
weekly_06_2025_Eng.txt,rice,Unknown,"However, the prices of brinjal, ash plantain"
weekly_06_2025_Eng.txt,rice,Unknown,"stocks. In addition, the price of green"
weekly_06_2025_Eng.txt,rice,Decrease,decreased supply from Jaffna and the price
weekly_06_2025_Eng.txt,rice,Unknown,wholesale prices of most vegetable have
weekly_06_2025_Eng.txt,rice,Decrease,"decreased, with the highest price decrease"
weekly_06_2025_Eng.txt,rice,Unknown,Retail prices of most of the vegetable
weekly_06_2025_Eng.txt,rice,Unknown,downward wholesale price trend.
weekly_06_2025_Eng.txt,vegetable,Unknown,"Considering the up-country vegetables, the"
weekly_06_2025_Eng.txt,rice,Decrease,highest price decrease was reported for
weekly_06_2025_Eng.txt,rice,Unknown,"at Rs.48.00/kg. Moreover, the price of"
weekly_06_2025_Eng.txt,vegetable,Unknown,Considering the low-country vegetable
weekly_06_2025_Eng.txt,rice,Unknown,"varieties, long bean price  showed"
weekly_06_2025_Eng.txt,rice,Decrease,a significant price decrease of
weekly_06_2025_Eng.txt,rice,Unknown,(Rs.28.00/kg). Lime has shown a price
weekly_06_2025_Eng.txt,rice,Increase,(Rs.70.00/kg) showed a price increase
weekly_06_2025_Eng.txt,rice,Unknown,current retail prices of most of the varieties
weekly_06_2025_Eng.txt,rice,Decrease,have decreased while a notable price drop
weekly_06_2025_Eng.txt,coconut,Unknown,Coconut
weekly_06_2025_Eng.txt,rice,Unknown,Prices of both large and small nuts have
weekly_06_2025_Eng.txt,rice,Increase,increased by 1%. Price ranges were
weekly_06_2025_Eng.txt,rice,Unknown,the current wholesale prices of large and
weekly_06_2025_Eng.txt,rice,Unknown,Prices of large and small nuts showed a
weekly_06_2025_Eng.txt,rice,Unknown,Rs.9.00/nut respectively. Price ranges were
weekly_06_2025_Eng.txt,rice,Unknown,current retail prices of large nuts (98%) and
weekly_06_2025_Eng.txt,fruit,Unknown,Fruits
weekly_06_2025_Eng.txt,rice,Unknown,Prices of most of the fruit varieties have
weekly_06_2025_Eng.txt,rice,Increase,highest price increase of 76% was reported
weekly_06_2025_Eng.txt,rice,Increase,Papaw prices have increased by 43% due
weekly_06_2025_Eng.txt,rice,Unknown,"to dry weather. Further, the prices of"
weekly_06_2025_Eng.txt,rice,Unknown,passionfruit and karthakolomban prices
weekly_06_2025_Eng.txt,rice,Unknown,"However, the prices of local orange and"
weekly_06_2025_Eng.txt,rice,Unknown,the current wholesale prices for the most of
weekly_06_2025_Eng.txt,fruit,Increase,the fruits have increased with the highest
weekly_06_2025_Eng.txt,rice,Increase,price increase of 57% reported for king
weekly_06_2025_Eng.txt,coconut,Unknown,coconut.
weekly_06_2025_Eng.txt,rice,Unknown,Retail prices of most of fruits have
weekly_06_2025_Eng.txt,rice,Unknown,"wholesale prices. Among mango varieties,"
weekly_06_2025_Eng.txt,rice,Increase,the highest price increase of
weekly_06_2025_Eng.txt,fruit,Unknown,Rs.128.00/fruit has recorded for
weekly_06_2025_Eng.txt,rice,Unknown,karthakolomban mango. The prices of all
weekly_06_2025_Eng.txt,rice,Unknown,from Rs.13.00-30.00/fruit. Price of papaw
weekly_06_2025_Eng.txt,rice,Increase,has increased by Rs.52.00/kg. Price of
weekly_06_2025_Eng.txt,fruit,Unknown,by Rs.52.00/fruit and Rs.32.00/fruit
weekly_06_2025_Eng.txt,rice,Unknown,"respectively. Further, the prices of avocado"
weekly_06_2025_Eng.txt,coconut,Increase,and king coconut have increased by
weekly_06_2025_Eng.txt,fruit,Unknown,Rs.21.00/fruit and Rs.19.00/fruit. In
weekly_06_2025_Eng.txt,rice,Unknown,"addition, the prices of slime apple and"
weekly_06_2025_Eng.txt,fruit,Decrease,orange have decreased by Rs.11.00/fruit
weekly_06_2025_Eng.txt,fruit,Unknown,and Rs.12.00/fruit.
weekly_06_2025_Eng.txt,rice,Unknown,the current retail prices of the fruits have
weekly_06_2025_Eng.txt,rice,Decrease,decreased with the highest price decrease
weekly_06_2025_Eng.txt,fish,Unknown,Fresh Fish
weekly_06_2025_Eng.txt,rice,Unknown,Wholesale prices of most of the fresh fish
weekly_06_2025_Eng.txt,rice,Decrease,"supply. Price decrease of 24%, 21%, 18%"
weekly_06_2025_Eng.txt,rice,Increase,"However, a price increase of 27% was"
weekly_06_2025_Eng.txt,rice,Unknown,"Galle, Mirissa and Beruwala areas. Prices"
weekly_06_2025_Eng.txt,fish,Unknown,of other fresh fish verities have not
weekly_06_2025_Eng.txt,rice,Unknown,the current wholesale prices of most of the
weekly_06_2025_Eng.txt,fish,Decrease,fresh fish types have decreased with the
weekly_06_2025_Eng.txt,rice,Decrease,highest price decrease of 18% was noted
weekly_06_2025_Eng.txt,rice,Unknown,Retail prices of all the fish varieties except
weekly_06_2025_Eng.txt,rice,Decrease,decreased with the highest price decrease
weekly_06_2025_Eng.txt,rice,Decrease,second highest price decrease was recorded
weekly_06_2025_Eng.txt,rice,Decrease,for paraw by Rs.227.00/kg. Price decrease
weekly_06_2025_Eng.txt,rice,Decrease,respectively. Price decrease of thalapath
weekly_06_2025_Eng.txt,rice,Unknown,the prices of salaya and kelawalla have
weekly_06_2025_Eng.txt,rice,Decrease,the highest price decrease was recorded for
weekly_06_2025_Eng.txt,rice,Increase,balaya by 39%. The highest price increase
weekly_06_2025_Eng.txt,fish,Unknown,Dried Fish
weekly_06_2025_Eng.txt,rice,Unknown,Prices of most of the dried fish types have
weekly_06_2025_Eng.txt,rice,Decrease,dried fish A price decrease of 7% was
weekly_06_2025_Eng.txt,rice,Increase,"areas. However, a price increase of 7% was"
weekly_06_2025_Eng.txt,rice,Unknown,Negombo areas. Prices of other dried fish
weekly_06_2025_Eng.txt,rice,Unknown,the current wholesale prices of all the dried
weekly_06_2025_Eng.txt,fish,Unknown,fish types except l ocal salaya have
weekly_06_2025_Eng.txt,rice,Decrease,decreased with the highest price decrease
weekly_06_2025_Eng.txt,rice,Unknown,Retail prices of all the dry fish varieties
weekly_06_2025_Eng.txt,rice,Decrease,decreased with the highest price decrease
weekly_06_2025_Eng.txt,rice,Decrease,The second highest price decrease was
weekly_06_2025_Eng.txt,rice,Increase,highest price increase was recorded for
weekly_06_2025_Eng.txt,rice,Increase,highest price increase was recorded for
weekly_06_2025_Eng.txt,rice,Unknown,the current retail prices of all the dry fish
weekly_06_2025_Eng.txt,rice,Decrease,decreased with the highest price decrease
weekly_06_2025_Eng.txt,egg,Unknown,Eggs
weekly_06_2025_Eng.txt,rice,Unknown,Prices of both brown and white eggs have
weekly_06_2025_Eng.txt,rice,Increase,increased by 11% and their prices ranged
weekly_06_2025_Eng.txt,egg,Unknown,Rs. 33.00-35.00/egg and Rs.31.00 -
weekly_06_2025_Eng.txt,egg,Unknown,32.00/egg respectively.
weekly_06_2025_Eng.txt,rice,Unknown,the current wholesale prices of both brown
weekly_06_2025_Eng.txt,egg,Decrease,and white eggs have decreased by 42% and
weekly_06_2025_Eng.txt,rice,Unknown,Prices of both brown and white eggs have
weekly_06_2025_Eng.txt,rice,Increase,increased and the price range of a white
weekly_06_2025_Eng.txt,rice,Unknown,egg was Rs.33.00-36.00 and the price
weekly_06_2025_Eng.txt,egg,Unknown,range of a brown egg was Rs.35.00-
weekly_06_2025_Eng.txt,rice,Unknown,Rs.40.00. The average prices of white and
weekly_06_2025_Eng.txt,egg,Unknown,brown egg types were recorded as Rs.35.00
weekly_06_2025_Eng.txt,rice,Unknown,the current retail prices of both egg
weekly_06_2025_Eng.txt,rice,Unknown,Prices of all the types of meat have
weekly_06_2025_Eng.txt,rice,Increase,increased and the highest price increase
weekly_06_2025_Eng.txt,chicken,Unknown,was recorded for curry chicken by
weekly_06_2025_Eng.txt,rice,Increase,Rs.107.00/kg. Price increase of beef and
weekly_06_2025_Eng.txt,chicken,Unknown,broiler chicken have recorded as
weekly_06_2025_Eng.txt,rice,Increase,Price increase of mutton and pork have
weekly_06_2025_Eng.txt,rice,Unknown,"the current prices of all the meat types,"
weekly_06_2025_Eng.txt,chicken,Unknown,except broiler and curry chicken have
weekly_06_2025_Eng.txt,rice,Increase,increased. The highest price increase was
weekly_06_2025_Eng.txt,rice,Unknown,wholesale and retail prices of selected food
weekly_06_2025_Eng.txt,rice,Unknown,"prevailing prices, price ranges, averages, and a"
weekly_06_2025_Eng.txt,rice,Unknown,comparison of weekly prices. The changes in
weekly_06_2025_Eng.txt,rice,Unknown,prices reported are always with price prevailed
weekly_06_2025_Eng.txt,rice,Unknown,The frequency of collection of wholesale price
weekly_06_2025_Eng.txt,rice,Unknown,"Friday) while with retail prices, it is thrice a"
weekly_06_2025_Eng.txt,rice,Unknown,Rice VarietiesLOCATIONS
weekly_06_2025_Eng.txt,rice,Unknown,Table 01: Selected Markets:Wholesale Price of Rice (Rs/50kg bag)
weekly_06_2025_Eng.txt,rice,Unknown,Table 02: Selected Markets: Retail Price of Rice (Rs/kg)
weekly_06_2025_Eng.txt,rice,Unknown,LOCATIONS Rice Varieties
weekly_06_2025_Eng.txt,rice,Unknown,Table 04: Selected Markets:Wholesale Price of Subsidiary Food (Rs/50kg)
weekly_06_2025_Eng.txt,onion,Unknown,Dried Chillies Red Onion Big Onion PotatoLOCATION Imported Imported Local Imported Welimada
weekly_06_2025_Eng.txt,dhal,Unknown,Green Gram Cowpea Red Dhal
weekly_06_2025_Eng.txt,rice,Unknown,Table 05: Selected Markets: Retail Price of Subsidiary Food Crops (Rs/kg)
weekly_06_2025_Eng.txt,onion,Unknown,Dried Chillies Red Onion Big Onion Potato Pulses
weekly_06_2025_Eng.txt,dhal,Unknown,Green Gram Cowpea Red Dhal
weekly_06_2025_Eng.txt,rice,Unknown,Table 06: Selected Markets: Wholesale Price of Vegetables(Rs/kg)
weekly_06_2025_Eng.txt,potato,Unknown,ManiocLong Beans Ash Plantain Green Chillies Lime Sweet Potatoe
weekly_06_2025_Eng.txt,rice,Unknown,"Colombo, Meegoda, Norochchole, Jaffna,Dambulla and Kandy - Gotukola Price Rs/Kg"
weekly_06_2025_Eng.txt,vegetable,Unknown,Leafy Vegetables (Rs/bundle)
weekly_06_2025_Eng.txt,coconut,Unknown,Coconut (Rs/nut)
weekly_06_2025_Eng.txt,rice,Unknown,Table 07: Selected Markets: Retail Price of Vegetables (Rs/kg)
weekly_06_2025_Eng.txt,potato,Unknown,Sweet Potato Large Small
weekly_06_2025_Eng.txt,vegetable,Unknown,Low Country Varieties Leafy Vegetable Coconut (Rs/nut)
weekly_06_2025_Eng.txt,rice,Unknown,Table 08: Selected Markets: Retail Price of Fruits (Rs/each & Rs/kg)
weekly_06_2025_Eng.txt,fruit,Unknown,Mango Other Fruits
weekly_06_2025_Eng.txt,coconut,Unknown,Passion Avocado Slime Apple Grapes (Rs/kg) King CoconutWood Apple Orange
weekly_06_2025_Eng.txt,fish,Unknown,Local Dried Fish Imported Dried Fish
weekly_06_2025_Eng.txt,fish,Unknown,Imported Dried Fish
weekly_06_2025_Eng.txt,fish,Unknown,Local Dried Fish
weekly_06_2025_Eng.txt,rice,Unknown,Table 10: Selected Markets: Wholesale Price of Dried Fish (Rs/50kg)
weekly_06_2025_Eng.txt,fish,Unknown,Sea Fish Eggs
weekly_06_2025_Eng.txt,rice,Unknown,Table 09: Selected Markets: Wholesale Price of Fresh Fish & Eggs (Rs/kg & Rs/egg)
weekly_06_2025_Eng.txt,fish,Unknown,Sea FishLocations
weekly_06_2025_Eng.txt,rice,Unknown,Table 11: Selected Markets: Retail Price of Fresh Fish & Eggs (Rs/kg & Rs/eggs)
weekly_06_2025_Eng.txt,fish,Unknown,Sea Fish EggsLOCATIONS
weekly_06_2025_Eng.txt,rice,Unknown,Table 12: Selected Markets: Retail Price of Dried Fish (Rs/kg)
weekly_06_2025_Eng.txt,fish,Unknown,Dried FishLOCATIONS Sprats-Imported Kattawa Thora Mora Balaya
weekly_06_2025_Eng.txt,rice,Unknown,Table 13: Selected Markets: Retail Price of Meat (Rs/kg)
weekly_06_2025_Eng.txt,chicken,Unknown,Meat Meat (Chicken) Meat
weekly_06_2025_Eng.txt,rice,Unknown,Rice Coconut
weekly_06_2025_Eng.txt,fruit,Unknown,Keeri Samba 255.00−267.00260.00255.00327.50 1.96 -20.61Fruits (Rs/fruit)
weekly_06_2025_Eng.txt,fruit,Unknown,Raw (Red) − Passion Fruit 70.00− 100.00 91.00 66.25113.33 37.36 -19.71
weekly_06_2025_Eng.txt,onion,Unknown,Onion Mango
weekly_06_2025_Eng.txt,onion,Unknown,Big Onion Kohu −
weekly_06_2025_Eng.txt,potato,Unknown,Potato Orange 35.00− 50.00 43.20 54.44 60.00 -20.65 -28.00
weekly_06_2025_Eng.txt,coconut,Unknown,Pulses King Coconut 160.00− 180.00 172.50 164.44110.00 4.90 56.82
weekly_06_2025_Eng.txt,fish,Unknown,Cowpea (White) 600.00−650.00633.33641.671015.00 -1.30 -37.60Sea Fish
weekly_06_2025_Eng.txt,dhal,Unknown,Red Dhal 265.00−275.00269.29271.67298.33 -0.88 -9.74Hurulla 600.00− 800.00 705.00 932.22543.00 -24.37 29.83
weekly_06_2025_Eng.txt,vegetable,Unknown,Vegetable Balaya 600.00− 800.00 689.17 725.83713.00 -5.05 -3.34
weekly_06_2025_Eng.txt,egg,Unknown,Raddish 80.00−150.00116.00133.00123.00 -12.78 -5.69Eggs
weekly_06_2025_Eng.txt,fish,Unknown,Ladies Fingers 180.00−250.00214.00244.00270.00 -12.30 -20.74Dried Fish
weekly_06_2025_Eng.txt,potato,Unknown,Sweet Potato 150.00−170.00164.00163.00160.00 0.61 2.50Maduwa (Imported) −
weekly_06_2025_Eng.txt,vegetable,Unknown,Leafy Vegetable Koduwa (Imported) −
weekly_06_2025_Eng.txt,rice,Unknown,Table 14: Colombo: Wholesale Prices (Rs/kg or Rs/piece)
weekly_06_2025_Eng.txt,rice,Unknown,Average Price Change Compared to
weekly_06_2025_Eng.txt,rice,Unknown,Average Price
weekly_06_2025_Eng.txt,rice,Unknown,Rice Coconut
weekly_06_2025_Eng.txt,fruit,Unknown,Keeri Samba 260.00− 280.00266.79 263.45378.57 3.34-29.53Fruits (Rs/fruit)
weekly_06_2025_Eng.txt,fruit,Unknown,Raw (Red) − Passion Fruit 100.00− 190.00127.14 95.56 149.00 31.59 -14.67
weekly_06_2025_Eng.txt,onion,Unknown,Onion Mango
weekly_06_2025_Eng.txt,onion,Unknown,Big Onion Kohu −
weekly_06_2025_Eng.txt,potato,Unknown,Potato Orange 60.00− 140.00 97.00108.80 107.38 -11.80 -9.67
weekly_06_2025_Eng.txt,coconut,Unknown,Pulses King Coconut 190.00− 250.00214.71195.80 146.15 18.91 46.90
weekly_06_2025_Eng.txt,fish,Unknown,Cowpea (White) 700.00− 960.00810.37 865.671223.08-55.30-33.74Sea Fish
weekly_06_2025_Eng.txt,dhal,Unknown,Red Dhal 280.00− 360.00307.37 310.64341.33 -3.27 -9.95Hurulla 800.00−1200.00954.621114.67 856.11-160.05 11.51
weekly_06_2025_Eng.txt,vegetable,Unknown,Vegetable Balaya 700.00− 900.00772.22956.671272.73-184.44 -39.33
weekly_06_2025_Eng.txt,egg,Unknown,Raddish 180.00− 320.00248.93 286.15294.19-37.23-15.39Eggs
weekly_06_2025_Eng.txt,fish,Unknown,Ladies Fingers 250.00− 450.00353.85 357.31475.81 -3.46-25.63Dried Fish
weekly_06_2025_Eng.txt,chicken,Unknown,Root Crops Chicken (Broiler) 1050.00−1260.001164.171136.881239.09 27.29 -6.05
weekly_06_2025_Eng.txt,potato,Unknown,Sweet Potato 200.00− 340.00293.79 278.26334.64 15.53-12.21Chicken (Curry) 1000.00−1350.001160.001053.081265.00 106.92 -8.30
weekly_06_2025_Eng.txt,vegetable,Unknown,Leafy Vegetable Pork 1200.00−1300.001283.331262.501280.00 20.83 0.26
weekly_06_2025_Eng.txt,rice,Unknown,Table 15: Colombo &Suburbs: Retail Prices (Rs/kg or Rs/piece)
weekly_06_2025_Eng.txt,rice,Unknown,Average Price Change Compared to
weekly_06_2025_Eng.txt,rice,Unknown,Average Price Change Compared to
weekly_06_2025_Eng.txt,vegetable,Unknown,Paddy Vegetable (Up Country) Snake Gourd
weekly_06_2025_Eng.txt,onion,Unknown,Red Onion Badulla − Long Beans
weekly_06_2025_Eng.txt,onion,Unknown,Big Onion Welimada 80.00−100.00 92.00Embilipitiya 200.00−220.00207.50
weekly_06_2025_Eng.txt,potato,Unknown,Potato Hambantota −
weekly_06_2025_Eng.txt,vegetable,Unknown,N'Eliya 240.00−250.00244.00Vegetable (Low Country) Embilipitiya 100.00−120.00112.50
weekly_06_2025_Eng.txt,fruit,Unknown,Moneragala 480.00−500.00488.00Brinjal Fruits (Rs/kg)
weekly_06_2025_Eng.txt,rice,Unknown,Table 16: Farmgate/Producer Prices of Food Commodities in Selected Producing Areas (Rs/kg)
weekly_06_2025_Eng.txt,rice,Unknown,PriceCOMMODITY Range Average
weekly_06_2025_Eng.txt,rice,Unknown,Price COMMODITY Range Average
weekly_06_2025_Eng.txt,rice,Unknown,Price COMMODITY
weekly_06_2025_Eng.txt,rice,Unknown,Rice
weekly_06_2025_Eng.txt,onion,Unknown,Red Onion
weekly_06_2025_Eng.txt,onion,Unknown,Big Onion
weekly_06_2025_Eng.txt,potato,Unknown,Potato
weekly_06_2025_Eng.txt,dhal,Unknown,Red Dhal 280.00− 300.00 300.00− 360.00 280.00− 320.00300.00− 320.00300.00− 360.00290.00− 320.00280.00− 300.00280.00− 320.00 280.00− 320.00
weekly_06_2025_Eng.txt,rice,Unknown,Annex 01 - Colombo Markets: Retail Prices of Rice and Subsidiary Food Crops (Rs/kg) Week 06: 07 - 13 Feb 2025
weekly_06_2025_Eng.txt,vegetable,Unknown,Vegetable
weekly_06_2025_Eng.txt,potato,Unknown,Sweet Potato 200.00− 250.00 320.00− 340.00 280.00− 320.00 280.00 − 320.00 300.00− 340.00 320.00− 340.00 220.00− 240.00 320.00− 330.00300.00− 320.00
weekly_06_2025_Eng.txt,vegetable,Unknown,Leafy Vegetable
weekly_06_2025_Eng.txt,coconut,Unknown,Coconut
weekly_06_2025_Eng.txt,rice,Unknown,Annex 02 - Colombo Markets: Retail Prices of Vegetables (Rs/kg) and Coconut (Rs/nut)
weekly_06_2025_Eng.txt,fruit,Unknown,Other Fruits
weekly_06_2025_Eng.txt,coconut,Unknown,King Coconut 220.00− 250.00 250.00− 250.00220.00− 250.00 220.00− 220.00200.00− 200.00200.00− 200.00190.00− 200.00 190.00− 190.00 190.00−200.00
weekly_06_2025_Eng.txt,rice,Unknown,Annex 03 - Colombo Markets: Retail Prices of Fruits (Rs/fruit)
weekly_06_2025_Eng.txt,fish,Unknown,Sea Fish
weekly_06_2025_Eng.txt,egg,Unknown,30 Eggs (Rs/egg)
weekly_06_2025_Eng.txt,fish,Unknown,Dried Fish
weekly_06_2025_Eng.txt,chicken,Unknown,Chicken (Broiler) 1050.00−1050.001180.00−1180.001260.00−1260.001200.00−1260.001130.00−1130.001100.00−1100.001150.00−1150.001130.00−1150.001100.00−1100.00
weekly_06_2025_Eng.txt,chicken,Unknown,Chicken (Curry) 1000.00−1000.001180.00−1180.001350.00−1350.001250.00−1260.001000.00−1000.001000.00−1000.001050.00−1050.00 − −
weekly_06_2025_Eng.txt,rice,Unknown,Annex 04 - Colombo Markets: Retail Prices of Sea Fish and Dried Fish (Rs/kg)
weekly_06_2025_Eng.txt,rice,Unknown,Rice - (white Kekulu - normal ) 361 9.88 1.52 - 0.03 0.09 10.67 - 6.94 26.29 1.22 1.5
weekly_06_2025_Eng.txt,rice,Unknown,Rice - (white Kekulu Samba) 355 8.81 1.53 - 0.03 0.09 8.11 - 9.82 30.48 0.92 1.7
weekly_06_2025_Eng.txt,rice,Unknown,Rice - ( Red Kekulu - normal ) 366 8.64 2.12 - 0.05 0.1 8.39 - 4.73 31.7 0.88 1.84
weekly_06_2025_Eng.txt,rice,Unknown,Rice -Samba 369 6.86 2.45 - 0.05 0.13 12.79 - 8.71 37.26 1.18 1.49
weekly_06_2025_Eng.txt,rice,Unknown,Rice - Nadu White 366 7.76 1.48 - 0.03 0.12 9.35 - 4.57 20.1 0.64 1.61
weekly_06_2025_Eng.txt,onion,Unknown,Onion
weekly_06_2025_Eng.txt,onion,Unknown,Big onions 48 1.67 0.24 0.16 0.01 0.1 32.99 7.58 14.82 16.94 0.45 0.25
weekly_06_2025_Eng.txt,onion,Unknown,Red onions 55 2.13 0.15 0.18 0.02 0.13 30.15 14.26 20.37 19.32 0.31 0.28
weekly_06_2025_Eng.txt,potato,Unknown,Potatoes 71 1.67 0.25 0.01 0.09 14.31 20.5 9.83 23.84 0.46 0.29
weekly_06_2025_Eng.txt,dhal,Unknown,Red Dhal 319 23.09 0.77 1.06 1.6 0.22 55 NA 41.27 66.63 7.45 3.34
weekly_06_2025_Eng.txt,vegetable,Unknown,Vegetables
weekly_06_2025_Eng.txt,rice,Unknown,Rice
weekly_06_2025_Eng.txt,egg,Unknown,Brinjal (Chinese eggplant) 24 1.28 0.33 16.83 0.12 0.11 32.94 3.37 14.4 21.18 0.28 0.16
weekly_06_2025_Eng.txt,egg,Unknown,Thalana batu (Thai eggplant) 21 1.45 0.26 18.33 0.11 0.09 31.18 2.71 17.24 37.22 0.37 0.24
weekly_06_2025_Eng.txt,coconut,Unknown,Coconuts nuts 390 3.67 39.92 - 0.05 0.11 14.86 -
weekly_06_2025_Eng.txt,potato,Unknown,Sweet potato 108 1.27 0.33 NA 0.04 0.09 14.44 22.2 28.93 21.05 0.51 0.14
weekly_06_2025_Eng.txt,vegetable,Unknown,Leafy Vegetables
weekly_06_2025_Eng.txt,onion,Unknown,Onion leaves 27 2.01 0.26 NA 0.04 0.18 56.8 23.38 35.21 74.95 3.15 0.77
weekly_06_2025_Eng.txt,fruit,Unknown,Jackfruit pods 25 2.14 0.34 NA 0.03 0.04 30.7 24.77 37.32 26.08 0.3 0.17
weekly_06_2025_Eng.txt,fruit,Unknown,Jackfruit seeds 77 5.66 0.44 NA 0.02 0.08 58.91 15.24 40.87 50.14 0.52 0.42
weekly_06_2025_Eng.txt,chicken,Unknown,Chicken 176 23.14 9.24 6.88 0.07 0.49 10.09 - 15.06 20.18 0.75 0.64
weekly_06_2025_Eng.txt,fish,Unknown,Fish
weekly_06_2025_Eng.txt,fish,Unknown,Cuttle fish 76 16.82 0.93 1.93 0.02 0.04 6.22 8.73 35.46 0.62 1.3
weekly_06_2025_Eng.txt,fish,Unknown,Dried Fish
weekly_06_2025_Eng.txt,egg,Unknown,Eggs
weekly_06_2025_Eng.txt,egg,Unknown,Hen eggs (Country) 170 13.14 13 208 0.08 0.18 54.6 50.14 11.04 1.64 1.12
weekly_06_2025_Eng.txt,egg,Unknown,Hen eggs (Table) 135 13.55 9.03 200 0.19 0.19 49.46 63.3 12 2.39 1.73
weekly_06_2025_Eng.txt,egg,Unknown,Quail eggs 153 12.39 11.46 153 0.11 0.17 54.86 60.67 11.21 2.55 1.51
weekly_06_2025_Eng.txt,fruit,Unknown,Fruits
weekly_06_2025_Eng.txt,rice,Unknown,Price Collecting Areas
weekly_07_2025_Eng.txt,vegetable,Unknown,Vegetables
weekly_07_2025_Eng.txt,coconut,Unknown,Coconut
weekly_07_2025_Eng.txt,rice,Unknown,Paddy/ Rice
weekly_07_2025_Eng.txt,rice,Increase,Prices of both large and small nuts have increased. Price
weekly_07_2025_Eng.txt,rice,Decrease,Prices of imported red onion has decreased while
weekly_07_2025_Eng.txt,rice,Increase,"imported big onion has increased. As well, prices of all"
weekly_07_2025_Eng.txt,rice,Increase,types of potatoes have increased with the highest price
weekly_07_2025_Eng.txt,rice,Increase,increase noted for imported potato and price ranged as
weekly_07_2025_Eng.txt,rice,Unknown,Rs.200.00-260.00/kg. Prices of all pulses except for
weekly_07_2025_Eng.txt,rice,Decrease,Prices of most of the vegetables have decreased. Among
weekly_07_2025_Eng.txt,vegetable,Decrease,"the upcountry vegetables, the highest decrease reported"
weekly_07_2025_Eng.txt,vegetable,Unknown,"for green beans. Considering low country vegetable, the"
weekly_07_2025_Eng.txt,rice,Decrease,highest price decrease reported for long beans.
weekly_07_2025_Eng.txt,rice,Unknown,Retail prices of all types of rice varieties except for
weekly_07_2025_Eng.txt,rice,Decrease,The highest price decrease was noted for local raw
weekly_07_2025_Eng.txt,rice,Unknown,white and price ranged as Rs.220.00-260.00/kg.
weekly_07_2025_Eng.txt,rice,Unknown,The average prices of paddy have fluctuated in most of
weekly_07_2025_Eng.txt,rice,Unknown,Rice
weekly_07_2025_Eng.txt,rice,Unknown,Prices of all local rice varieties have not
weekly_07_2025_Eng.txt,rice,Increase,increased significantly and average Price
weekly_07_2025_Eng.txt,rice,Unknown,• Imported rice varieties was also available
weekly_07_2025_Eng.txt,rice,Unknown,sufficient stocks and price ranged as
weekly_07_2025_Eng.txt,rice,Unknown,• Average price of imported ponni samba
weekly_07_2025_Eng.txt,rice,Unknown,of the rice varieties have seen price
weekly_07_2025_Eng.txt,rice,Increase,"increases, with the highest price of 26% for"
weekly_07_2025_Eng.txt,rice,Unknown,raw red. price of keeri samba and imported
weekly_07_2025_Eng.txt,rice,Unknown,The retail prices of all types of rice
weekly_07_2025_Eng.txt,rice,Decrease,"Among those, a highest price decrease of"
weekly_07_2025_Eng.txt,rice,Unknown,white. The retail price of local samba and
weekly_07_2025_Eng.txt,rice,Increase,the highest price increase of 17% was
weekly_07_2025_Eng.txt,rice,Unknown,recorded for raw red and the highest price
weekly_07_2025_Eng.txt,rice,Unknown,average prices of paddy have fluctuated in
weekly_07_2025_Eng.txt,rice,Unknown,"Accordingly, price of short grin paddy has"
weekly_07_2025_Eng.txt,rice,Unknown,Its prices have ranged Rs.110.0-135.00/kg.
weekly_07_2025_Eng.txt,rice,Unknown,"Futher, average farmgate price of keeri"
weekly_07_2025_Eng.txt,rice,Unknown,price range was between Rs.117.00-
weekly_07_2025_Eng.txt,rice,Increase,Rs.2.00-3.00/kg price increase in
weekly_07_2025_Eng.txt,rice,Decrease,price decrease of Rs.1.00 -5.00/kg in
weekly_07_2025_Eng.txt,rice,Unknown,grain white paddy. Its prices have ranged
weekly_07_2025_Eng.txt,rice,Unknown,reported Rs.5.00/kg and Rs.4.00/kg price
weekly_07_2025_Eng.txt,rice,Unknown,136.00/kg price range.
weekly_07_2025_Eng.txt,rice,Unknown,the average farmgate prices of major paddy
weekly_07_2025_Eng.txt,rice,Decrease,samba paddy price has decreased by 2%-
weekly_07_2025_Eng.txt,rice,Unknown,The price of imported dried chilies has not
weekly_07_2025_Eng.txt,rice,Increase,increased significantly and price ranged
weekly_07_2025_Eng.txt,rice,Unknown,current whole sale price of imported dried
weekly_07_2025_Eng.txt,rice,Decrease,"In line with decreased wholesale prices, the"
weekly_07_2025_Eng.txt,rice,Unknown,retail price of imported dried chilies has
weekly_07_2025_Eng.txt,rice,Unknown,the current retail price of imported dried
weekly_07_2025_Eng.txt,onion,Unknown,Onion
weekly_07_2025_Eng.txt,rice,Decrease,Price of imported red onion has decreased
weekly_07_2025_Eng.txt,rice,Unknown,stocks and price ranged Rs.280.00 -
weekly_07_2025_Eng.txt,rice,Unknown,330.00/kg. Price of imported big onion has
weekly_07_2025_Eng.txt,rice,Unknown,sufficient stocks and price ranged
weekly_07_2025_Eng.txt,rice,Unknown,current whole sale price of imported red
weekly_07_2025_Eng.txt,onion,Increase,onion has increased by 24% while
weekly_07_2025_Eng.txt,onion,Decrease,imported big onion has decreased by 55%.
weekly_07_2025_Eng.txt,rice,Unknown,The retail price of imported red onion has
weekly_07_2025_Eng.txt,onion,Increase,onion has increased by Rs.20.00/kg.
weekly_07_2025_Eng.txt,rice,Unknown,the current retail price of imported red
weekly_07_2025_Eng.txt,onion,Increase,onion has increased by 28% and imported
weekly_07_2025_Eng.txt,onion,Decrease,big onion has decreased by 47%
weekly_07_2025_Eng.txt,potato,Unknown,Potato
weekly_07_2025_Eng.txt,rice,Unknown,The Price of Nuwara Eliya potato ha s
weekly_07_2025_Eng.txt,rice,Unknown,sufficient stocks and price ranged
weekly_07_2025_Eng.txt,rice,Unknown,Rs.330.00-360.00/kg. Price of imported
weekly_07_2025_Eng.txt,rice,Increase,potato has increased by 2% and price
weekly_07_2025_Eng.txt,rice,Unknown,current wholesale price of Nuwara Eliya
weekly_07_2025_Eng.txt,potato,Increase,and imported potatoes have increased by
weekly_07_2025_Eng.txt,rice,Unknown,The retail prices of all types of potato have
weekly_07_2025_Eng.txt,rice,Increase,increased with the highest price increased
weekly_07_2025_Eng.txt,potato,Unknown,potato.
weekly_07_2025_Eng.txt,rice,Unknown,the current retail price of all types of potato
weekly_07_2025_Eng.txt,rice,Increase,have increased with the highest price
weekly_07_2025_Eng.txt,potato,Unknown,potato.
weekly_07_2025_Eng.txt,rice,Increase,Price of white cowpea has increased by
weekly_07_2025_Eng.txt,rice,Unknown,3% and price ranged Rs.600.00-700.00/kg.
weekly_07_2025_Eng.txt,rice,Decrease,Price of red cowpea has decreased by 2%
weekly_07_2025_Eng.txt,rice,Unknown,and price ranged Rs.500.00-600.00/kg.
weekly_07_2025_Eng.txt,rice,Unknown,Prices of green gram and red dhal have not
weekly_07_2025_Eng.txt,rice,Increase,increased significantly and average prices
weekly_07_2025_Eng.txt,rice,Unknown,current wholesale prices of all pulses
weekly_07_2025_Eng.txt,rice,Unknown,The retail prices of all types of pulses
weekly_07_2025_Eng.txt,rice,Decrease,"Among those, the highest price decreased"
weekly_07_2025_Eng.txt,rice,Unknown,gram. The retail price of white cowpea has
weekly_07_2025_Eng.txt,rice,Unknown,the current retail prices of all typ es of
weekly_07_2025_Eng.txt,rice,Decrease,pulses have decreased and the highest price
weekly_07_2025_Eng.txt,vegetable,Unknown,Vegetable
weekly_07_2025_Eng.txt,rice,Unknown,Prices of most of the vegetables have
weekly_07_2025_Eng.txt,rice,Unknown,Most of the up-country vegetable prices are
weekly_07_2025_Eng.txt,rice,Increase,increased supply from Jaffna areas. Prices
weekly_07_2025_Eng.txt,rice,Unknown,"slightly. However, price of cabbage (33%),"
weekly_07_2025_Eng.txt,rice,Decrease,price of tomato has decreased by 19% with
weekly_07_2025_Eng.txt,rice,Unknown,Jaffna areas and price of capsicum has
weekly_07_2025_Eng.txt,vegetable,Unknown,"Considering low country vegetables, the"
weekly_07_2025_Eng.txt,rice,Decrease,highest price decrease was reported for
weekly_07_2025_Eng.txt,rice,Unknown,long beans as 29% due to price of green
weekly_07_2025_Eng.txt,rice,Unknown,"fingers (16%). Prices of snake gourd, ash"
weekly_07_2025_Eng.txt,rice,Unknown,"the range of 3%-14%. However, prices of"
weekly_07_2025_Eng.txt,rice,Unknown,"areas. In addition, price of green chilies has"
weekly_07_2025_Eng.txt,rice,Unknown,from major producing areas while price of
weekly_07_2025_Eng.txt,rice,Decrease,"vegetable prices have decreased, with"
weekly_07_2025_Eng.txt,rice,Unknown,Retail prices of most of the vegetable
weekly_07_2025_Eng.txt,rice,Decrease,"vegetables, the highest price decrease was"
weekly_07_2025_Eng.txt,rice,Decrease,"Moreover, the beetroot price decreased to"
weekly_07_2025_Eng.txt,vegetable,Unknown,Considering the low-country vegetable
weekly_07_2025_Eng.txt,rice,Unknown,varieties long bean prices showed a
weekly_07_2025_Eng.txt,rice,Decrease,significant price decrease of around
weekly_07_2025_Eng.txt,rice,Unknown,Rs.43.00/Kg. Tomato prices significantly
weekly_07_2025_Eng.txt,rice,Increase,(Rs.228.00 /kg) showed a price increase
weekly_07_2025_Eng.txt,rice,Unknown,compared to last week but a 37 % price
weekly_07_2025_Eng.txt,rice,Unknown,prices of most of the vari eties have
weekly_07_2025_Eng.txt,rice,Decrease,decreased while a notable price drop was
weekly_07_2025_Eng.txt,coconut,Unknown,Coconut
weekly_07_2025_Eng.txt,rice,Unknown,Prices of both large and small nuts have
weekly_07_2025_Eng.txt,rice,Increase,increased by 1%. Price ranges were
weekly_07_2025_Eng.txt,rice,Unknown,the current wholesale prices of large and
weekly_07_2025_Eng.txt,rice,Unknown,Prices of large and small nuts showed a
weekly_07_2025_Eng.txt,rice,Increase,slight increase by Rs.2.00/nut. Price ranges
weekly_07_2025_Eng.txt,rice,Unknown,prices of large nuts (95%) and small nuts
weekly_07_2025_Eng.txt,fruit,Unknown,Fruits
weekly_07_2025_Eng.txt,rice,Unknown,Prices of most of fruit varieties have
weekly_07_2025_Eng.txt,rice,Increase,"Accordingly, the highest price increase of"
weekly_07_2025_Eng.txt,rice,Increase,mango and a 27% price increase for
weekly_07_2025_Eng.txt,rice,Unknown,passion fruit. King coconut prices have
weekly_07_2025_Eng.txt,rice,Increase,Local orange prices increased by 22% and
weekly_07_2025_Eng.txt,rice,Unknown,papaw prices by 16%. Due to limited
weekly_07_2025_Eng.txt,rice,Increase,"supply, a price increase of 12% and 11%"
weekly_07_2025_Eng.txt,rice,Decrease,"However, prices of slime apples decreased"
weekly_07_2025_Eng.txt,rice,Unknown,Wholesale prices for the most of fruits have
weekly_07_2025_Eng.txt,coconut,Increase,increase was recorded for king coconut.
weekly_07_2025_Eng.txt,rice,Unknown,Retail prices of most of fruits varieties have
weekly_07_2025_Eng.txt,rice,Unknown,wholesale prices. The highest
weekly_07_2025_Eng.txt,rice,Increase,price increase of Rs.144.00/fruit for
weekly_07_2025_Eng.txt,rice,Unknown,karthakolomban mango. Price of avocado
weekly_07_2025_Eng.txt,rice,Increase,has increased by Rs.97.00/fruit. Price of
weekly_07_2025_Eng.txt,coconut,Unknown,"papaw, king coconut and passion has"
weekly_07_2025_Eng.txt,fruit,Increase,"increased by Rs.54.00/kg, Rs.37.00/fruit"
weekly_07_2025_Eng.txt,fruit,Unknown,and Rs.10.00/fruit respectively.
weekly_07_2025_Eng.txt,rice,Unknown,"However, price of imported grapes has"
weekly_07_2025_Eng.txt,rice,Decrease,decreased by Rs. 36.00/kg. Prices of all
weekly_07_2025_Eng.txt,rice,Unknown,banana varieties price of kolikuttu banana
weekly_07_2025_Eng.txt,rice,Unknown,retail price for most of the fruit varieties
weekly_07_2025_Eng.txt,rice,Increase,have increased and the highest price
weekly_07_2025_Eng.txt,coconut,Increase,increase was recorded for king coconut as
weekly_07_2025_Eng.txt,fish,Unknown,Fresh Fish
weekly_07_2025_Eng.txt,rice,Unknown,Wholesale prices of all of the fresh fish
weekly_07_2025_Eng.txt,rice,Increase,to decreased supply. The price increase of
weekly_07_2025_Eng.txt,rice,Decrease,"Northern areas. However, a price decrease"
weekly_07_2025_Eng.txt,rice,Unknown,areas. Prices of other fresh fish varieties
weekly_07_2025_Eng.txt,rice,Unknown,current wholesale prices of most of the
weekly_07_2025_Eng.txt,fish,Decrease,fresh fish types have decreased with the
weekly_07_2025_Eng.txt,rice,Decrease,highest price decrease of 21% was noted
weekly_07_2025_Eng.txt,rice,Unknown,The prices of other fish varieties except
weekly_07_2025_Eng.txt,rice,Increase,increased and the highest price increase
weekly_07_2025_Eng.txt,rice,Decrease,The highest price decrease was recorded
weekly_07_2025_Eng.txt,rice,Unknown,for kelawalla by Rs.238.00/kg. Price
weekly_07_2025_Eng.txt,rice,Unknown,the prices of other fish varieties except
weekly_07_2025_Eng.txt,rice,Decrease,the highest price decrease was recorded for
weekly_07_2025_Eng.txt,fish,Unknown,Dried Fish
weekly_07_2025_Eng.txt,rice,Unknown,Prices of most of the dried fish types have
weekly_07_2025_Eng.txt,fish,Increase,increased due to decrease of local dried fish
weekly_07_2025_Eng.txt,rice,Increase,supply. A price increase of 12% was noted
weekly_07_2025_Eng.txt,rice,Decrease,"However, the prices decrease of 10% were"
weekly_07_2025_Eng.txt,rice,Unknown,Negombo areas. Prices of other dried fish
weekly_07_2025_Eng.txt,rice,Unknown,current wholesale prices of most of the
weekly_07_2025_Eng.txt,fish,Decrease,dried fish types have decreased and the
weekly_07_2025_Eng.txt,rice,Decrease,highest price decrease of 32% was noted
weekly_07_2025_Eng.txt,rice,Unknown,The prices of all dry fish varieties have
weekly_07_2025_Eng.txt,rice,Increase,increased and the highest price increase
weekly_07_2025_Eng.txt,rice,Unknown,Rs.197.00/kg. The second highest price
weekly_07_2025_Eng.txt,rice,Increase,Rs.85.00/kg. Price increase of salaya and
weekly_07_2025_Eng.txt,rice,Unknown,the prices of dry fish types except mora and
weekly_07_2025_Eng.txt,rice,Decrease,salaya have decreased and the highest price
weekly_07_2025_Eng.txt,egg,Unknown,Eggs
weekly_07_2025_Eng.txt,rice,Unknown,Prices of both brown and white eggs have
weekly_07_2025_Eng.txt,rice,Decrease,decreased by 2% and their prices
weekly_07_2025_Eng.txt,egg,Unknown,ranged Rs.31.00- 35.00/egg and Rs. 29.00-
weekly_07_2025_Eng.txt,egg,Unknown,32.00/ egg respectively.
weekly_07_2025_Eng.txt,rice,Unknown,prices of both brown and white eggs have
weekly_07_2025_Eng.txt,rice,Unknown,The prices of both brown and white egg
weekly_07_2025_Eng.txt,rice,Decrease,types have decreased and the price range of
weekly_07_2025_Eng.txt,egg,Unknown,a White egg has recorded as Rs.31.00 -
weekly_07_2025_Eng.txt,rice,Unknown,Rs.36.00 and the price range of a brown
weekly_07_2025_Eng.txt,egg,Unknown,egg has recorded as Rs.33.00-Rs.37.00.
weekly_07_2025_Eng.txt,rice,Unknown,The average price of the white and brown
weekly_07_2025_Eng.txt,egg,Unknown,egg types has recorded as Rs.34.00 and
weekly_07_2025_Eng.txt,rice,Unknown,the prices of both egg varieties have
weekly_07_2025_Eng.txt,rice,Unknown,The prices of other meat types except
weekly_07_2025_Eng.txt,chicken,Increase,broiler and curry chicken have increased
weekly_07_2025_Eng.txt,rice,Increase,and the highest price increase was recorded
weekly_07_2025_Eng.txt,rice,Increase,for Pork by Rs.57.00/kg. Price increase of
weekly_07_2025_Eng.txt,rice,Decrease,Price decrease of broiler and curry chicken
weekly_07_2025_Eng.txt,rice,Unknown,the price of other meat types except broiler
weekly_07_2025_Eng.txt,chicken,Increase,and curry chicken have increased. The
weekly_07_2025_Eng.txt,rice,Increase,highest price increase was recorded for
weekly_07_2025_Eng.txt,rice,Unknown,wholesale and retail prices of selected food
weekly_07_2025_Eng.txt,rice,Unknown,"prevailing prices, price ranges, averages, and a"
weekly_07_2025_Eng.txt,rice,Unknown,comparison of weekly prices. The changes in
weekly_07_2025_Eng.txt,rice,Unknown,prices reported are always with price prevailed
weekly_07_2025_Eng.txt,rice,Unknown,The frequency of collection of wholesale price
weekly_07_2025_Eng.txt,rice,Unknown,"Friday) while with retail prices, it is thrice a"
weekly_07_2025_Eng.txt,rice,Unknown,Rice VarietiesLOCATIONS
weekly_07_2025_Eng.txt,rice,Unknown,Table 01: Selected Markets:Wholesale Price of Rice (Rs/50kg bag)
weekly_07_2025_Eng.txt,rice,Unknown,Table 02: Selected Markets: Retail Price of Rice (Rs/kg)
weekly_07_2025_Eng.txt,rice,Unknown,LOCATIONS Rice Varieties
weekly_07_2025_Eng.txt,dhal,Unknown,Green Gram Cowpea Red Dhal
weekly_07_2025_Eng.txt,rice,Unknown,Table 04: Selected Markets:Wholesale Price of Subsidiary Food (Rs/50kg)
weekly_07_2025_Eng.txt,onion,Unknown,Dried Chillies Red Onion Big Onion PotatoLOCATION Imported Imported Local Imported Welimada
weekly_07_2025_Eng.txt,rice,Unknown,Table 05: Selected Markets: Retail Price of Subsidiary Food Crops (Rs/kg)
weekly_07_2025_Eng.txt,onion,Unknown,Dried Chillies Red Onion Big Onion Potato Pulses
weekly_07_2025_Eng.txt,dhal,Unknown,Green Gram Cowpea Red Dhal
weekly_07_2025_Eng.txt,rice,Unknown,Table 06: Selected Markets: Wholesale Price of Vegetables(Rs/kg)
weekly_07_2025_Eng.txt,potato,Unknown,ManiocLong Beans Ash Plantain Green Chillies Lime Sweet Potatoe
weekly_07_2025_Eng.txt,rice,Unknown,"Colombo, Meegoda, Norochchole, Jaffna,Dambulla and Kandy - Gotukola Price Rs/Kg"
weekly_07_2025_Eng.txt,vegetable,Unknown,Leafy Vegetables (Rs/bundle)
weekly_07_2025_Eng.txt,coconut,Unknown,Coconut (Rs/nut)
weekly_07_2025_Eng.txt,rice,Unknown,Table 07: Selected Markets: Retail Price of Vegetables (Rs/kg)
weekly_07_2025_Eng.txt,potato,Unknown,Sweet Potato Large Small
weekly_07_2025_Eng.txt,vegetable,Unknown,Low Country Varieties Leafy Vegetable Coconut (Rs/nut)
weekly_07_2025_Eng.txt,rice,Unknown,Table 08: Selected Markets: Retail Price of Fruits (Rs/each & Rs/kg)
weekly_07_2025_Eng.txt,fruit,Unknown,Mango Other Fruits
weekly_07_2025_Eng.txt,coconut,Unknown,Passion Avocado Slime Apple Grapes (Rs/kg) King CoconutWood Apple Orange
weekly_07_2025_Eng.txt,fish,Unknown,Local Dried Fish Imported Dried Fish
weekly_07_2025_Eng.txt,fish,Unknown,Imported Dried Fish
weekly_07_2025_Eng.txt,fish,Unknown,Local Dried Fish
weekly_07_2025_Eng.txt,rice,Unknown,Table 10: Selected Markets: Wholesale Price of Dried Fish (Rs/50kg)
weekly_07_2025_Eng.txt,fish,Unknown,Sea Fish Eggs
weekly_07_2025_Eng.txt,rice,Unknown,Table 09: Selected Markets: Wholesale Price of Fresh Fish & Eggs (Rs/kg & Rs/egg)
weekly_07_2025_Eng.txt,fish,Unknown,Sea FishLocations
weekly_07_2025_Eng.txt,rice,Unknown,Table 11: Selected Markets: Retail Price of Fresh Fish & Eggs (Rs/kg & Rs/eggs)
weekly_07_2025_Eng.txt,fish,Unknown,Sea Fish EggsLOCATIONS
weekly_07_2025_Eng.txt,rice,Unknown,Table 12: Selected Markets: Retail Price of Dried Fish (Rs/kg)
weekly_07_2025_Eng.txt,fish,Unknown,Dried FishLOCATIONS Sprats-Imported Kattawa Thora Mora Balaya
weekly_07_2025_Eng.txt,rice,Unknown,Table 13: Selected Markets: Retail Price of Meat (Rs/kg)
weekly_07_2025_Eng.txt,chicken,Unknown,Meat Meat (Chicken) Meat
weekly_07_2025_Eng.txt,rice,Unknown,Rice Coconut
weekly_07_2025_Eng.txt,fruit,Unknown,Keeri Samba 255.00−260.00258.00260.00325.00 -0.77 -20.62Fruits (Rs/fruit)
weekly_07_2025_Eng.txt,fruit,Unknown,Raw (Red) − Passion Fruit 90.00− 140.00 115.56 91.00 92.73 26.98 24.62
weekly_07_2025_Eng.txt,onion,Unknown,Onion Mango
weekly_07_2025_Eng.txt,onion,Unknown,Big Onion Kohu −
weekly_07_2025_Eng.txt,potato,Unknown,Potato Orange 40.00− 70.00 52.78 43.20 45.50 22.17 16.00
weekly_07_2025_Eng.txt,coconut,Unknown,Pulses King Coconut 200.00− 250.00 217.50 172.50117.50 26.09 85.11
weekly_07_2025_Eng.txt,fish,Unknown,Cowpea (White) 600.00−700.00650.00633.33921.67 2.63 -29.48Sea Fish
weekly_07_2025_Eng.txt,dhal,Unknown,Red Dhal 260.00−270.00265.71269.29295.83 -1.33 -10.18Hurulla 650.00− 800.00 727.50 705.00550.91 3.19 32.05
weekly_07_2025_Eng.txt,vegetable,Unknown,Vegetable Balaya 700.00− 900.00 782.50 689.17756.00 13.54 3.51
weekly_07_2025_Eng.txt,egg,Unknown,Raddish 100.00−120.00112.00116.00100.00 -3.45 12.00Eggs
weekly_07_2025_Eng.txt,fish,Unknown,Ladies Fingers 160.00−200.00180.00214.00265.00 -15.89 -32.08Dried Fish
weekly_07_2025_Eng.txt,potato,Unknown,Sweet Potato 140.00−180.00157.00164.00155.00 -4.27 1.29Maduwa (Imported) −
weekly_07_2025_Eng.txt,vegetable,Unknown,Leafy Vegetable Koduwa (Imported) −
weekly_07_2025_Eng.txt,rice,Unknown,Table 14: Colombo: Wholesale Prices (Rs/kg or Rs/piece)
weekly_07_2025_Eng.txt,rice,Unknown,Average Price Change Compared to
weekly_07_2025_Eng.txt,rice,Unknown,Average Price
weekly_07_2025_Eng.txt,rice,Unknown,Rice Coconut
weekly_07_2025_Eng.txt,fruit,Unknown,Keeri Samba 260.00− 280.00265.69 266.79378.70 -1.10-29.84Fruits (Rs/fruit)
weekly_07_2025_Eng.txt,fruit,Unknown,Raw (Red) − Passion Fruit 100.00− 200.00137.33127.14 139.29 10.19 -1.40
weekly_07_2025_Eng.txt,onion,Unknown,Onion Mango
weekly_07_2025_Eng.txt,onion,Unknown,Big Onion Kohu −
weekly_07_2025_Eng.txt,potato,Unknown,Potato Orange 60.00− 130.00100.10 97.00 91.18 3.10 9.78
weekly_07_2025_Eng.txt,coconut,Unknown,Pulses King Coconut 220.00− 280.00251.25214.71 146.96 36.54 70.97
weekly_07_2025_Eng.txt,fish,Unknown,Cowpea (White) 700.00− 900.00822.31 810.371220.00 11.94-32.60Sea Fish
weekly_07_2025_Eng.txt,dhal,Unknown,Red Dhal 280.00− 340.00303.42 307.37339.35 -3.95-10.59Hurulla 800.00−1200.00990.91954.62 970.95 36.29 2.06
weekly_07_2025_Eng.txt,vegetable,Unknown,Vegetable Balaya 800.00−1400.00978.57772.221026.67 206.35 -4.68
weekly_07_2025_Eng.txt,egg,Unknown,Raddish 140.00− 350.00244.67 248.93254.33 -4.26 -3.80Eggs
weekly_07_2025_Eng.txt,fish,Unknown,Ladies Fingers 170.00− 450.00334.83 353.85440.65-19.02-24.01Dried Fish
weekly_07_2025_Eng.txt,chicken,Unknown,Root Crops Chicken (Broiler) 1030.00−1260.001129.291164.171227.27 -34.88 -7.98
weekly_07_2025_Eng.txt,potato,Unknown,Sweet Potato 150.00− 400.00287.10 293.79310.65 -6.70 -7.58Chicken (Curry) 1000.00−1260.001118.181160.001274.55 -41.82 -12.27
weekly_07_2025_Eng.txt,vegetable,Unknown,Leafy Vegetable Pork 1300.00−1500.001340.001283.331280.00 56.67 4.69
weekly_07_2025_Eng.txt,rice,Unknown,Table 15: Colombo &Suburbs: Retail Prices (Rs/kg or Rs/piece)
weekly_07_2025_Eng.txt,rice,Unknown,Average Price Change Compared to
weekly_07_2025_Eng.txt,rice,Unknown,Average Price Change Compared to
weekly_07_2025_Eng.txt,vegetable,Unknown,Paddy Vegetable (Up Country) Snake Gourd
weekly_07_2025_Eng.txt,onion,Unknown,Red Onion Badulla − Long Beans
weekly_07_2025_Eng.txt,onion,Unknown,Big Onion Welimada 75.00−80.00 78.00Embilipitiya 190.00−210.00200.00
weekly_07_2025_Eng.txt,potato,Unknown,Potato Hambantota −
weekly_07_2025_Eng.txt,vegetable,Unknown,N'Eliya 260.00−280.00272.00Vegetable (Low Country) Embilipitiya 100.00−120.00112.50
weekly_07_2025_Eng.txt,fruit,Unknown,Moneragala 480.00−520.00496.00Brinjal Fruits (Rs/kg)
weekly_07_2025_Eng.txt,rice,Unknown,Table 16: Farmgate/Producer Prices of Food Commodities in Selected Producing Areas (Rs/kg)
weekly_07_2025_Eng.txt,rice,Unknown,PriceCOMMODITY Range Average
weekly_07_2025_Eng.txt,rice,Unknown,Price COMMODITY Range Average
weekly_07_2025_Eng.txt,rice,Unknown,Price COMMODITY
weekly_07_2025_Eng.txt,rice,Unknown,Rice
weekly_07_2025_Eng.txt,onion,Unknown,Red Onion
weekly_07_2025_Eng.txt,onion,Unknown,Big Onion
weekly_07_2025_Eng.txt,potato,Unknown,Potato
weekly_07_2025_Eng.txt,dhal,Unknown,Red Dhal 280.00− 300.00 280.00− 340.00 280.00− 320.00300.00− 320.00300.00− 340.00300.00− 300.00300.00− 320.00280.00− 320.00 280.00− 320.00
weekly_07_2025_Eng.txt,rice,Unknown,Annex 01 - Colombo Markets: Retail Prices of Rice and Subsidiary Food Crops (Rs/kg) Week 07: 14 - 20 Feb 2025
weekly_07_2025_Eng.txt,vegetable,Unknown,Vegetable
weekly_07_2025_Eng.txt,potato,Unknown,Sweet Potato 150.00− 160.00 260.00− 280.00 320.00− 340.00 340.00 − 400.00 320.00− 340.00 340.00− 360.00 220.00− 240.00 220.00− 240.00360.00− 400.00
weekly_07_2025_Eng.txt,vegetable,Unknown,Leafy Vegetable
weekly_07_2025_Eng.txt,coconut,Unknown,Coconut
weekly_07_2025_Eng.txt,rice,Unknown,Annex 02 - Colombo Markets: Retail Prices of Vegetables (Rs/kg) and Coconut (Rs/nut)
weekly_07_2025_Eng.txt,fruit,Unknown,Other Fruits
weekly_07_2025_Eng.txt,coconut,Unknown,King Coconut 250.00− 250.00 280.00− 280.00220.00− 280.00 220.00− 250.00250.00− 250.00250.00− 250.00250.00− 260.00 230.00− 280.00 220.00−280.00
weekly_07_2025_Eng.txt,rice,Unknown,Annex 03 - Colombo Markets: Retail Prices of Fruits (Rs/fruit)
weekly_07_2025_Eng.txt,fish,Unknown,Sea Fish
weekly_07_2025_Eng.txt,egg,Unknown,30 Eggs (Rs/egg)
weekly_07_2025_Eng.txt,fish,Unknown,Dried Fish
weekly_07_2025_Eng.txt,chicken,Unknown,Chicken (Broiler) 1130.00−1130.001100.00−1100.001160.00−1160.001200.00−1260.001030.00−1030.001100.00−1100.001100.00−1100.001090.00−1100.001140.00−1140.00
weekly_07_2025_Eng.txt,chicken,Unknown,Chicken (Curry) 1000.00−1000.001200.00−1200.001100.00−1100.001250.00−1260.001000.00−1000.001000.00−1000.001050.00−1050.00 − 1140.00−1140.00
weekly_07_2025_Eng.txt,rice,Unknown,Annex 04 - Colombo Markets: Retail Prices of Sea Fish and Dried Fish (Rs/kg)
weekly_07_2025_Eng.txt,rice,Unknown,Rice - (white Kekulu - normal ) 361 9.88 1.52 - 0.03 0.09 10.67 - 6.94 26.29 1.22 1.5
weekly_07_2025_Eng.txt,rice,Unknown,Rice - (white Kekulu Samba) 355 8.81 1.53 - 0.03 0.09 8.11 - 9.82 30.48 0.92 1.7
weekly_07_2025_Eng.txt,rice,Unknown,Rice - ( Red Kekulu - normal ) 366 8.64 2.12 - 0.05 0.1 8.39 - 4.73 31.7 0.88 1.84
weekly_07_2025_Eng.txt,rice,Unknown,Rice -Samba 369 6.86 2.45 - 0.05 0.13 12.79 - 8.71 37.26 1.18 1.49
weekly_07_2025_Eng.txt,rice,Unknown,Rice - Nadu White 366 7.76 1.48 - 0.03 0.12 9.35 - 4.57 20.1 0.64 1.61
weekly_07_2025_Eng.txt,onion,Unknown,Onion
weekly_07_2025_Eng.txt,onion,Unknown,Big onions 48 1.67 0.24 0.16 0.01 0.1 32.99 7.58 14.82 16.94 0.45 0.25
weekly_07_2025_Eng.txt,onion,Unknown,Red onions 55 2.13 0.15 0.18 0.02 0.13 30.15 14.26 20.37 19.32 0.31 0.28
weekly_07_2025_Eng.txt,potato,Unknown,Potatoes 71 1.67 0.25 0.01 0.09 14.31 20.5 9.83 23.84 0.46 0.29
weekly_07_2025_Eng.txt,dhal,Unknown,Red Dhal 319 23.09 0.77 1.06 1.6 0.22 55 NA 41.27 66.63 7.45 3.34
weekly_07_2025_Eng.txt,vegetable,Unknown,Vegetables
weekly_07_2025_Eng.txt,rice,Unknown,Rice
weekly_07_2025_Eng.txt,egg,Unknown,Brinjal (Chinese eggplant) 24 1.28 0.33 16.83 0.12 0.11 32.94 3.37 14.4 21.18 0.28 0.16
weekly_07_2025_Eng.txt,egg,Unknown,Thalana batu (Thai eggplant) 21 1.45 0.26 18.33 0.11 0.09 31.18 2.71 17.24 37.22 0.37 0.24
weekly_07_2025_Eng.txt,coconut,Unknown,Coconuts nuts 390 3.67 39.92 - 0.05 0.11 14.86 -
weekly_07_2025_Eng.txt,potato,Unknown,Sweet potato 108 1.27 0.33 NA 0.04 0.09 14.44 22.2 28.93 21.05 0.51 0.14
weekly_07_2025_Eng.txt,vegetable,Unknown,Leafy Vegetables
weekly_07_2025_Eng.txt,onion,Unknown,Onion leaves 27 2.01 0.26 NA 0.04 0.18 56.8 23.38 35.21 74.95 3.15 0.77
weekly_07_2025_Eng.txt,fruit,Unknown,Jackfruit pods 25 2.14 0.34 NA 0.03 0.04 30.7 24.77 37.32 26.08 0.3 0.17
weekly_07_2025_Eng.txt,fruit,Unknown,Jackfruit seeds 77 5.66 0.44 NA 0.02 0.08 58.91 15.24 40.87 50.14 0.52 0.42
weekly_07_2025_Eng.txt,chicken,Unknown,Chicken 176 23.14 9.24 6.88 0.07 0.49 10.09 - 15.06 20.18 0.75 0.64
weekly_07_2025_Eng.txt,fish,Unknown,Fish
weekly_07_2025_Eng.txt,fish,Unknown,Cuttle fish 76 16.82 0.93 1.93 0.02 0.04 6.22 8.73 35.46 0.62 1.3
weekly_07_2025_Eng.txt,fish,Unknown,Dried Fish
weekly_07_2025_Eng.txt,egg,Unknown,Eggs
weekly_07_2025_Eng.txt,egg,Unknown,Hen eggs (Country) 170 13.14 13 208 0.08 0.18 54.6 50.14 11.04 1.64 1.12
weekly_07_2025_Eng.txt,egg,Unknown,Hen eggs (Table) 135 13.55 9.03 200 0.19 0.19 49.46 63.3 12 2.39 1.73
weekly_07_2025_Eng.txt,egg,Unknown,Quail eggs 153 12.39 11.46 153 0.11 0.17 54.86 60.67 11.21 2.55 1.51
weekly_07_2025_Eng.txt,fruit,Unknown,Fruits
weekly_07_2025_Eng.txt,rice,Unknown,Price Collecting Areas
weekly_12_2025_Eng.txt,vegetable,Unknown,Vegetables
weekly_12_2025_Eng.txt,fruit,Unknown,Fruits
weekly_12_2025_Eng.txt,fish,Unknown,Fish
weekly_12_2025_Eng.txt,rice,Unknown,Rice
weekly_12_2025_Eng.txt,rice,Decrease,Prices of papaw has decreased by Rs.65.00/kg due to
weekly_12_2025_Eng.txt,rice,Unknown,Prices of all the fish varieties except hurulla have
weekly_12_2025_Eng.txt,rice,Decrease,Prices of all the varieties of potato have decreased.
weekly_12_2025_Eng.txt,rice,Unknown,"Further, retail price of imported dried chilies has"
weekly_12_2025_Eng.txt,rice,Decrease,Prices of most of the vegetables have decreased due to
weekly_12_2025_Eng.txt,rice,Decrease,Retail prices of all local rice varieties have decreased
weekly_12_2025_Eng.txt,rice,Decrease,except for keeri samba. The highest price decrease of
weekly_12_2025_Eng.txt,rice,Unknown,Rs.20.66/kg was recorded for red raw rice.
weekly_12_2025_Eng.txt,rice,Unknown,Rice
weekly_12_2025_Eng.txt,rice,Unknown,prices of all local  rice varieties have not
weekly_12_2025_Eng.txt,rice,Unknown,changed significantly and average price of
weekly_12_2025_Eng.txt,rice,Unknown,Imported rice varieties was also available
weekly_12_2025_Eng.txt,rice,Unknown,prices
weekly_12_2025_Eng.txt,rice,Unknown,of the rice varieties have seen price
weekly_12_2025_Eng.txt,rice,Increase,"increases, with the highest price of 26% for"
weekly_12_2025_Eng.txt,rice,Unknown,raw red. Price of keeri samba and imported
weekly_12_2025_Eng.txt,rice,Unknown,The retail prices of all types of rice varieties
weekly_12_2025_Eng.txt,rice,Unknown,highest price reduction of Rs.21.00/kg was
weekly_12_2025_Eng.txt,rice,Unknown,recorded for local raw red.  The retail price
weekly_12_2025_Eng.txt,rice,Decrease,the highest price decreased of 21% was
weekly_12_2025_Eng.txt,rice,Increase,price increase of 17% was recorded for local
weekly_12_2025_Eng.txt,rice,Unknown,The average farm gate price of keeri samba
weekly_12_2025_Eng.txt,rice,Unknown,price of other paddy varieties have
weekly_12_2025_Eng.txt,rice,Unknown,"areas. Accordingly, the average price of"
weekly_12_2025_Eng.txt,rice,Unknown,Polonnaruwa and Kalawewa areas. Price of
weekly_12_2025_Eng.txt,rice,Unknown,Rs.125.00-145.00/kg. P rices of short
weekly_12_2025_Eng.txt,rice,Decrease,and decreased slightly.  The price for long
weekly_12_2025_Eng.txt,rice,Unknown,average price of long grain (red) paddy has
weekly_12_2025_Eng.txt,rice,Unknown,area and price ranged between Rs.125.00-
weekly_12_2025_Eng.txt,rice,Unknown,the average price of all the major paddy
weekly_12_2025_Eng.txt,rice,Unknown,The price of imported dried chilies has not
weekly_12_2025_Eng.txt,rice,Increase,increased significantly and  price ranged
weekly_12_2025_Eng.txt,rice,Unknown,current wholesale price of imported dried
weekly_12_2025_Eng.txt,rice,Decrease,"In line with decreased wholesale prices, the"
weekly_12_2025_Eng.txt,rice,Unknown,retail p rice of imported dried chili es has
weekly_12_2025_Eng.txt,rice,Decrease,decreased by Rs .77.00/kg and price ranged
weekly_12_2025_Eng.txt,rice,Unknown,the current retail price of imported dried
weekly_12_2025_Eng.txt,onion,Unknown,Onion
weekly_12_2025_Eng.txt,rice,Unknown,Prices of sinnan and imported red onion
weekly_12_2025_Eng.txt,rice,Unknown,availability of sufficient stocks and price
weekly_12_2025_Eng.txt,onion,Unknown,290.00/kg.  Vedalan red onion was also
weekly_12_2025_Eng.txt,rice,Unknown,available at the market and price ranged
weekly_12_2025_Eng.txt,rice,Unknown,Rs.250.00-300.00/kg. Price of i mported
weekly_12_2025_Eng.txt,onion,Increase,big onion has increased by 11% due to
weekly_12_2025_Eng.txt,rice,Unknown,price ranged Rs.70.00-145.00/kg.
weekly_12_2025_Eng.txt,rice,Unknown,current wholesale price s of sinan and
weekly_12_2025_Eng.txt,onion,Increase,imported red onion have increased by 4%
weekly_12_2025_Eng.txt,onion,Unknown,and 14% while importe d big onion has
weekly_12_2025_Eng.txt,rice,Unknown,The retail price of imported red onion has
weekly_12_2025_Eng.txt,onion,Increase,onion has increased by Rs.3.00/kg.
weekly_12_2025_Eng.txt,rice,Unknown,the current retail price of imported big onion
weekly_12_2025_Eng.txt,onion,Decrease,and vedalan red onion have decreased by
weekly_12_2025_Eng.txt,rice,Unknown,69% and 16% respectively. The retail price
weekly_12_2025_Eng.txt,onion,Increase,of imported red onion has increased by 19%.
weekly_12_2025_Eng.txt,potato,Unknown,Potato
weekly_12_2025_Eng.txt,rice,Unknown,"The Price of Welimada, Nuwara Eliya and"
weekly_12_2025_Eng.txt,potato,Decrease,imported potatoe s have decreased in the
weekly_12_2025_Eng.txt,rice,Unknown,sufficient stocks and price ranged
weekly_12_2025_Eng.txt,rice,Unknown,current wholesale price  of all potato
weekly_12_2025_Eng.txt,rice,Unknown,"market, the retail prices of all types of"
weekly_12_2025_Eng.txt,rice,Decrease,potatoes have decreased. The highest price
weekly_12_2025_Eng.txt,potato,Unknown,Welimada potato.
weekly_12_2025_Eng.txt,rice,Unknown,the current retail price of imported potato
weekly_12_2025_Eng.txt,rice,Increase,Price of green gram has increased by 10%
weekly_12_2025_Eng.txt,rice,Unknown,from Australia and price ranged
weekly_12_2025_Eng.txt,rice,Unknown,Rs.650.00-850.00/kg. Price of red cowpea
weekly_12_2025_Eng.txt,rice,Increase,has increased by 3%  and price ranged
weekly_12_2025_Eng.txt,rice,Unknown,Rs.450.00-550.00/kg. Prices of white
weekly_12_2025_Eng.txt,dhal,Increase,cowpea and red dhal have not increased
weekly_12_2025_Eng.txt,rice,Unknown,significantly and average prices were
weekly_12_2025_Eng.txt,rice,Unknown,current wholesale prices of all pulses
weekly_12_2025_Eng.txt,rice,Unknown,The retail prices of all types of pulses have
weekly_12_2025_Eng.txt,rice,Increase,increased with the highest price increased of
weekly_12_2025_Eng.txt,rice,Unknown,the current retail prices of all types of pulses
weekly_12_2025_Eng.txt,rice,Decrease,have decreased  with the highest price
weekly_12_2025_Eng.txt,vegetable,Unknown,Vegetable
weekly_12_2025_Eng.txt,rice,Unknown,Prices of most of upcountry vegetables
weekly_12_2025_Eng.txt,rice,Unknown,while prices of most low country
weekly_12_2025_Eng.txt,vegetable,Increase,vegetables have decreased due to increase
weekly_12_2025_Eng.txt,rice,Unknown,Most of the upcountry vegetable prices
weekly_12_2025_Eng.txt,rice,Unknown,"prices of beetroot, green beans and rad ish"
weekly_12_2025_Eng.txt,rice,Unknown,"However, price of carrot, leeks and"
weekly_12_2025_Eng.txt,rice,Unknown,"5%-30%. Fur ther, price of tomato has"
weekly_12_2025_Eng.txt,vegetable,Unknown,"Considering low-country vegetables, most"
weekly_12_2025_Eng.txt,rice,Unknown,of the vegetable varieties experienced price
weekly_12_2025_Eng.txt,rice,Decrease,"decrease. Particularly, price of cucumber"
weekly_12_2025_Eng.txt,rice,Unknown,"stocks, following prices of luffa has"
weekly_12_2025_Eng.txt,rice,Decrease,"decreased by 12%. Prices of bitter gourd,"
weekly_12_2025_Eng.txt,rice,Increase,"However, price of brinjal has increased by"
weekly_12_2025_Eng.txt,rice,Unknown,producing areas and price of snake gourd
weekly_12_2025_Eng.txt,rice,Increase,"has increased by 15%. In addition, price of"
weekly_12_2025_Eng.txt,rice,Decrease,areas while price of lime has decreased by
weekly_12_2025_Eng.txt,rice,Increase,"vegetable prices have increased, with"
weekly_12_2025_Eng.txt,rice,Unknown,Retail prices of most of the vegetable
weekly_12_2025_Eng.txt,rice,Decrease,"vegetables, the highest price decrease was"
weekly_12_2025_Eng.txt,vegetable,Unknown,Considering the low -country vegetable
weekly_12_2025_Eng.txt,rice,Unknown,"varieties, luffa prices showed a significant"
weekly_12_2025_Eng.txt,rice,Decrease,price decrease of around Rs.66.00/ kg.
weekly_12_2025_Eng.txt,rice,Decrease,Cucumber has a significant price decrease
weekly_12_2025_Eng.txt,rice,Increase,of Rs.36.00/kg. Capsicum prices increased
weekly_12_2025_Eng.txt,rice,Unknown,prices of most of the varieties have
weekly_12_2025_Eng.txt,rice,Increase,increased while a notable price increment
weekly_12_2025_Eng.txt,coconut,Unknown,Coconut
weekly_12_2025_Eng.txt,rice,Unknown,Prices of both large and small nuts have not
weekly_12_2025_Eng.txt,rice,Unknown,changed significantly.  Price ranges were
weekly_12_2025_Eng.txt,rice,Unknown,the current wholesale prices of large and
weekly_12_2025_Eng.txt,rice,Unknown,Prices of large and small nuts showed a
weekly_12_2025_Eng.txt,rice,Unknown,"price drop of Rs. 4.00/nut and Rs. 5.00/nut,"
weekly_12_2025_Eng.txt,rice,Unknown,respectively. Price ranges were Rs.190.00
weekly_12_2025_Eng.txt,rice,Unknown,prices of large nuts (77% ) and small nuts
weekly_12_2025_Eng.txt,fruit,Unknown,Fruits
weekly_12_2025_Eng.txt,rice,Decrease,Wholesale prices of many fruits have fallen
weekly_12_2025_Eng.txt,rice,Decrease,The highest price decrease was recorded
weekly_12_2025_Eng.txt,rice,Unknown,"commencement of harvesting season, price"
weekly_12_2025_Eng.txt,rice,Unknown,Wholesale prices for the most of fruits have
weekly_12_2025_Eng.txt,fruit,Decrease,decrease was recorded for passion fruit.
weekly_12_2025_Eng.txt,rice,Decrease,"In line with the decreased wholesale prices,"
weekly_12_2025_Eng.txt,rice,Unknown,retail prices of most of the fruits have also
weekly_12_2025_Eng.txt,rice,Decrease,decreased. The highest price decrease of
weekly_12_2025_Eng.txt,rice,Decrease,price of imported grapes has decreased by
weekly_12_2025_Eng.txt,rice,Unknown,Rs. 31.00/kg and the price of king coconut
weekly_12_2025_Eng.txt,fruit,Decrease,has decreased by Rs.17.00/fruit.
weekly_12_2025_Eng.txt,rice,Unknown,"Meanwhile, prices of all sizes of"
weekly_12_2025_Eng.txt,rice,Unknown,Rs.41.00- 49.00/kg and the price of
weekly_12_2025_Eng.txt,rice,Unknown,current prices of mo st of the fruits have
weekly_12_2025_Eng.txt,rice,Decrease,decreased and the highest price decrease of
weekly_12_2025_Eng.txt,fruit,Unknown,43% was reported for passion fruit.
weekly_12_2025_Eng.txt,fish,Unknown,Fresh Fish
weekly_12_2025_Eng.txt,rice,Unknown,Wholesale prices of all the fresh fish types
weekly_12_2025_Eng.txt,rice,Decrease,The highest price decrease of 14 % was
weekly_12_2025_Eng.txt,rice,Unknown,"Beruwala, Galle and Mirissa areas. A price"
weekly_12_2025_Eng.txt,rice,Unknown,"addition, prices of thalapath, salaya,"
weekly_12_2025_Eng.txt,rice,Unknown,7% - 8% respectively. prices of other fresh
weekly_12_2025_Eng.txt,fish,Unknown,fish verities have not changed
weekly_12_2025_Eng.txt,rice,Unknown,current wholesale prices of most of the
weekly_12_2025_Eng.txt,fish,Increase,fresh fish types have increased with the
weekly_12_2025_Eng.txt,rice,Increase,highest price increase of 58% was noted for
weekly_12_2025_Eng.txt,rice,Unknown,The prices of all fish varieties except
weekly_12_2025_Eng.txt,rice,Decrease,price decrease by Rs.135.00/kg for shrimps
weekly_12_2025_Eng.txt,rice,Increase,Price for hurulla has  increased by
weekly_12_2025_Eng.txt,rice,Decrease,the highest price decrease was recorded for
weekly_12_2025_Eng.txt,rice,Increase,Thora by 9%. The highest price increase
weekly_12_2025_Eng.txt,fish,Unknown,Dried Fish
weekly_12_2025_Eng.txt,rice,Unknown,Prices of most of the dried fish types have
weekly_12_2025_Eng.txt,fish,Increase,increased due to decrease of local dried fish
weekly_12_2025_Eng.txt,rice,Increase,supply. A price increase of 6% was noted
weekly_12_2025_Eng.txt,rice,Decrease,"However, a price decrease of 5% was noted"
weekly_12_2025_Eng.txt,fish,Unknown,other dried fish verities have not changed
weekly_12_2025_Eng.txt,rice,Unknown,current wholesale prices of most of the
weekly_12_2025_Eng.txt,fish,Increase,dried fish types have increased and the
weekly_12_2025_Eng.txt,rice,Increase,highest price increase of 86% was noted for
weekly_12_2025_Eng.txt,rice,Unknown,The prices of other dry fish varieties except
weekly_12_2025_Eng.txt,rice,Increase,increased and the highest price increase
weekly_12_2025_Eng.txt,rice,Increase,The second highest price increase was
weekly_12_2025_Eng.txt,rice,Decrease,The highest price decrease was recorded
weekly_12_2025_Eng.txt,rice,Decrease,for salaya by Rs.71.00/kg. Price decrease
weekly_12_2025_Eng.txt,rice,Decrease,the highest price decrease was recorded for
weekly_12_2025_Eng.txt,rice,Unknown,local sprats by 16%. The highest price
weekly_12_2025_Eng.txt,egg,Unknown,Eggs
weekly_12_2025_Eng.txt,rice,Unknown,Prices of brown and white eggs have
weekly_12_2025_Eng.txt,rice,Unknown,their prices ranged Rs.27.50-32.00/egg and
weekly_12_2025_Eng.txt,egg,Unknown,Rs.25.50-28.00/egg respectively.
weekly_12_2025_Eng.txt,rice,Unknown,prices of both brown and white eggs have
weekly_12_2025_Eng.txt,rice,Unknown,The prices of both brown and white eggs
weekly_12_2025_Eng.txt,rice,Decrease,have decreased and price ranged Rs.28.00-
weekly_12_2025_Eng.txt,rice,Unknown,The average price of the white and brown
weekly_12_2025_Eng.txt,egg,Unknown,egg types was at Rs.31.00 and Rs.32.00
weekly_12_2025_Eng.txt,rice,Unknown,the prices of both egg varieties hav e
weekly_12_2025_Eng.txt,rice,Unknown,The prices of other meat types except beef
weekly_12_2025_Eng.txt,rice,Decrease,price decrease  of Rs.127.00/kg  was
weekly_12_2025_Eng.txt,rice,Unknown,recorded for curry chicken. Prices
weekly_12_2025_Eng.txt,chicken,Increase,chicken have increased and the highest
weekly_12_2025_Eng.txt,rice,Increase,price increase was recorded for pork by
weekly_12_2025_Eng.txt,rice,Unknown,to wholesale and retail prices of selected
weekly_12_2025_Eng.txt,rice,Unknown,"as prevailing prices, price ranges, averages,"
weekly_12_2025_Eng.txt,rice,Unknown,and a comparison of weekly prices. The
weekly_12_2025_Eng.txt,rice,Unknown,changes in prices reported are always with
weekly_12_2025_Eng.txt,rice,Unknown,price prevailed during the previous week
weekly_12_2025_Eng.txt,rice,Unknown,"price in formation is twice a week ( i.e.,"
weekly_12_2025_Eng.txt,rice,Unknown,"prices, it is thrice a week ( i.e., Friday,"
weekly_12_2025_Eng.txt,rice,Unknown,Rice VarietiesLOCATIONS
weekly_12_2025_Eng.txt,rice,Unknown,Table 01: Selected Markets:Wholesale Price of Rice (Rs/50kg bag)
weekly_12_2025_Eng.txt,rice,Unknown,Table 02: Selected Markets: Retail Price of Rice (Rs/kg)
weekly_12_2025_Eng.txt,rice,Unknown,LOCATIONS Rice Varieties
weekly_12_2025_Eng.txt,dhal,Unknown,Green Gram Cowpea Red Dhal
weekly_12_2025_Eng.txt,rice,Unknown,Table 04: Selected Markets:Wholesale Price of Subsidiary Food (Rs/50kg)
weekly_12_2025_Eng.txt,onion,Unknown,Dried Chillies Red Onion Big Onion PotatoLOCATION Imported Imported Local Imported Welimada
weekly_12_2025_Eng.txt,rice,Unknown,Table 05: Selected Markets: Retail Price of Subsidiary Food Crops (Rs/kg)
weekly_12_2025_Eng.txt,onion,Unknown,Dried Chillies Red Onion Big Onion Potato Pulses
weekly_12_2025_Eng.txt,dhal,Unknown,Green Gram Cowpea Red Dhal
weekly_12_2025_Eng.txt,rice,Unknown,Table 06: Selected Markets: Wholesale Price of Vegetables(Rs/kg)
weekly_12_2025_Eng.txt,potato,Unknown,ManiocLong Beans Ash Plantain Green Chillies Lime Sweet Potatoe
weekly_12_2025_Eng.txt,rice,Unknown,"Colombo, Meegoda, Norochchole, Jaffna,Dambulla and Kandy - Gotukola Price Rs/Kg"
weekly_12_2025_Eng.txt,vegetable,Unknown,Leafy Vegetables (Rs/bundle)
weekly_12_2025_Eng.txt,coconut,Unknown,Coconut (Rs/nut)
weekly_12_2025_Eng.txt,rice,Unknown,Table 07: Selected Markets: Retail Price of Vegetables (Rs/kg)
weekly_12_2025_Eng.txt,potato,Unknown,Sweet Potato Large Small
weekly_12_2025_Eng.txt,vegetable,Unknown,Low Country Varieties Leafy Vegetable Coconut (Rs/nut)
weekly_12_2025_Eng.txt,rice,Unknown,Table 08: Selected Markets: Retail Price of Fruits (Rs/each & Rs/kg)
weekly_12_2025_Eng.txt,fruit,Unknown,Mango Other Fruits
weekly_12_2025_Eng.txt,coconut,Unknown,Passion Avocado Slime Apple Grapes (Rs/kg) King CoconutWood Apple Orange
weekly_12_2025_Eng.txt,fish,Unknown,Local Dried Fish Imported Dried Fish
weekly_12_2025_Eng.txt,fish,Unknown,Imported Dried Fish
weekly_12_2025_Eng.txt,fish,Unknown,Local Dried Fish
weekly_12_2025_Eng.txt,rice,Unknown,Table 10: Selected Markets: Wholesale Price of Dried Fish (Rs/50kg)
weekly_12_2025_Eng.txt,fish,Unknown,Sea Fish Eggs
weekly_12_2025_Eng.txt,rice,Unknown,Table 09: Selected Markets: Wholesale Price of Fresh Fish & Eggs (Rs/kg & Rs/egg)
weekly_12_2025_Eng.txt,fish,Unknown,Sea Fish
weekly_12_2025_Eng.txt,rice,Unknown,Table 11: Selected Markets: Retail Price of Fresh Fish & Eggs (Rs/kg & Rs/eggs)
weekly_12_2025_Eng.txt,fish,Unknown,Sea Fish Eggs
weekly_12_2025_Eng.txt,rice,Unknown,Table 12: Selected Markets: Retail Price of Dried Fish (Rs/kg)
weekly_12_2025_Eng.txt,fish,Unknown,Dried FishLOCATIONS Sprats-Imported Kattawa Thora Mora Balaya
weekly_12_2025_Eng.txt,rice,Unknown,Table 13: Selected Markets: Retail Price of Meat (Rs/kg)
weekly_12_2025_Eng.txt,chicken,Unknown,Meat Meat (Chicken) Meat
weekly_12_2025_Eng.txt,rice,Unknown,Rice Coconut
weekly_12_2025_Eng.txt,fruit,Unknown,Keeri Samba 260.00 − 280.00 271.67 270.83 318.57 0.31 -14.72 Fruits (Rs/fruit)
weekly_12_2025_Eng.txt,fruit,Unknown,Raw (Red) − Passion Fruit 50.00 − 70.00 58.33 63.00 110.00 -7.41 -46.97
weekly_12_2025_Eng.txt,onion,Unknown,Onion Mango
weekly_12_2025_Eng.txt,onion,Unknown,Big Onion Kohu −
weekly_12_2025_Eng.txt,potato,Unknown,Potato Orange 40.00 − 50.00 45.00 44.44 40.00 1.25 12.50
weekly_12_2025_Eng.txt,coconut,Unknown,Pulses King Coconut 160.00 − 200.00 191.11 188.89 176.25 1.18 8.43
weekly_12_2025_Eng.txt,fish,Unknown,Cowpea (White) 550.00 − 700.00 638.33 638.33 750.00 0.00 -14.89 Sea Fish
weekly_12_2025_Eng.txt,dhal,Unknown,Red Dhal 260.00 − 265.00 261.67 261.00 283.83 0.26 -7.81 Hurulla 800.00 − 900.00 838.33 856.67 531.00 -2.14 57.88
weekly_12_2025_Eng.txt,vegetable,Unknown,Vegetable Balaya 700.00 − 850.00 777.50 900.00 543.00 -13.61 43.19
weekly_12_2025_Eng.txt,egg,Unknown,Raddish 80.00 − 120.00 106.00 103.00 54.00 2.91 96.30 Eggs
weekly_12_2025_Eng.txt,fish,Unknown,Ladies Fingers 180.00 − 280.00 232.00 238.00 70.00 -2.52 231.43 Dried Fish
weekly_12_2025_Eng.txt,potato,Unknown,Sweet Potato 130.00 − 160.00 146.00 156.00 191.00 -6.41 -23.56 Maduwa (Imported) −
weekly_12_2025_Eng.txt,vegetable,Unknown,Leafy Vegetable Koduwa (Imported) −
weekly_12_2025_Eng.txt,rice,Unknown,Table 14: Colombo: Wholesale Prices (Rs/kg or Rs/piece)
weekly_12_2025_Eng.txt,rice,Unknown,Average Price Change Compared to
weekly_12_2025_Eng.txt,rice,Unknown,Average Price
weekly_12_2025_Eng.txt,rice,Unknown,Rice Coconut
weekly_12_2025_Eng.txt,fruit,Unknown,Keeri Samba 260.00 − 320.00 295.16 283.24 371.67 11.92 -20.58 Fruits (Rs/fruit)
weekly_12_2025_Eng.txt,fruit,Unknown,Raw (Red) − Passion Fruit 60.00 − 100.00 88.24 90.00 156.00 -1.76 -43.44
weekly_12_2025_Eng.txt,onion,Unknown,Onion Mango
weekly_12_2025_Eng.txt,onion,Unknown,Big Onion Kohu −
weekly_12_2025_Eng.txt,potato,Unknown,Potato Orange 60.00 − 120.00 85.68 97.89 81.74 -12.21 4.83
weekly_12_2025_Eng.txt,coconut,Unknown,Pulses King Coconut 200.00 − 280.00 233.33 250.63 194.55 -17.29 19.94
weekly_12_2025_Eng.txt,fish,Unknown,Cowpea (White) 700.00 − 900.00 798.26 797.60 1160.00 0.66 -31.18 Sea Fish
weekly_12_2025_Eng.txt,dhal,Unknown,Red Dhal 280.00 − 320.00 298.92 298.68 332.86 0.23 -10.20 Hurulla 980.00 − 1200.00 1074.38 964.29 854.00 110.09 25.81
weekly_12_2025_Eng.txt,vegetable,Unknown,Vegetable Balaya 800.00 − 1200.00 920.83 941.67 772.22 -20.83 19.24
weekly_12_2025_Eng.txt,egg,Unknown,Raddish 130.00 − 320.00 240.95 238.89 193.23 2.06 24.70 Eggs
weekly_12_2025_Eng.txt,fish,Unknown,Ladies Fingers 200.00 − 480.00 347.20 360.69 238.67 -13.49 45.47 Dried Fish
weekly_12_2025_Eng.txt,chicken,Unknown,Root Crops Chicken (Broiler) 1150.00 − 1280.00 1227.50 1237.50 1262.73 -10.00 -2.79
weekly_12_2025_Eng.txt,potato,Unknown,Sweet Potato 160.00 − 360.00 270.00 273.10 293.60 -3.10 -8.04 Chicken (Curry) 1000.00 − 1200.00 1090.91 1218.18 1263.64 -127.27 -13.67
weekly_12_2025_Eng.txt,vegetable,Unknown,Leafy Vegetable Pork 1400.00 − 1600.00 1483.33 1480.00 1280.00 3.33 15.89
weekly_12_2025_Eng.txt,rice,Unknown,Table 15: Colombo &Suburbs: Retail Prices (Rs/kg or Rs/piece)
weekly_12_2025_Eng.txt,rice,Unknown,Average Price Change Compared to
weekly_12_2025_Eng.txt,rice,Unknown,Average Price Change Compared to
weekly_12_2025_Eng.txt,vegetable,Unknown,Paddy Vegetable (Up Country) Snake Gourd
weekly_12_2025_Eng.txt,onion,Unknown,Red Onion Badulla 110.00 − 145.00 127.50 Long Beans
weekly_12_2025_Eng.txt,onion,Unknown,Big Onion Welimada 140.00 − 150.00 145.00 Embilipitiya 270.00 − 300.00 285.00
weekly_12_2025_Eng.txt,potato,Unknown,Potato Hambantota −
weekly_12_2025_Eng.txt,vegetable,Unknown,N'Eliya 220.00 − 230.00 224.00 Vegetable (Low Country) Embilipitiya 100.00 − 120.00 112.50
weekly_12_2025_Eng.txt,fruit,Unknown,Moneragala 550.00 − 600.00 570.00 Brinjal Fruits (Rs/kg)
weekly_12_2025_Eng.txt,rice,Unknown,Table 16: Farmgate/Producer Prices of Food Commodities in Selected Producing Areas (Rs/kg)
weekly_12_2025_Eng.txt,rice,Unknown,PriceCOMMODITY Range Average
weekly_12_2025_Eng.txt,rice,Unknown,Price COMMODITY Range Average
weekly_12_2025_Eng.txt,rice,Unknown,Price COMMODITY
weekly_12_2025_Eng.txt,rice,Unknown,Rice
weekly_12_2025_Eng.txt,onion,Unknown,Red Onion
weekly_12_2025_Eng.txt,onion,Unknown,Big Onion
weekly_12_2025_Eng.txt,potato,Unknown,Potato
weekly_12_2025_Eng.txt,dhal,Unknown,Red Dhal 280.00 − 320.00 280.00 − 320.00 280.00 − 300.00 280.00 − 320.00 280.00 − 300.00 280.00 − 320.00 280.00 − 300.00 280.00 − 320.00 280.00 − 320.00
weekly_12_2025_Eng.txt,rice,Unknown,Annex 01 - Colombo Markets: Retail Prices of Rice and Subsidiary Food Crops (Rs/kg) Week 12: 21 - 27 Mar 2025
weekly_12_2025_Eng.txt,vegetable,Unknown,Vegetable
weekly_12_2025_Eng.txt,potato,Unknown,Sweet Potato 160.00 − 180.00 280.00 − 360.00 320.00 − 320.00 300.00 − 360.00 260.00 − 280.00 240.00 − 260.00 230.00 − 280.00 320.00 − 360.00 320.00 − 340.00
weekly_12_2025_Eng.txt,vegetable,Unknown,Leafy Vegetable
weekly_12_2025_Eng.txt,coconut,Unknown,Coconut
weekly_12_2025_Eng.txt,rice,Unknown,Annex 02 - Colombo Markets: Retail Prices of Vegetables (Rs/kg) and Coconut (Rs/nut)
weekly_12_2025_Eng.txt,fruit,Unknown,Other Fruits
weekly_12_2025_Eng.txt,coconut,Unknown,King Coconut 200.00 − 250.00 240.00 − 240.00 280.00 − 280.00 240.00 − 250.00 220.00 − 230.00 250.00 − 250.00 200.00 − 220.00 220.00 − 220.00 200.00 − 200.00
weekly_12_2025_Eng.txt,rice,Unknown,Annex 03 - Colombo Markets: Retail Prices of Fruits (Rs/fruit)
weekly_12_2025_Eng.txt,fish,Unknown,Sea Fish
weekly_12_2025_Eng.txt,egg,Unknown,30 Eggs (Rs/egg)
weekly_12_2025_Eng.txt,fish,Unknown,Dried Fish
weekly_12_2025_Eng.txt,chicken,Unknown,Chicken (Broiler) 1200.00 − 1200.00 1230.00 − 1230.00 1280.00 − 1280.00 1280.00 − 1280.00 1150.00 − 1150.00 1200.00 − 1200.00 1200.00 − 1200.00 1150.00 − 1200.00 1280.00 − 1280.00
weekly_12_2025_Eng.txt,chicken,Unknown,Chicken (Curry) 1100.00 − 1100.00 1100.00 − 1100.00 1100.00 − 1100.00 1100.00 − 1100.00 1000.00 − 1000.00 1100.00 − 1100.00 1000.00 − 1000.00 1100.00 − 1100.00 1200.00 − 1200.00
weekly_12_2025_Eng.txt,rice,Unknown,Annex 04 - Colombo Markets: Retail Prices of Sea Fish and Dried Fish (Rs/kg)
weekly_12_2025_Eng.txt,rice,Unknown,Rice - (white Kekulu - normal ) 361 9.88 1.52 - 0.03 0.09 10.67 - 6.94 26.29 1.22 1.5
weekly_12_2025_Eng.txt,rice,Unknown,Rice - (white Kekulu Samba) 355 8.81 1.53 - 0.03 0.09 8.11 - 9.82 30.48 0.92 1.7
weekly_12_2025_Eng.txt,rice,Unknown,Rice - ( Red Kekulu - normal ) 366 8.64 2.12 - 0.05 0.1 8.39 - 4.73 31.7 0.88 1.84
weekly_12_2025_Eng.txt,rice,Unknown,Rice -Samba 369 6.86 2.45 - 0.05 0.13 12.79 - 8.71 37.26 1.18 1.49
weekly_12_2025_Eng.txt,rice,Unknown,Rice - Nadu White 366 7.76 1.48 - 0.03 0.12 9.35 - 4.57 20.1 0.64 1.61
weekly_12_2025_Eng.txt,onion,Unknown,Onion
weekly_12_2025_Eng.txt,onion,Unknown,Big onions 48 1.67 0.24 0.16 0.01 0.1 32.99 7.58 14.82 16.94 0.45 0.25
weekly_12_2025_Eng.txt,onion,Unknown,Red onions 55 2.13 0.15 0.18 0.02 0.13 30.15 14.26 20.37 19.32 0.31 0.28
weekly_12_2025_Eng.txt,potato,Unknown,Potatoes 71 1.67 0.25 0.01 0.09 14.31 20.5 9.83 23.84 0.46 0.29
weekly_12_2025_Eng.txt,dhal,Unknown,Red Dhal 319 23.09 0.77 1.06 1.6 0.22 55 NA 41.27 66.63 7.45 3.34
weekly_12_2025_Eng.txt,vegetable,Unknown,Vegetables
weekly_12_2025_Eng.txt,rice,Unknown,Rice
weekly_12_2025_Eng.txt,egg,Unknown,Brinjal (Chinese eggplant) 24 1.28 0.33 16.83 0.12 0.11 32.94 3.37 14.4 21.18 0.28 0.16
weekly_12_2025_Eng.txt,egg,Unknown,Thalana batu (Thai eggplant) 21 1.45 0.26 18.33 0.11 0.09 31.18 2.71 17.24 37.22 0.37 0.24
weekly_12_2025_Eng.txt,coconut,Unknown,Coconuts nuts 390 3.67 39.92 - 0.05 0.11 14.86 -
weekly_12_2025_Eng.txt,potato,Unknown,Sweet potato 108 1.27 0.33 NA 0.04 0.09 14.44 22.2 28.93 21.05 0.51 0.14
weekly_12_2025_Eng.txt,vegetable,Unknown,Leafy Vegetables
weekly_12_2025_Eng.txt,onion,Unknown,Onion leaves 27 2.01 0.26 NA 0.04 0.18 56.8 23.38 35.21 74.95 3.15 0.77
weekly_12_2025_Eng.txt,fruit,Unknown,Jackfruit pods 25 2.14 0.34 NA 0.03 0.04 30.7 24.77 37.32 26.08 0.3 0.17
weekly_12_2025_Eng.txt,fruit,Unknown,Jackfruit seeds 77 5.66 0.44 NA 0.02 0.08 58.91 15.24 40.87 50.14 0.52 0.42
weekly_12_2025_Eng.txt,chicken,Unknown,Chicken 176 23.14 9.24 6.88 0.07 0.49 10.09 - 15.06 20.18 0.75 0.64
weekly_12_2025_Eng.txt,fish,Unknown,Fish
weekly_12_2025_Eng.txt,fish,Unknown,Cuttle fish 76 16.82 0.93 1.93 0.02 0.04 6.22 8.73 35.46 0.62 1.3
weekly_12_2025_Eng.txt,fish,Unknown,Dried Fish
weekly_12_2025_Eng.txt,egg,Unknown,Eggs
weekly_12_2025_Eng.txt,egg,Unknown,Hen eggs (Country) 170 13.14 13 208 0.08 0.18 54.6 50.14 11.04 1.64 1.12
weekly_12_2025_Eng.txt,egg,Unknown,Hen eggs (Table) 135 13.55 9.03 200 0.19 0.19 49.46 63.3 12 2.39 1.73
weekly_12_2025_Eng.txt,egg,Unknown,Quail eggs 153 12.39 11.46 153 0.11 0.17 54.86 60.67 11.21 2.55 1.51
weekly_12_2025_Eng.txt,fruit,Unknown,Fruits
weekly_12_2025_Eng.txt,rice,Unknown,Price Collecting Areas
