Reference Number,Easting,Northing,Number of Vehicles,Accident Date,Time (24hr),1st Road Class
3309,429093,436258,1,1-Jan-09,55,Unclassified
2609,434723,435534,1,2-Jan-09,2335,Unclassified
2809,441173,433047,1,2-Jan-09,1645,Unclassified
3809,428487,431364,1,2-Jan-09,1723,A
3909,425928,435480,2,2-Jan-09,1350,Unclassified
3909,425928,435480,2,2-Jan-09,1350,Unclassified
19809,425642,434240,2,2-Jan-09,2300,A
3709,429610,439798,1,3-Jan-09,222,Unclassified
4309,426535,433642,2,3-Jan-09,325,Unclassified
9009,437658,445061,1,3-Jan-09,1645,A
9009,437658,445061,1,3-Jan-09,1645,A
66209,431508,435120,2,3-Jan-09,1745,Unclassified
66209,431508,435120,2,3-Jan-09,1745,Unclassified
66209,431508,435120,2,3-Jan-09,1745,Unclassified
66209,431508,435120,2,3-Jan-09,1745,Unclassified
66209,431508,435120,2,3-Jan-09,1745,Unclassified
2909,443402,438684,2,4-Jan-09,1605,A(M)
2909,443402,438684,2,4-Jan-09,1605,A(M)
4209,428099,426648,1,4-Jan-09,21,A
8409,431482,435007,2,4-Jan-09,1430,Unclassified
8409,431482,435007,2,4-Jan-09,1430,Unclassified
8409,431482,435007,2,4-Jan-09,1430,Unclassified
3109,427890,430474,1,5-Jan-09,705,A
3109,427890,430474,1,5-Jan-09,705,A
8509,427304,433623,3,5-Jan-09,1430,A
8509,427304,433623,3,5-Jan-09,1430,A
11009,432430,433799,1,5-Jan-09,1250,Unclassified
22509,431463,432466,1,5-Jan-09,2330,A
8609,432533,434156,1,6-Jan-09,1805,Unclassified
9109,421617,434392,2,6-Jan-09,1800,B
9109,421617,434392,2,6-Jan-09,1800,B
11609,433601,429802,1,6-Jan-09,1725,Motorway
12909,424112,434008,1,6-Jan-09,1308,A
13109,425186,437731,2,6-Jan-09,1040,Unclassified
13109,425186,437731,2,6-Jan-09,1040,Unclassified
19109,421016,441155,1,6-Jan-09,1120,Unclassified
21809,429870,430441,3,6-Jan-09,2055,Unclassified
22309,423629,437988,3,6-Jan-09,1109,Unclassified
80709,435211,433542,1,6-Jan-09,1510,Unclassified
147409,437665,444765,1,6-Jan-09,2046,A
11309,430112,431742,2,7-Jan-09,1240,A
11809,429436,433461,2,7-Jan-09,1730,Unclassified
17709,432067,428607,2,7-Jan-09,1805,Motorway
17709,432067,428607,2,7-Jan-09,1805,Motorway
19509,425549,436382,2,7-Jan-09,750,A
12009,429298,428264,2,8-Jan-09,847,Unclassified
12009,429298,428264,2,8-Jan-09,847,Unclassified
13509,425070,437952,1,8-Jan-09,1100,Unclassified
18409,430859,424436,2,8-Jan-09,830,Motorway
18409,430859,424436,2,8-Jan-09,830,Motorway
22709,432517,436673,2,8-Jan-09,830,Unclassified
36409,425924,435145,2,8-Jan-09,1656,Unclassified
86809,423618,434131,1,8-Jan-09,1710,Unclassified
13009,431503,435127,2,9-Jan-09,819,A
15509,440513,448481,2,9-Jan-09,2103,B
18009,429771,431652,2,9-Jan-09,1539,Unclassified
18209,422040,443853,1,9-Jan-09,147,Unclassified
19209,429700,432100,3,9-Jan-09,752,Motorway
20009,441206,448780,2,9-Jan-09,750,A(M)
29709,421375,440473,2,9-Jan-09,1550,A
29709,421375,440473,2,9-Jan-09,1550,A
19609,428572,432995,1,10-Jan-09,740,A
22109,431509,432630,3,10-Jan-09,1525,A
22109,431509,432630,3,10-Jan-09,1525,A
22109,431509,432630,3,10-Jan-09,1525,A
47309,429273,430090,2,10-Jan-09,1122,A
20209,443242,439661,1,11-Jan-09,2332,A(M)
20509,431914,430363,1,11-Jan-09,210,A
20509,431914,430363,1,11-Jan-09,210,A
22609,434345,434354,2,11-Jan-09,1335,A
22609,434345,434354,2,11-Jan-09,1335,A
24409,433753,441992,2,11-Jan-09,1840,Unclassified
24409,433753,441992,2,11-Jan-09,1840,Unclassified
30009,430226,433202,1,11-Jan-09,158,Unclassified
23009,438099,431586,1,12-Jan-09,735,Unclassified
25009,432151,435283,1,12-Jan-09,1800,B
26909,438554,430035,2,12-Jan-09,1915,Unclassified
35509,425747,431487,2,12-Jan-09,1240,Unclassified
23309,432192,442256,2,13-Jan-09,650,A
24709,428956,435470,2,13-Jan-09,1550,A
25109,428470,435284,2,13-Jan-09,2130,Unclassified
26309,426322,428159,2,14-Jan-09,1830,B
27209,420436,440143,2,14-Jan-09,712,A
29909,428061,435959,2,14-Jan-09,845,A
35009,424244,428689,2,14-Jan-09,1737,Unclassified
37009,418301,441336,2,14-Jan-09,1753,A
78509,426868,437527,2,14-Jan-09,1138,A
78509,426868,437527,2,14-Jan-09,1138,A
224609,427900,439923,1,14-Jan-09,150,Unclassified
345809,424579,435155,2,14-Jan-09,1300,A
34509,431969,435825,2,15-Jan-09,640,A
36909,431404,435026,2,15-Jan-09,1935,Unclassified
37209,430459,435623,4,15-Jan-09,740,A
37309,427887,440270,2,15-Jan-09,1335,Unclassified
37409,434107,433901,2,15-Jan-09,910,Unclassified
42009,428344,431608,2,15-Jan-09,1330,Motorway
27309,432998,436045,1,16-Jan-09,15,A
30409,430330,433321,2,16-Jan-09,1404,Unclassified
30409,430330,433321,2,16-Jan-09,1404,Unclassified
36509,430189,431710,1,16-Jan-09,1338,Unclassified
77009,424351,438774,1,16-Jan-09,630,Unclassified
32209,429595,434697,2,17-Jan-09,1215,A
33609,435121,433538,1,17-Jan-09,1115,Unclassified
34909,434620,441225,2,17-Jan-09,2125,Unclassified
34909,434620,441225,2,17-Jan-09,2125,Unclassified
34909,434620,441225,2,17-Jan-09,2125,Unclassified
34909,434620,441225,2,17-Jan-09,2125,Unclassified
35909,439996,437096,1,17-Jan-09,1510,Unclassified
37509,430324,433288,4,17-Jan-09,133,Unclassified
39009,431864,429760,2,17-Jan-09,1001,Unclassified
39409,429941,425130,2,17-Jan-09,1505,A
39409,429941,425130,2,17-Jan-09,1505,A
43109,434843,436328,1,17-Jan-09,1742,Unclassified
47109,432711,434493,1,17-Jan-09,1645,B
171309,431607,435248,1,17-Jan-09,1750,A
35209,430530,440743,2,18-Jan-09,1825,Unclassified
59109,429806,433383,1,18-Jan-09,1510,Unclassified
39509,432733,427496,1,19-Jan-09,817,A
40909,436189,434322,2,19-Jan-09,1154,Unclassified
40909,436189,434322,2,19-Jan-09,1154,Unclassified
41109,436067,436616,2,19-Jan-09,1800,Unclassified
41309,440894,433571,2,19-Jan-09,1655,A
42909,424910,439707,2,19-Jan-09,902,Unclassified
42909,424910,439707,2,19-Jan-09,902,Unclassified
43809,428923,429880,1,19-Jan-09,1715,Unclassified
44909,423734,434325,3,19-Jan-09,750,Unclassified
44909,423734,434325,3,19-Jan-09,750,Unclassified
45409,425537,432762,2,19-Jan-09,1820,A
45409,425537,432762,2,19-Jan-09,1820,A
45409,425537,432762,2,19-Jan-09,1820,A
45409,425537,432762,2,19-Jan-09,1820,A
45509,419963,446150,2,19-Jan-09,1500,Unclassified
47909,429932,437557,3,19-Jan-09,1848,Unclassified
50809,428956,435471,2,19-Jan-09,750,A
50809,428956,435471,2,19-Jan-09,750,A
66109,429950,428086,1,19-Jan-09,1029,Unclassified
106409,436940,425890,3,19-Jan-09,1328,Motorway
112209,426467,435765,1,19-Jan-09,1730,Unclassified
43009,436158,441823,2,20-Jan-09,848,Unclassified
43009,436158,441823,2,20-Jan-09,848,Unclassified
45609,420113,434034,2,20-Jan-09,815,Unclassified
46809,427551,431985,2,20-Jan-09,800,A
50509,421990,433001,1,20-Jan-09,630,B
72109,428300,444735,1,20-Jan-09,2140,A
44009,427202,432544,1,21-Jan-09,1030,Unclassified
45909,431003,430540,1,21-Jan-09,100,Motorway
50009,423424,437621,1,21-Jan-09,1820,A
58109,439119,432454,2,21-Jan-09,715,A
59409,441925,430291,2,21-Jan-09,1855,Unclassified
144609,430356,438558,3,21-Jan-09,1425,Unclassified
144609,430356,438558,3,21-Jan-09,1425,Unclassified
47409,427079,434817,1,22-Jan-09,615,A
52709,440893,448715,2,22-Jan-09,1714,B
52709,440893,448715,2,22-Jan-09,1714,B
58209,430637,434720,2,22-Jan-09,2000,Unclassified
61409,428824,435224,2,22-Jan-09,1530,Unclassified
80209,435518,434819,1,22-Jan-09,1540,Unclassified
53109,434696,434563,2,23-Jan-09,800,A
54309,424019,438460,2,23-Jan-09,730,Unclassified
57909,433428,433952,1,23-Jan-09,1600,Unclassified
58509,428508,442351,1,23-Jan-09,2230,Unclassified
58709,434063,435140,2,23-Jan-09,722,Unclassified
64709,432000,430452,2,23-Jan-09,1330,A
64709,432000,430452,2,23-Jan-09,1330,A
67609,426354,428164,2,23-Jan-09,1325,B
67809,429675,432925,3,23-Jan-09,1435,Unclassified
67809,429675,432925,3,23-Jan-09,1435,Unclassified
67809,429675,432925,3,23-Jan-09,1435,Unclassified
67809,429675,432925,3,23-Jan-09,1435,Unclassified
67809,429675,432925,3,23-Jan-09,1435,Unclassified
124709,430433,433982,2,23-Jan-09,25,A(M)
53409,431630,434445,1,24-Jan-09,1148,Unclassified
57109,422663,432681,2,24-Jan-09,1715,Unclassified
59709,428207,426829,1,24-Jan-09,800,A
81009,422286,433429,1,24-Jan-09,308,B
94709,428502,434530,3,24-Jan-09,1300,Unclassified
69409,420347,440465,2,25-Jan-09,1715,A
56609,428458,432960,1,26-Jan-09,1600,B
69109,420142,446596,2,26-Jan-09,845,Unclassified
95009,427122,437370,2,26-Jan-09,1510,A
95009,427122,437370,2,26-Jan-09,1510,A
66909,425125,432463,1,27-Jan-09,830,Unclassified
68809,431076,431126,1,27-Jan-09,925,Unclassified
69509,428587,440798,3,27-Jan-09,1755,Unclassified
69509,428587,440798,3,27-Jan-09,1755,Unclassified
69509,428587,440798,3,27-Jan-09,1755,Unclassified
69509,428587,440798,3,27-Jan-09,1755,Unclassified
70809,421881,442830,2,27-Jan-09,757,Unclassified
70809,421881,442830,2,27-Jan-09,757,Unclassified
137209,436133,435569,2,27-Jan-09,840,Unclassified
69009,430689,434966,2,28-Jan-09,1500,A
69009,430689,434966,2,28-Jan-09,1500,A
70009,430113,431728,1,28-Jan-09,1440,A
70009,430113,431728,1,28-Jan-09,1440,A
70609,439643,436962,3,28-Jan-09,1530,Unclassified
70609,439643,436962,3,28-Jan-09,1530,Unclassified
71409,425479,434192,1,28-Jan-09,1740,Unclassified
73309,429797,433923,2,28-Jan-09,1000,Unclassified
88909,428678,435628,2,28-Jan-09,1720,A
90809,435926,435424,1,28-Jan-09,805,A
93909,430889,434252,3,28-Jan-09,1209,Unclassified
93909,430889,434252,3,28-Jan-09,1209,Unclassified
75209,428838,434630,2,29-Jan-09,1735,Unclassified
75509,422946,427920,4,29-Jan-09,749,A
75509,422946,427920,4,29-Jan-09,749,A
75509,422946,427920,4,29-Jan-09,749,A
75609,427265,427701,2,29-Jan-09,900,B
77809,423583,434592,2,29-Jan-09,740,Unclassified
78809,422078,433943,2,29-Jan-09,1330,A
78809,422078,433943,2,29-Jan-09,1330,A
80409,435821,435759,3,29-Jan-09,2332,Unclassified
80409,435821,435759,3,29-Jan-09,2332,Unclassified
80509,432061,436084,3,29-Jan-09,821,Unclassified
80509,432061,436084,3,29-Jan-09,821,Unclassified
80509,432061,436084,3,29-Jan-09,821,Unclassified
85909,429427,435414,1,29-Jan-09,2241,Unclassified
76909,427495,425524,2,30-Jan-09,1405,A
77209,431072,430361,2,30-Jan-09,1840,Unclassified
77209,431072,430361,2,30-Jan-09,1840,Unclassified
77309,431074,431989,2,30-Jan-09,1545,A
77409,432914,432149,2,30-Jan-09,703,Unclassified
78009,424889,427724,2,30-Jan-09,1823,A
78109,422365,440401,1,30-Jan-09,1820,Unclassified
79509,427608,434511,2,30-Jan-09,2248,A
79509,427608,434511,2,30-Jan-09,2248,A
79509,427608,434511,2,30-Jan-09,2248,A
79809,435231,434830,2,30-Jan-09,715,A
79809,435231,434830,2,30-Jan-09,715,A
80009,428546,433218,2,30-Jan-09,2139,A
81609,430243,424085,5,30-Jan-09,1755,Motorway
81609,430243,424085,5,30-Jan-09,1755,Motorway
81609,430243,424085,5,30-Jan-09,1755,Motorway
89109,426281,435577,2,30-Jan-09,1435,A
115909,427619,436158,2,30-Jan-09,1545,Unclassified
115909,427619,436158,2,30-Jan-09,1545,Unclassified
77909,434271,433802,1,31-Jan-09,1801,Unclassified
77909,434271,433802,1,31-Jan-09,1801,Unclassified
79209,423015,437661,2,31-Jan-09,1920,A
89709,432172,427284,1,31-Jan-09,344,Motorway
89709,432172,427284,1,31-Jan-09,344,Motorway
89709,432172,427284,1,31-Jan-09,344,Motorway
89709,432172,427284,1,31-Jan-09,344,Motorway
95809,420964,439969,1,31-Jan-09,1455,B
105309,420896,434453,2,31-Jan-09,1400,A
75409,429175,438564,2,1-Feb-09,1847,A
78409,433659,438992,1,1-Feb-09,506,A
78409,433659,438992,1,1-Feb-09,506,A
80609,432798,434232,2,1-Feb-09,1125,Unclassified
80609,432798,434232,2,1-Feb-09,1125,Unclassified
88309,438496,430405,2,1-Feb-09,1250,A
108509,430376,434971,2,1-Feb-09,1300,Unclassified
82809,432453,433799,2,2-Feb-09,1011,Unclassified
87909,418803,442401,1,2-Feb-09,1720,Unclassified
88809,440497,434871,1,2-Feb-09,935,Unclassified
89009,435099,434709,2,2-Feb-09,1540,A
89209,443610,435910,6,2-Feb-09,922,Motorway
88709,436169,427632,2,3-Feb-09,1800,A
89309,433725,434028,2,3-Feb-09,830,A
89309,433725,434028,2,3-Feb-09,830,A
89309,433725,434028,2,3-Feb-09,830,A
89309,433725,434028,2,3-Feb-09,830,A
101709,442496,434219,2,3-Feb-09,915,A
101709,442496,434219,2,3-Feb-09,915,A
101909,432772,429619,1,3-Feb-09,1620,Unclassified
90309,432117,434677,2,4-Feb-09,1641,Unclassified
94809,429157,431575,1,4-Feb-09,800,Unclassified
106609,428747,430849,2,4-Feb-09,1240,Unclassified
113309,430385,433607,1,4-Feb-09,1530,Unclassified
94109,434031,428101,2,5-Feb-09,953,Unclassified
95109,427504,425505,2,5-Feb-09,1925,A
95109,427504,425505,2,5-Feb-09,1925,A
98809,435698,434586,1,5-Feb-09,1015,Unclassified
102109,433192,437362,1,5-Feb-09,900,Unclassified
105409,436330,425921,6,5-Feb-09,927,Motorway
105809,430346,435461,2,5-Feb-09,935,Unclassified
94609,426645,433497,2,6-Feb-09,1930,Unclassified
94609,426645,433497,2,6-Feb-09,1930,Unclassified
94909,422927,433213,2,6-Feb-09,755,Unclassified
95409,421853,436450,1,6-Feb-09,1235,Unclassified
99509,442236,431749,1,6-Feb-09,2245,A
99509,442236,431749,1,6-Feb-09,2245,A
100809,432521,434724,2,6-Feb-09,1710,B
102909,437021,429229,3,6-Feb-09,1705,A
111609,434065,435141,1,6-Feb-09,1425,Unclassified
111609,434065,435141,1,6-Feb-09,1425,Unclassified
111609,434065,435141,1,6-Feb-09,1425,Unclassified
111609,434065,435141,1,6-Feb-09,1425,Unclassified
111609,434065,435141,1,6-Feb-09,1425,Unclassified
111609,434065,435141,1,6-Feb-09,1425,Unclassified
124109,423193,434657,3,6-Feb-09,1755,Unclassified
141909,433148,426326,2,6-Feb-09,830,A
100009,435345,434799,1,7-Feb-09,513,Unclassified
101209,434457,433704,2,7-Feb-09,1945,Unclassified
103309,429860,431850,1,7-Feb-09,1603,Unclassified
103309,429860,431850,1,7-Feb-09,1603,Unclassified
103309,429860,431850,1,7-Feb-09,1603,Unclassified
103709,429915,434256,2,7-Feb-09,1203,A
125809,429201,434161,4,7-Feb-09,645,Unclassified
125809,429201,434161,4,7-Feb-09,645,Unclassified
125809,429201,434161,4,7-Feb-09,645,Unclassified
274409,428840,434631,2,7-Feb-09,1814,Unclassified
101609,428301,434811,1,8-Feb-09,335,Unclassified
104209,430704,432541,2,8-Feb-09,1829,A
108209,430760,435209,2,8-Feb-09,1225,Unclassified
123209,420883,434554,2,8-Feb-09,1512,A
452609,424644,436962,1,8-Feb-09,130,A
452609,424644,436962,1,8-Feb-09,130,A
452609,424644,436962,1,8-Feb-09,130,A
452609,424644,436962,1,8-Feb-09,130,A
97409,425619,432950,1,9-Feb-09,800,Unclassified
98109,424140,434003,1,9-Feb-09,550,A
98509,424083,434043,1,9-Feb-09,510,A
99009,440349,433609,2,9-Feb-09,725,Unclassified
106709,415911,442016,2,9-Feb-09,1315,Unclassified
106709,415911,442016,2,9-Feb-09,1315,Unclassified
107409,427572,427479,1,9-Feb-09,840,Unclassified
113409,429369,431381,4,9-Feb-09,900,Unclassified
113409,429369,431381,4,9-Feb-09,900,Unclassified
122509,421151,435389,2,9-Feb-09,1730,A
122509,421151,435389,2,9-Feb-09,1730,A
129709,418157,441506,2,9-Feb-09,910,Unclassified
115209,432418,434860,1,10-Feb-09,1145,B
116109,427111,436977,2,10-Feb-09,1515,Unclassified
117909,428942,438173,2,10-Feb-09,1538,Unclassified
119409,431481,433964,1,10-Feb-09,845,Unclassified
120609,433745,429684,3,10-Feb-09,1640,Motorway
120609,433745,429684,3,10-Feb-09,1640,Motorway
122109,428977,433687,2,10-Feb-09,1430,A
112409,426127,442567,2,11-Feb-09,20,A
114109,430080,435417,2,11-Feb-09,1635,Unclassified
114109,430080,435417,2,11-Feb-09,1635,Unclassified
117309,433035,437106,2,11-Feb-09,740,Unclassified
117309,433035,437106,2,11-Feb-09,740,Unclassified
117309,433035,437106,2,11-Feb-09,740,Unclassified
117309,433035,437106,2,11-Feb-09,740,Unclassified
118409,432419,432576,2,11-Feb-09,1550,Unclassified
118609,443438,438580,2,11-Feb-09,1455,A(M)
120809,430560,431438,2,11-Feb-09,1707,Motorway
124509,424023,427975,1,11-Feb-09,540,Motorway
125009,430066,423936,2,11-Feb-09,515,Motorway
125409,423665,428023,2,11-Feb-09,509,Motorway
132009,431582,426813,2,11-Feb-09,2042,A
132209,441096,442778,1,11-Feb-09,2150,Unclassified
133009,429971,430873,2,11-Feb-09,1840,A
136209,429953,430842,1,11-Feb-09,2115,A
145609,431909,433588,1,11-Feb-09,1815,A
146809,430472,434742,1,11-Feb-09,1800,Unclassified
118309,438410,436423,2,12-Feb-09,1545,Unclassified
119509,423421,437622,2,12-Feb-09,2150,A
119909,432447,435813,2,12-Feb-09,1645,A
124309,440982,447940,2,12-Feb-09,920,Unclassified
124809,429581,439231,2,13-Feb-09,1900,Unclassified
127209,427345,433631,2,13-Feb-09,1520,A
127209,427345,433631,2,13-Feb-09,1520,A
127509,419901,441071,2,13-Feb-09,1751,A
130009,427836,436294,1,13-Feb-09,1140,A
202709,429311,437842,3,13-Feb-09,1253,B
146909,430923,436069,4,14-Feb-09,2225,Unclassified
146909,430923,436069,4,14-Feb-09,2225,Unclassified
160009,431479,428775,2,14-Feb-09,1428,Unclassified
160009,431479,428775,2,14-Feb-09,1428,Unclassified
127409,429321,428159,1,15-Feb-09,1710,Unclassified
132909,427737,436465,1,16-Feb-09,1350,A
133409,441886,445679,1,16-Feb-09,1650,Unclassified
145209,429436,437312,2,16-Feb-09,1615,Unclassified
145209,429436,437312,2,16-Feb-09,1615,Unclassified
147809,430891,433408,1,16-Feb-09,1821,Unclassified
131009,433474,434030,1,17-Feb-09,1425,A
131809,428012,435146,2,17-Feb-09,2030,Unclassified
134809,435523,433650,1,17-Feb-09,1713,Unclassified
135609,424367,435636,2,17-Feb-09,1350,Unclassified
139409,430457,437509,2,17-Feb-09,2058,Unclassified
139409,430457,437509,2,17-Feb-09,2058,Unclassified
143209,428621,436933,2,17-Feb-09,1215,Unclassified
136009,423899,431658,1,18-Feb-09,2350,Unclassified
136009,423899,431658,1,18-Feb-09,2350,Unclassified
136009,423899,431658,1,18-Feb-09,2350,Unclassified
137109,421895,432960,2,18-Feb-09,2210,B
137109,421895,432960,2,18-Feb-09,2210,B
139709,421731,435172,2,18-Feb-09,1035,B
140309,429433,437308,1,18-Feb-09,1120,Unclassified
153509,437974,432929,2,18-Feb-09,1310,A
155309,429578,434808,1,18-Feb-09,1150,A
183609,436098,435530,2,18-Feb-09,850,A
134909,430878,434241,1,19-Feb-09,1130,A
138709,432417,434825,1,19-Feb-09,1530,Unclassified
140609,428394,426110,2,19-Feb-09,1503,A
148109,428797,440303,1,19-Feb-09,2305,Unclassified
153309,426164,435392,1,19-Feb-09,1535,Unclassified
139509,443627,436483,1,20-Feb-09,1,A(M)
142209,427632,430981,2,20-Feb-09,1715,A
142309,431231,429773,3,20-Feb-09,1755,Unclassified
149209,433836,434457,2,20-Feb-09,2113,Unclassified
153709,433552,435957,2,20-Feb-09,1500,Unclassified
153709,433552,435957,2,20-Feb-09,1500,Unclassified
180809,435286,431294,1,20-Feb-09,1925,Motorway
141609,427646,430384,2,21-Feb-09,1650,Unclassified
141609,427646,430384,2,21-Feb-09,1650,Unclassified
141609,427646,430384,2,21-Feb-09,1650,Unclassified
141609,427646,430384,2,21-Feb-09,1650,Unclassified
143409,431884,433595,1,21-Feb-09,1010,A
152809,421345,444430,1,21-Feb-09,958,Unclassified
155409,429711,430766,2,21-Feb-09,1430,Unclassified
155409,429711,430766,2,21-Feb-09,1430,Unclassified
144009,423026,437677,2,22-Feb-09,1608,A
144009,423026,437677,2,22-Feb-09,1608,A
148609,428917,433390,2,22-Feb-09,1500,Unclassified
149009,423015,437679,2,23-Feb-09,1115,A
150009,437392,445586,1,23-Feb-09,1220,A
149409,435419,437256,2,24-Feb-09,810,Unclassified
153009,428464,429106,2,24-Feb-09,2310,A
153009,428464,429106,2,24-Feb-09,2310,A
153009,428464,429106,2,24-Feb-09,2310,A
155009,434641,437498,1,24-Feb-09,1700,A
156009,430778,438443,1,24-Feb-09,2010,Unclassified
156209,430197,432164,2,24-Feb-09,1930,A
155709,421574,440869,1,25-Feb-09,1610,Unclassified
156109,421128,441190,2,25-Feb-09,1144,Unclassified
156309,432167,433591,1,25-Feb-09,1850,A
156709,432962,439235,3,25-Feb-09,1110,A
157509,420304,445361,2,25-Feb-09,1220,Unclassified
165609,429105,445104,2,25-Feb-09,1829,A
165609,429105,445104,2,25-Feb-09,1829,A
165609,429105,445104,2,25-Feb-09,1829,A
166709,432436,434840,2,25-Feb-09,1450,B
160909,426222,426866,1,26-Feb-09,1600,Unclassified
164709,429464,439235,2,26-Feb-09,2319,Unclassified
159709,420442,434055,2,27-Feb-09,2023,B
161709,430306,433396,3,27-Feb-09,1740,Unclassified
169309,432569,435147,1,27-Feb-09,1523,Unclassified
169409,435097,434721,2,27-Feb-09,1720,A
170009,428457,429081,2,27-Feb-09,1308,A
173509,429499,425798,2,27-Feb-09,2128,A
182609,422997,432690,2,27-Feb-09,1321,Unclassified
185209,437164,433469,6,27-Feb-09,1800,A
164609,429874,423743,2,28-Feb-09,610,Motorway
164609,429874,423743,2,28-Feb-09,610,Motorway
167009,428244,432705,1,28-Feb-09,2215,Unclassified
168509,422157,428037,2,28-Feb-09,845,A
235009,427214,437303,2,28-Feb-09,1409,A
235009,427214,437303,2,28-Feb-09,1409,A
235009,427214,437303,2,28-Feb-09,1409,A
413309,433181,434013,1,28-Feb-09,1830,A
158909,423823,434255,2,1-Mar-09,1445,Unclassified
163209,427217,433518,3,1-Mar-09,1703,Unclassified
163209,427217,433518,3,1-Mar-09,1703,Unclassified
164409,432229,438844,1,1-Mar-09,1638,Unclassified
167309,429591,427567,1,1-Mar-09,45,Unclassified
168909,443683,431686,1,1-Mar-09,1530,A
169709,430958,435771,1,2-Mar-09,835,Unclassified
169709,430958,435771,1,2-Mar-09,835,Unclassified
171609,430851,434805,5,2-Mar-09,1735,A
172709,434529,433210,1,2-Mar-09,1845,Unclassified
173009,430375,433505,1,2-Mar-09,1350,Unclassified
212509,430530,433708,1,2-Mar-09,1340,Unclassified
171909,441038,429900,2,3-Mar-09,1545,Unclassified
173209,429484,435411,2,3-Mar-09,2310,Unclassified
181109,442058,437538,2,3-Mar-09,1305,Unclassified
181109,442058,437538,2,3-Mar-09,1305,Unclassified
183409,427776,434982,2,3-Mar-09,1155,Unclassified
183409,427776,434982,2,3-Mar-09,1155,Unclassified
183409,427776,434982,2,3-Mar-09,1155,Unclassified
193109,429011,435493,2,3-Mar-09,2000,Unclassified
193209,423010,437654,2,3-Mar-09,1939,A
174909,431878,435196,2,4-Mar-09,1955,Unclassified
174909,431878,435196,2,4-Mar-09,1955,Unclassified
174909,431878,435196,2,4-Mar-09,1955,Unclassified
178609,427464,437020,1,4-Mar-09,1020,A
179509,430383,433728,1,4-Mar-09,1500,Unclassified
184809,420075,439056,2,4-Mar-09,850,A
184809,420075,439056,2,4-Mar-09,850,A
185709,432079,437571,1,4-Mar-09,1515,Unclassified
185809,431894,434911,2,4-Mar-09,1740,Unclassified
185809,431894,434911,2,4-Mar-09,1740,Unclassified
186309,429913,430798,3,4-Mar-09,1500,A
186309,429913,430798,3,4-Mar-09,1500,A
188009,436184,427350,1,4-Mar-09,1450,A
210909,427660,430970,2,4-Mar-09,1010,A
212009,422441,434642,2,4-Mar-09,2115,B
178809,430030,433779,1,5-Mar-09,845,Unclassified
184109,441907,445746,1,6-Mar-09,1545,A
184609,434737,438051,3,6-Mar-09,1025,A
184609,434737,438051,3,6-Mar-09,1025,A
184609,434737,438051,3,6-Mar-09,1025,A
187409,420989,441152,1,6-Mar-09,1445,Unclassified
187409,420989,441152,1,6-Mar-09,1445,Unclassified
187609,427691,433710,2,6-Mar-09,1410,A
187609,427691,433710,2,6-Mar-09,1410,A
215809,423162,434662,1,6-Mar-09,745,Unclassified
277409,424347,429252,2,6-Mar-09,845,B
277409,424347,429252,2,6-Mar-09,845,B
277409,424347,429252,2,6-Mar-09,845,B
186809,427443,436154,3,8-Mar-09,1646,Unclassified
188609,431821,429049,2,8-Mar-09,1200,Unclassified
187309,431978,435540,2,9-Mar-09,1500,Unclassified
187309,431978,435540,2,9-Mar-09,1500,Unclassified
187809,433768,434036,2,9-Mar-09,648,A
187809,433768,434036,2,9-Mar-09,648,A
189809,428088,426540,2,9-Mar-09,1425,A
193009,424407,438121,1,9-Mar-09,755,Unclassified
195809,430747,439235,2,9-Mar-09,2120,A
202909,432734,427502,2,9-Mar-09,1800,A
202909,432734,427502,2,9-Mar-09,1800,A
214209,430211,434394,2,9-Mar-09,1950,A(M)
214209,430211,434394,2,9-Mar-09,1950,A(M)
217909,430677,434354,1,9-Mar-09,1605,Unclassified
192209,441106,438632,2,10-Mar-09,1330,Unclassified
192209,441106,438632,2,10-Mar-09,1330,Unclassified
192709,421997,443906,2,10-Mar-09,1415,Unclassified
202309,438833,433909,2,10-Mar-09,2115,Motorway
194609,429785,430628,2,11-Mar-09,903,A
194709,430373,433488,1,11-Mar-09,1648,Unclassified
195309,428511,433041,2,11-Mar-09,2115,B
195309,428511,433041,2,11-Mar-09,2115,B
196509,433194,434016,1,11-Mar-09,1030,A
196509,433194,434016,1,11-Mar-09,1030,A
197709,428417,428692,1,11-Mar-09,2000,A
203009,430128,436279,2,11-Mar-09,1915,A
225509,431883,435145,1,11-Mar-09,1550,Unclassified
198009,428771,433285,2,12-Mar-09,1603,A
198109,430072,433780,1,12-Mar-09,1300,Unclassified
198809,428093,434519,1,12-Mar-09,953,Unclassified
202009,432649,433834,1,12-Mar-09,845,A
203609,434775,437569,1,12-Mar-09,2010,Unclassified
205509,433258,429638,2,12-Mar-09,1435,Motorway
205509,433258,429638,2,12-Mar-09,1435,Motorway
240309,435001,438396,2,12-Mar-09,1101,A
240309,435001,438396,2,12-Mar-09,1101,A
199009,426280,434026,2,13-Mar-09,1220,A
199009,426280,434026,2,13-Mar-09,1220,A
199009,426280,434026,2,13-Mar-09,1220,A
200309,426750,431721,2,13-Mar-09,1645,A
200809,428912,435506,2,13-Mar-09,842,A
200809,428912,435506,2,13-Mar-09,842,A
203109,437077,435233,3,13-Mar-09,2245,Unclassified
205309,430001,434153,2,13-Mar-09,945,A
208009,420858,433408,1,13-Mar-09,1531,Unclassified
209309,428058,426559,2,13-Mar-09,1345,A
209309,428058,426559,2,13-Mar-09,1345,A
211909,432574,438455,2,13-Mar-09,2000,Unclassified
217709,429468,433305,2,13-Mar-09,1600,Unclassified
256409,420582,444897,2,13-Mar-09,1700,Unclassified
256409,420582,444897,2,13-Mar-09,1700,Unclassified
202509,430408,435808,2,14-Mar-09,830,A
202609,421937,443972,2,14-Mar-09,2330,Unclassified
202609,421937,443972,2,14-Mar-09,2330,Unclassified
202609,421937,443972,2,14-Mar-09,2330,Unclassified
206009,428922,429813,2,14-Mar-09,1445,Unclassified
212609,422202,433961,2,14-Mar-09,1550,A
207209,436176,427380,2,15-Mar-09,1445,A
211409,427906,432902,2,15-Mar-09,1805,B
212409,427749,436151,2,15-Mar-09,2130,B
214609,443331,435487,3,15-Mar-09,1115,B
214609,443331,435487,3,15-Mar-09,1115,B
256909,423707,434338,2,15-Mar-09,1615,A
256909,423707,434338,2,15-Mar-09,1615,A
199509,426231,438111,2,16-Mar-09,746,A
201409,423564,433905,1,16-Mar-09,114,Unclassified
207309,430982,433150,2,16-Mar-09,1234,A
211309,426284,435579,2,16-Mar-09,2245,A
211309,426284,435579,2,16-Mar-09,2245,A
213109,427287,433625,1,16-Mar-09,2050,A
213109,427287,433625,1,16-Mar-09,2050,A
214109,424127,444004,3,16-Mar-09,1245,A
214109,424127,444004,3,16-Mar-09,1245,A
214309,434895,433429,2,16-Mar-09,1630,Unclassified
218309,431511,436760,2,16-Mar-09,1535,Unclassified
221609,445317,431687,1,16-Mar-09,1755,A
211609,440849,429211,1,17-Mar-09,1515,Unclassified
212109,430020,434152,1,17-Mar-09,1800,A
214809,424850,443299,2,17-Mar-09,1300,Unclassified
215409,424473,433641,1,17-Mar-09,1800,B
215409,424473,433641,1,17-Mar-09,1800,B
216409,428608,432896,7,17-Mar-09,1550,A
216409,428608,432896,7,17-Mar-09,1550,A
216409,428608,432896,7,17-Mar-09,1550,A
216409,428608,432896,7,17-Mar-09,1550,A
216409,428608,432896,7,17-Mar-09,1550,A
216409,428608,432896,7,17-Mar-09,1550,A
218009,433059,435032,1,17-Mar-09,2008,Unclassified
224209,430821,426514,3,17-Mar-09,928,Motorway
227409,433180,434013,2,17-Mar-09,2240,A
233909,420071,434138,2,17-Mar-09,1530,Unclassified
217009,426298,433230,2,18-Mar-09,2110,Unclassified
225209,428062,435957,2,18-Mar-09,1135,A
234109,438077,427405,2,18-Mar-09,1245,A
234109,438077,427405,2,18-Mar-09,1245,A
214709,425040,433179,2,19-Mar-09,1425,A
218109,426621,428768,2,19-Mar-09,1235,A
218609,429560,423127,1,19-Mar-09,514,Motorway
218709,433008,435564,1,19-Mar-09,33,Unclassified
219009,430436,431155,2,19-Mar-09,1552,Unclassified
219509,435653,436500,2,19-Mar-09,1425,Unclassified
222909,429243,433843,2,19-Mar-09,1650,Unclassified
222909,429243,433843,2,19-Mar-09,1650,Unclassified
223309,434802,428891,2,19-Mar-09,2205,Unclassified
223309,434802,428891,2,19-Mar-09,2205,Unclassified
223309,434802,428891,2,19-Mar-09,2205,Unclassified
223909,431499,425082,4,19-Mar-09,1605,Motorway
223909,431499,425082,4,19-Mar-09,1605,Motorway
223909,431499,425082,4,19-Mar-09,1605,Motorway
283409,427164,433573,2,19-Mar-09,1140,Unclassified
223709,423013,437656,2,20-Mar-09,1312,A
225009,430787,435294,2,20-Mar-09,905,Unclassified
225109,425923,437955,1,20-Mar-09,1855,Unclassified
227309,427896,436196,2,20-Mar-09,1100,A
229109,431192,433709,2,20-Mar-09,705,A(M)
222009,426057,436183,1,21-Mar-09,1445,A
222609,427096,434808,2,21-Mar-09,1325,A
224509,431524,434995,2,21-Mar-09,1245,Unclassified
224509,431524,434995,2,21-Mar-09,1245,Unclassified
225709,442248,443245,1,21-Mar-09,535,Unclassified
235809,433357,428847,1,21-Mar-09,505,Unclassified
235809,433357,428847,1,21-Mar-09,505,Unclassified
224009,440131,432359,3,22-Mar-09,1240,A
224009,440131,432359,3,22-Mar-09,1240,A
253709,429396,431351,2,22-Mar-09,2050,Unclassified
255909,430865,434188,2,22-Mar-09,1445,A
256809,440588,448695,2,22-Mar-09,1300,B
231509,436441,434699,1,23-Mar-09,1535,Unclassified
228009,430090,431300,2,24-Mar-09,1004,A
237209,430232,436107,2,24-Mar-09,1755,A
234409,427942,426450,2,25-Mar-09,1655,A
234409,427942,426450,2,25-Mar-09,1655,A
236309,429057,433657,2,25-Mar-09,1437,A
236309,429057,433657,2,25-Mar-09,1437,A
236609,427946,436111,1,25-Mar-09,1918,A
237309,432027,435882,2,25-Mar-09,1245,Unclassified
237309,432027,435882,2,25-Mar-09,1245,Unclassified
237309,432027,435882,2,25-Mar-09,1245,Unclassified
237309,432027,435882,2,25-Mar-09,1245,Unclassified
237309,432027,435882,2,25-Mar-09,1245,Unclassified
237509,430990,433469,1,25-Mar-09,1305,A
241509,430851,434104,2,25-Mar-09,1330,A
250409,428763,434065,4,25-Mar-09,1813,Unclassified
250409,428763,434065,4,25-Mar-09,1813,Unclassified
250409,428763,434065,4,25-Mar-09,1813,Unclassified
261609,437515,433188,2,25-Mar-09,735,A
236009,430013,430966,1,26-Mar-09,1700,A
236909,430027,433362,1,26-Mar-09,1000,Unclassified
240909,431252,433804,2,26-Mar-09,1845,Unclassified
240909,431252,433804,2,26-Mar-09,1845,Unclassified
240909,431252,433804,2,26-Mar-09,1845,Unclassified
241709,439139,447070,2,26-Mar-09,910,Unclassified
242209,434621,441226,2,26-Mar-09,1840,Unclassified
245209,428098,436386,2,26-Mar-09,2350,Unclassified
247109,424249,428209,2,26-Mar-09,1730,A
247109,424249,428209,2,26-Mar-09,1730,A
247109,424249,428209,2,26-Mar-09,1730,A
247109,424249,428209,2,26-Mar-09,1730,A
257109,420311,445745,2,26-Mar-09,1410,Unclassified
344809,428777,435282,1,26-Mar-09,820,Unclassified
344809,428777,435282,1,26-Mar-09,820,Unclassified
237009,428096,434522,2,27-Mar-09,830,Unclassified
242009,436500,434035,3,27-Mar-09,1020,A
242009,436500,434035,3,27-Mar-09,1020,A
256709,426456,435795,1,27-Mar-09,735,Unclassified
257509,428469,435198,2,27-Mar-09,1918,Unclassified
257509,428469,435198,2,27-Mar-09,1918,Unclassified
258809,428913,434797,1,27-Mar-09,2044,Unclassified
258809,428913,434797,1,27-Mar-09,2044,Unclassified
241209,430205,431982,1,28-Mar-09,930,A
241409,430370,433485,1,28-Mar-09,1344,Unclassified
244509,430537,433450,2,28-Mar-09,225,Unclassified
244509,430537,433450,2,28-Mar-09,225,Unclassified
245509,440422,447903,3,28-Mar-09,1155,A
245509,440422,447903,3,28-Mar-09,1155,A
245509,440422,447903,3,28-Mar-09,1155,A
245509,440422,447903,3,28-Mar-09,1155,A
250809,429908,436997,2,28-Mar-09,1715,A
250809,429908,436997,2,28-Mar-09,1715,A
250809,429908,436997,2,28-Mar-09,1715,A
250809,429908,436997,2,28-Mar-09,1715,A
244009,424551,433725,1,29-Mar-09,130,A
257809,426954,432284,1,29-Mar-09,1300,Unclassified
264409,428403,424596,2,29-Mar-09,400,Unclassified
344909,433251,437527,2,29-Mar-09,1602,Unclassified
258309,437761,433087,1,30-Mar-09,1355,A
251509,435106,433513,1,31-Mar-09,730,Unclassified
253409,429691,433788,2,31-Mar-09,1443,Unclassified
253509,427925,437242,2,31-Mar-09,1500,Unclassified
254009,426426,433925,1,31-Mar-09,1720,Unclassified
257609,424643,433557,2,31-Mar-09,1150,A
257609,424643,433557,2,31-Mar-09,1150,A
258009,428347,429533,2,31-Mar-09,1600,A
259109,422293,436825,2,31-Mar-09,1720,A
262109,430654,434558,2,31-Mar-09,2350,Unclassified
262109,430654,434558,2,31-Mar-09,2350,Unclassified
262109,430654,434558,2,31-Mar-09,2350,Unclassified
262109,430654,434558,2,31-Mar-09,2350,Unclassified
262109,430654,434558,2,31-Mar-09,2350,Unclassified
258509,432524,433755,2,1-Apr-09,834,Unclassified
258509,432524,433755,2,1-Apr-09,834,Unclassified
258509,432524,433755,2,1-Apr-09,834,Unclassified
258509,432524,433755,2,1-Apr-09,834,Unclassified
258609,429201,438471,1,1-Apr-09,1855,Unclassified
260209,427094,432827,1,1-Apr-09,845,Unclassified
257909,430389,434209,2,2-Apr-09,810,Unclassified
258909,422813,428224,2,2-Apr-09,716,Unclassified
259209,435247,434842,2,2-Apr-09,900,A
259909,431204,434750,2,2-Apr-09,1450,Unclassified
261109,434516,432798,1,2-Apr-09,1740,Unclassified
261809,422711,434732,2,2-Apr-09,2000,B
261809,422711,434732,2,2-Apr-09,2000,B
262609,424424,435278,1,2-Apr-09,1636,A
262709,429158,435213,2,2-Apr-09,2225,A
262709,429158,435213,2,2-Apr-09,2225,A
262709,429158,435213,2,2-Apr-09,2225,A
262709,429158,435213,2,2-Apr-09,2225,A
262709,429158,435213,2,2-Apr-09,2225,A
265109,424560,444252,2,2-Apr-09,2310,A
265109,424560,444252,2,2-Apr-09,2310,A
270309,430333,426440,4,2-Apr-09,824,Motorway
270309,430333,426440,4,2-Apr-09,824,Motorway
264509,428836,426353,1,3-Apr-09,1700,Unclassified
264709,431235,432323,2,3-Apr-09,1706,A
265909,424120,431609,1,3-Apr-09,1735,Unclassified
268109,429890,434730,2,3-Apr-09,1715,Unclassified
259409,429001,433557,2,4-Apr-09,1125,A
259409,429001,433557,2,4-Apr-09,1125,A
264309,431650,436116,2,4-Apr-09,1640,B
265309,431196,435478,1,4-Apr-09,1945,Unclassified
265609,418805,442399,1,4-Apr-09,2130,Unclassified
279109,428929,432001,3,4-Apr-09,952,Unclassified
286609,429310,435026,1,4-Apr-09,1815,A
308509,421577,436000,2,4-Apr-09,1520,A
263409,436205,436839,2,5-Apr-09,1940,A
263409,436205,436839,2,5-Apr-09,1940,A
263409,436205,436839,2,5-Apr-09,1940,A
263409,436205,436839,2,5-Apr-09,1940,A
263409,436205,436839,2,5-Apr-09,1940,A
264209,430329,433329,1,5-Apr-09,140,Unclassified
269609,424886,444606,2,5-Apr-09,1550,A
277009,427543,432903,1,5-Apr-09,1915,Unclassified
277009,427543,432903,1,5-Apr-09,1915,Unclassified
269209,428852,433990,2,6-Apr-09,1945,Unclassified
270209,421539,435948,3,6-Apr-09,1658,A
272309,430731,434283,2,6-Apr-09,1125,Unclassified
272309,430731,434283,2,6-Apr-09,1125,Unclassified
272509,431444,432701,2,6-Apr-09,1319,A
272509,431444,432701,2,6-Apr-09,1319,A
273009,425702,426862,2,6-Apr-09,1520,A
273909,422765,445542,2,6-Apr-09,1600,A
273909,422765,445542,2,6-Apr-09,1600,A
274609,429891,434519,2,6-Apr-09,1900,A
283509,430791,438688,1,6-Apr-09,940,Unclassified
320209,443136,439819,2,6-Apr-09,554,A(M)
274109,433592,435610,1,7-Apr-09,1425,Unclassified
275809,430370,433941,2,7-Apr-09,1303,A(M)
275809,430370,433941,2,7-Apr-09,1303,A(M)
290309,431327,438631,2,7-Apr-09,1815,Unclassified
277209,422250,436363,2,8-Apr-09,1223,A
284909,435547,438365,2,8-Apr-09,1205,Unclassified
285609,441282,431079,1,9-Apr-09,1815,B
286309,430715,434288,2,9-Apr-09,620,Unclassified
286309,430715,434288,2,9-Apr-09,620,Unclassified
286509,428059,433561,1,9-Apr-09,1740,A
406509,439867,427273,2,9-Apr-09,2030,Unclassified
406509,439867,427273,2,9-Apr-09,2030,Unclassified
277309,424046,430387,1,10-Apr-09,150,A
286809,429698,433426,1,10-Apr-09,2255,Unclassified
392709,425144,437875,2,10-Apr-09,1715,A
280109,428446,429073,1,11-Apr-09,1535,A
280109,428446,429073,1,11-Apr-09,1535,A
285709,432137,438849,1,11-Apr-09,940,Unclassified
287009,440840,445870,3,11-Apr-09,1051,A(M)
287009,440840,445870,3,11-Apr-09,1051,A(M)
290909,419544,441599,2,11-Apr-09,1445,A
295509,426290,435692,2,11-Apr-09,1440,A
304109,434257,433802,2,11-Apr-09,1530,Unclassified
304109,434257,433802,2,11-Apr-09,1530,Unclassified
285809,433167,434031,2,12-Apr-09,30,A
285809,433167,434031,2,12-Apr-09,30,A
285809,433167,434031,2,12-Apr-09,30,A
286009,436682,436632,1,12-Apr-09,2020,Unclassified
286209,435744,443414,2,12-Apr-09,1521,Unclassified
286209,435744,443414,2,12-Apr-09,1521,Unclassified
286209,435744,443414,2,12-Apr-09,1521,Unclassified
286209,435744,443414,2,12-Apr-09,1521,Unclassified
286709,431969,435824,2,12-Apr-09,2345,A
286709,431969,435824,2,12-Apr-09,2345,A
286709,431969,435824,2,12-Apr-09,2345,A
286709,431969,435824,2,12-Apr-09,2345,A
288409,425115,433769,1,12-Apr-09,1812,Unclassified
288409,425115,433769,1,12-Apr-09,1812,Unclassified
289909,432378,437421,2,12-Apr-09,1520,Unclassified
280209,436809,436503,2,13-Apr-09,2020,Unclassified
287309,428391,426416,2,13-Apr-09,1720,Motorway
301009,436157,433573,2,13-Apr-09,1605,Unclassified
301209,431225,433708,2,13-Apr-09,1940,Unclassified
304309,425965,439207,1,13-Apr-09,1655,Unclassified
311609,432509,427307,2,13-Apr-09,2311,A
311609,432509,427307,2,13-Apr-09,2311,A
311609,432509,427307,2,13-Apr-09,2311,A
311609,432509,427307,2,13-Apr-09,2311,A
287709,430003,431790,2,14-Apr-09,1220,Unclassified
288209,428040,431881,2,14-Apr-09,1525,Unclassified
289309,435064,428910,3,14-Apr-09,1215,Unclassified
289309,435064,428910,3,14-Apr-09,1215,Unclassified
289309,435064,428910,3,14-Apr-09,1215,Unclassified
291409,421004,441151,1,14-Apr-09,1430,Unclassified
301609,423835,429490,2,14-Apr-09,1945,B
301609,423835,429490,2,14-Apr-09,1945,B
312909,432515,427319,2,14-Apr-09,945,A
293309,427817,436326,1,15-Apr-09,1240,A
295209,429230,433660,6,15-Apr-09,1440,A(M)
295209,429230,433660,6,15-Apr-09,1440,A(M)
295209,429230,433660,6,15-Apr-09,1440,A(M)
295209,429230,433660,6,15-Apr-09,1440,A(M)
295209,429230,433660,6,15-Apr-09,1440,A(M)
295209,429230,433660,6,15-Apr-09,1440,A(M)
295909,424186,428202,2,15-Apr-09,1140,A
298809,431165,431439,1,15-Apr-09,1136,Unclassified
367809,440392,433057,1,15-Apr-09,1042,B
296309,430068,433822,2,16-Apr-09,230,Unclassified
299309,428543,437391,2,16-Apr-09,815,Unclassified
300409,432481,430704,2,16-Apr-09,2030,B
300409,432481,430704,2,16-Apr-09,2030,B
305609,429444,434909,2,16-Apr-09,1510,A
300609,434718,442616,2,18-Apr-09,2122,Unclassified
300609,434718,442616,2,18-Apr-09,2122,Unclassified
300609,434718,442616,2,18-Apr-09,2122,Unclassified
300609,434718,442616,2,18-Apr-09,2122,Unclassified
300709,432436,436328,1,18-Apr-09,1435,Unclassified
300809,431891,434950,2,18-Apr-09,1635,Unclassified
304909,434539,433283,1,18-Apr-09,1204,Unclassified
305809,427785,430686,2,18-Apr-09,950,A
305809,427785,430686,2,18-Apr-09,950,A
306409,426375,427760,2,18-Apr-09,1230,Unclassified
306809,427967,431940,1,18-Apr-09,1410,A
306909,429453,431243,1,18-Apr-09,1545,Unclassified
307009,429556,427698,1,18-Apr-09,1805,Unclassified
379509,430750,433455,2,18-Apr-09,1600,Unclassified
379509,430750,433455,2,18-Apr-09,1600,Unclassified
379509,430750,433455,2,18-Apr-09,1600,Unclassified
379509,430750,433455,2,18-Apr-09,1600,Unclassified
307709,429805,434424,2,20-Apr-09,1140,A
308109,434571,428654,3,20-Apr-09,1805,Unclassified
308209,428630,434178,2,20-Apr-09,1350,Unclassified
308409,426126,435588,2,20-Apr-09,1130,B
312009,435382,437391,2,20-Apr-09,1015,A
312509,426644,433492,1,20-Apr-09,1519,Unclassified
313609,429107,436244,2,20-Apr-09,836,Unclassified
313609,429107,436244,2,20-Apr-09,836,Unclassified
313609,429107,436244,2,20-Apr-09,836,Unclassified
314809,430150,438252,2,20-Apr-09,1402,A
314809,430150,438252,2,20-Apr-09,1402,A
314809,430150,438252,2,20-Apr-09,1402,A
314809,430150,438252,2,20-Apr-09,1402,A
316609,423872,433677,2,20-Apr-09,1518,Unclassified
316609,423872,433677,2,20-Apr-09,1518,Unclassified
317409,428718,435611,2,20-Apr-09,1220,A
322009,438167,427371,1,20-Apr-09,1603,A
322009,438167,427371,1,20-Apr-09,1603,A
322009,438167,427371,1,20-Apr-09,1603,A
374709,429870,427000,2,20-Apr-09,1915,A
310809,431599,439583,2,21-Apr-09,1915,Unclassified
315309,441360,430950,2,21-Apr-09,1510,B
318609,415989,442974,2,21-Apr-09,1633,Unclassified
318609,415989,442974,2,21-Apr-09,1633,Unclassified
318609,415989,442974,2,21-Apr-09,1633,Unclassified
322609,428478,435151,2,21-Apr-09,1845,Unclassified
329809,430465,435396,3,21-Apr-09,1320,A
344609,429932,433499,1,21-Apr-09,1050,Unclassified
316209,429147,433500,3,22-Apr-09,1750,Unclassified
316909,428001,436006,2,22-Apr-09,1740,A
318309,440544,448172,3,22-Apr-09,1415,Unclassified
318309,440544,448172,3,22-Apr-09,1415,Unclassified
318509,428177,429475,1,22-Apr-09,1242,Unclassified
319609,430437,434354,2,22-Apr-09,1450,Unclassified
324109,428382,436742,2,22-Apr-09,2310,B
486709,434143,428874,2,22-Apr-09,2309,Unclassified
318209,437502,433247,2,23-Apr-09,1130,A
318209,437502,433247,2,23-Apr-09,1130,A
318209,437502,433247,2,23-Apr-09,1130,A
327809,432298,434645,1,23-Apr-09,1710,Unclassified
345309,432515,427320,3,23-Apr-09,1542,A
345309,432515,427320,3,23-Apr-09,1542,A
345309,432515,427320,3,23-Apr-09,1542,A
345309,432515,427320,3,23-Apr-09,1542,A
315809,431882,429195,1,24-Apr-09,225,Unclassified
315809,431882,429195,1,24-Apr-09,225,Unclassified
322309,428029,435981,1,24-Apr-09,1345,A
322809,424983,438809,1,24-Apr-09,1700,Unclassified
325009,428379,434400,2,24-Apr-09,1545,Unclassified
326709,422672,432349,2,24-Apr-09,2110,Unclassified
326809,422120,438631,2,24-Apr-09,830,A
327609,440956,445675,2,24-Apr-09,915,A
327609,440956,445675,2,24-Apr-09,915,A
616809,425836,426292,2,24-Apr-09,2140,Motorway
321309,437814,429825,3,25-Apr-09,1803,A
321309,437814,429825,3,25-Apr-09,1803,A
321309,437814,429825,3,25-Apr-09,1803,A
321309,437814,429825,3,25-Apr-09,1803,A
321309,437814,429825,3,25-Apr-09,1803,A
324609,421271,441399,2,25-Apr-09,1440,Unclassified
324609,421271,441399,2,25-Apr-09,1440,Unclassified
325309,430276,433779,2,25-Apr-09,2345,Unclassified
325509,430806,433873,1,25-Apr-09,2325,A
326509,438570,433806,1,25-Apr-09,303,Motorway
328609,428530,431528,2,25-Apr-09,1215,A
329109,431636,435163,2,25-Apr-09,1643,Unclassified
329409,430646,434654,4,25-Apr-09,2350,A
329409,430646,434654,4,25-Apr-09,2350,A
329409,430646,434654,4,25-Apr-09,2350,A
344109,432192,444971,2,25-Apr-09,1320,A
344109,432192,444971,2,25-Apr-09,1320,A
344109,432192,444971,2,25-Apr-09,1320,A
438209,435962,435449,2,25-Apr-09,30,A
325909,428963,433913,2,26-Apr-09,240,Unclassified
325909,428963,433913,2,26-Apr-09,240,Unclassified
330309,439677,427189,1,26-Apr-09,2044,Unclassified
332609,432271,426317,1,26-Apr-09,527,Motorway
332609,432271,426317,1,26-Apr-09,527,Motorway
333109,435120,425904,2,26-Apr-09,749,Motorway
336909,430050,433787,1,26-Apr-09,1905,Unclassified
330609,434634,434647,2,27-Apr-09,1120,Unclassified
331009,430186,433391,1,27-Apr-09,1615,Unclassified
331309,429130,433561,2,27-Apr-09,2020,A
347609,431103,433654,2,27-Apr-09,1053,A
347609,431103,433654,2,27-Apr-09,1053,A
347609,431103,433654,2,27-Apr-09,1053,A
347609,431103,433654,2,27-Apr-09,1053,A
352309,433261,429617,1,27-Apr-09,2030,Motorway
379809,431270,432348,2,27-Apr-09,1635,A
342609,445395,431761,1,28-Apr-09,1907,A(M)
342909,428059,435959,2,28-Apr-09,1455,A
346009,432669,438158,2,28-Apr-09,800,Unclassified
346809,433306,434031,2,28-Apr-09,1730,A
347509,442860,441968,2,28-Apr-09,1255,A(M)
362509,429017,433472,2,28-Apr-09,748,A
413909,428417,424101,1,28-Apr-09,1655,Unclassified
334809,429400,432219,2,29-Apr-09,1410,Unclassified
334809,429400,432219,2,29-Apr-09,1410,Unclassified
335609,428331,435751,2,29-Apr-09,1830,A
337409,425161,437878,2,29-Apr-09,2310,A
344009,433765,434402,1,29-Apr-09,1925,Unclassified
345709,427326,437196,3,29-Apr-09,1830,A
346509,441097,433561,2,29-Apr-09,1510,Unclassified
350109,442099,445188,1,29-Apr-09,1543,Unclassified
358109,423474,434033,1,29-Apr-09,830,Unclassified
339109,429641,434771,2,30-Apr-09,1625,A
339109,429641,434771,2,30-Apr-09,1625,A
341909,427323,425904,1,30-Apr-09,830,A
346109,420085,439080,1,30-Apr-09,1330,A
347309,433362,436188,1,30-Apr-09,1535,Unclassified
348309,440840,445874,2,30-Apr-09,1215,A(M)
348309,440840,445874,2,30-Apr-09,1215,A(M)
363309,428151,432789,1,30-Apr-09,1805,B
342709,445250,427974,3,1-May-09,1930,Unclassified
342709,445250,427974,3,1-May-09,1930,Unclassified
344309,426269,435813,1,1-May-09,55,A
344509,439776,433152,2,1-May-09,1648,A
345009,426068,431587,2,1-May-09,1300,A
345209,440965,445663,2,1-May-09,1419,A(M)
345209,440965,445663,2,1-May-09,1419,A(M)
345509,429266,437224,2,1-May-09,900,Unclassified
346309,428124,434503,2,1-May-09,850,Unclassified
346909,422980,432937,2,1-May-09,1900,Unclassified
346909,422980,432937,2,1-May-09,1900,Unclassified
346909,422980,432937,2,1-May-09,1900,Unclassified
349109,429597,432561,2,1-May-09,1145,Unclassified
354409,440874,429219,2,1-May-09,820,Unclassified
354409,440874,429219,2,1-May-09,820,Unclassified
357609,427160,438314,2,1-May-09,715,A
471409,427197,433516,1,1-May-09,1010,Unclassified
345409,436954,435625,2,2-May-09,1430,Unclassified
349509,430839,433999,2,2-May-09,1400,A
349509,430839,433999,2,2-May-09,1400,A
350009,431508,435120,2,2-May-09,1310,Unclassified
349809,427449,431265,1,3-May-09,435,A
353009,430418,434276,1,3-May-09,2135,Unclassified
353509,433006,427611,2,3-May-09,1930,A
353709,428954,435474,2,3-May-09,1855,A
353909,423566,437890,2,3-May-09,1235,Unclassified
350509,428457,429074,2,4-May-09,1653,A
350909,429033,432423,1,4-May-09,1255,Unclassified
350909,429033,432423,1,4-May-09,1255,Unclassified
354009,422929,443086,2,4-May-09,945,A
354009,422929,443086,2,4-May-09,945,A
414009,434272,435306,3,4-May-09,345,Unclassified
347809,441111,445751,1,5-May-09,15,A
347809,441111,445751,1,5-May-09,15,A
351809,430062,433709,1,5-May-09,950,Unclassified
353109,429163,433959,2,5-May-09,1130,Unclassified
354309,428585,431548,2,5-May-09,650,A
357809,431759,434884,2,5-May-09,1540,Unclassified
358009,432025,435333,2,5-May-09,1537,Unclassified
359609,432535,443142,2,5-May-09,1008,A
359609,432535,443142,2,5-May-09,1008,A
360809,435583,435684,1,5-May-09,1515,Unclassified
367509,431177,434981,2,5-May-09,745,A
367509,431177,434981,2,5-May-09,745,A
384809,434381,435252,1,5-May-09,2050,Unclassified
474709,427074,433507,1,5-May-09,1710,Unclassified
352609,425121,432402,1,6-May-09,1950,Unclassified
356509,431040,431369,2,6-May-09,1230,Unclassified
358309,429109,436248,2,6-May-09,1550,Unclassified
358409,428106,426257,2,6-May-09,1525,A
358909,425742,435658,1,6-May-09,118,B
359009,429999,434135,1,6-May-09,1850,A
359309,431083,429661,1,6-May-09,1610,Unclassified
370609,422470,432924,1,6-May-09,750,Unclassified
379609,441051,432044,2,6-May-09,1925,A
379609,441051,432044,2,6-May-09,1925,A
363709,428457,429079,2,7-May-09,1610,A
364209,424075,434507,2,7-May-09,920,Unclassified
364209,424075,434507,2,7-May-09,920,Unclassified
368109,432239,444849,3,7-May-09,1325,A
368109,432239,444849,3,7-May-09,1325,A
370909,429320,426406,2,7-May-09,716,Motorway
379309,432375,438796,2,7-May-09,1025,Unclassified
379009,443227,433190,2,8-May-09,2042,Unclassified
379009,443227,433190,2,8-May-09,2042,Unclassified
379009,443227,433190,2,8-May-09,2042,Unclassified
431509,433528,429794,1,8-May-09,505,A
604109,425938,435563,2,8-May-09,2150,B
364109,426015,437493,2,9-May-09,1740,Unclassified
364109,426015,437493,2,9-May-09,1740,Unclassified
364109,426015,437493,2,9-May-09,1740,Unclassified
364109,426015,437493,2,9-May-09,1740,Unclassified
364109,426015,437493,2,9-May-09,1740,Unclassified
370509,429953,433128,1,9-May-09,215,Unclassified
372809,429796,433780,2,9-May-09,1714,Unclassified
374809,427808,435824,2,9-May-09,240,Unclassified
378109,440389,433268,1,9-May-09,1300,B
364509,428225,435782,1,10-May-09,155,A
364509,428225,435782,1,10-May-09,155,A
368409,423460,434023,3,10-May-09,2030,Unclassified
370009,427100,433694,1,10-May-09,1534,A
371709,430188,434360,4,10-May-09,1958,A(M)
371709,430188,434360,4,10-May-09,1958,A(M)
371709,430188,434360,4,10-May-09,1958,A(M)
415009,432849,438722,3,10-May-09,1525,Unclassified
373109,426736,433835,2,11-May-09,1500,A
373309,426443,433867,1,11-May-09,1745,Unclassified
375909,426070,440082,2,11-May-09,1805,Unclassified
376309,430951,428236,1,11-May-09,1325,Unclassified
376409,424132,428232,2,11-May-09,1625,A
382109,425037,434399,1,11-May-09,1140,A
382809,439252,432416,1,11-May-09,2140,A
395509,429580,430353,2,11-May-09,751,A
422609,428693,435249,2,11-May-09,1830,Unclassified
377709,442182,430333,2,12-May-09,1730,Unclassified
380109,434355,434347,1,12-May-09,1729,A
380309,428857,432534,2,12-May-09,1810,A
380309,428857,432534,2,12-May-09,1810,A
382209,420296,434227,2,12-May-09,1515,A
382309,428099,434756,2,12-May-09,940,Unclassified
382309,428099,434756,2,12-May-09,940,Unclassified
401009,431876,436032,1,12-May-09,1715,Unclassified
383109,432531,443137,2,13-May-09,750,A
383509,424163,428142,2,13-May-09,1340,A
383509,424163,428142,2,13-May-09,1340,A
399809,429905,434282,2,14-May-09,1525,A
406809,428503,433186,2,14-May-09,1355,A
406809,428503,433186,2,14-May-09,1355,A
481609,429632,431968,1,14-May-09,1620,Unclassified
384909,430436,433457,2,15-May-09,330,Unclassified
384909,430436,433457,2,15-May-09,330,Unclassified
384909,430436,433457,2,15-May-09,330,Unclassified
385309,430147,432827,2,15-May-09,856,A
385309,430147,432827,2,15-May-09,856,A
387709,430496,433712,1,15-May-09,1320,Unclassified
387909,430491,431158,2,15-May-09,1720,Unclassified
388409,428984,430932,2,15-May-09,1300,Unclassified
388409,428984,430932,2,15-May-09,1300,Unclassified
388409,428984,430932,2,15-May-09,1300,Unclassified
390209,445402,431760,3,15-May-09,907,A(M)
390409,436381,433645,1,15-May-09,1800,Unclassified
390509,425717,435157,2,15-May-09,715,Unclassified
390509,425717,435157,2,15-May-09,715,Unclassified
390509,425717,435157,2,15-May-09,715,Unclassified
390509,425717,435157,2,15-May-09,715,Unclassified
390509,425717,435157,2,15-May-09,715,Unclassified
391109,433311,441762,2,15-May-09,1725,Unclassified
391109,433311,441762,2,15-May-09,1725,Unclassified
391309,427593,435930,2,15-May-09,1140,B
391309,427593,435930,2,15-May-09,1140,B
395309,430760,424364,2,15-May-09,1155,A
402209,433270,429616,1,15-May-09,535,Motorway
402209,433270,429616,1,15-May-09,535,Motorway
405809,427666,435305,2,15-May-09,1630,Unclassified
387509,441080,445560,2,16-May-09,1130,A(M)
390709,434521,436328,1,16-May-09,1530,Unclassified
394309,431503,430574,1,16-May-09,1640,Unclassified
389509,429343,437358,2,17-May-09,1550,Unclassified
389509,429343,437358,2,17-May-09,1550,Unclassified
389909,431928,432895,2,17-May-09,1505,Unclassified
398709,434106,433729,1,17-May-09,1230,Unclassified
409409,430827,433531,1,17-May-09,2330,Unclassified
393309,427065,431798,2,18-May-09,1700,A
395409,425136,433910,1,18-May-09,1720,Unclassified
399909,435544,438367,2,18-May-09,1340,Unclassified
402109,428750,436966,2,18-May-09,1328,Unclassified
412009,428227,436523,2,18-May-09,1900,B
647109,431967,435829,2,18-May-09,1810,A
647109,431967,435829,2,18-May-09,1810,A
394709,421977,436511,2,19-May-09,1333,A
397509,424673,427575,6,19-May-09,630,Motorway
397509,424673,427575,6,19-May-09,630,Motorway
397509,424673,427575,6,19-May-09,630,Motorway
397509,424673,427575,6,19-May-09,630,Motorway
397509,424673,427575,6,19-May-09,630,Motorway
397509,424673,427575,6,19-May-09,630,Motorway
397509,424673,427575,6,19-May-09,630,Motorway
398309,431017,431517,3,19-May-09,1330,Unclassified
398309,431017,431517,3,19-May-09,1330,Unclassified
398309,431017,431517,3,19-May-09,1330,Unclassified
398909,430663,433602,2,19-May-09,730,Unclassified
400009,426367,431777,2,19-May-09,1800,Unclassified
404509,431878,435121,1,19-May-09,1947,Unclassified
400509,429646,432926,2,20-May-09,1545,Unclassified
400509,429646,432926,2,20-May-09,1545,Unclassified
400509,429646,432926,2,20-May-09,1545,Unclassified
400909,429830,433926,1,20-May-09,1825,Unclassified
401709,435820,435761,2,20-May-09,2220,Unclassified
402909,420323,445538,2,20-May-09,1715,Unclassified
405209,432823,435664,2,20-May-09,2023,Unclassified
403809,431757,431166,2,21-May-09,2130,Unclassified
403809,431757,431166,2,21-May-09,2130,Unclassified
408909,423084,433821,1,21-May-09,1923,Unclassified
410209,429101,434717,2,21-May-09,1400,Unclassified
412509,428236,436521,2,21-May-09,1730,B
413009,439126,430585,2,21-May-09,2215,Unclassified
413409,432440,435189,1,21-May-09,915,Unclassified
413409,432440,435189,1,21-May-09,915,Unclassified
413709,432306,434539,2,21-May-09,835,Unclassified
413709,432306,434539,2,21-May-09,835,Unclassified
443109,432542,434154,1,21-May-09,1712,Unclassified
515609,430479,435444,2,21-May-09,1325,A
515609,430479,435444,2,21-May-09,1325,A
515609,430479,435444,2,21-May-09,1325,A
403709,430381,433481,1,22-May-09,1115,Unclassified
406609,434511,434412,1,22-May-09,1615,A
407909,430374,433494,1,22-May-09,1421,Unclassified
408309,430814,435376,2,22-May-09,955,Unclassified
417909,432190,428921,3,22-May-09,532,Motorway
419409,419505,433656,1,22-May-09,740,Unclassified
403109,425924,439416,1,23-May-09,1330,Unclassified
403109,425924,439416,1,23-May-09,1330,Unclassified
403409,430363,433547,1,23-May-09,920,Unclassified
408009,428961,433435,2,23-May-09,1545,Unclassified
408609,421185,440203,1,23-May-09,1320,B
410109,431771,435536,2,23-May-09,1450,A
411609,431968,435825,2,23-May-09,1400,A
411609,431968,435825,2,23-May-09,1400,A
413209,431762,435517,3,23-May-09,1500,A
413209,431762,435517,3,23-May-09,1500,A
413209,431762,435517,3,23-May-09,1500,A
415109,440944,428428,2,23-May-09,1930,Unclassified
425309,433490,435139,2,23-May-09,614,Unclassified
469009,431585,440362,5,23-May-09,25,Unclassified
409709,428118,435899,2,24-May-09,1230,A
412809,428925,429829,2,24-May-09,1545,A
413809,432174,434628,2,24-May-09,1610,Unclassified
413809,432174,434628,2,24-May-09,1610,Unclassified
413809,432174,434628,2,24-May-09,1610,Unclassified
423809,425480,434193,3,24-May-09,2248,Unclassified
450509,429834,428083,1,24-May-09,2050,Unclassified
412209,430263,434068,1,25-May-09,900,Unclassified
413609,429136,436751,2,25-May-09,1930,B
415909,432744,437642,1,25-May-09,1350,Unclassified
416009,427225,429456,2,25-May-09,1323,Unclassified
416409,429409,433921,3,25-May-09,1310,A
416409,429409,433921,3,25-May-09,1310,A
433109,427954,435305,2,25-May-09,15,Unclassified
451709,426285,432004,2,25-May-09,15,Unclassified
415509,434592,435643,2,26-May-09,2230,Unclassified
416109,432193,434636,1,26-May-09,1815,Unclassified
419609,424085,428073,2,26-May-09,2115,A
423009,431121,433671,1,26-May-09,1407,A
423909,430411,433744,1,27-May-09,1400,Unclassified
425109,432715,438967,2,27-May-09,1640,Unclassified
425109,432715,438967,2,27-May-09,1640,Unclassified
425509,440021,428785,1,27-May-09,2030,Unclassified
425509,440021,428785,1,27-May-09,2030,Unclassified
428809,432206,438846,1,27-May-09,1230,Unclassified
423609,428434,431329,1,28-May-09,1340,A
425709,436233,435849,1,28-May-09,1745,Unclassified
434709,440365,448138,1,28-May-09,1020,A
469809,428843,435545,3,28-May-09,1350,A
536709,430660,433453,1,28-May-09,1545,Unclassified
423209,423475,434032,2,29-May-09,1228,Unclassified
423209,423475,434032,2,29-May-09,1228,Unclassified
423209,423475,434032,2,29-May-09,1228,Unclassified
423209,423475,434032,2,29-May-09,1228,Unclassified
423709,421332,432740,2,29-May-09,1530,Unclassified
427909,442613,427576,1,29-May-09,1600,A
430209,444440,432696,2,29-May-09,1920,Unclassified
452809,432090,435620,2,29-May-09,1735,B
452809,432090,435620,2,29-May-09,1735,B
452809,432090,435620,2,29-May-09,1735,B
422909,423853,434676,1,30-May-09,1110,Unclassified
426109,431095,433727,2,30-May-09,1950,A(M)
426109,431095,433727,2,30-May-09,1950,A(M)
431109,433551,445024,2,30-May-09,1730,A
431109,433551,445024,2,30-May-09,1730,A
432709,430790,433471,1,30-May-09,1426,A
432909,428456,429079,2,30-May-09,1330,A
432909,428456,429079,2,30-May-09,1330,A
438809,429118,428125,1,30-May-09,1025,Unclassified
476209,425906,436258,2,30-May-09,1120,A
549809,432944,426586,2,30-May-09,145,A
426709,424638,433559,3,31-May-09,1140,A
426709,424638,433559,3,31-May-09,1140,A
433009,431995,429075,2,31-May-09,1900,Unclassified
433009,431995,429075,2,31-May-09,1900,Unclassified
441909,422875,439313,2,31-May-09,1457,Unclassified
441909,422875,439313,2,31-May-09,1457,Unclassified
441909,422875,439313,2,31-May-09,1457,Unclassified
441909,422875,439313,2,31-May-09,1457,Unclassified
433309,429684,430763,1,1-Jun-09,1930,Unclassified
434809,427296,433634,2,1-Jun-09,1710,A
438409,437471,431274,1,1-Jun-09,1750,Motorway
446009,423989,438139,1,1-Jun-09,1550,Unclassified
446309,444190,433884,1,1-Jun-09,110,A(M)
446309,444190,433884,1,1-Jun-09,110,A(M)
451609,426977,432308,2,1-Jun-09,858,Unclassified
433709,430162,433766,1,2-Jun-09,1030,Unclassified
433709,430162,433766,1,2-Jun-09,1030,Unclassified
434309,427547,431985,2,2-Jun-09,715,A
446709,438731,429963,2,2-Jun-09,2030,Unclassified
450009,428455,429067,2,2-Jun-09,1645,A
454209,437525,433018,1,2-Jun-09,2327,Unclassified
454709,420577,440162,2,2-Jun-09,1740,A
438509,430761,433525,1,3-Jun-09,1250,A
441509,430080,432200,1,3-Jun-09,2015,A
442309,428912,434797,1,3-Jun-09,2339,Unclassified
443609,433173,434023,2,3-Jun-09,1425,A
446609,430063,433950,2,3-Jun-09,1206,Unclassified
446809,431275,433833,2,3-Jun-09,1956,Unclassified
455009,426272,433566,1,3-Jun-09,1750,Unclassified
441009,429107,436249,2,4-Jun-09,920,Unclassified
444309,430480,435431,2,4-Jun-09,1230,A
445509,429388,434939,2,4-Jun-09,1213,A
445509,429388,434939,2,4-Jun-09,1213,A
446209,429847,432998,2,4-Jun-09,1640,Unclassified
572209,427599,436800,2,4-Jun-09,740,A
415209,430076,433877,1,5-Jun-09,1035,Unclassified
444609,427780,434626,2,5-Jun-09,1305,Unclassified
446509,427529,438624,2,5-Jun-09,835,Unclassified
451009,433468,434897,2,5-Jun-09,1834,Unclassified
452209,435321,434812,2,5-Jun-09,1600,Unclassified
459309,428102,426660,2,5-Jun-09,1315,A
459309,428102,426660,2,5-Jun-09,1315,A
451309,439482,426194,1,6-Jun-09,300,A
453009,430055,434014,1,6-Jun-09,1554,Unclassified
461409,434489,430667,1,6-Jun-09,840,Motorway
470309,425271,437602,2,6-Jun-09,1345,Unclassified
470309,425271,437602,2,6-Jun-09,1345,Unclassified
448009,432013,426289,2,7-Jun-09,30,Motorway
448709,429234,428145,2,7-Jun-09,1800,Unclassified
470109,430982,433446,1,7-Jun-09,2307,A
491409,440591,432096,1,7-Jun-09,210,A
491409,440591,432096,1,7-Jun-09,210,A
462409,422177,441877,2,8-Jun-09,1230,A
470709,429735,434683,2,8-Jun-09,655,A
486409,427958,430345,2,8-Jun-09,1845,A
533209,443041,445603,1,8-Jun-09,1800,A
454609,430781,433498,1,9-Jun-09,1355,Unclassified
454809,430921,434358,2,9-Jun-09,852,Unclassified
455409,432061,430385,1,9-Jun-09,1115,A
456409,430661,427029,1,9-Jun-09,1141,A
458609,429605,434659,1,9-Jun-09,1436,A
461709,430817,433274,2,9-Jun-09,2220,A
461709,430817,433274,2,9-Jun-09,2220,A
462309,430267,433739,1,9-Jun-09,1345,Unclassified
476509,419444,434554,1,9-Jun-09,2055,Unclassified
482209,430732,435030,2,9-Jun-09,1325,Unclassified
482209,430732,435030,2,9-Jun-09,1325,Unclassified
527909,422378,432607,2,9-Jun-09,1635,Unclassified
462709,430082,431189,1,10-Jun-09,1523,A
466209,431342,433935,2,10-Jun-09,1917,Unclassified
461809,427995,435188,2,11-Jun-09,745,Unclassified
465509,430489,437163,2,11-Jun-09,1810,Unclassified
465709,437997,432950,2,11-Jun-09,2113,A
466109,424609,435110,2,11-Jun-09,1740,A
466509,432160,436134,3,11-Jun-09,1835,Unclassified
468009,422408,428986,2,11-Jun-09,1730,A
473809,430277,431962,2,11-Jun-09,1625,Motorway
473809,430277,431962,2,11-Jun-09,1625,Motorway
487209,437009,434736,2,11-Jun-09,2110,Unclassified
487409,429309,435024,2,11-Jun-09,230,A
487409,429309,435024,2,11-Jun-09,230,A
487409,429309,435024,2,11-Jun-09,230,A
466309,428501,434312,1,12-Jun-09,15,Unclassified
469109,440953,447834,2,12-Jun-09,1823,A(M)
469609,431956,430318,2,12-Jun-09,1635,A
469609,431956,430318,2,12-Jun-09,1635,A
471009,428213,433557,2,12-Jun-09,820,Unclassified
473009,429514,430279,2,12-Jun-09,750,A
473009,429514,430279,2,12-Jun-09,750,A
475509,438705,445866,2,12-Jun-09,1700,A
468609,420514,436541,2,13-Jun-09,1235,Unclassified
469209,424249,428164,2,13-Jun-09,1,A
472509,423132,428428,2,13-Jun-09,1313,Unclassified
476109,432453,435205,2,13-Jun-09,1923,Unclassified
494709,431551,428503,2,13-Jun-09,228,Unclassified
468909,428368,428719,1,14-Jun-09,1536,Unclassified
471209,436168,427633,2,14-Jun-09,1209,A
471209,436168,427633,2,14-Jun-09,1209,A
472309,420901,434493,2,14-Jun-09,1820,A
473909,432291,445653,2,14-Jun-09,1250,A
473909,432291,445653,2,14-Jun-09,1250,A
476309,432408,439852,3,14-Jun-09,1205,Unclassified
481809,427297,433401,3,14-Jun-09,1358,Unclassified
484109,424859,441872,2,14-Jun-09,1150,Unclassified
473609,433671,429620,2,15-Jun-09,1450,A
473609,433671,429620,2,15-Jun-09,1450,A
474309,425224,436936,2,15-Jun-09,1750,Unclassified
478509,426475,426737,2,15-Jun-09,810,A
478509,426475,426737,2,15-Jun-09,810,A
483609,425494,435376,2,15-Jun-09,1130,Unclassified
486509,429347,434617,1,15-Jun-09,1100,Unclassified
474509,428965,433912,2,16-Jun-09,18,Unclassified
474509,428965,433912,2,16-Jun-09,18,Unclassified
478709,430906,436530,1,16-Jun-09,1240,Unclassified
478909,430786,438591,2,16-Jun-09,1355,Unclassified
478909,430786,438591,2,16-Jun-09,1355,Unclassified
481509,428000,436009,2,16-Jun-09,1830,A
482809,428413,437837,2,16-Jun-09,700,Unclassified
483009,427453,434949,3,16-Jun-09,1730,Unclassified
483009,427453,434949,3,16-Jun-09,1730,Unclassified
483009,427453,434949,3,16-Jun-09,1730,Unclassified
483509,435472,425890,3,16-Jun-09,1650,Motorway
484609,426578,427694,2,16-Jun-09,1900,Unclassified
487109,433186,433968,2,16-Jun-09,2040,Unclassified
487909,426248,431904,1,16-Jun-09,1540,Unclassified
499909,440772,428644,1,16-Jun-09,1225,Unclassified
586409,436029,436955,1,16-Jun-09,2115,Unclassified
482609,430476,437228,2,17-Jun-09,1315,Unclassified
487309,429816,434396,2,17-Jun-09,1545,A
496009,430739,434770,2,17-Jun-09,1710,A
486609,426874,429164,2,18-Jun-09,1549,A
486609,426874,429164,2,18-Jun-09,1549,A
486609,426874,429164,2,18-Jun-09,1549,A
486609,426874,429164,2,18-Jun-09,1549,A
497009,430131,432173,2,18-Jun-09,1709,A
502609,429759,427354,1,18-Jun-09,1735,Unclassified
503509,427444,436139,2,18-Jun-09,2042,Unclassified
548709,426824,434970,2,18-Jun-09,815,A
483109,439684,449044,2,19-Jun-09,1022,Unclassified
485809,419324,441747,2,19-Jun-09,2200,A
485809,419324,441747,2,19-Jun-09,2200,A
485809,419324,441747,2,19-Jun-09,2200,A
486809,435344,427518,2,19-Jun-09,805,Unclassified
487809,430082,435418,2,19-Jun-09,2330,Unclassified
488509,441005,445700,2,19-Jun-09,1600,A(M)
488509,441005,445700,2,19-Jun-09,1600,A(M)
490309,433187,434012,2,19-Jun-09,1430,A
490809,430806,433455,2,19-Jun-09,1350,Unclassified
494809,427708,434474,3,19-Jun-09,1035,A
495909,418792,444757,2,19-Jun-09,1715,A
496209,432430,435184,2,19-Jun-09,1833,Unclassified
496209,432430,435184,2,19-Jun-09,1833,Unclassified
497209,432489,436579,2,19-Jun-09,2106,Unclassified
497209,432489,436579,2,19-Jun-09,2106,Unclassified
497209,432489,436579,2,19-Jun-09,2106,Unclassified
497209,432489,436579,2,19-Jun-09,2106,Unclassified
497209,432489,436579,2,19-Jun-09,2106,Unclassified
497209,432489,436579,2,19-Jun-09,2106,Unclassified
488209,424246,434481,2,20-Jun-09,2320,Unclassified
488209,424246,434481,2,20-Jun-09,2320,Unclassified
493409,430678,424632,1,20-Jun-09,1030,A
495209,428275,434565,2,20-Jun-09,1150,Unclassified
497909,421504,435905,2,20-Jun-09,1300,A
503709,425670,432193,1,20-Jun-09,1915,Unclassified
528909,433178,434010,2,20-Jun-09,1930,A
490609,431221,440980,1,21-Jun-09,400,A
490609,431221,440980,1,21-Jun-09,400,A
490609,431221,440980,1,21-Jun-09,400,A
490609,431221,440980,1,21-Jun-09,400,A
492909,433644,429581,1,21-Jun-09,2312,A
516509,436072,434288,3,21-Jun-09,2050,Unclassified
516509,436072,434288,3,21-Jun-09,2050,Unclassified
495709,431905,435737,2,22-Jun-09,1720,A
496109,440420,442434,2,22-Jun-09,1740,Unclassified
496509,424787,434807,1,22-Jun-09,2230,Unclassified
502209,430527,438554,1,22-Jun-09,1425,Unclassified
510609,445588,430929,1,22-Jun-09,1255,Unclassified
510909,426815,435708,2,22-Jun-09,1510,B
511609,431493,435124,2,22-Jun-09,1,A
499709,422550,436277,1,23-Jun-09,1644,Unclassified
502409,428956,435471,2,23-Jun-09,2330,A
504609,423042,437642,2,23-Jun-09,700,A
509809,440219,432994,2,23-Jun-09,1915,Unclassified
519309,430963,435867,2,23-Jun-09,845,Unclassified
528509,431512,435149,2,23-Jun-09,1720,Unclassified
528509,431512,435149,2,23-Jun-09,1720,Unclassified
594809,428835,436568,3,23-Jun-09,2225,Unclassified
502109,429605,431110,2,24-Jun-09,1645,Unclassified
517309,437486,431651,2,24-Jun-09,1330,Unclassified
518209,431618,437090,2,24-Jun-09,1550,Unclassified
527509,429411,437318,1,24-Jun-09,1650,Unclassified
503309,422833,433543,1,25-Jun-09,755,B
503309,422833,433543,1,25-Jun-09,755,B
504009,429410,431359,1,25-Jun-09,1620,Unclassified
504309,428784,432689,3,25-Jun-09,910,A
504309,428784,432689,3,25-Jun-09,910,A
504909,430030,432524,1,25-Jun-09,1730,A
507009,422363,433452,2,25-Jun-09,1300,Unclassified
516409,440953,439816,2,25-Jun-09,1345,A
518509,430187,432827,2,25-Jun-09,2115,A
527709,436116,435543,2,25-Jun-09,1730,A
508909,426338,428160,2,26-Jun-09,855,B
509209,423005,429426,1,26-Jun-09,1235,A
511109,429043,436820,1,26-Jun-09,845,B
511409,424127,444004,2,26-Jun-09,2350,A
511409,424127,444004,2,26-Jun-09,2350,A
515409,423772,437592,2,26-Jun-09,1150,A
515409,423772,437592,2,26-Jun-09,1150,A
516809,433894,433444,1,26-Jun-09,1505,Unclassified
516809,433894,433444,1,26-Jun-09,1505,Unclassified
594509,434117,428643,1,26-Jun-09,1750,Unclassified
505309,422924,437549,2,27-Jun-09,1225,A
505309,422924,437549,2,27-Jun-09,1225,A
509409,430954,428794,1,27-Jun-09,1520,Unclassified
509909,427403,430422,1,27-Jun-09,1214,Unclassified
512209,426016,437494,1,27-Jun-09,1000,Unclassified
517509,430444,434909,1,27-Jun-09,35,Unclassified
506309,420406,445344,1,28-Jun-09,215,Unclassified
506309,420406,445344,1,28-Jun-09,215,Unclassified
518809,429165,430536,2,28-Jun-09,1700,Unclassified
520109,432331,436321,2,28-Jun-09,1720,Unclassified
520109,432331,436321,2,28-Jun-09,1720,Unclassified
522109,441220,448722,2,28-Jun-09,1945,A(M)
516009,428569,431477,2,29-Jun-09,1056,A
516009,428569,431477,2,29-Jun-09,1056,A
516009,428569,431477,2,29-Jun-09,1056,A
516009,428569,431477,2,29-Jun-09,1056,A
516609,429057,433891,3,29-Jun-09,1335,Unclassified
517009,430091,434604,2,29-Jun-09,935,Unclassified
519909,431934,435779,2,29-Jun-09,1105,A
520509,432237,434671,1,29-Jun-09,928,Unclassified
521109,426729,428111,1,29-Jun-09,2030,Unclassified
518609,429883,432819,1,30-Jun-09,807,Unclassified
521409,428097,434684,2,30-Jun-09,1635,Unclassified
523909,420429,440373,2,30-Jun-09,945,A
530809,424574,427831,1,30-Jun-09,637,Motorway
541809,429793,433791,2,1-Jul-09,1300,Unclassified
547009,433435,442574,2,1-Jul-09,1215,Unclassified
523609,429794,433789,2,2-Jul-09,820,Unclassified
524709,437923,433096,3,2-Jul-09,136,Motorway
527209,430656,433451,1,2-Jul-09,1446,Unclassified
527809,428647,430800,2,2-Jul-09,1545,Unclassified
529109,432458,434817,1,2-Jul-09,1154,B
530509,422263,433347,1,2-Jul-09,1056,Unclassified
531009,428760,431606,1,2-Jul-09,1852,Motorway
531409,420981,434467,2,2-Jul-09,940,B
531409,420981,434467,2,2-Jul-09,940,B
531709,437768,433085,2,2-Jul-09,2005,A
531709,437768,433085,2,2-Jul-09,2005,A
531709,437768,433085,2,2-Jul-09,2005,A
533109,428435,435000,2,2-Jul-09,1815,Unclassified
538309,425634,434236,2,2-Jul-09,1910,A
574709,428060,435959,2,2-Jul-09,1605,A
589709,425806,427156,2,2-Jul-09,2140,B
589709,425806,427156,2,2-Jul-09,2140,B
532709,425623,433083,2,3-Jul-09,845,B
534409,430072,433934,2,3-Jul-09,2340,Unclassified
534609,429940,427139,2,3-Jul-09,1447,Unclassified
538509,437664,444762,3,3-Jul-09,2035,A
538509,437664,444762,3,3-Jul-09,2035,A
538509,437664,444762,3,3-Jul-09,2035,A
538509,437664,444762,3,3-Jul-09,2035,A
538509,437664,444762,3,3-Jul-09,2035,A
539909,430430,426479,2,3-Jul-09,1920,Motorway
539909,430430,426479,2,3-Jul-09,1920,Motorway
539909,430430,426479,2,3-Jul-09,1920,Motorway
541709,435915,425859,2,3-Jul-09,830,Motorway
577609,428795,433285,1,3-Jul-09,807,A
529909,424123,444005,2,4-Jul-09,1135,A
529909,424123,444005,2,4-Jul-09,1135,A
529909,424123,444005,2,4-Jul-09,1135,A
529909,424123,444005,2,4-Jul-09,1135,A
531209,424160,435104,1,4-Jul-09,750,Unclassified
532109,442192,434398,2,4-Jul-09,1315,A
532509,432324,434991,1,4-Jul-09,1720,B
532909,438760,430808,1,4-Jul-09,800,A
534009,431387,431640,2,4-Jul-09,1516,A
534009,431387,431640,2,4-Jul-09,1516,A
534009,431387,431640,2,4-Jul-09,1516,A
534009,431387,431640,2,4-Jul-09,1516,A
536809,425480,432865,2,4-Jul-09,630,A
538009,421796,435470,2,4-Jul-09,1150,B
546409,427835,434410,2,4-Jul-09,1207,A
585209,430759,435349,2,4-Jul-09,2140,Unclassified
531509,429705,432103,1,5-Jul-09,1853,Motorway
536209,429129,432126,1,5-Jul-09,1701,Unclassified
543209,424923,434763,1,5-Jul-09,1100,Unclassified
543209,424923,434763,1,5-Jul-09,1100,Unclassified
544809,429843,438855,2,5-Jul-09,1340,Unclassified
550609,424016,435856,3,5-Jul-09,2130,B
537909,422730,434047,4,6-Jul-09,1600,A
537909,422730,434047,4,6-Jul-09,1600,A
537909,422730,434047,4,6-Jul-09,1600,A
537909,422730,434047,4,6-Jul-09,1600,A
543109,428224,435779,2,6-Jul-09,1430,A
543609,429893,435206,2,6-Jul-09,1530,Unclassified
543709,429141,435248,2,6-Jul-09,1000,A
558809,437189,433452,2,6-Jul-09,1630,A
558809,437189,433452,2,6-Jul-09,1630,A
540809,425109,434167,1,7-Jul-09,110,Unclassified
540809,425109,434167,1,7-Jul-09,110,Unclassified
540809,425109,434167,1,7-Jul-09,110,Unclassified
544909,427713,436839,2,7-Jul-09,1525,Unclassified
547809,420467,434286,3,7-Jul-09,1814,A
548009,420228,439432,2,7-Jul-09,855,A
551009,433593,429745,2,7-Jul-09,1005,A
559109,421366,434997,1,7-Jul-09,1545,Unclassified
563009,427558,430395,2,7-Jul-09,1115,Unclassified
540309,426011,440080,1,8-Jul-09,739,Unclassified
544409,425239,439474,1,8-Jul-09,2350,Unclassified
545109,421081,441170,1,8-Jul-09,1305,Unclassified
552009,431403,438152,2,8-Jul-09,1035,Unclassified
554009,441080,449548,3,8-Jul-09,1002,A(M)
554009,441080,449548,3,8-Jul-09,1002,A(M)
554009,441080,449548,3,8-Jul-09,1002,A(M)
559309,427506,434573,2,8-Jul-09,1730,A
576609,421757,435237,1,8-Jul-09,1500,B
578009,442022,445378,1,8-Jul-09,1240,Unclassified
586909,427512,440625,2,8-Jul-09,2055,Unclassified
586909,427512,440625,2,8-Jul-09,2055,Unclassified
586909,427512,440625,2,8-Jul-09,2055,Unclassified
929009,446449,430805,1,8-Jul-09,753,A
549609,435846,436401,2,9-Jul-09,1655,A
550909,427882,430471,1,9-Jul-09,1620,A
551509,432525,433786,2,9-Jul-09,2300,A
552309,425922,427655,1,9-Jul-09,1520,Unclassified
568909,430093,431352,2,9-Jul-09,743,A
582409,430493,433454,2,9-Jul-09,1225,Unclassified
582409,430493,433454,2,9-Jul-09,1225,Unclassified
582409,430493,433454,2,9-Jul-09,1225,Unclassified
588109,428793,435573,2,9-Jul-09,1735,A
631709,426195,444706,2,9-Jul-09,545,A
550709,427387,433466,2,10-Jul-09,1840,Unclassified
552109,431896,433078,1,10-Jul-09,1945,Unclassified
552509,424103,428114,2,10-Jul-09,1330,A
552509,424103,428114,2,10-Jul-09,1330,A
564009,443294,435466,2,10-Jul-09,1540,B
564009,443294,435466,2,10-Jul-09,1540,B
585509,435051,434948,2,10-Jul-09,1700,Unclassified
585809,430464,435595,3,10-Jul-09,57,A
585809,430464,435595,3,10-Jul-09,57,A
615809,439580,432848,1,10-Jul-09,1805,Unclassified
552209,427793,425850,2,11-Jul-09,2117,A
552209,427793,425850,2,11-Jul-09,2117,A
552209,427793,425850,2,11-Jul-09,2117,A
552809,430067,433971,2,11-Jul-09,200,Unclassified
553909,430183,433754,1,11-Jul-09,1650,Unclassified
574409,424020,434108,2,11-Jul-09,2330,A
576309,440692,445795,2,11-Jul-09,1400,A
585709,433957,437102,3,11-Jul-09,1240,Unclassified
585709,433957,437102,3,11-Jul-09,1240,Unclassified
585709,433957,437102,3,11-Jul-09,1240,Unclassified
597609,428978,436378,2,11-Jul-09,1630,Unclassified
597609,428978,436378,2,11-Jul-09,1630,Unclassified
551709,433115,434022,2,12-Jul-09,845,A
551709,433115,434022,2,12-Jul-09,845,A
551709,433115,434022,2,12-Jul-09,845,A
551709,433115,434022,2,12-Jul-09,845,A
551709,433115,434022,2,12-Jul-09,845,A
551809,434977,438341,2,12-Jul-09,253,A
558409,430721,439028,2,12-Jul-09,1650,A
562709,422331,440438,1,12-Jul-09,1925,Unclassified
564309,425080,432427,1,12-Jul-09,1515,Unclassified
583209,431805,435386,2,12-Jul-09,1800,Unclassified
635609,424296,434761,2,12-Jul-09,40,Unclassified
635609,424296,434761,2,12-Jul-09,40,Unclassified
551609,426780,428665,2,13-Jul-09,1205,Unclassified
551609,426780,428665,2,13-Jul-09,1205,Unclassified
559209,441195,432176,1,13-Jul-09,745,Unclassified
559609,428637,432937,1,13-Jul-09,1920,A
562209,423287,434644,2,13-Jul-09,1535,Unclassified
564409,442049,430619,1,13-Jul-09,1250,Unclassified
564909,420931,434417,2,13-Jul-09,1310,A
568809,424236,428165,2,13-Jul-09,1440,A
587409,430785,425568,2,13-Jul-09,1500,Unclassified
558909,424527,437057,2,14-Jul-09,705,A
560109,428416,432513,2,14-Jul-09,713,A
563909,428133,431161,2,14-Jul-09,905,A
564109,431906,435743,2,14-Jul-09,1308,A
567409,431851,440389,1,14-Jul-09,2005,Unclassified
567409,431851,440389,1,14-Jul-09,2005,Unclassified
715109,426908,435448,2,14-Jul-09,930,Unclassified
715109,426908,435448,2,14-Jul-09,930,Unclassified
564209,430000,432558,2,15-Jul-09,812,A
564509,428340,427000,1,15-Jul-09,906,A
564609,425961,434759,2,15-Jul-09,910,Unclassified
565809,431323,434057,1,15-Jul-09,845,Unclassified
570909,427398,431910,1,15-Jul-09,1015,Unclassified
571909,421770,435275,1,15-Jul-09,1630,B
585609,441383,430932,2,15-Jul-09,1400,B
587209,428083,433566,2,15-Jul-09,1630,A
588909,443225,439658,1,15-Jul-09,8,A(M)
588909,443225,439658,1,15-Jul-09,8,A(M)
591109,430747,439243,2,15-Jul-09,1715,A
596809,438949,431554,2,15-Jul-09,1925,A
596809,438949,431554,2,15-Jul-09,1925,A
570009,430397,433717,1,16-Jul-09,1850,Unclassified
571309,436155,434847,2,16-Jul-09,1330,A
571309,436155,434847,2,16-Jul-09,1330,A
577709,426379,435438,2,16-Jul-09,740,A
580209,426819,437997,2,16-Jul-09,1600,A
585909,432223,435153,2,16-Jul-09,2140,B
585909,432223,435153,2,16-Jul-09,2140,B
585909,432223,435153,2,16-Jul-09,2140,B
589309,441739,430216,1,16-Jul-09,1315,B
572409,422605,442734,2,17-Jul-09,1725,A
572409,422605,442734,2,17-Jul-09,1725,A
572909,427572,436875,2,17-Jul-09,1534,A
572909,427572,436875,2,17-Jul-09,1534,A
572909,427572,436875,2,17-Jul-09,1534,A
575309,434257,430107,2,17-Jul-09,620,Motorway
576209,429189,431917,2,17-Jul-09,1240,Unclassified
577509,428805,433293,2,17-Jul-09,1540,A
577809,422012,432439,2,17-Jul-09,1530,Unclassified
577809,422012,432439,2,17-Jul-09,1530,Unclassified
579209,428505,432641,2,17-Jul-09,1825,A
580609,427934,426300,2,17-Jul-09,1528,A
584709,441092,448810,2,17-Jul-09,810,B
572509,430418,433734,2,18-Jul-09,525,Unclassified
573209,428519,434663,1,18-Jul-09,1710,Unclassified
575609,432068,430295,1,18-Jul-09,400,Motorway
575909,426351,433090,2,18-Jul-09,1315,B
577909,429196,438570,2,18-Jul-09,1315,A
578309,424684,435039,1,18-Jul-09,1153,Unclassified
581109,430332,433894,1,18-Jul-09,2307,Unclassified
582509,430884,436034,2,18-Jul-09,2042,Unclassified
582509,430884,436034,2,18-Jul-09,2042,Unclassified
582809,439541,430544,2,18-Jul-09,1200,Unclassified
582809,439541,430544,2,18-Jul-09,1200,Unclassified
588609,430551,433449,2,18-Jul-09,2225,Unclassified
581209,430804,433458,1,19-Jul-09,34,Unclassified
582309,423623,428311,2,19-Jul-09,1045,B
582309,423623,428311,2,19-Jul-09,1045,B
582909,430858,435557,2,19-Jul-09,1752,Unclassified
617709,430495,434004,1,19-Jul-09,1600,Unclassified
582609,429325,435001,1,20-Jul-09,1525,A
583009,422131,433789,2,20-Jul-09,1930,Unclassified
586809,428456,429063,2,20-Jul-09,1400,A
586809,428456,429063,2,20-Jul-09,1400,A
588709,426152,437183,1,20-Jul-09,1200,Unclassified
590209,430908,436542,2,20-Jul-09,1025,B
597409,419795,441274,2,20-Jul-09,1200,A
597709,423129,437611,2,20-Jul-09,704,A
600609,424575,435147,1,20-Jul-09,1230,Unclassified
586209,429589,439247,1,21-Jul-09,1143,Unclassified
590609,432536,433386,2,21-Jul-09,2145,Unclassified
590609,432536,433386,2,21-Jul-09,2145,Unclassified
590609,432536,433386,2,21-Jul-09,2145,Unclassified
591009,429652,430876,2,21-Jul-09,1340,Unclassified
591509,430678,434559,3,21-Jul-09,1325,Unclassified
591609,430052,432457,1,21-Jul-09,2308,A
604209,420832,439676,2,21-Jul-09,1430,A
604209,420832,439676,2,21-Jul-09,1430,A
607909,430850,424405,2,21-Jul-09,1729,A
589609,426657,441784,1,22-Jul-09,1100,A
589609,426657,441784,1,22-Jul-09,1100,A
589909,430691,425704,2,22-Jul-09,1630,Unclassified
591309,426921,439572,1,22-Jul-09,1728,A
593209,433112,434012,1,22-Jul-09,1536,A
594409,430684,434966,2,22-Jul-09,715,A
595109,426861,438040,2,22-Jul-09,1415,A
608409,430515,428118,2,22-Jul-09,1855,Unclassified
611609,431606,436165,2,22-Jul-09,2200,Unclassified
597209,431360,435236,2,23-Jul-09,1900,Unclassified
597209,431360,435236,2,23-Jul-09,1900,Unclassified
597209,431360,435236,2,23-Jul-09,1900,Unclassified
597909,429086,431240,2,23-Jul-09,1030,Unclassified
595209,432223,439381,2,24-Jul-09,1745,A
596009,423750,438006,2,24-Jul-09,1415,Unclassified
600709,442939,445671,1,24-Jul-09,1420,A
600909,429959,433217,2,24-Jul-09,1557,Unclassified
600909,429959,433217,2,24-Jul-09,1557,Unclassified
601009,430094,431351,1,24-Jul-09,1320,A
601109,428367,432497,2,24-Jul-09,2336,A
604009,428839,434632,3,24-Jul-09,1620,Unclassified
604009,428839,434632,3,24-Jul-09,1620,Unclassified
604009,428839,434632,3,24-Jul-09,1620,Unclassified
605209,430076,431167,1,24-Jul-09,1315,A
675709,435926,436148,1,24-Jul-09,1915,Unclassified
595909,430028,438533,2,25-Jul-09,2255,Unclassified
598809,429996,438579,1,25-Jul-09,1235,B
598909,430089,431262,1,25-Jul-09,1200,A
599009,432960,439235,2,25-Jul-09,2010,A
602509,428960,435470,2,25-Jul-09,2240,A
602509,428960,435470,2,25-Jul-09,2240,A
606409,421510,434645,5,25-Jul-09,2355,B
612209,430603,435385,1,25-Jul-09,1958,Unclassified
595509,424888,427728,2,26-Jul-09,1007,A
599509,436261,434182,3,26-Jul-09,1820,Unclassified
600509,430079,431176,1,26-Jul-09,230,A
604509,430881,436221,1,26-Jul-09,1709,Unclassified
606909,431886,435648,2,26-Jul-09,1910,Unclassified
599209,426035,436453,2,27-Jul-09,1203,Unclassified
603109,428476,444991,1,27-Jul-09,1327,A
606009,431233,445742,2,27-Jul-09,1655,A
606009,431233,445742,2,27-Jul-09,1655,A
606009,431233,445742,2,27-Jul-09,1655,A
619409,429526,440822,2,27-Jul-09,1420,Unclassified
621509,440027,432377,2,27-Jul-09,725,A
612909,427870,434637,3,28-Jul-09,820,Unclassified
619509,425474,434287,2,28-Jul-09,1030,A
627809,420188,441782,4,28-Jul-09,1950,Unclassified
627809,420188,441782,4,28-Jul-09,1950,Unclassified
627809,420188,441782,4,28-Jul-09,1950,Unclassified
616609,429567,430336,5,29-Jul-09,1642,A
616609,429567,430336,5,29-Jul-09,1642,A
621709,431402,435025,2,29-Jul-09,940,Unclassified
621709,431402,435025,2,29-Jul-09,940,Unclassified
630509,427926,435963,2,29-Jul-09,2045,Unclassified
675509,430662,434301,3,29-Jul-09,1330,Unclassified
706709,431985,435569,2,29-Jul-09,1830,Unclassified
613509,420700,441259,1,30-Jul-09,1312,Unclassified
616109,424811,434789,1,30-Jul-09,1445,A
618309,430015,434097,1,30-Jul-09,1425,Unclassified
621309,440553,426187,1,30-Jul-09,800,A
623109,426826,426665,2,30-Jul-09,1900,A
623609,431294,436318,1,30-Jul-09,700,B
670809,423864,435749,2,30-Jul-09,740,Unclassified
612509,422593,434013,3,31-Jul-09,2145,A
613409,430074,433914,1,31-Jul-09,1328,Unclassified
617009,426977,439876,2,31-Jul-09,1330,A
617209,425437,434298,1,31-Jul-09,1215,A
617409,429719,433418,1,31-Jul-09,1255,Unclassified
619309,427489,438602,1,31-Jul-09,2340,A
619309,427489,438602,1,31-Jul-09,2340,A
620809,430801,433247,2,31-Jul-09,1405,A
621609,431899,435719,3,31-Jul-09,1400,A
622009,430441,436613,2,31-Jul-09,1620,B
622109,421017,441081,1,31-Jul-09,930,Unclassified
623509,436498,434148,3,31-Jul-09,1250,Unclassified
623809,440489,449150,1,31-Jul-09,1000,B
635709,429930,432980,2,31-Jul-09,2345,Unclassified
614409,418383,442335,1,1-Aug-09,915,A
620309,442081,434443,1,1-Aug-09,1940,A
620309,442081,434443,1,1-Aug-09,1940,A
622409,430438,433954,2,1-Aug-09,2150,Unclassified
622409,430438,433954,2,1-Aug-09,2150,Unclassified
622409,430438,433954,2,1-Aug-09,2150,Unclassified
622409,430438,433954,2,1-Aug-09,2150,Unclassified
622409,430438,433954,2,1-Aug-09,2150,Unclassified
622609,438355,445522,2,1-Aug-09,1140,A
640609,427559,434480,2,1-Aug-09,1625,Unclassified
640809,430106,431626,3,1-Aug-09,1615,A
640809,430106,431626,3,1-Aug-09,1615,A
640809,430106,431626,3,1-Aug-09,1615,A
640809,430106,431626,3,1-Aug-09,1615,A
619009,421347,440477,3,2-Aug-09,1315,A
621109,421046,434642,2,2-Aug-09,1440,Unclassified
623309,430386,433888,1,2-Aug-09,210,Unclassified
624309,428014,434343,2,2-Aug-09,2155,A
625009,420608,433787,1,2-Aug-09,1530,B
625009,420608,433787,1,2-Aug-09,1530,B
627509,432024,435868,2,2-Aug-09,2000,A
631109,439026,436251,2,2-Aug-09,1003,Unclassified
631109,439026,436251,2,2-Aug-09,1003,Unclassified
635209,426165,434053,2,2-Aug-09,1409,A
629309,433444,434037,2,3-Aug-09,1400,A
629309,433444,434037,2,3-Aug-09,1400,A
635309,430898,436548,2,3-Aug-09,755,B
637309,430075,433856,3,3-Aug-09,1440,Unclassified
650909,419680,441794,2,3-Aug-09,1925,Unclassified
650909,419680,441794,2,3-Aug-09,1925,Unclassified
688709,431894,434763,1,3-Aug-09,314,Unclassified
688709,431894,434763,1,3-Aug-09,314,Unclassified
688709,431894,434763,1,3-Aug-09,314,Unclassified
688709,431894,434763,1,3-Aug-09,314,Unclassified
625909,422265,433371,1,4-Aug-09,1550,Unclassified
629509,431743,431415,2,4-Aug-09,1145,A
629509,431743,431415,2,4-Aug-09,1145,A
629609,432723,438295,2,4-Aug-09,1705,Unclassified
630109,430330,434730,1,4-Aug-09,1840,Unclassified
630409,435000,438396,2,4-Aug-09,1600,A
630409,435000,438396,2,4-Aug-09,1600,A
631609,430371,433484,1,4-Aug-09,1505,Unclassified
632109,431872,425419,2,4-Aug-09,820,Motorway
633809,431473,435106,2,4-Aug-09,1623,Unclassified
642909,428469,435181,1,4-Aug-09,1610,Unclassified
650209,435911,425852,2,4-Aug-09,1205,Motorway
650209,435911,425852,2,4-Aug-09,1205,Motorway
650209,435911,425852,2,4-Aug-09,1205,Motorway
629709,420298,434250,2,5-Aug-09,1605,A
632509,431302,429055,2,5-Aug-09,826,Unclassified
632609,431886,426437,1,5-Aug-09,1510,B
633209,430077,433880,1,5-Aug-09,1400,Unclassified
638809,432723,438298,2,5-Aug-09,2030,Unclassified
649209,430446,433718,2,5-Aug-09,806,Unclassified
649509,424779,428807,1,5-Aug-09,2220,A
658509,429699,432171,1,5-Aug-09,1700,Unclassified
634709,430177,432167,1,6-Aug-09,1455,A
634809,436941,425907,3,6-Aug-09,1440,Motorway
634809,436941,425907,3,6-Aug-09,1440,Motorway
635409,436430,434699,1,6-Aug-09,1326,Unclassified
635809,437104,436084,1,6-Aug-09,1730,Unclassified
640009,431233,434793,2,6-Aug-09,2040,Unclassified
640009,431233,434793,2,6-Aug-09,2040,Unclassified
641209,426123,434307,2,6-Aug-09,1150,Unclassified
645109,428350,432436,2,6-Aug-09,1440,A
645109,428350,432436,2,6-Aug-09,1440,A
648609,431903,434860,1,6-Aug-09,1635,Unclassified
636309,432859,435377,1,7-Aug-09,1400,Unclassified
643309,428307,431249,2,7-Aug-09,1518,A
644109,426373,438054,2,7-Aug-09,1830,Unclassified
644109,426373,438054,2,7-Aug-09,1830,Unclassified
663609,427303,433355,2,7-Aug-09,1820,Unclassified
641609,439794,436996,1,8-Aug-09,2038,Unclassified
641909,436223,434265,2,8-Aug-09,715,Unclassified
641909,436223,434265,2,8-Aug-09,715,Unclassified
645709,431371,435302,2,8-Aug-09,1345,Unclassified
645709,431371,435302,2,8-Aug-09,1345,Unclassified
645709,431371,435302,2,8-Aug-09,1345,Unclassified
645709,431371,435302,2,8-Aug-09,1345,Unclassified
659609,426150,435588,2,8-Aug-09,1845,B
659709,423302,434732,2,8-Aug-09,1730,Unclassified
639109,430209,434002,2,9-Aug-09,814,Unclassified
646609,430998,435793,2,9-Aug-09,1805,Unclassified
646609,430998,435793,2,9-Aug-09,1805,Unclassified
652409,434609,425872,2,9-Aug-09,840,Motorway
662109,421421,439478,1,9-Aug-09,1705,Unclassified
664309,428626,436892,2,9-Aug-09,2234,Unclassified
664309,428626,436892,2,9-Aug-09,2234,Unclassified
664309,428626,436892,2,9-Aug-09,2234,Unclassified
675809,424526,437054,2,9-Aug-09,608,A
675809,424526,437054,2,9-Aug-09,608,A
676109,420643,444854,1,9-Aug-09,140,Unclassified
688509,431805,433131,2,9-Aug-09,33,Unclassified
638509,423921,428209,2,10-Aug-09,635,A
638509,423921,428209,2,10-Aug-09,635,A
643809,427757,427915,1,10-Aug-09,940,B
644409,435227,434811,1,10-Aug-09,1724,A
644709,425646,435559,1,10-Aug-09,2015,Unclassified
646509,425105,432925,1,10-Aug-09,1920,Unclassified
648109,426114,438127,2,10-Aug-09,1020,A
648109,426114,438127,2,10-Aug-09,1020,A
648109,426114,438127,2,10-Aug-09,1020,A
654709,429902,437011,1,10-Aug-09,1330,Unclassified
657309,425142,437856,1,10-Aug-09,1730,A
658909,431883,435313,2,10-Aug-09,1220,Unclassified
658909,431883,435313,2,10-Aug-09,1220,Unclassified
664109,425706,433934,1,10-Aug-09,900,Unclassified
649009,427826,436514,2,11-Aug-09,1715,B
650609,422716,432255,2,11-Aug-09,1800,Unclassified
664409,425062,433369,2,11-Aug-09,1400,B
683309,428596,431112,2,11-Aug-09,1622,Unclassified
647409,421692,435045,1,12-Aug-09,1210,B
648209,429360,434958,1,12-Aug-09,15,A
648309,430294,433744,1,12-Aug-09,1210,Unclassified
648309,430294,433744,1,12-Aug-09,1210,Unclassified
650009,422199,435904,1,12-Aug-09,2135,Unclassified
656309,420846,441150,2,12-Aug-09,1735,Unclassified
656709,426837,437898,2,12-Aug-09,1316,A
657109,420312,441603,1,12-Aug-09,1850,Unclassified
660509,443079,444314,1,12-Aug-09,1220,Unclassified
667109,425715,435158,2,12-Aug-09,1810,Unclassified
649409,423294,434417,2,13-Aug-09,1034,Unclassified
649409,423294,434417,2,13-Aug-09,1034,Unclassified
649409,423294,434417,2,13-Aug-09,1034,Unclassified
649409,423294,434417,2,13-Aug-09,1034,Unclassified
649409,423294,434417,2,13-Aug-09,1034,Unclassified
653309,430765,438785,1,13-Aug-09,1532,Unclassified
655409,424175,429357,1,13-Aug-09,1105,B
655509,422273,433393,1,13-Aug-09,1715,B
656509,434151,433874,3,13-Aug-09,940,Unclassified
656809,436163,434744,1,13-Aug-09,1215,A
657809,427945,436113,2,13-Aug-09,1600,A
658109,421550,439245,2,13-Aug-09,1630,Unclassified
663909,428436,428703,2,13-Aug-09,1620,A
686909,430130,437782,2,13-Aug-09,1610,A
653909,422546,435457,1,14-Aug-09,1144,Unclassified
661809,425800,426834,2,14-Aug-09,2155,A
663409,432205,435332,1,14-Aug-09,1630,Unclassified
670309,443638,437509,3,14-Aug-09,1412,A(M)
670309,443638,437509,3,14-Aug-09,1412,A(M)
656109,433537,429825,2,15-Aug-09,720,A
661909,429563,433443,2,15-Aug-09,340,Unclassified
664209,434658,445065,2,15-Aug-09,1510,A
668609,425018,433160,2,15-Aug-09,2020,A
657609,430850,439706,1,16-Aug-09,2243,A
657609,430850,439706,1,16-Aug-09,2243,A
662309,430557,427017,1,16-Aug-09,1340,A
672609,429079,435311,1,16-Aug-09,1245,A
666809,427782,430733,3,17-Aug-09,1535,A
667309,422231,433553,2,17-Aug-09,1900,B
667309,422231,433553,2,17-Aug-09,1900,B
671609,429454,430118,3,17-Aug-09,435,Unclassified
667209,431738,431420,2,18-Aug-09,846,A
672109,422263,433369,1,18-Aug-09,1000,Unclassified
675609,419653,444914,2,18-Aug-09,800,Unclassified
676609,427433,433442,2,18-Aug-09,2030,Unclassified
672409,428860,433945,2,19-Aug-09,1710,Unclassified
674809,430496,437098,2,19-Aug-09,2155,Unclassified
674809,430496,437098,2,19-Aug-09,2155,Unclassified
675009,430479,430705,2,19-Aug-09,2214,Motorway
675009,430479,430705,2,19-Aug-09,2214,Motorway
675009,430479,430705,2,19-Aug-09,2214,Motorway
676409,431444,433162,1,19-Aug-09,1305,Unclassified
674309,433771,429576,2,20-Aug-09,1940,A
674309,433771,429576,2,20-Aug-09,1940,A
674309,433771,429576,2,20-Aug-09,1940,A
674309,433771,429576,2,20-Aug-09,1940,A
676209,428487,431652,3,20-Aug-09,1420,Motorway
676209,428487,431652,3,20-Aug-09,1420,Motorway
676509,423384,434283,1,20-Aug-09,1220,A
676509,423384,434283,1,20-Aug-09,1220,A
676809,425548,435261,2,20-Aug-09,1435,Unclassified
673809,425956,436228,1,21-Aug-09,2220,A
674209,427028,426088,1,21-Aug-09,1200,Motorway
674209,427028,426088,1,21-Aug-09,1200,Motorway
674209,427028,426088,1,21-Aug-09,1200,Motorway
674209,427028,426088,1,21-Aug-09,1200,Motorway
674209,427028,426088,1,21-Aug-09,1200,Motorway
674209,427028,426088,1,21-Aug-09,1200,Motorway
674209,427028,426088,1,21-Aug-09,1200,Motorway
674209,427028,426088,1,21-Aug-09,1200,Motorway
676009,425036,433151,2,21-Aug-09,1530,A
677609,426172,427422,2,21-Aug-09,1710,B
679009,430347,425088,2,21-Aug-09,840,A
680609,429444,437310,2,21-Aug-09,1945,Unclassified
680609,429444,437310,2,21-Aug-09,1945,Unclassified
680609,429444,437310,2,21-Aug-09,1945,Unclassified
677509,431409,433473,2,22-Aug-09,1718,Unclassified
677809,428719,437082,2,22-Aug-09,1124,B
679909,433538,434568,1,22-Aug-09,1820,Unclassified
679909,433538,434568,1,22-Aug-09,1820,Unclassified
680909,427712,436523,2,22-Aug-09,1045,A
682109,428106,426257,2,22-Aug-09,2200,A
691009,436174,434682,1,22-Aug-09,1302,A
704609,435965,433878,2,22-Aug-09,1905,Unclassified
704609,435965,433878,2,22-Aug-09,1905,Unclassified
707609,431458,430308,2,22-Aug-09,1400,Unclassified
688209,434117,435130,2,23-Aug-09,2015,Unclassified
680309,423450,437607,1,24-Aug-09,1455,A
682409,428583,430764,1,24-Aug-09,1400,Unclassified
683609,428556,427767,1,24-Aug-09,1835,A
687809,442153,434446,2,24-Aug-09,1750,A
688009,421538,428486,2,24-Aug-09,2045,A
688009,421538,428486,2,24-Aug-09,2045,A
692309,428435,428730,2,24-Aug-09,1615,A
712809,430336,433278,2,24-Aug-09,1845,Unclassified
686709,433919,442115,2,25-Aug-09,2125,Unclassified
686709,433919,442115,2,25-Aug-09,2125,Unclassified
687909,430754,433456,2,25-Aug-09,1610,Unclassified
687909,430754,433456,2,25-Aug-09,1610,Unclassified
688809,430213,433393,1,25-Aug-09,1330,Unclassified
690509,431891,433592,1,25-Aug-09,1400,A
693409,432139,435818,2,25-Aug-09,1545,A
716809,435203,437597,3,25-Aug-09,1813,A
722709,428937,425981,2,25-Aug-09,1830,A
722709,428937,425981,2,25-Aug-09,1830,A
722709,428937,425981,2,25-Aug-09,1830,A
728009,431971,437043,2,25-Aug-09,2145,Unclassified
728009,431971,437043,2,25-Aug-09,2145,Unclassified
728009,431971,437043,2,25-Aug-09,2145,Unclassified
728009,431971,437043,2,25-Aug-09,2145,Unclassified
685009,429825,434375,1,26-Aug-09,25,A
686409,430095,433239,1,26-Aug-09,100,Unclassified
691209,430112,432156,2,26-Aug-09,1318,A
695009,429415,433924,3,26-Aug-09,1015,A(M)
695009,429415,433924,3,26-Aug-09,1015,A(M)
695009,429415,433924,3,26-Aug-09,1015,A(M)
696909,434802,434618,2,26-Aug-09,1215,A
690009,431040,431363,1,27-Aug-09,1300,Unclassified
693609,428947,433425,2,27-Aug-09,1810,A
693609,428947,433425,2,27-Aug-09,1810,A
694609,432434,435048,2,27-Aug-09,1600,Unclassified
694609,432434,435048,2,27-Aug-09,1600,Unclassified
695909,425623,434244,1,27-Aug-09,1733,A
705009,428891,436610,2,27-Aug-09,1255,B
705009,428891,436610,2,27-Aug-09,1255,B
705009,428891,436610,2,27-Aug-09,1255,B
776209,430403,433663,1,27-Aug-09,1221,Unclassified
692709,432509,433777,1,28-Aug-09,950,A
697609,420215,445630,1,28-Aug-09,1223,B
698609,431470,435114,2,28-Aug-09,2355,A
698609,431470,435114,2,28-Aug-09,2355,A
699109,436707,428859,3,28-Aug-09,1128,Unclassified
699109,436707,428859,3,28-Aug-09,1128,Unclassified
700609,437395,433336,1,28-Aug-09,1232,A
700809,425906,428590,2,28-Aug-09,1915,Unclassified
704309,430803,435337,2,28-Aug-09,1835,Unclassified
704309,430803,435337,2,28-Aug-09,1835,Unclassified
720809,422300,433565,1,28-Aug-09,1715,Unclassified
761909,433343,436231,2,28-Aug-09,1200,A
670609,436120,435484,2,29-Aug-09,1740,A
701609,431773,431394,1,29-Aug-09,1035,A
704709,431502,435090,2,29-Aug-09,2110,Unclassified
704709,431502,435090,2,29-Aug-09,2110,Unclassified
704709,431502,435090,2,29-Aug-09,2110,Unclassified
705109,429184,433622,1,29-Aug-09,334,A(M)
707809,435289,434829,2,29-Aug-09,602,A
713709,437244,429424,3,29-Aug-09,1110,A
713709,437244,429424,3,29-Aug-09,1110,A
713709,437244,429424,3,29-Aug-09,1110,A
713709,437244,429424,3,29-Aug-09,1110,A
713709,437244,429424,3,29-Aug-09,1110,A
722909,426385,435884,2,29-Aug-09,1730,Unclassified
701209,442592,434484,2,30-Aug-09,157,Motorway
701509,421033,440020,2,30-Aug-09,325,B
701509,421033,440020,2,30-Aug-09,325,B
707309,431013,430768,2,30-Aug-09,1920,Unclassified
704409,433983,433654,3,31-Aug-09,315,Unclassified
704409,433983,433654,3,31-Aug-09,315,Unclassified
704809,437516,433239,2,31-Aug-09,2120,A
711909,430337,433279,2,31-Aug-09,1315,Unclassified
711909,430337,433279,2,31-Aug-09,1315,Unclassified
719209,427007,440064,1,31-Aug-09,1700,A
728809,427718,433704,1,31-Aug-09,2050,A
729009,432136,430007,2,31-Aug-09,1430,Motorway
729009,432136,430007,2,31-Aug-09,1430,Motorway
798309,430025,436445,2,31-Aug-09,2200,A
707709,436403,434699,1,1-Sep-09,1200,Unclassified
708009,428929,432428,4,1-Sep-09,810,Unclassified
710009,430860,433344,1,1-Sep-09,1728,A
710209,430780,433470,1,1-Sep-09,1105,A
710509,433600,425845,7,1-Sep-09,813,Motorway
710509,433600,425845,7,1-Sep-09,813,Motorway
710509,433600,425845,7,1-Sep-09,813,Motorway
713609,432677,436909,2,1-Sep-09,1853,Unclassified
713609,432677,436909,2,1-Sep-09,1853,Unclassified
713609,432677,436909,2,1-Sep-09,1853,Unclassified
715509,425749,426342,4,1-Sep-09,1804,Motorway
715509,425749,426342,4,1-Sep-09,1804,Motorway
716509,431720,433955,2,1-Sep-09,1755,Unclassified
717309,431272,428911,2,1-Sep-09,1800,Unclassified
719009,421695,444211,2,1-Sep-09,1756,Unclassified
719009,421695,444211,2,1-Sep-09,1756,Unclassified
740809,432822,438758,2,1-Sep-09,1230,Unclassified
746609,427518,433834,2,1-Sep-09,1650,Unclassified
710909,426586,427687,2,2-Sep-09,1130,Unclassified
710909,426586,427687,2,2-Sep-09,1130,Unclassified
714309,428854,425986,4,2-Sep-09,1640,A
714609,429538,431209,1,2-Sep-09,1350,Unclassified
717109,428867,432487,1,2-Sep-09,1505,A
717509,436148,435264,1,2-Sep-09,1515,A
721209,419910,441060,2,2-Sep-09,1735,A
727009,430893,436415,1,2-Sep-09,1100,Unclassified
754309,434904,429047,2,2-Sep-09,1300,A
758509,429778,433635,2,2-Sep-09,755,Unclassified
717409,425336,435941,2,3-Sep-09,840,B
722509,431858,425432,4,3-Sep-09,810,Motorway
722509,431858,425432,4,3-Sep-09,810,Motorway
722509,431858,425432,4,3-Sep-09,810,Motorway
729109,421549,435959,2,3-Sep-09,1001,A
722009,432208,432990,1,4-Sep-09,1325,Unclassified
722809,428912,435505,2,4-Sep-09,1745,A
723509,429408,433919,2,4-Sep-09,2030,A(M)
728909,431379,435350,2,4-Sep-09,1800,Unclassified
728909,431379,435350,2,4-Sep-09,1800,Unclassified
719409,431019,430757,2,5-Sep-09,20,Unclassified
720209,431906,434835,1,5-Sep-09,1310,Unclassified
720409,437955,432915,1,5-Sep-09,1550,A
720409,437955,432915,1,5-Sep-09,1550,A
721109,423659,434671,2,5-Sep-09,1820,Unclassified
721509,439029,431761,2,5-Sep-09,1510,A
722109,437496,432923,1,5-Sep-09,1000,Unclassified
722209,423666,437572,2,5-Sep-09,555,A
722209,423666,437572,2,5-Sep-09,555,A
722209,423666,437572,2,5-Sep-09,555,A
722209,423666,437572,2,5-Sep-09,555,A
723009,421839,441216,3,5-Sep-09,1245,A
723009,421839,441216,3,5-Sep-09,1245,A
727609,420505,440240,2,6-Sep-09,2025,A
730309,441153,448922,1,6-Sep-09,1230,A(M)
735409,432013,426246,2,6-Sep-09,810,Motorway
721609,430067,425119,2,7-Sep-09,1012,A
721609,430067,425119,2,7-Sep-09,1012,A
723609,428658,434965,2,7-Sep-09,1804,Unclassified
723809,429145,434068,2,7-Sep-09,930,Unclassified
724509,427983,435222,2,7-Sep-09,1750,Unclassified
731509,431102,430276,1,7-Sep-09,1344,Unclassified
732209,430109,433598,1,7-Sep-09,1640,Unclassified
732509,429339,431338,1,7-Sep-09,2225,Unclassified
738409,433108,425914,2,7-Sep-09,1945,Motorway
738409,433108,425914,2,7-Sep-09,1945,Motorway
738409,433108,425914,2,7-Sep-09,1945,Motorway
747409,436034,434795,1,7-Sep-09,1710,Unclassified
732609,436609,435873,2,8-Sep-09,1335,Unclassified
737509,426221,431868,1,8-Sep-09,1640,Unclassified
737909,435549,438366,2,8-Sep-09,1525,Unclassified
738509,440854,432895,1,8-Sep-09,1332,Unclassified
738709,430066,434182,1,8-Sep-09,1615,A
740509,442114,445167,1,8-Sep-09,830,Unclassified
740709,436329,435648,2,8-Sep-09,2115,Unclassified
744509,436147,435291,1,8-Sep-09,920,A
752409,420695,437163,2,8-Sep-09,1730,A
817409,432972,439890,2,8-Sep-09,1725,Unclassified
817409,432972,439890,2,8-Sep-09,1725,Unclassified
731709,418424,442588,4,9-Sep-09,605,Unclassified
734009,429963,430863,1,9-Sep-09,1607,A
735109,427311,433321,2,9-Sep-09,1035,Unclassified
736209,431640,429137,2,9-Sep-09,2120,Unclassified
737409,435229,433649,1,9-Sep-09,1505,Unclassified
737609,437024,429235,2,9-Sep-09,1715,A
738009,431280,433837,2,9-Sep-09,940,Unclassified
738609,434503,435434,3,9-Sep-09,1950,Unclassified
738809,432508,427306,2,9-Sep-09,2250,A
740609,431159,436390,2,9-Sep-09,815,B
740609,431159,436390,2,9-Sep-09,815,B
740909,437862,429858,3,9-Sep-09,1700,A
740909,437862,429858,3,9-Sep-09,1700,A
750709,430448,433717,1,9-Sep-09,1320,Unclassified
772209,444906,444750,2,9-Sep-09,1915,A
735909,434529,436872,1,10-Sep-09,1715,Unclassified
737309,431671,435358,2,10-Sep-09,844,A
738309,426276,442370,2,10-Sep-09,2153,A
741109,429973,445291,2,10-Sep-09,1635,A
741709,427692,436076,1,10-Sep-09,45,B
743109,429139,432052,1,10-Sep-09,2034,Unclassified
743909,428237,436523,2,10-Sep-09,1520,B
743909,428237,436523,2,10-Sep-09,1520,B
747209,426142,437271,2,10-Sep-09,2130,Unclassified
772309,440554,448560,2,10-Sep-09,1215,B
746909,421104,444568,2,11-Sep-09,1240,Unclassified
746909,421104,444568,2,11-Sep-09,1240,Unclassified
747009,431344,434110,2,11-Sep-09,1300,Unclassified
747509,438857,446387,2,11-Sep-09,1448,Unclassified
785209,423254,435774,2,11-Sep-09,1210,A
793409,430365,433721,2,11-Sep-09,1333,Unclassified
744409,441572,430325,2,12-Sep-09,2015,B
744409,441572,430325,2,12-Sep-09,2015,B
744409,441572,430325,2,12-Sep-09,2015,B
745009,423605,437875,1,12-Sep-09,1238,Unclassified
747309,420965,441141,1,12-Sep-09,1430,Unclassified
750009,432274,436260,1,12-Sep-09,1348,Unclassified
761409,427834,435803,2,12-Sep-09,656,Unclassified
781209,427653,436667,2,12-Sep-09,1727,A
750509,442103,434635,2,13-Sep-09,930,A
752509,431233,445743,2,13-Sep-09,1020,A
742109,426949,433434,2,14-Sep-09,1130,Unclassified
747809,431660,428590,3,14-Sep-09,1940,Unclassified
751309,438490,438789,2,14-Sep-09,703,A
760209,423545,442941,2,14-Sep-09,255,Unclassified
764009,431348,435058,2,14-Sep-09,1835,A
752209,435948,425912,2,15-Sep-09,2050,Motorway
753209,431530,432543,2,15-Sep-09,1042,A
757309,442487,427645,2,15-Sep-09,806,Unclassified
757309,442487,427645,2,15-Sep-09,806,Unclassified
759409,432106,436049,2,15-Sep-09,1930,Unclassified
759409,432106,436049,2,15-Sep-09,1930,Unclassified
760409,433855,434061,4,15-Sep-09,1247,A
760809,428684,435375,1,15-Sep-09,1900,Unclassified
761509,425157,441198,2,15-Sep-09,1820,Unclassified
777109,423724,434194,2,15-Sep-09,1140,Unclassified
753009,421551,435965,2,16-Sep-09,819,A
753009,421551,435965,2,16-Sep-09,819,A
753109,431272,434138,1,16-Sep-09,950,Unclassified
757409,429864,433659,2,16-Sep-09,100,Unclassified
759709,426756,427125,2,16-Sep-09,1545,Unclassified
762009,446225,429783,2,16-Sep-09,725,Unclassified
765809,443515,435123,1,16-Sep-09,1933,Motorway
774509,431884,434752,4,16-Sep-09,1315,Unclassified
774509,431884,434752,4,16-Sep-09,1315,Unclassified
762409,431075,433732,3,17-Sep-09,1208,A
765209,431976,435829,2,17-Sep-09,905,A
767109,430642,434705,2,17-Sep-09,1950,A
758309,429923,427733,1,18-Sep-09,1305,Unclassified
763609,433352,432967,1,18-Sep-09,1205,Unclassified
763809,430889,433535,2,18-Sep-09,1450,Unclassified
764109,431661,434093,2,18-Sep-09,935,Unclassified
764109,431661,434093,2,18-Sep-09,935,Unclassified
764309,431189,439313,2,18-Sep-09,1912,A
765509,427505,425509,2,18-Sep-09,1800,A
765509,427505,425509,2,18-Sep-09,1800,A
765909,433135,436121,2,18-Sep-09,2047,A
765909,433135,436121,2,18-Sep-09,2047,A
771309,425334,426579,3,18-Sep-09,1647,Motorway
771309,425334,426579,3,18-Sep-09,1647,Motorway
761709,420457,441582,1,19-Sep-09,1235,Unclassified
768109,423652,437377,1,19-Sep-09,1200,A
768409,433601,434441,2,20-Sep-09,1500,Unclassified
770509,430982,427051,2,20-Sep-09,1940,A
773209,435226,440384,2,20-Sep-09,500,Unclassified
773209,435226,440384,2,20-Sep-09,500,Unclassified
777409,432187,435079,2,20-Sep-09,1730,Unclassified
799009,431116,428652,1,20-Sep-09,2310,Unclassified
816309,428954,433664,2,20-Sep-09,2338,A
765609,433374,425875,2,21-Sep-09,1110,Motorway
768809,431427,434071,3,21-Sep-09,639,Unclassified
770709,436856,428985,2,21-Sep-09,1710,A
774209,429790,438917,1,21-Sep-09,840,A
772509,430554,433696,1,22-Sep-09,1135,Unclassified
776909,431229,430569,4,22-Sep-09,2225,Motorway
776909,431229,430569,4,22-Sep-09,2225,Motorway
776909,431229,430569,4,22-Sep-09,2225,Motorway
776909,431229,430569,4,22-Sep-09,2225,Motorway
782009,429174,438562,2,22-Sep-09,1100,A
782009,429174,438562,2,22-Sep-09,1100,A
787209,435801,436760,1,22-Sep-09,1010,Unclassified
792009,414846,442849,1,22-Sep-09,2317,Unclassified
775409,436337,433955,1,23-Sep-09,1110,Unclassified
776609,430229,433392,1,23-Sep-09,400,Unclassified
779309,432762,434204,2,23-Sep-09,1210,Unclassified
787609,433385,437248,1,23-Sep-09,330,Unclassified
811209,432614,435846,3,23-Sep-09,2150,A
781009,431030,434895,2,24-Sep-09,1335,Unclassified
781009,431030,434895,2,24-Sep-09,1335,Unclassified
781009,431030,434895,2,24-Sep-09,1335,Unclassified
781309,424370,445351,2,24-Sep-09,1824,A
781309,424370,445351,2,24-Sep-09,1824,A
781509,422408,428984,2,24-Sep-09,1635,A
782709,427520,431356,2,24-Sep-09,1503,A
783609,425161,437835,2,24-Sep-09,940,Unclassified
783609,425161,437835,2,24-Sep-09,940,Unclassified
787709,436539,435580,2,24-Sep-09,1700,Unclassified
787709,436539,435580,2,24-Sep-09,1700,Unclassified
800209,429592,433435,1,24-Sep-09,1945,Unclassified
822709,431661,435028,1,24-Sep-09,1755,Unclassified
837709,435897,436416,2,24-Sep-09,1120,A
779109,425134,433917,3,25-Sep-09,1000,Unclassified
779109,425134,433917,3,25-Sep-09,1000,Unclassified
783209,430354,438557,2,25-Sep-09,1715,A
783909,419291,442231,1,25-Sep-09,1830,Unclassified
785509,430393,426353,2,25-Sep-09,1145,Unclassified
785809,430072,433830,2,25-Sep-09,1,Unclassified
792209,430670,433032,1,25-Sep-09,2230,A
806309,430799,433847,2,25-Sep-09,2150,A
806309,430799,433847,2,25-Sep-09,2150,A
818909,419308,441741,2,25-Sep-09,1145,A
784909,440853,445860,1,26-Sep-09,1110,A(M)
787909,429250,438591,2,26-Sep-09,2230,A
788109,432157,436137,2,26-Sep-09,2237,Unclassified
788109,432157,436137,2,26-Sep-09,2237,Unclassified
788109,432157,436137,2,26-Sep-09,2237,Unclassified
788709,435791,435745,1,26-Sep-09,1735,Unclassified
789009,431524,432744,1,26-Sep-09,1745,Unclassified
792409,427470,436001,1,26-Sep-09,2110,Unclassified
793309,427851,434400,1,26-Sep-09,226,A
793509,427177,426451,2,26-Sep-09,1912,A
794309,428557,434855,2,26-Sep-09,1715,Unclassified
794309,428557,434855,2,26-Sep-09,1715,Unclassified
784309,428786,436949,1,27-Sep-09,1822,Unclassified
795409,430320,434118,2,27-Sep-09,2240,Unclassified
795809,430222,433754,1,27-Sep-09,2040,Unclassified
795809,430222,433754,1,27-Sep-09,2040,Unclassified
796809,428110,426282,2,27-Sep-09,1455,A
796809,428110,426282,2,27-Sep-09,1455,A
796809,428110,426282,2,27-Sep-09,1455,A
802309,430597,426445,2,27-Sep-09,950,Unclassified
794809,428905,435508,2,28-Sep-09,1735,A
814209,430087,437375,2,28-Sep-09,1225,A
814209,430087,437375,2,28-Sep-09,1225,A
797609,431884,435156,1,29-Sep-09,1035,Unclassified
797609,431884,435156,1,29-Sep-09,1035,Unclassified
799109,428272,433520,2,29-Sep-09,730,Unclassified
802409,429965,430874,2,29-Sep-09,715,A
803509,445258,427829,1,29-Sep-09,730,Unclassified
822609,430302,435025,2,29-Sep-09,850,Unclassified
822609,430302,435025,2,29-Sep-09,850,Unclassified
840509,430700,434876,2,29-Sep-09,1736,A
802609,424278,428343,2,30-Sep-09,655,A
807909,429608,431846,1,30-Sep-09,1505,Unclassified
808909,420829,439688,2,30-Sep-09,1350,A
808909,420829,439688,2,30-Sep-09,1350,A
812909,432337,436330,1,30-Sep-09,1841,Unclassified
817509,430959,433431,4,30-Sep-09,933,A
826209,444875,436477,1,30-Sep-09,1800,B
845109,428148,435835,2,30-Sep-09,1445,A
800109,429433,433462,2,1-Oct-09,915,Unclassified
802809,434709,428186,2,1-Oct-09,750,A
806109,428799,433315,2,1-Oct-09,855,A
811009,432337,432653,2,1-Oct-09,1827,Unclassified
814309,428050,432043,2,1-Oct-09,1720,A
901909,422225,433765,2,1-Oct-09,1750,B
804209,428110,432803,2,2-Oct-09,1630,B
807309,428878,430013,2,2-Oct-09,1925,Unclassified
812409,440229,432343,2,2-Oct-09,1700,A
813109,427063,437408,3,2-Oct-09,1230,A
813109,427063,437408,3,2-Oct-09,1230,A
813109,427063,437408,3,2-Oct-09,1230,A
813509,431165,439273,2,2-Oct-09,1045,Unclassified
846009,431374,435071,1,2-Oct-09,930,A
806909,428600,431563,2,3-Oct-09,815,Motorway
808409,420648,434347,2,3-Oct-09,1330,A
808409,420648,434347,2,3-Oct-09,1330,A
810209,441193,448825,1,3-Oct-09,630,A(M)
810409,423299,441643,2,3-Oct-09,2205,Unclassified
811309,439477,426194,2,3-Oct-09,1620,A
811309,439477,426194,2,3-Oct-09,1620,A
811309,439477,426194,2,3-Oct-09,1620,A
812709,435023,432532,1,3-Oct-09,2110,Unclassified
813409,426404,433964,2,3-Oct-09,2340,A
814809,423935,433605,2,3-Oct-09,1930,Unclassified
814809,423935,433605,2,3-Oct-09,1930,Unclassified
813909,419725,438727,1,4-Oct-09,815,A
815909,436159,434566,1,4-Oct-09,1434,A
811409,420532,434322,2,5-Oct-09,1910,A
813809,429221,431643,2,5-Oct-09,1715,Unclassified
815309,431015,440302,3,5-Oct-09,1540,A
816409,432514,427314,2,5-Oct-09,1715,A
816509,429654,430709,2,5-Oct-09,930,Unclassified
819209,430278,433737,1,5-Oct-09,1330,Unclassified
819709,431923,428325,2,5-Oct-09,1155,Motorway
819709,431923,428325,2,5-Oct-09,1155,Motorway
820109,421020,434483,2,5-Oct-09,1140,B
828109,427112,436977,3,5-Oct-09,1300,Unclassified
934609,425451,437937,2,5-Oct-09,725,A
934609,425451,437937,2,5-Oct-09,725,A
816609,435796,436343,2,6-Oct-09,630,Unclassified
817009,429147,436207,2,6-Oct-09,1540,Unclassified
817909,436484,435031,2,6-Oct-09,900,Unclassified
825109,436118,435507,1,6-Oct-09,1455,A
876409,439003,446045,2,6-Oct-09,1510,A
815809,430753,438582,1,7-Oct-09,1247,Unclassified
820009,430230,432029,1,7-Oct-09,950,A
822909,431905,435729,2,7-Oct-09,1718,A
824809,430036,438512,2,7-Oct-09,1650,Unclassified
824909,428837,440131,2,7-Oct-09,1910,Unclassified
824909,428837,440131,2,7-Oct-09,1910,Unclassified
824909,428837,440131,2,7-Oct-09,1910,Unclassified
833909,421526,428486,2,7-Oct-09,1150,A
833909,421526,428486,2,7-Oct-09,1150,A
839009,436133,434840,2,7-Oct-09,910,A
840409,432828,433603,3,7-Oct-09,1425,Unclassified
825509,430672,433450,4,8-Oct-09,1430,Unclassified
825509,430672,433450,4,8-Oct-09,1430,Unclassified
828609,424982,427538,2,8-Oct-09,1920,A
833309,432187,429090,2,8-Oct-09,1012,Motorway
833309,432187,429090,2,8-Oct-09,1012,Motorway
833309,432187,429090,2,8-Oct-09,1012,Motorway
835409,429286,433479,2,8-Oct-09,1230,Unclassified
836309,444832,431567,2,8-Oct-09,2017,A
836309,444832,431567,2,8-Oct-09,2017,A
827109,427517,434869,2,9-Oct-09,1655,Unclassified
955509,431826,435622,1,9-Oct-09,945,A
825809,428578,432989,1,10-Oct-09,810,A
833809,430339,433381,1,10-Oct-09,935,Unclassified
834109,434973,436879,1,10-Oct-09,1430,Unclassified
834109,434973,436879,1,10-Oct-09,1430,Unclassified
838709,430704,439227,2,10-Oct-09,845,A
838909,432331,434981,2,10-Oct-09,1355,B
965209,428456,434483,1,10-Oct-09,1630,Unclassified
823909,423786,438053,1,11-Oct-09,1100,Unclassified
836709,435821,435757,2,12-Oct-09,835,Unclassified
837809,428653,437538,2,12-Oct-09,1255,Unclassified
845909,434748,438041,2,12-Oct-09,1111,A
845909,434748,438041,2,12-Oct-09,1111,A
836809,429137,435243,2,13-Oct-09,1820,A
836909,431261,433692,1,13-Oct-09,1630,Unclassified
838209,433155,434031,2,13-Oct-09,1815,A
838309,420340,434268,2,13-Oct-09,1430,A
838409,440059,432533,1,13-Oct-09,1450,B
840009,427984,435223,2,13-Oct-09,1700,Unclassified
840309,426339,431703,2,13-Oct-09,1610,A
840309,426339,431703,2,13-Oct-09,1610,A
842709,420927,434418,2,13-Oct-09,830,A
844509,441659,430764,2,13-Oct-09,1542,Unclassified
845309,434456,433702,2,13-Oct-09,1820,Unclassified
845309,434456,433702,2,13-Oct-09,1820,Unclassified
845309,434456,433702,2,13-Oct-09,1820,Unclassified
845309,434456,433702,2,13-Oct-09,1820,Unclassified
845309,434456,433702,2,13-Oct-09,1820,Unclassified
865609,427393,429667,2,13-Oct-09,715,A
837609,420767,434402,3,14-Oct-09,900,A
843809,442884,431656,3,14-Oct-09,1453,A
843809,442884,431656,3,14-Oct-09,1453,A
854509,430830,439647,2,14-Oct-09,850,A
861309,415867,441870,1,14-Oct-09,2220,Unclassified
861309,415867,441870,1,14-Oct-09,2220,Unclassified
844009,429137,431733,1,15-Oct-09,1235,Unclassified
844109,426911,438080,3,15-Oct-09,725,A
844109,426911,438080,3,15-Oct-09,725,A
844109,426911,438080,3,15-Oct-09,725,A
845409,442198,442885,1,15-Oct-09,630,Unclassified
847809,441633,430767,1,15-Oct-09,1120,Unclassified
848609,431893,430494,2,15-Oct-09,620,A
852309,425098,431061,1,15-Oct-09,1230,A
856909,428236,436524,2,15-Oct-09,1355,B
856909,428236,436524,2,15-Oct-09,1355,B
863309,432393,434895,1,15-Oct-09,745,B
869509,422016,436494,3,15-Oct-09,1000,A
869509,422016,436494,3,15-Oct-09,1000,A
846109,427526,436941,2,16-Oct-09,850,A
848209,429282,433492,2,16-Oct-09,1820,Unclassified
848409,426019,438934,1,16-Oct-09,1535,Unclassified
849809,436657,435952,1,16-Oct-09,2245,Unclassified
850109,440031,439603,2,16-Oct-09,1610,A
850209,427299,434685,2,16-Oct-09,1600,A
850909,431606,435243,2,16-Oct-09,1515,A
854909,430803,433846,2,16-Oct-09,1200,A
859609,441460,439840,4,16-Oct-09,1558,A
859609,441460,439840,4,16-Oct-09,1558,A
859609,441460,439840,4,16-Oct-09,1558,A
859609,441460,439840,4,16-Oct-09,1558,A
859609,441460,439840,4,16-Oct-09,1558,A
859609,441460,439840,4,16-Oct-09,1558,A
859609,441460,439840,4,16-Oct-09,1558,A
859609,441460,439840,4,16-Oct-09,1558,A
860109,436222,434266,2,16-Oct-09,1530,Unclassified
870009,425053,433332,2,16-Oct-09,1715,Unclassified
844609,429899,435449,1,17-Oct-09,2130,Unclassified
849109,435658,437028,4,17-Oct-09,1115,A
855709,430945,433298,2,17-Oct-09,1705,A
885309,430237,432959,2,17-Oct-09,2245,Unclassified
848809,431881,435323,1,18-Oct-09,1835,Unclassified
849209,431023,433513,2,18-Oct-09,1330,A
849309,428594,432781,3,18-Oct-09,1751,A
857209,424904,443281,2,18-Oct-09,1340,Unclassified
859909,431344,433934,2,19-Oct-09,1410,Unclassified
859909,431344,433934,2,19-Oct-09,1410,Unclassified
860409,431571,435177,1,19-Oct-09,1845,Unclassified
863409,430089,431274,2,19-Oct-09,1715,A
874709,431022,433511,2,19-Oct-09,1546,Unclassified
874709,431022,433511,2,19-Oct-09,1546,Unclassified
855209,423771,435633,1,20-Oct-09,1625,A
859809,437754,433053,1,20-Oct-09,2345,A
859809,437754,433053,1,20-Oct-09,2345,A
859809,437754,433053,1,20-Oct-09,2345,A
859809,437754,433053,1,20-Oct-09,2345,A
860009,424256,438995,2,20-Oct-09,725,Unclassified
863109,434711,425874,3,20-Oct-09,857,Motorway
863109,434711,425874,3,20-Oct-09,857,Motorway
863109,434711,425874,3,20-Oct-09,857,Motorway
865209,429404,433791,1,20-Oct-09,2030,A(M)
865309,430735,433449,1,20-Oct-09,1835,Unclassified
878409,431411,430752,2,20-Oct-09,2215,Unclassified
862209,441998,430355,1,21-Oct-09,805,Unclassified
863609,421823,446012,1,21-Oct-09,2200,A
863609,421823,446012,1,21-Oct-09,2200,A
863609,421823,446012,1,21-Oct-09,2200,A
870109,435088,435681,2,21-Oct-09,1820,Unclassified
876709,427151,432531,2,21-Oct-09,915,Unclassified
866809,430293,431180,2,22-Oct-09,1541,Unclassified
873909,435869,425813,2,22-Oct-09,1050,A
873909,435869,425813,2,22-Oct-09,1050,A
873909,435869,425813,2,22-Oct-09,1050,A
875309,435910,425855,2,22-Oct-09,725,Motorway
875309,435910,425855,2,22-Oct-09,725,Motorway
875309,435910,425855,2,22-Oct-09,725,Motorway
875409,430716,436746,2,22-Oct-09,1303,Unclassified
919009,442691,428996,3,22-Oct-09,729,A
919009,442691,428996,3,22-Oct-09,729,A
877209,432591,430577,2,23-Oct-09,915,B
881209,430935,434847,1,23-Oct-09,1200,Unclassified
877009,434413,434383,2,24-Oct-09,1608,A
877009,434413,434383,2,24-Oct-09,1608,A
878309,426136,440434,2,24-Oct-09,1420,Unclassified
873609,424024,437714,2,25-Oct-09,1240,A
875109,419959,441964,1,25-Oct-09,1700,Unclassified
881909,427786,436375,2,25-Oct-09,1505,A
881909,427786,436375,2,25-Oct-09,1505,A
881909,427786,436375,2,25-Oct-09,1505,A
916909,420559,441123,1,25-Oct-09,2020,Unclassified
872109,431542,435162,2,26-Oct-09,725,A
872109,431542,435162,2,26-Oct-09,725,A
872109,431542,435162,2,26-Oct-09,725,A
875709,424580,435149,2,26-Oct-09,1545,A
885109,431978,431223,2,26-Oct-09,615,A
891109,430541,431257,2,26-Oct-09,1705,Motorway
891109,430541,431257,2,26-Oct-09,1705,Motorway
892609,429169,431578,2,26-Oct-09,1830,Unclassified
893309,430028,433372,2,26-Oct-09,45,Unclassified
896209,440438,447805,2,26-Oct-09,1315,A
930209,432058,435964,4,26-Oct-09,1816,Unclassified
930209,432058,435964,4,26-Oct-09,1816,Unclassified
930209,432058,435964,4,26-Oct-09,1816,Unclassified
877309,425212,440811,2,27-Oct-09,815,Unclassified
877309,425212,440811,2,27-Oct-09,815,Unclassified
882909,428870,434835,2,27-Oct-09,2045,Unclassified
903409,440713,428683,2,27-Oct-09,1040,Unclassified
903409,440713,428683,2,27-Oct-09,1040,Unclassified
878809,431968,431242,2,28-Oct-09,830,A
879409,421871,436574,4,28-Oct-09,730,A
879409,421871,436574,4,28-Oct-09,730,A
879409,421871,436574,4,28-Oct-09,730,A
882109,435484,439995,2,28-Oct-09,1200,A
882409,431438,432700,2,28-Oct-09,1140,A
886509,431797,428915,2,28-Oct-09,650,Unclassified
886509,431797,428915,2,28-Oct-09,650,Unclassified
886509,431797,428915,2,28-Oct-09,650,Unclassified
886509,431797,428915,2,28-Oct-09,650,Unclassified
891009,431859,435936,2,28-Oct-09,2042,Unclassified
891009,431859,435936,2,28-Oct-09,2042,Unclassified
891009,431859,435936,2,28-Oct-09,2042,Unclassified
891409,432099,435532,1,28-Oct-09,1700,B
934109,430491,437138,2,28-Oct-09,1200,Unclassified
881709,431678,434506,1,29-Oct-09,1050,Unclassified
883609,426604,436350,2,29-Oct-09,1220,Unclassified
885509,430339,433735,2,29-Oct-09,1345,Unclassified
885509,430339,433735,2,29-Oct-09,1345,Unclassified
885509,430339,433735,2,29-Oct-09,1345,Unclassified
885509,430339,433735,2,29-Oct-09,1345,Unclassified
885509,430339,433735,2,29-Oct-09,1345,Unclassified
885909,429454,434906,2,29-Oct-09,925,A
886209,430222,435117,2,29-Oct-09,28,Unclassified
886209,430222,435117,2,29-Oct-09,28,Unclassified
886209,430222,435117,2,29-Oct-09,28,Unclassified
899409,431880,435414,1,29-Oct-09,1805,Unclassified
1450509,436210,436844,2,29-Oct-09,659,A
885209,424626,434438,2,30-Oct-09,925,Unclassified
885409,429342,433701,1,30-Oct-09,135,A(M)
890809,436984,433588,1,30-Oct-09,1634,A
892509,426258,429413,2,30-Oct-09,1505,Motorway
892509,426258,429413,2,30-Oct-09,1505,Motorway
890009,428433,435000,2,31-Oct-09,30,Unclassified
890309,437310,429480,2,31-Oct-09,1415,A
891509,443630,437799,1,31-Oct-09,805,A(M)
891809,426379,435438,2,31-Oct-09,1650,A
891909,428958,429855,2,31-Oct-09,30,A
893509,432519,434723,2,31-Oct-09,1727,B
893509,432519,434723,2,31-Oct-09,1727,B
893909,432692,433871,2,31-Oct-09,1125,A
894209,435705,435738,1,31-Oct-09,2345,Unclassified
895509,439881,429903,1,31-Oct-09,1745,Unclassified
898609,435790,425978,2,31-Oct-09,1930,Motorway
925709,420403,434120,2,31-Oct-09,20,B
925709,420403,434120,2,31-Oct-09,20,B
892209,430987,432040,2,1-Nov-09,1105,A
908809,425227,439892,1,1-Nov-09,320,Unclassified
936809,429098,434716,2,1-Nov-09,1100,Unclassified
936809,429098,434716,2,1-Nov-09,1100,Unclassified
890909,424731,434895,1,2-Nov-09,1645,A
893209,423013,437678,2,2-Nov-09,1720,A
893209,423013,437678,2,2-Nov-09,1720,A
894809,425975,434138,3,2-Nov-09,1640,A
894909,424266,437307,2,2-Nov-09,1533,Unclassified
896509,432157,436142,2,2-Nov-09,2140,Unclassified
897609,428018,427817,1,2-Nov-09,1155,B
897609,428018,427817,1,2-Nov-09,1155,B
897609,428018,427817,1,2-Nov-09,1155,B
899309,430659,434289,2,2-Nov-09,1352,Unclassified
900509,422596,429150,1,2-Nov-09,940,A
902809,436443,434699,1,2-Nov-09,1200,Unclassified
896809,430988,433130,2,3-Nov-09,955,A
898809,423343,437654,2,3-Nov-09,1710,A
898809,423343,437654,2,3-Nov-09,1710,A
900009,430531,437013,1,3-Nov-09,745,Unclassified
900709,428581,432963,3,3-Nov-09,1215,A
900709,428581,432963,3,3-Nov-09,1215,A
900709,428581,432963,3,3-Nov-09,1215,A
901109,430496,431167,2,3-Nov-09,957,Motorway
901409,428553,427758,1,3-Nov-09,2215,A
901409,428553,427758,1,3-Nov-09,2215,A
901409,428553,427758,1,3-Nov-09,2215,A
901409,428553,427758,1,3-Nov-09,2215,A
901409,428553,427758,1,3-Nov-09,2215,A
902509,438955,426120,2,3-Nov-09,1713,B
904609,429596,432090,4,3-Nov-09,1023,Motorway
904609,429596,432090,4,3-Nov-09,1023,Motorway
904609,429596,432090,4,3-Nov-09,1023,Motorway
904709,424691,427748,1,3-Nov-09,1005,Motorway
917609,427162,432253,2,3-Nov-09,1830,Unclassified
920009,441743,444178,9,3-Nov-09,1650,A(M)
920009,441743,444178,9,3-Nov-09,1650,A(M)
920009,441743,444178,9,3-Nov-09,1650,A(M)
920009,441743,444178,9,3-Nov-09,1650,A(M)
920009,441743,444178,9,3-Nov-09,1650,A(M)
931609,434677,438099,2,3-Nov-09,720,A
903709,428763,433286,2,4-Nov-09,1010,Unclassified
903709,428763,433286,2,4-Nov-09,1010,Unclassified
903709,428763,433286,2,4-Nov-09,1010,Unclassified
909409,432162,432913,2,4-Nov-09,1715,Unclassified
909509,432775,435937,3,4-Nov-09,2015,A
912909,424137,430431,2,4-Nov-09,2150,A
912909,424137,430431,2,4-Nov-09,2150,A
925909,431088,434206,5,4-Nov-09,1130,Unclassified
925909,431088,434206,5,4-Nov-09,1130,Unclassified
930509,428824,435226,3,4-Nov-09,933,Unclassified
930509,428824,435226,3,4-Nov-09,933,Unclassified
930509,428824,435226,3,4-Nov-09,933,Unclassified
935009,424995,426933,2,4-Nov-09,1700,Motorway
971909,430079,433879,1,4-Nov-09,730,Unclassified
902209,424469,433641,2,5-Nov-09,1510,B
902209,424469,433641,2,5-Nov-09,1510,B
908909,423185,434298,1,5-Nov-09,1935,Unclassified
909009,425987,427348,1,5-Nov-09,837,B
911409,429695,433797,1,5-Nov-09,1705,Unclassified
913209,436052,444475,1,5-Nov-09,925,Unclassified
913709,432094,438849,1,5-Nov-09,2230,Unclassified
914209,431574,435200,2,5-Nov-09,1130,A
915409,428908,433712,2,5-Nov-09,1825,A
916409,428955,435470,2,5-Nov-09,1740,A
916709,442879,435298,2,5-Nov-09,2125,B
917109,431507,445771,2,5-Nov-09,1400,A
927709,422212,436736,3,5-Nov-09,1230,A
927709,422212,436736,3,5-Nov-09,1230,A
927709,422212,436736,3,5-Nov-09,1230,A
927709,422212,436736,3,5-Nov-09,1230,A
932609,432379,433665,2,5-Nov-09,1500,Unclassified
953209,432530,434887,2,5-Nov-09,1959,Unclassified
953209,432530,434887,2,5-Nov-09,1959,Unclassified
907209,425521,434273,2,6-Nov-09,2000,A
907209,425521,434273,2,6-Nov-09,2000,A
907209,425521,434273,2,6-Nov-09,2000,A
907909,430372,434047,1,6-Nov-09,537,A
907909,430372,434047,1,6-Nov-09,537,A
908509,429390,434941,2,6-Nov-09,830,A
910409,437528,433178,1,6-Nov-09,1930,A
910609,433010,437091,2,6-Nov-09,2022,Unclassified
910609,433010,437091,2,6-Nov-09,2022,Unclassified
916809,429651,432927,2,6-Nov-09,1720,Unclassified
917009,431167,434976,2,6-Nov-09,2350,Unclassified
922109,432921,425962,4,6-Nov-09,1725,Motorway
922109,432921,425962,4,6-Nov-09,1725,Motorway
922509,430794,424479,1,6-Nov-09,2300,Motorway
938609,430483,437059,1,6-Nov-09,1440,Unclassified
961109,428904,440776,1,6-Nov-09,330,Unclassified
961109,428904,440776,1,6-Nov-09,330,Unclassified
988209,429143,435247,3,6-Nov-09,840,A
988209,429143,435247,3,6-Nov-09,840,A
988209,429143,435247,3,6-Nov-09,840,A
913809,443265,432762,1,7-Nov-09,2115,Unclassified
914809,426289,435587,2,7-Nov-09,1640,B
914809,426289,435587,2,7-Nov-09,1640,B
916009,430895,427041,1,7-Nov-09,1615,A
918909,431208,431499,1,7-Nov-09,1405,Unclassified
927809,426127,435591,2,7-Nov-09,2000,B
936309,430964,440115,2,7-Nov-09,1235,A
915709,426182,433060,2,8-Nov-09,1520,B
915709,426182,433060,2,8-Nov-09,1520,B
919209,427570,436880,2,8-Nov-09,1535,A
923309,432269,426313,1,8-Nov-09,1445,Motorway
932109,434482,438257,2,8-Nov-09,1800,A
933109,420560,437108,1,8-Nov-09,1705,A
936009,427656,436650,2,8-Nov-09,2310,A
921909,437049,435614,2,9-Nov-09,1400,Unclassified
922609,429751,423980,1,9-Nov-09,1500,Unclassified
922609,429751,423980,1,9-Nov-09,1500,Unclassified
928009,430376,433494,1,9-Nov-09,1144,Unclassified
928109,427908,434076,2,9-Nov-09,915,Unclassified
935809,428047,432832,3,9-Nov-09,1705,Unclassified
935809,428047,432832,3,9-Nov-09,1705,Unclassified
932409,423847,434261,2,10-Nov-09,1830,Unclassified
935609,429586,434806,2,10-Nov-09,810,A
936609,424358,435306,1,10-Nov-09,1230,A
936609,424358,435306,1,10-Nov-09,1230,A
937809,435440,434941,1,10-Nov-09,2110,A
938009,428625,440691,2,10-Nov-09,1615,Unclassified
940009,428008,435411,1,10-Nov-09,1035,Unclassified
940009,428008,435411,1,10-Nov-09,1035,Unclassified
940009,428008,435411,1,10-Nov-09,1035,Unclassified
945109,428097,430025,2,10-Nov-09,1955,A
957809,431792,426347,3,10-Nov-09,1802,Motorway
957809,431792,426347,3,10-Nov-09,1802,Motorway
1014709,427595,436960,2,10-Nov-09,2250,Unclassified
933009,425961,434774,2,11-Nov-09,1445,Unclassified
937509,431791,432050,2,11-Nov-09,1320,Unclassified
937509,431791,432050,2,11-Nov-09,1320,Unclassified
937609,429325,431939,1,11-Nov-09,1613,Motorway
938109,432434,435790,1,11-Nov-09,1634,A
957409,423992,427979,4,11-Nov-09,1630,Motorway
935409,430066,433793,1,12-Nov-09,1850,Unclassified
938309,428616,427857,2,12-Nov-09,1625,A
940809,417636,443156,2,12-Nov-09,1330,Unclassified
940809,417636,443156,2,12-Nov-09,1330,Unclassified
947509,429579,439232,1,12-Nov-09,1647,Unclassified
1450709,420763,445685,1,12-Nov-09,1720,A
936209,426867,436006,3,13-Nov-09,850,Unclassified
936209,426867,436006,3,13-Nov-09,850,Unclassified
938209,429440,433447,1,13-Nov-09,1730,Unclassified
938409,430067,433797,1,13-Nov-09,2030,Unclassified
941009,439668,426126,2,13-Nov-09,2125,Unclassified
941009,439668,426126,2,13-Nov-09,2125,Unclassified
942009,428147,426239,3,13-Nov-09,1650,A
942609,430304,433064,2,13-Nov-09,1750,Unclassified
943409,429963,436654,3,13-Nov-09,805,A
945209,424750,434071,2,13-Nov-09,1000,A
959609,428907,435508,2,13-Nov-09,1905,A
965409,420289,445365,1,13-Nov-09,1811,Unclassified
1031809,428746,434431,1,13-Nov-09,2030,Unclassified
936909,419573,446274,1,14-Nov-09,1110,Unclassified
936909,419573,446274,1,14-Nov-09,1110,Unclassified
937209,427232,434728,2,14-Nov-09,1110,A
945309,425955,434938,1,14-Nov-09,1750,Unclassified
951609,432445,433798,1,14-Nov-09,1900,Unclassified
951809,440352,432326,2,14-Nov-09,2315,A
951809,440352,432326,2,14-Nov-09,2315,A
952109,432961,439237,2,14-Nov-09,1855,A
1095209,424178,434160,1,14-Nov-09,1730,Unclassified
944309,426331,433992,2,15-Nov-09,1525,A
951909,431085,434206,2,15-Nov-09,1430,Unclassified
952609,442412,434477,1,15-Nov-09,1217,Motorway
956309,433425,432957,1,15-Nov-09,1420,Unclassified
964309,426174,439074,1,15-Nov-09,500,Unclassified
964309,426174,439074,1,15-Nov-09,500,Unclassified
964309,426174,439074,1,15-Nov-09,500,Unclassified
1094209,422409,433339,1,15-Nov-09,1910,Unclassified
944009,425946,434671,2,16-Nov-09,1640,Unclassified
951409,431696,439625,2,16-Nov-09,1541,Unclassified
952209,425559,439862,1,16-Nov-09,825,Unclassified
957109,434011,439964,2,16-Nov-09,830,Unclassified
958809,430867,436261,2,16-Nov-09,1130,Unclassified
959209,429680,432126,4,16-Nov-09,908,Motorway
959209,429680,432126,4,16-Nov-09,908,Motorway
957209,427861,436236,1,17-Nov-09,1140,Unclassified
957609,434064,435140,3,17-Nov-09,836,Unclassified
957709,431528,434299,2,17-Nov-09,1352,Unclassified
960209,424479,438084,1,17-Nov-09,2012,Unclassified
961709,431419,434084,2,17-Nov-09,1722,Unclassified
961809,436184,434367,2,17-Nov-09,1935,A
961909,433793,433978,3,17-Nov-09,1510,Unclassified
962609,420385,434150,2,17-Nov-09,1637,B
967109,428695,434958,1,17-Nov-09,2310,Unclassified
970709,424950,427657,2,17-Nov-09,230,A
973409,432922,434301,1,17-Nov-09,1900,Unclassified
996409,442308,442928,2,17-Nov-09,1940,Unclassified
996409,442308,442928,2,17-Nov-09,1940,Unclassified
996909,432513,438022,2,17-Nov-09,2120,Unclassified
956809,427654,431071,2,18-Nov-09,1020,Motorway
957909,435490,433845,1,18-Nov-09,817,Unclassified
959809,433103,434037,2,18-Nov-09,1330,Unclassified
959909,433180,434013,1,18-Nov-09,741,A
967009,426328,438468,1,18-Nov-09,850,Unclassified
967509,428864,432340,2,18-Nov-09,2245,Unclassified
967509,428864,432340,2,18-Nov-09,2245,Unclassified
970609,433903,434111,2,18-Nov-09,1719,A
972909,431965,435830,1,18-Nov-09,1313,A
975509,425925,428303,2,18-Nov-09,1740,B
975609,432245,430944,2,18-Nov-09,1620,B
964609,429026,432290,2,19-Nov-09,1140,Unclassified
972109,440500,446308,4,19-Nov-09,630,A(M)
972109,440500,446308,4,19-Nov-09,630,A(M)
972509,430030,434055,1,19-Nov-09,1800,Unclassified
972609,430036,435546,2,19-Nov-09,1830,Unclassified
976309,429407,433914,2,19-Nov-09,1405,A(M)
967809,429486,437234,2,20-Nov-09,1350,Unclassified
967809,429486,437234,2,20-Nov-09,1350,Unclassified
971609,433031,437105,2,20-Nov-09,900,Unclassified
971809,431419,434080,2,20-Nov-09,1420,Unclassified
972809,434896,433450,2,20-Nov-09,2059,Unclassified
973509,424669,434438,2,20-Nov-09,1345,Unclassified
974809,431583,426811,2,20-Nov-09,1825,A
976009,430535,433293,2,20-Nov-09,1715,Unclassified
987209,422003,433104,2,20-Nov-09,1534,B
992609,427833,436514,2,20-Nov-09,1705,B
971109,428978,435454,1,21-Nov-09,1900,A
971109,428978,435454,1,21-Nov-09,1900,A
974309,431780,434630,1,21-Nov-09,1602,Unclassified
1000509,432395,434802,2,21-Nov-09,1517,Unclassified
971209,425946,434676,2,22-Nov-09,1555,Unclassified
976709,429408,433918,2,22-Nov-09,1410,Unclassified
976709,429408,433918,2,22-Nov-09,1410,Unclassified
976709,429408,433918,2,22-Nov-09,1410,Unclassified
976709,429408,433918,2,22-Nov-09,1410,Unclassified
980209,424980,426960,3,22-Nov-09,1735,Motorway
980209,424980,426960,3,22-Nov-09,1735,Motorway
977209,429288,428272,1,23-Nov-09,800,Unclassified
977509,432064,435960,2,23-Nov-09,1415,Unclassified
977809,429902,432406,2,23-Nov-09,145,A
979209,433474,434050,1,23-Nov-09,800,A
985909,430958,435777,2,23-Nov-09,1946,Unclassified
985909,430958,435777,2,23-Nov-09,1946,Unclassified
985909,430958,435777,2,23-Nov-09,1946,Unclassified
981509,424464,438596,2,24-Nov-09,1730,Unclassified
981909,425578,434240,1,24-Nov-09,1604,A
982509,429021,437502,2,24-Nov-09,915,B
986709,431364,428350,1,24-Nov-09,1620,Unclassified
988109,428717,435609,2,24-Nov-09,1200,A
992809,430559,435120,2,24-Nov-09,2230,A
1081909,440966,431360,1,24-Nov-09,1350,B
985609,431803,434276,1,25-Nov-09,1357,Unclassified
987109,430427,431051,1,25-Nov-09,1629,Motorway
987109,430427,431051,1,25-Nov-09,1629,Motorway
987809,424690,435265,2,25-Nov-09,1225,Unclassified
1010409,427894,432917,1,25-Nov-09,1915,Unclassified
1019409,429711,434546,3,25-Nov-09,1550,A
1051109,431960,438842,2,25-Nov-09,1208,Unclassified
982109,428840,433981,2,26-Nov-09,1205,Unclassified
988709,430221,434362,2,26-Nov-09,145,A
988709,430221,434362,2,26-Nov-09,145,A
993809,431879,435373,2,26-Nov-09,2245,Unclassified
993809,431879,435373,2,26-Nov-09,2245,Unclassified
1000709,431208,433709,2,26-Nov-09,1630,Unclassified
1014009,432752,434842,2,26-Nov-09,2050,Unclassified
1014009,432752,434842,2,26-Nov-09,2050,Unclassified
993209,426414,442200,3,27-Nov-09,918,A
993209,426414,442200,3,27-Nov-09,918,A
993209,426414,442200,3,27-Nov-09,918,A
998609,430067,433799,1,27-Nov-09,911,Unclassified
1004909,433722,436157,1,27-Nov-09,720,Unclassified
987909,421928,432687,1,28-Nov-09,1730,Unclassified
991409,427889,436208,1,28-Nov-09,1550,A
992909,430319,433900,1,28-Nov-09,1830,Unclassified
993009,438613,436370,1,28-Nov-09,1030,Unclassified
993009,438613,436370,1,28-Nov-09,1030,Unclassified
993009,438613,436370,1,28-Nov-09,1030,Unclassified
993009,438613,436370,1,28-Nov-09,1030,Unclassified
996709,443677,432746,1,28-Nov-09,1730,Unclassified
996709,443677,432746,1,28-Nov-09,1730,Unclassified
1058809,426839,441373,2,28-Nov-09,645,A
990009,431251,441108,1,29-Nov-09,647,A
993509,424958,430951,3,29-Nov-09,1705,A
997309,431969,437037,2,30-Nov-09,2040,Unclassified
1010909,427946,436112,2,30-Nov-09,1545,A
1011309,414118,442717,1,30-Nov-09,2200,Unclassified
996609,420180,445517,4,1-Dec-09,1000,Unclassified
998209,425584,443070,2,1-Dec-09,800,A
1001709,427080,429422,2,1-Dec-09,945,Unclassified
1004609,428934,425980,1,1-Dec-09,1411,A
1005509,425529,434172,1,1-Dec-09,755,Unclassified
1006609,430924,434844,1,1-Dec-09,1912,Unclassified
1007509,428597,427833,1,1-Dec-09,710,A
1009009,433293,436226,2,1-Dec-09,2145,A
1009109,435165,434869,1,1-Dec-09,1659,Unclassified
1009209,431518,429085,2,1-Dec-09,1750,Unclassified
1004309,429386,433470,2,2-Dec-09,1220,Unclassified
1004309,429386,433470,2,2-Dec-09,1220,Unclassified
1004309,429386,433470,2,2-Dec-09,1220,Unclassified
1005609,429920,436989,1,2-Dec-09,1625,A
1005709,432320,435080,2,2-Dec-09,1340,Unclassified
1008409,430160,433925,2,2-Dec-09,1640,Unclassified
1008709,432361,433692,2,2-Dec-09,1933,A
1008709,432361,433692,2,2-Dec-09,1933,A
1008709,432361,433692,2,2-Dec-09,1933,A
1008709,432361,433692,2,2-Dec-09,1933,A
1019009,428012,431093,2,2-Dec-09,1745,A
1022109,443074,440606,2,2-Dec-09,1500,A(M)
1025009,429779,430507,2,2-Dec-09,605,Unclassified
1006909,427410,434992,2,3-Dec-09,1245,Unclassified
1011009,423004,444618,1,3-Dec-09,1524,A
1012409,431725,433633,2,3-Dec-09,615,A
1012409,431725,433633,2,3-Dec-09,615,A
1022409,424784,432895,2,3-Dec-09,1130,Unclassified
1024709,427581,431052,2,3-Dec-09,510,A
1024709,427581,431052,2,3-Dec-09,510,A
1024809,432524,427549,2,3-Dec-09,2210,A
1024809,432524,427549,2,3-Dec-09,2210,A
1055209,419668,438602,1,3-Dec-09,150,A
1055209,419668,438602,1,3-Dec-09,150,A
1055209,419668,438602,1,3-Dec-09,150,A
1055209,419668,438602,1,3-Dec-09,150,A
1066309,431089,433338,1,3-Dec-09,1505,Unclassified
1066309,431089,433338,1,3-Dec-09,1505,Unclassified
1012909,431971,435839,2,4-Dec-09,735,A
1013309,443058,447463,2,4-Dec-09,920,Unclassified
1013309,443058,447463,2,4-Dec-09,920,Unclassified
1014509,434456,433702,2,4-Dec-09,1705,Unclassified
1014509,434456,433702,2,4-Dec-09,1705,Unclassified
1014809,435898,436416,1,4-Dec-09,1041,A
1016909,430379,433503,1,4-Dec-09,1126,Unclassified
1017509,435915,425857,2,4-Dec-09,1015,Motorway
1017509,435915,425857,2,4-Dec-09,1015,Motorway
1024409,423036,435904,2,4-Dec-09,1411,A
1015709,420842,434703,2,5-Dec-09,1030,A
1016409,429595,434699,1,5-Dec-09,1654,A
1016609,430774,433446,1,5-Dec-09,1250,A
1017009,430871,434252,2,5-Dec-09,730,A
1017009,430871,434252,2,5-Dec-09,730,A
1017009,430871,434252,2,5-Dec-09,730,A
1017409,424156,428205,2,5-Dec-09,2020,A
1017409,424156,428205,2,5-Dec-09,2020,A
1017409,424156,428205,2,5-Dec-09,2020,A
1023109,429354,434966,2,5-Dec-09,40,A
1024609,430085,431195,1,5-Dec-09,1732,A
1025209,425627,426883,1,5-Dec-09,100,A
1013409,431732,439022,2,6-Dec-09,1315,Unclassified
1019509,423894,428095,1,6-Dec-09,1140,Motorway
1020909,425498,435150,2,6-Dec-09,1855,Unclassified
1020909,425498,435150,2,6-Dec-09,1855,Unclassified
1020909,425498,435150,2,6-Dec-09,1855,Unclassified
1020909,425498,435150,2,6-Dec-09,1855,Unclassified
1020909,425498,435150,2,6-Dec-09,1855,Unclassified
1027209,435369,436555,1,6-Dec-09,1730,Unclassified
1047409,431480,428569,2,6-Dec-09,1155,Unclassified
1051909,430702,433603,2,6-Dec-09,230,A
1058309,427327,437199,2,6-Dec-09,2000,A
1025109,432072,431106,2,7-Dec-09,1750,A
1025509,431583,426814,2,7-Dec-09,1600,A
1025909,443630,436726,9,7-Dec-09,655,A(M)
1025909,443630,436726,9,7-Dec-09,655,A(M)
1025909,443630,436726,9,7-Dec-09,655,A(M)
1025909,443630,436726,9,7-Dec-09,655,A(M)
1026409,431086,433547,2,7-Dec-09,1520,A
1027009,430884,436397,3,7-Dec-09,1815,Unclassified
1027009,430884,436397,3,7-Dec-09,1815,Unclassified
1039409,427590,431029,2,8-Dec-09,700,Motorway
1048009,430445,424201,2,8-Dec-09,1725,Motorway
1110209,430172,438251,1,8-Dec-09,2045,A
1027309,429737,430547,1,9-Dec-09,750,A
1028709,425245,434985,2,9-Dec-09,720,Unclassified
1029209,430780,438443,2,9-Dec-09,1510,Unclassified
1031109,429819,426400,2,9-Dec-09,1515,Motorway
1033609,429920,426399,3,9-Dec-09,1625,Motorway
1033609,429920,426399,3,9-Dec-09,1625,Motorway
1034809,430253,433910,1,9-Dec-09,1837,Unclassified
1039609,431993,428408,2,9-Dec-09,944,Motorway
1045209,431493,433966,3,9-Dec-09,1553,Unclassified
1045209,431493,433966,3,9-Dec-09,1553,Unclassified
1045209,431493,433966,3,9-Dec-09,1553,Unclassified
1045209,431493,433966,3,9-Dec-09,1553,Unclassified
1045309,432213,435172,1,9-Dec-09,1900,B
1046009,429237,433166,2,9-Dec-09,745,Unclassified
1049209,441062,449169,2,9-Dec-09,1230,A
1049209,441062,449169,2,9-Dec-09,1230,A
1057709,425254,433565,1,9-Dec-09,1945,Unclassified
1060809,422641,435004,1,9-Dec-09,2301,Unclassified
1031609,428433,434999,2,10-Dec-09,1210,Unclassified
1046209,429635,433801,1,10-Dec-09,1215,Unclassified
1048209,434440,428265,1,10-Dec-09,2015,Unclassified
1049509,432243,429048,2,10-Dec-09,1725,Motorway
1049809,430876,434248,2,10-Dec-09,1600,A
1063809,436200,436852,1,10-Dec-09,1945,Unclassified
1033309,436066,436898,1,11-Dec-09,1230,Unclassified
1033409,427896,434623,1,11-Dec-09,1635,Unclassified
1037109,427552,426319,5,11-Dec-09,2025,Motorway
1038409,424780,434832,2,11-Dec-09,910,A
1042109,422667,432357,1,11-Dec-09,1004,Unclassified
1047109,430084,435429,1,11-Dec-09,1657,Unclassified
1053209,431983,435796,2,11-Dec-09,2200,B
1060209,441573,434639,14,11-Dec-09,1845,Motorway
1060209,441573,434639,14,11-Dec-09,1845,Motorway
1060209,441573,434639,14,11-Dec-09,1845,Motorway
1060209,441573,434639,14,11-Dec-09,1845,Motorway
1060209,441573,434639,14,11-Dec-09,1845,Motorway
1060209,441573,434639,14,11-Dec-09,1845,Motorway
1068409,432663,436931,1,11-Dec-09,1550,Unclassified
1068409,432663,436931,1,11-Dec-09,1550,Unclassified
1034709,426918,439555,3,12-Dec-09,1826,A
1034709,426918,439555,3,12-Dec-09,1826,A
1035209,430191,434345,2,12-Dec-09,1505,A(M)
1035209,430191,434345,2,12-Dec-09,1505,A(M)
1040809,426431,427675,1,12-Dec-09,1208,Unclassified
1041709,424948,436736,1,12-Dec-09,1756,A
1044909,430263,426183,2,12-Dec-09,30,Unclassified
1046509,434603,434479,1,12-Dec-09,1759,A
1052709,443314,438991,3,12-Dec-09,1333,A(M)
1052709,443314,438991,3,12-Dec-09,1333,A(M)
1059609,442973,434563,2,12-Dec-09,1428,Motorway
1059609,442973,434563,2,12-Dec-09,1428,Motorway
1065209,439677,448617,1,12-Dec-09,907,A
1039809,427806,425853,2,13-Dec-09,1605,A
1047009,430450,433359,1,13-Dec-09,300,Unclassified
1047009,430450,433359,1,13-Dec-09,300,Unclassified
1047809,438162,431743,2,13-Dec-09,1150,Unclassified
1047809,438162,431743,2,13-Dec-09,1150,Unclassified
1047809,438162,431743,2,13-Dec-09,1150,Unclassified
1047809,438162,431743,2,13-Dec-09,1150,Unclassified
1055109,430650,434661,2,13-Dec-09,1100,A
1058709,433105,433476,2,13-Dec-09,2100,Unclassified
1064009,436125,436914,1,13-Dec-09,2145,Unclassified
1451509,432596,428266,2,13-Dec-09,1815,A
1043709,427705,434717,2,14-Dec-09,2120,Unclassified
1043709,427705,434717,2,14-Dec-09,2120,Unclassified
1043709,427705,434717,2,14-Dec-09,2120,Unclassified
1043709,427705,434717,2,14-Dec-09,2120,Unclassified
1046109,440676,428783,2,14-Dec-09,140,Unclassified
1046609,428526,434276,2,14-Dec-09,1955,Unclassified
1046909,436362,434698,2,14-Dec-09,1105,Unclassified
1046909,436362,434698,2,14-Dec-09,1105,Unclassified
1051309,436154,434714,3,14-Dec-09,1755,A
1056009,429232,435447,2,14-Dec-09,1006,Unclassified
1063309,439063,439209,2,14-Dec-09,815,A
1065609,429740,433414,2,14-Dec-09,1800,Unclassified
1069109,424565,428027,1,14-Dec-09,1620,A
1059709,424579,435154,2,15-Dec-09,2130,A
1064709,436209,436845,3,15-Dec-09,1810,A
1067909,437321,429489,3,15-Dec-09,1520,A
1067909,437321,429489,3,15-Dec-09,1520,A
1055309,428808,433297,3,16-Dec-09,1215,A
1055309,428808,433297,3,16-Dec-09,1215,A
1058009,429102,432189,2,16-Dec-09,2130,Unclassified
1062009,427830,430580,1,16-Dec-09,1727,A
1068809,431180,434718,3,16-Dec-09,1250,Unclassified
1068809,431180,434718,3,16-Dec-09,1250,Unclassified
1068809,431180,434718,3,16-Dec-09,1250,Unclassified
1069009,431803,435827,2,16-Dec-09,1855,Unclassified
1069809,436577,435721,2,16-Dec-09,1220,Unclassified
1069809,436577,435721,2,16-Dec-09,1220,Unclassified
1082209,434643,437505,2,16-Dec-09,2031,A
1082209,434643,437505,2,16-Dec-09,2031,A
1082209,434643,437505,2,16-Dec-09,2031,A
1089409,427198,431818,2,16-Dec-09,800,A
1057809,429653,439140,1,17-Dec-09,1205,Unclassified
1063609,429907,432147,4,17-Dec-09,1715,Motorway
1063609,429907,432147,4,17-Dec-09,1715,Motorway
1066409,441484,430774,1,17-Dec-09,1155,Unclassified
1066509,429058,433891,2,17-Dec-09,1630,Unclassified
1083409,428381,432673,1,17-Dec-09,1640,Unclassified
1451609,427549,430500,1,17-Dec-09,1406,Unclassified
1049909,430214,435117,3,18-Dec-09,925,Unclassified
1057209,431300,429109,1,18-Dec-09,1840,Unclassified
1057609,424291,433955,1,18-Dec-09,1200,A
1057909,436513,428366,2,18-Dec-09,633,Unclassified
1059909,420799,436997,3,18-Dec-09,1210,Unclassified
1064109,431432,431600,2,18-Dec-09,1100,A
1064409,432701,434958,2,18-Dec-09,2245,Unclassified
1066209,431347,437166,2,18-Dec-09,850,Unclassified
1066209,431347,437166,2,18-Dec-09,850,Unclassified
1066609,429151,433513,1,18-Dec-09,1630,Unclassified
1067709,429280,433494,2,18-Dec-09,1740,Unclassified
1069409,432164,434821,2,18-Dec-09,1107,Unclassified
1069409,432164,434821,2,18-Dec-09,1107,Unclassified
1072809,426214,437739,2,18-Dec-09,1240,Unclassified
1072909,426131,427613,2,18-Dec-09,1205,B
1072909,426131,427613,2,18-Dec-09,1205,B
1074909,437613,425470,5,18-Dec-09,857,Motorway
1074909,437613,425470,5,18-Dec-09,857,Motorway
1074909,437613,425470,5,18-Dec-09,857,Motorway
1074909,437613,425470,5,18-Dec-09,857,Motorway
1061309,422872,439315,2,19-Dec-09,700,Unclassified
1061309,422872,439315,2,19-Dec-09,700,Unclassified
1067309,431165,434990,2,19-Dec-09,1530,A
1067309,431165,434990,2,19-Dec-09,1530,A
1067309,431165,434990,2,19-Dec-09,1530,A
1079909,440400,449273,2,20-Dec-09,1030,B
1071109,425546,435376,2,21-Dec-09,825,Unclassified
1071109,425546,435376,2,21-Dec-09,825,Unclassified
1073209,433700,425861,3,21-Dec-09,1730,Motorway
1073209,433700,425861,3,21-Dec-09,1730,Motorway
1073209,433700,425861,3,21-Dec-09,1730,Motorway
1073209,433700,425861,3,21-Dec-09,1730,Motorway
1073209,433700,425861,3,21-Dec-09,1730,Motorway
1074709,424081,428217,2,21-Dec-09,1000,A
1075309,430693,432923,2,21-Dec-09,1005,Unclassified
1079009,431640,435002,1,21-Dec-09,2130,Unclassified
1080509,429931,433585,1,21-Dec-09,1448,Unclassified
1083509,429559,431560,2,21-Dec-09,2245,Unclassified
1083509,429559,431560,2,21-Dec-09,2245,Unclassified
1079209,425220,434356,2,22-Dec-09,845,A
1085809,424594,428010,2,22-Dec-09,126,A
1086309,425171,437850,4,23-Dec-09,800,A
1091109,434990,436888,2,23-Dec-09,1425,Unclassified
1091109,434990,436888,2,23-Dec-09,1425,Unclassified
1093709,431332,434833,2,23-Dec-09,2050,Unclassified
1094709,423957,438251,1,23-Dec-09,1500,Unclassified
1086509,431983,430373,1,24-Dec-09,702,Motorway
1093509,441107,432024,1,24-Dec-09,1715,A
1094809,440749,434468,1,24-Dec-09,2346,Motorway
1095009,426135,437193,1,24-Dec-09,15,Unclassified
1106909,431007,439223,2,24-Dec-09,1630,A
1087009,432363,436360,2,25-Dec-09,1235,Unclassified
1087409,427609,429941,3,25-Dec-09,2020,Unclassified
1087409,427609,429941,3,25-Dec-09,2020,Unclassified
1087909,435143,428614,2,25-Dec-09,2015,Unclassified
1093909,436304,435058,3,25-Dec-09,2140,Unclassified
1104409,427309,430777,4,25-Dec-09,1320,Motorway
1104409,427309,430777,4,25-Dec-09,1320,Motorway
1104409,427309,430777,4,25-Dec-09,1320,Motorway
1104409,427309,430777,4,25-Dec-09,1320,Motorway
1104409,427309,430777,4,25-Dec-09,1320,Motorway
1104409,427309,430777,4,25-Dec-09,1320,Motorway
1104409,427309,430777,4,25-Dec-09,1320,Motorway
1104409,427309,430777,4,25-Dec-09,1320,Motorway
1083209,430688,433690,2,26-Dec-09,1345,A
1084809,428213,431202,2,26-Dec-09,1800,A
1094109,429320,436083,8,26-Dec-09,645,Unclassified
1092709,420266,434235,2,27-Dec-09,1415,A
1092709,420266,434235,2,27-Dec-09,1415,A
1098309,426143,437272,2,27-Dec-09,45,Unclassified
1098309,426143,437272,2,27-Dec-09,45,Unclassified
1082909,429798,431075,1,28-Dec-09,1600,Unclassified
1088509,431447,434162,1,28-Dec-09,700,Unclassified
1092509,425921,436242,1,28-Dec-09,2355,A
1092509,425921,436242,1,28-Dec-09,2355,A
1101409,431419,434085,2,28-Dec-09,1707,Unclassified
1110409,431875,435943,2,28-Dec-09,1715,B
1092409,423477,434036,2,29-Dec-09,2309,Unclassified
1092409,423477,434036,2,29-Dec-09,2309,Unclassified
1102709,429247,433845,2,29-Dec-09,2000,Unclassified
1097109,430513,433709,1,31-Dec-09,1320,Unclassified
1100409,441649,434613,4,31-Dec-09,639,Motorway
1101709,438554,433797,1,31-Dec-09,1139,Motorway
1103809,433646,435324,2,31-Dec-09,1914,Unclassified
1107309,425112,436680,2,31-Dec-09,1330,Unclassified
1107309,425112,436680,2,31-Dec-09,1330,Unclassified