Week,Commodity,Trend,Text,RefinedTrend
weekly_02_2025_Eng.txt,vegetable,Unknown,Vegetables,Stable
weekly_02_2025_Eng.txt,coconut,Unknown,Coconut,Stable
weekly_02_2025_Eng.txt,egg,Unknown,Eggs,Stable
weekly_02_2025_Eng.txt,rice,Unknown,Rice/Paddy,Stable
weekly_02_2025_Eng.txt,rice,Increase,Prices of both large and small nuts have increased. Prices,Increase
weekly_02_2025_Eng.txt,rice,Increase,Prices of both brown and white eggs have increased by about,Increase
weekly_02_2025_Eng.txt,rice,Unknown,Rs.1.00/egg. Prices ranged Rs.36.00-40.00 for white egg and,Stable
weekly_02_2025_Eng.txt,egg,Unknown,Rs.38.00-40.00 for brown egg.,Stable
weekly_02_2025_Eng.txt,rice,Unknown,Prices of both imported red onion and imported big onion,Stable
weekly_02_2025_Eng.txt,rice,Increase,have increased. Price of imported potato has decreased while,Increase
weekly_02_2025_Eng.txt,rice,Increase,the price of Nuwara Eliya potato has increased.,Increase
weekly_02_2025_Eng.txt,rice,Increase,Prices of most of the upcountry vegetables have increased,Increase
weekly_02_2025_Eng.txt,rice,Unknown,while prices of most of the low country vegetables have,Stable
weekly_02_2025_Eng.txt,rice,Increase,Prices of most of the rice varieties have increased due to,Increase
weekly_02_2025_Eng.txt,rice,Unknown,limited stock position. Prices ranged Rs.280.00-300.00/kg for,Stable
weekly_02_2025_Eng.txt,rice,Unknown,province. Prices of both short grain and long grain (white),Stable
weekly_02_2025_Eng.txt,rice,Unknown,Rice,Stable
weekly_02_2025_Eng.txt,rice,Unknown,Prices of most local rice varieties have not,Stable
weekly_02_2025_Eng.txt,rice,Unknown,changed significantly. Prices ranged,Stable
weekly_02_2025_Eng.txt,rice,Unknown,raw red rice varieties were not available at,Stable
weekly_02_2025_Eng.txt,rice,Unknown,sufficient stocks. Raw white rice varieties,Stable
weekly_02_2025_Eng.txt,rice,Unknown,price ranged of Rs.215.00-220.00/kg.,Stable
weekly_02_2025_Eng.txt,rice,Unknown,Imported rice varieties was also available,Stable
weekly_02_2025_Eng.txt,rice,Unknown,prices.,Stable
weekly_02_2025_Eng.txt,rice,Unknown,prices of most of the rice varieties have,Stable
weekly_02_2025_Eng.txt,rice,Increase,increased with the highest price increase of,Increase
weekly_02_2025_Eng.txt,rice,Unknown,contrast the price of keeri samba has,Stable
weekly_02_2025_Eng.txt,rice,Unknown,Prices of all types of rice varieties except for,Stable
weekly_02_2025_Eng.txt,rice,Increase,increased. Prices of local raw red and white,Increase
weekly_02_2025_Eng.txt,rice,Increase,rice have increased by Rs.23.00/kg,Increase
weekly_02_2025_Eng.txt,rice,Unknown,limited stock position.  Prices ranged,Stable
weekly_02_2025_Eng.txt,rice,Unknown,the current retail prices of all the rice,Stable
weekly_02_2025_Eng.txt,rice,Increase,samba have increased with the highest price,Increase
weekly_02_2025_Eng.txt,rice,Unknown,"been observed. As a result, prices of both",Stable
weekly_02_2025_Eng.txt,rice,Unknown,producing areas during the week. The price,Stable
weekly_02_2025_Eng.txt,rice,Decrease,"Kalawewa areas. Further, price decrease",Decrease
weekly_02_2025_Eng.txt,rice,Unknown,Kurunegala areas. The paddy prices for,Stable
weekly_02_2025_Eng.txt,rice,Decrease,areas. The price decline of Rs.1.00-7.00/kg,Decrease
weekly_02_2025_Eng.txt,rice,Decrease,with the highest price decrease was noted,Decrease
weekly_02_2025_Eng.txt,rice,Unknown,paddy stocks. Prices ranged Rs.120.00-,Stable
weekly_02_2025_Eng.txt,rice,Increase,"However, considerable price increase was",Increase
weekly_02_2025_Eng.txt,rice,Unknown,Prices ranged of Rs.170.00-185.00/kg for,Stable
weekly_02_2025_Eng.txt,rice,Unknown,the average prices of all the major paddy,Stable
weekly_02_2025_Eng.txt,rice,Increase,increased with the highest price increase of,Increase
weekly_02_2025_Eng.txt,rice,Unknown,"in Embilipitiya. However, price of keeri",Stable
weekly_02_2025_Eng.txt,rice,Unknown,Price of imported dried chilies has,Stable
weekly_02_2025_Eng.txt,rice,Increase,increased slightly and price ranged,Increase
weekly_02_2025_Eng.txt,rice,Unknown,current whole sale price of imported dried,Stable
weekly_02_2025_Eng.txt,rice,Decrease,"In line with decreased wholesale price, the",Decrease
weekly_02_2025_Eng.txt,rice,Unknown,retail price of imported dried chilies has,Stable
weekly_02_2025_Eng.txt,rice,Decrease,decreased by Rs.30.00/kg and price ranged,Decrease
weekly_02_2025_Eng.txt,rice,Unknown,the current retail price of imported dried,Stable
weekly_02_2025_Eng.txt,onion,Unknown,Onion,Stable
weekly_02_2025_Eng.txt,rice,Unknown,Price of imported red onion has,Stable
weekly_02_2025_Eng.txt,rice,Decrease,decreased by 4% and price ranged,Decrease
weekly_02_2025_Eng.txt,onion,Unknown,Rs.350.00-450.00/kg. Sinan red onion was,Stable
weekly_02_2025_Eng.txt,rice,Unknown,also available at the market and price,Stable
weekly_02_2025_Eng.txt,rice,Increase,price of imported big onion has increased,Increase
weekly_02_2025_Eng.txt,rice,Unknown,stocks at the market and price ranged,Stable
weekly_02_2025_Eng.txt,rice,Unknown,current whole sale price of imported red,Stable
weekly_02_2025_Eng.txt,rice,Increase,onion has increased by 37% while price of,Increase
weekly_02_2025_Eng.txt,onion,Decrease,imported big onion has decreased by 54%.,Decrease
weekly_02_2025_Eng.txt,rice,Increase,Price of imported red onion has increased by,Increase
weekly_02_2025_Eng.txt,rice,Unknown,Rs.10.00/kg and the price ranged Rs.480.00-,Stable
weekly_02_2025_Eng.txt,onion,Unknown,850.00/kg. Local red onion stocks were not,Stable
weekly_02_2025_Eng.txt,rice,Unknown,available at the markets. Price of imported,Stable
weekly_02_2025_Eng.txt,onion,Increase,"big onion has also increased by Rs.19.00/kg,",Increase
weekly_02_2025_Eng.txt,rice,Unknown,with the price range of Rs.220.00 -,Stable
weekly_02_2025_Eng.txt,rice,Unknown,current retail price of imported red onion has,Stable
weekly_02_2025_Eng.txt,rice,Increase,increased by 10% while the price of,Increase
weekly_02_2025_Eng.txt,onion,Decrease,imported big onion has decreased by 51%.,Decrease
weekly_02_2025_Eng.txt,potato,Unknown,Potato,Stable
weekly_02_2025_Eng.txt,rice,Increase,Price of Nuwara Eliya potato has increased,Increase
weekly_02_2025_Eng.txt,rice,Unknown,by 3% and price ranged Rs.340.00 -,Stable
weekly_02_2025_Eng.txt,rice,Unknown,360.00/kg. Price of imported potato has,Stable
weekly_02_2025_Eng.txt,rice,Decrease,decreased by 3% and price ranged,Decrease
weekly_02_2025_Eng.txt,rice,Unknown,current wholesale prices of Nuwara Eliya,Stable
weekly_02_2025_Eng.txt,potato,Increase,and imported potatoes have increased by,Increase
weekly_02_2025_Eng.txt,rice,Unknown,"In line with the wholesale prices, retail price",Stable
weekly_02_2025_Eng.txt,potato,Decrease,of imported potato has decreased by,Decrease
weekly_02_2025_Eng.txt,rice,Unknown,Rs.17.00/kg while the retail price of Nuwara,Stable
weekly_02_2025_Eng.txt,potato,Increase,Eliya potato has increased by Rs.16.00/kg,Increase
weekly_02_2025_Eng.txt,rice,Unknown,the current retail prices of both imported and,Stable
weekly_02_2025_Eng.txt,potato,Increase,Nuwara Eliya potatoes have increased by,Increase
weekly_02_2025_Eng.txt,rice,Increase,Prices of green gram has increased,Increase
weekly_02_2025_Eng.txt,rice,Unknown,by 4% and price ranged Rs.500.00 -,Stable
weekly_02_2025_Eng.txt,rice,Unknown,650.00/kg. Price of red cowpea has,Stable
weekly_02_2025_Eng.txt,rice,Decrease,decreased by 3% and price ranged,Decrease
weekly_02_2025_Eng.txt,rice,Unknown,Rs.475.00-600.00/kg. Prices of both white,Stable
weekly_02_2025_Eng.txt,dhal,Unknown,cowpea and red dhal have not changed,Stable
weekly_02_2025_Eng.txt,rice,Unknown,significantly and average prices,Stable
weekly_02_2025_Eng.txt,rice,Unknown,current whole sale prices of all pulses,Stable
weekly_02_2025_Eng.txt,rice,Unknown,The retail prices of all types of pulses have,Stable
weekly_02_2025_Eng.txt,rice,Decrease,price decreased of Rs.11.00/kg was recorded,Decrease
weekly_02_2025_Eng.txt,rice,Unknown,for red cowpea. The retail price of green,Stable
weekly_02_2025_Eng.txt,rice,Increase,gram has increased by Rs.4.00/kg and price,Increase
weekly_02_2025_Eng.txt,rice,Unknown,the current retail prices of all types of pulses,Stable
weekly_02_2025_Eng.txt,rice,Decrease,have decreased with the highest price,Decrease
weekly_02_2025_Eng.txt,vegetable,Unknown,Vegetable,Stable
weekly_02_2025_Eng.txt,rice,Unknown,Prices of some of the up -country,Increase
weekly_02_2025_Eng.txt,vegetable,Increase,vegetables have increased due to decrease,Increase
weekly_02_2025_Eng.txt,rice,Unknown,while prices of most of the low-country,Stable
weekly_02_2025_Eng.txt,vegetable,Increase,vegetables have decreased with increased,Increase
weekly_02_2025_Eng.txt,vegetable,Unknown,"Among the upcountry vegetables, the",Increase
weekly_02_2025_Eng.txt,rice,Increase,highest price increase noted for beans by,Increase
weekly_02_2025_Eng.txt,rice,Unknown,"Balangoda area. Prices of knol-khol, radish",Stable
weekly_02_2025_Eng.txt,rice,Unknown,"However, prices of carrot, leeks, and",Stable
weekly_02_2025_Eng.txt,rice,Unknown,"stocks. Further, price of tomato  has",Stable
weekly_02_2025_Eng.txt,rice,Unknown,Bandarawela areas. Price of capsicum has,Stable
weekly_02_2025_Eng.txt,vegetable,Unknown,"Considering low-country vegetables, most",Stable
weekly_02_2025_Eng.txt,rice,Unknown,of the vegetable varieties experienced price,Stable
weekly_02_2025_Eng.txt,rice,Decrease,pumpkin (13%) prices decreased,Decrease
weekly_02_2025_Eng.txt,rice,Unknown,significantly. Prices of long beans and luffa,Stable
weekly_02_2025_Eng.txt,rice,Unknown,"However, prices of ladies fingers,",Stable
weekly_02_2025_Eng.txt,rice,Unknown,"in the range of 6% - 13%. In addition, price",Stable
weekly_02_2025_Eng.txt,rice,Decrease,while price of lime has decreased by 16%.,Decrease
weekly_02_2025_Eng.txt,rice,Decrease,most vegetable prices have decreased with,Decrease
weekly_02_2025_Eng.txt,rice,Unknown,Retail prices of most of the upcountry,Increase
weekly_02_2025_Eng.txt,vegetable,Increase,vegetable varieties have increased. The,Increase
weekly_02_2025_Eng.txt,rice,Increase,highest price increase was reported for,Increase
weekly_02_2025_Eng.txt,rice,Unknown,knolkhol (Rs.35.00/kg). Price of beetroot,Stable
weekly_02_2025_Eng.txt,rice,Unknown,Retail prices of most of the low-country,Stable
weekly_02_2025_Eng.txt,vegetable,Decrease,vegetable varieties have decreased in line,Decrease
weekly_02_2025_Eng.txt,rice,Unknown,with the downward wholesale price trend.,Decrease
weekly_02_2025_Eng.txt,rice,Unknown,Tomato prices showed a significant price,Stable
weekly_02_2025_Eng.txt,rice,Decrease,Price of capsicum has decreased by,Decrease
weekly_02_2025_Eng.txt,rice,Decrease,week.  Price of lime has decreased by,Decrease
weekly_02_2025_Eng.txt,rice,Unknown,Rs.43.00/kg while price of green chilies,Stable
weekly_02_2025_Eng.txt,rice,Increase,has shown a significant price increase of,Increase
weekly_02_2025_Eng.txt,rice,Unknown,prices of most of the vegetable varieties,Stable
weekly_02_2025_Eng.txt,rice,Decrease,have decreased with the highest price,Decrease
weekly_02_2025_Eng.txt,coconut,Unknown,Coconut,Stable
weekly_02_2025_Eng.txt,rice,Unknown,Prices of both large and small,Stable
weekly_02_2025_Eng.txt,rice,Unknown,respectively. Price ranges were Rs. 180.00-,Stable
weekly_02_2025_Eng.txt,rice,Unknown,the current wholesale prices of large and,Stable
weekly_02_2025_Eng.txt,rice,Unknown,Prices of both large and small nuts have,Stable
weekly_02_2025_Eng.txt,rice,Unknown,Rs.3.00/nut respectively. Price ranges were,Stable
weekly_02_2025_Eng.txt,rice,Unknown,prices of both large nuts and small nuts,Stable
weekly_02_2025_Eng.txt,fruit,Unknown,Fruits,Stable
weekly_02_2025_Eng.txt,rice,Unknown,Prices of most fruit varieties have,Stable
weekly_02_2025_Eng.txt,rice,Decrease,The highest price decrease of 32% was,Decrease
weekly_02_2025_Eng.txt,rice,Unknown,"Among the banana varieties, price of",Stable
weekly_02_2025_Eng.txt,rice,Unknown,"to excessive stocks. Meanwhile, price of",Stable
weekly_02_2025_Eng.txt,rice,Unknown,festival. Prices of local orange and avocado,Stable
weekly_02_2025_Eng.txt,rice,Decrease,Price of slime apple has decreased by 14%,Decrease
weekly_02_2025_Eng.txt,rice,Increase,A slight price increase was noted for all the,Increase
weekly_02_2025_Eng.txt,rice,Increase,prices of most of fruits have increased.,Increase
weekly_02_2025_Eng.txt,rice,Unknown,"In line with the wholesale prices, r etail",Stable
weekly_02_2025_Eng.txt,rice,Unknown,prices of most of the fruit varieties have,Stable
weekly_02_2025_Eng.txt,rice,Decrease,price decrease of Rs.19.00/kg was reported,Decrease
weekly_02_2025_Eng.txt,rice,Unknown,for kolikuttu. Price of papaw has also,Stable
weekly_02_2025_Eng.txt,rice,Unknown,price of all sizes of pineapple have,Stable
weekly_02_2025_Eng.txt,rice,Unknown,27.00/fruit. Price of imported grapes from,Stable
weekly_02_2025_Eng.txt,rice,Unknown,"Compared to last year, price of most of fruit",Stable
weekly_02_2025_Eng.txt,rice,Increase,price increase of 62% recorded for,Increase
weekly_02_2025_Eng.txt,fish,Unknown,Fresh Fish,Stable
weekly_02_2025_Eng.txt,rice,Unknown,Wholesale prices of most of the fresh fish,Stable
weekly_02_2025_Eng.txt,rice,Increase,supply. The price increase of 12% and 7%,Increase
weekly_02_2025_Eng.txt,rice,Decrease,"areas. However, the prices decrease of 6%",Decrease
weekly_02_2025_Eng.txt,rice,Unknown,Mullaitivu and Southern areas. Prices of,Stable
weekly_02_2025_Eng.txt,fish,Increase,other fresh fish varieties have increased,Increase
weekly_02_2025_Eng.txt,rice,Unknown,current wholesale prices of most of the,Stable
weekly_02_2025_Eng.txt,fish,Decrease,fresh fish types have decreased with the,Decrease
weekly_02_2025_Eng.txt,rice,Decrease,highest price decrease of 19% was noted,Decrease
weekly_02_2025_Eng.txt,rice,Unknown,The prices of all the fish varieties except,Stable
weekly_02_2025_Eng.txt,rice,Increase,and the highest price increase was,Increase
weekly_02_2025_Eng.txt,rice,Increase,Price increase of paraw and thalapath,Increase
weekly_02_2025_Eng.txt,rice,Decrease,highest price decrease was recorded for,Decrease
weekly_02_2025_Eng.txt,rice,Decrease,salaya by Rs.44.00/kg. Price decrease of,Decrease
weekly_02_2025_Eng.txt,rice,Unknown,prices of most of the fish varieties have,Stable
weekly_02_2025_Eng.txt,rice,Decrease,decreased with the highest price decrease,Decrease
weekly_02_2025_Eng.txt,rice,Increase,and the highest price increase was recorded,Increase
weekly_02_2025_Eng.txt,fish,Unknown,Dried Fish,Stable
weekly_02_2025_Eng.txt,rice,Unknown,Prices of most of the dried fish types have,Stable
weekly_02_2025_Eng.txt,fish,Increase,increased due to decrease of local dried fish,Increase
weekly_02_2025_Eng.txt,rice,Increase,supply. The prices have increased by of 9%,Increase
weekly_02_2025_Eng.txt,rice,Decrease,price of imported sprats has decreased by,Decrease
weekly_02_2025_Eng.txt,rice,Unknown,Thailand. Prices of other dried fish,Stable
weekly_02_2025_Eng.txt,rice,Unknown,current wholesale prices of most of the,Stable
weekly_02_2025_Eng.txt,fish,Decrease,dried fish types have decreased and the,Decrease
weekly_02_2025_Eng.txt,rice,Decrease,highest price decrease of 30% was noted,Decrease
weekly_02_2025_Eng.txt,rice,Unknown,Prices of all the dry fish varieties except for,Stable
weekly_02_2025_Eng.txt,rice,Increase,have increased and the highest price,Increase
weekly_02_2025_Eng.txt,rice,Increase,Rs.114.00/kg. Price increase of anguluwa,Increase
weekly_02_2025_Eng.txt,rice,Unknown,and Rs.79.00/kg respectively.  Price,Stable
weekly_02_2025_Eng.txt,rice,Unknown,prices of most of the dried fish varieties,Stable
weekly_02_2025_Eng.txt,rice,Decrease,have decreased with the highest price,Decrease
weekly_02_2025_Eng.txt,egg,Unknown,Eggs,Stable
weekly_02_2025_Eng.txt,rice,Unknown,Prices of both brown and white eggs have,Stable
weekly_02_2025_Eng.txt,rice,Increase,increased by 1% and prices ranged,Increase
weekly_02_2025_Eng.txt,egg,Unknown,Rs.36.00-40.00/egg for brown eggs and,Stable
weekly_02_2025_Eng.txt,egg,Unknown,Rs. 34.00- 38.00/egg for white eggs.,Stable
weekly_02_2025_Eng.txt,rice,Unknown,prices of both brown and white eggs have,Stable
weekly_02_2025_Eng.txt,rice,Unknown,Prices of both brown and white egg have,Stable
weekly_02_2025_Eng.txt,egg,Increase,increased by about Rs.1.00/egg and the,Increase
weekly_02_2025_Eng.txt,rice,Unknown,price ranged   Rs.36.00-40.00/egg for white,Stable
weekly_02_2025_Eng.txt,egg,Unknown,eggs and Rs.38.00-42.00/egg for brown,Stable
weekly_02_2025_Eng.txt,rice,Unknown,eggs. The average prices of white and,Stable
weekly_02_2025_Eng.txt,egg,Unknown,brown eggs have recorded as Rs.38.28 and,Stable
weekly_02_2025_Eng.txt,rice,Unknown,the prices of both eg g varieties have,Stable
weekly_02_2025_Eng.txt,rice,Increase,Price increase of curry chicken and beef,Increase
weekly_02_2025_Eng.txt,rice,Unknown,Prices of broiler chicken and mutton have,Stable
weekly_02_2025_Eng.txt,rice,Unknown,prices of most of meat varieties have,Stable
weekly_02_2025_Eng.txt,rice,Increase,increased with the highest price increase,Increase
weekly_02_2025_Eng.txt,chicken,Unknown,was recorded for curry chicken by 16%.,Stable
weekly_02_2025_Eng.txt,rice,Unknown,wholesale and retail prices of selected food,Stable
weekly_02_2025_Eng.txt,rice,Unknown,"prevailing prices, price ranges, averages, and a",Stable
weekly_02_2025_Eng.txt,rice,Unknown,comparison of weekly prices. The changes in,Stable
weekly_02_2025_Eng.txt,rice,Unknown,prices reported are always with price prevailed,Stable
weekly_02_2025_Eng.txt,rice,Unknown,The frequency of collection of wholesale price,Stable
weekly_02_2025_Eng.txt,rice,Unknown,"Friday) while with retail prices, it is thrice a",Stable
weekly_02_2025_Eng.txt,rice,Unknown,Rice VarietiesLOCATIONS,Stable
weekly_02_2025_Eng.txt,rice,Unknown,Table 01: Selected Markets:Wholesale Price of Rice (Rs/50kg bag),Stable
weekly_02_2025_Eng.txt,rice,Unknown,Table 02: Selected Markets: Retail Price of Rice (Rs/kg),Stable
weekly_02_2025_Eng.txt,rice,Unknown,LOCATIONS Rice Varieties,Stable
weekly_02_2025_Eng.txt,dhal,Unknown,Green Gram Cowpea Red Dhal,Stable
weekly_02_2025_Eng.txt,rice,Unknown,Table 04: Selected Markets:Wholesale Price of Subsidiary Food (Rs/50kg),Stable
weekly_02_2025_Eng.txt,onion,Unknown,Dried Chillies Red Onion Big Onion PotatoLOCATION Imported Imported Local Imported Welimada,Stable
weekly_02_2025_Eng.txt,rice,Unknown,Table 05: Selected Markets: Retail Price of Subsidiary Food Crops (Rs/kg),Stable
weekly_02_2025_Eng.txt,onion,Unknown,Dried Chillies Red Onion Big Onion Potato Pulses,Stable
weekly_02_2025_Eng.txt,dhal,Unknown,Green Gram Cowpea Red Dhal,Stable
weekly_02_2025_Eng.txt,rice,Unknown,Table 06: Selected Markets: Wholesale Price of Vegetables(Rs/kg),Stable
weekly_02_2025_Eng.txt,potato,Unknown,ManiocLong Beans Ash Plantain Green Chillies Lime Sweet Potatoe,Stable
weekly_02_2025_Eng.txt,rice,Unknown,"Colombo, Meegoda, Norochchole, Jaffna,Dambulla and Kandy - Gotukola Price Rs/Kg",Stable
weekly_02_2025_Eng.txt,vegetable,Unknown,Leafy Vegetables (Rs/bundle),Stable
weekly_02_2025_Eng.txt,coconut,Unknown,Coconut (Rs/nut),Stable
weekly_02_2025_Eng.txt,rice,Unknown,Table 07: Selected Markets: Retail Price of Vegetables (Rs/kg),Stable
weekly_02_2025_Eng.txt,potato,Unknown,Sweet Potato Large Small,Stable
weekly_02_2025_Eng.txt,vegetable,Unknown,Low Country Varieties Leafy Vegetable Coconut (Rs/nut),Stable
weekly_02_2025_Eng.txt,rice,Unknown,Table 08: Selected Markets: Retail Price of Fruits (Rs/each & Rs/kg),Stable
weekly_02_2025_Eng.txt,fruit,Unknown,Mango Other Fruits,Stable
weekly_02_2025_Eng.txt,coconut,Unknown,Passion Avocado Slime Apple Grapes (Rs/kg) King CoconutWood Apple Orange,Stable
weekly_02_2025_Eng.txt,fish,Unknown,Local Dried Fish Imported Dried Fish,Stable
weekly_02_2025_Eng.txt,fish,Unknown,Imported Dried Fish,Stable
weekly_02_2025_Eng.txt,fish,Unknown,Local Dried Fish,Stable
weekly_02_2025_Eng.txt,rice,Unknown,Table 10: Selected Markets: Wholesale Price of Dried Fish (Rs/50kg),Stable
weekly_02_2025_Eng.txt,fish,Unknown,Sea Fish Eggs,Stable
weekly_02_2025_Eng.txt,rice,Unknown,Table 09: Selected Markets: Wholesale Price of Fresh Fish & Eggs (Rs/kg & Rs/egg),Stable
weekly_02_2025_Eng.txt,fish,Unknown,Sea FishLocations,Stable
weekly_02_2025_Eng.txt,rice,Unknown,Table 11: Selected Markets: Retail Price of Fresh Fish & Eggs (Rs/kg & Rs/eggs),Stable
weekly_02_2025_Eng.txt,fish,Unknown,Sea Fish EggsLOCATIONS,Stable
weekly_02_2025_Eng.txt,rice,Unknown,Table 12: Selected Markets: Retail Price of Dried Fish (Rs/kg),Stable
weekly_02_2025_Eng.txt,fish,Unknown,Dried FishLOCATIONS Sprats-Imported Kattawa Thora Mora Balaya,Stable
weekly_02_2025_Eng.txt,rice,Unknown,Table 13: Selected Markets: Retail Price of Meat (Rs/kg),Stable
weekly_02_2025_Eng.txt,chicken,Unknown,Meat Meat (Chicken) Meat,Stable
weekly_02_2025_Eng.txt,rice,Unknown,Rice Coconut,Stable
weekly_02_2025_Eng.txt,fruit,Unknown,Keeri Samba 250.00−260.00254.17255.00335.00 -0.33 -24.13Fruits (Rs/fruit),Stable
weekly_02_2025_Eng.txt,fruit,Unknown,Raw (Red) − Passion Fruit 40.00− 60.00 52.50 52.73 93.33 -0.43 -43.75,Stable
weekly_02_2025_Eng.txt,onion,Unknown,Onion Mango,Stable
weekly_02_2025_Eng.txt,onion,Unknown,Big Onion Kohu −,Stable
weekly_02_2025_Eng.txt,potato,Unknown,Potato Orange 80.00− 120.00 92.73 117.00128.57 -20.75 -27.88,Stable
weekly_02_2025_Eng.txt,coconut,Unknown,Pulses King Coconut 160.00− 180.00 164.44 166.36 96.67 -1.15 70.11,Stable
weekly_02_2025_Eng.txt,fish,Unknown,Cowpea (White) 500.00−620.00574.29580.00 -0.99 Sea Fish,Stable
weekly_02_2025_Eng.txt,dhal,Unknown,Red Dhal 270.00−280.00276.00277.14295.83 -0.41 -6.70Hurulla 800.00− 950.00 851.82 829.23671.11 2.72 26.93,Stable
weekly_02_2025_Eng.txt,vegetable,Unknown,Vegetable Balaya 650.00− 750.00 716.25 757.86881.00 -5.49 -18.70,Stable
weekly_02_2025_Eng.txt,egg,Unknown,Raddish 80.00−140.00114.00112.00 98.00 1.79 16.33Eggs,Stable
weekly_02_2025_Eng.txt,fish,Unknown,Ladies Fingers 100.00−150.00122.00108.00248.00 12.96 -50.81Dried Fish,Stable
weekly_02_2025_Eng.txt,potato,Unknown,Sweet Potato 120.00−150.00134.44128.00112.00 5.03 20.04Maduwa (Imported) −,Stable
weekly_02_2025_Eng.txt,vegetable,Unknown,Leafy Vegetable Koduwa (Imported) −,Stable
weekly_02_2025_Eng.txt,rice,Unknown,Table 14: Colombo: Wholesale Prices (Rs/kg or Rs/piece),Stable
weekly_02_2025_Eng.txt,rice,Unknown,Average Price Change Compared to,Stable
weekly_02_2025_Eng.txt,rice,Unknown,Average Price,Stable
weekly_02_2025_Eng.txt,rice,Unknown,Rice Coconut,Stable
weekly_02_2025_Eng.txt,fruit,Unknown,Keeri Samba 260.00− 280.00267.78 264.68368.00 3.10-27.23Fruits (Rs/fruit),Stable
weekly_02_2025_Eng.txt,fruit,Unknown,Raw (Red) − Passion Fruit 60.00− 90.00 74.50 71.43 121.54 3.07 -38.70,Stable
weekly_02_2025_Eng.txt,onion,Unknown,Onion Mango,Stable
weekly_02_2025_Eng.txt,onion,Unknown,Big Onion Kohu −,Stable
weekly_02_2025_Eng.txt,potato,Unknown,Potato Orange 100.00− 200.00149.29168.82 250.00 -19.54 -40.29,Stable
weekly_02_2025_Eng.txt,coconut,Unknown,Pulses King Coconut 180.00− 230.00195.91197.93 145.20 -2.02 34.92,Stable
weekly_02_2025_Eng.txt,fish,Unknown,Cowpea (White) 700.00− 900.00824.35 828.501237.04 -4.15-33.36Sea Fish,Stable
weekly_02_2025_Eng.txt,dhal,Unknown,Red Dhal 300.00− 360.00313.57 313.75338.97 -0.18 -7.49Hurulla 900.00−1050.00943.75927.50 905.56 16.25 4.22,Stable
weekly_02_2025_Eng.txt,vegetable,Unknown,Vegetable Balaya 800.00−1200.00967.86989.291237.78 -21.43 -21.81,Stable
weekly_02_2025_Eng.txt,egg,Unknown,Raddish 180.00− 360.00248.93 230.36275.56 18.57 -9.66Eggs,Stable
weekly_02_2025_Eng.txt,fish,Unknown,Ladies Fingers 200.00− 340.00278.62 260.00375.00 18.62-25.70Dried Fish,Stable
weekly_02_2025_Eng.txt,chicken,Unknown,Root Crops Chicken (Broiler) 1150.00−1290.001190.001207.691291.82 -17.69 -7.88,Stable
weekly_02_2025_Eng.txt,potato,Unknown,Sweet Potato 200.00− 340.00268.00 243.70291.85 24.30 -8.17Chicken (Curry) 1150.00−1250.001196.671108.331027.27 88.33 16.49,Stable
weekly_02_2025_Eng.txt,vegetable,Unknown,Leafy Vegetable Pork 1200.00−1300.001233.331233.331275.00 0.00 -3.27,Stable
weekly_02_2025_Eng.txt,rice,Unknown,Table 15: Colombo &Suburbs: Retail Prices (Rs/kg or Rs/piece),Stable
weekly_02_2025_Eng.txt,rice,Unknown,Average Price Change Compared to,Stable
weekly_02_2025_Eng.txt,rice,Unknown,Average Price Change Compared to,Stable
weekly_02_2025_Eng.txt,vegetable,Unknown,Paddy Vegetable (Up Country) Snake Gourd,Increase
weekly_02_2025_Eng.txt,onion,Unknown,Red Onion Badulla − Long Beans,Stable
weekly_02_2025_Eng.txt,onion,Unknown,Big Onion Welimada 160.00−180.00 168.00Embilipitiya 180.00−200.00192.50,Stable
weekly_02_2025_Eng.txt,potato,Unknown,Potato Hambantota −,Stable
weekly_02_2025_Eng.txt,vegetable,Unknown,N'Eliya − Vegetable (Low Country) Embilipitiya 80.00−100.00 87.50,Stable
weekly_02_2025_Eng.txt,fruit,Unknown,Moneragala 480.00−520.00496.00Brinjal Fruits (Rs/kg),Stable
weekly_02_2025_Eng.txt,rice,Unknown,Table 16: Farmgate/Producer Prices of Food Commodities in Selected Producing Areas (Rs/kg),Stable
weekly_02_2025_Eng.txt,rice,Unknown,PriceCOMMODITY Range Average,Stable
weekly_02_2025_Eng.txt,rice,Unknown,Price COMMODITY Range Average,Stable
weekly_02_2025_Eng.txt,rice,Unknown,Price COMMODITY,Stable
weekly_02_2025_Eng.txt,rice,Unknown,Rice,Stable
weekly_02_2025_Eng.txt,onion,Unknown,Red Onion,Stable
weekly_02_2025_Eng.txt,onion,Unknown,Big Onion,Stable
weekly_02_2025_Eng.txt,potato,Unknown,Potato,Stable
weekly_02_2025_Eng.txt,dhal,Unknown,Red Dhal 300.00− 300.00 300.00− 360.00 300.00− 320.00300.00− 320.00340.00− 360.00300.00− 320.00300.00− 300.00300.00− 320.00 300.00− 360.00,Stable
weekly_02_2025_Eng.txt,rice,Unknown,Annex 01 - Colombo Markets: Retail Prices of Rice and Subsidiary Food Crops (Rs/kg) Week 02: 10 - 16 Jan 2025,Stable
weekly_02_2025_Eng.txt,vegetable,Unknown,Vegetable,Stable
weekly_02_2025_Eng.txt,potato,Unknown,Sweet Potato 220.00− 280.00 240.00− 320.00 280.00− 320.00 320.00 − 320.00 320.00− 340.00 280.00− 320.00 220.00− 240.00 200.00− 240.00200.00− 220.00,Stable
weekly_02_2025_Eng.txt,vegetable,Unknown,Leafy Vegetable,Stable
weekly_02_2025_Eng.txt,coconut,Unknown,Coconut,Stable
weekly_02_2025_Eng.txt,rice,Unknown,Annex 02 - Colombo Markets: Retail Prices of Vegetables (Rs/kg) and Coconut (Rs/nut),Stable
weekly_02_2025_Eng.txt,fruit,Unknown,Other Fruits,Stable
weekly_02_2025_Eng.txt,coconut,Unknown,King Coconut 200.00− 200.00 200.00− 230.00200.00− 200.00 200.00− 200.00180.00− 200.00180.00− 200.00180.00− 200.00 180.00− 200.00 180.00−200.00,Stable
weekly_02_2025_Eng.txt,rice,Unknown,Annex 03 - Colombo Markets: Retail Prices of Fruits (Rs/fruit),Stable
weekly_02_2025_Eng.txt,fish,Unknown,Sea Fish,Stable
weekly_02_2025_Eng.txt,egg,Unknown,30 Eggs (Rs/egg),Stable
weekly_02_2025_Eng.txt,fish,Unknown,Dried Fish,Stable
weekly_02_2025_Eng.txt,chicken,Unknown,Chicken (Broiler) 1150.00−1150.001160.00−1160.001150.00−1150.001150.00−1150.001260.00−1260.001290.00−1290.00 − 1200.00−1200.001200.00−1200.00,Stable
weekly_02_2025_Eng.txt,chicken,Unknown,Chicken (Curry) 1150.00−1150.001160.00−1160.001250.00−1250.001150.00−1250.001250.00−1250.001160.00−1160.00 − 1200.00−1200.001200.00−1200.00,Stable
weekly_02_2025_Eng.txt,rice,Unknown,Annex 04 - Colombo Markets: Retail Prices of Sea Fish and Dried Fish (Rs/kg),Stable
weekly_02_2025_Eng.txt,rice,Unknown,Rice - (white Kekulu - normal ) 361 9.88 1.52 - 0.03 0.09 10.67 - 6.94 26.29 1.22 1.5,Stable
weekly_02_2025_Eng.txt,rice,Unknown,Rice - (white Kekulu Samba) 355 8.81 1.53 - 0.03 0.09 8.11 - 9.82 30.48 0.92 1.7,Stable
weekly_02_2025_Eng.txt,rice,Unknown,Rice - ( Red Kekulu - normal ) 366 8.64 2.12 - 0.05 0.1 8.39 - 4.73 31.7 0.88 1.84,Stable
weekly_02_2025_Eng.txt,rice,Unknown,Rice -Samba 369 6.86 2.45 - 0.05 0.13 12.79 - 8.71 37.26 1.18 1.49,Stable
weekly_02_2025_Eng.txt,rice,Unknown,Rice - Nadu White 366 7.76 1.48 - 0.03 0.12 9.35 - 4.57 20.1 0.64 1.61,Stable
weekly_02_2025_Eng.txt,onion,Unknown,Onion,Stable
weekly_02_2025_Eng.txt,onion,Unknown,Big onions 48 1.67 0.24 0.16 0.01 0.1 32.99 7.58 14.82 16.94 0.45 0.25,Stable
weekly_02_2025_Eng.txt,onion,Unknown,Red onions 55 2.13 0.15 0.18 0.02 0.13 30.15 14.26 20.37 19.32 0.31 0.28,Stable
weekly_02_2025_Eng.txt,potato,Unknown,Potatoes 71 1.67 0.25 0.01 0.09 14.31 20.5 9.83 23.84 0.46 0.29,Stable
weekly_02_2025_Eng.txt,dhal,Unknown,Red Dhal 319 23.09 0.77 1.06 1.6 0.22 55 NA 41.27 66.63 7.45 3.34,Stable
weekly_02_2025_Eng.txt,vegetable,Unknown,Vegetables,Stable
weekly_02_2025_Eng.txt,rice,Unknown,Rice,Stable
weekly_02_2025_Eng.txt,egg,Unknown,Brinjal (Chinese eggplant) 24 1.28 0.33 16.83 0.12 0.11 32.94 3.37 14.4 21.18 0.28 0.16,Stable
weekly_02_2025_Eng.txt,egg,Unknown,Thalana batu (Thai eggplant) 21 1.45 0.26 18.33 0.11 0.09 31.18 2.71 17.24 37.22 0.37 0.24,Stable
weekly_02_2025_Eng.txt,coconut,Unknown,Coconuts nuts 390 3.67 39.92 - 0.05 0.11 14.86 -,Stable
weekly_02_2025_Eng.txt,potato,Unknown,Sweet potato 108 1.27 0.33 NA 0.04 0.09 14.44 22.2 28.93 21.05 0.51 0.14,Stable
weekly_02_2025_Eng.txt,vegetable,Unknown,Leafy Vegetables,Stable
weekly_02_2025_Eng.txt,onion,Unknown,Onion leaves 27 2.01 0.26 NA 0.04 0.18 56.8 23.38 35.21 74.95 3.15 0.77,Stable
weekly_02_2025_Eng.txt,fruit,Unknown,Jackfruit pods 25 2.14 0.34 NA 0.03 0.04 30.7 24.77 37.32 26.08 0.3 0.17,Stable
weekly_02_2025_Eng.txt,fruit,Unknown,Jackfruit seeds 77 5.66 0.44 NA 0.02 0.08 58.91 15.24 40.87 50.14 0.52 0.42,Stable
weekly_02_2025_Eng.txt,chicken,Unknown,Chicken 176 23.14 9.24 6.88 0.07 0.49 10.09 - 15.06 20.18 0.75 0.64,Stable
weekly_02_2025_Eng.txt,fish,Unknown,Fish,Stable
weekly_02_2025_Eng.txt,fish,Unknown,Cuttle fish 76 16.82 0.93 1.93 0.02 0.04 6.22 8.73 35.46 0.62 1.3,Stable
weekly_02_2025_Eng.txt,fish,Unknown,Dried Fish,Stable
weekly_02_2025_Eng.txt,egg,Unknown,Eggs,Stable
weekly_02_2025_Eng.txt,egg,Unknown,Hen eggs (Country) 170 13.14 13 208 0.08 0.18 54.6 50.14 11.04 1.64 1.12,Stable
weekly_02_2025_Eng.txt,egg,Unknown,Hen eggs (Table) 135 13.55 9.03 200 0.19 0.19 49.46 63.3 12 2.39 1.73,Stable
weekly_02_2025_Eng.txt,egg,Unknown,Quail eggs 153 12.39 11.46 153 0.11 0.17 54.86 60.67 11.21 2.55 1.51,Stable
weekly_02_2025_Eng.txt,fruit,Unknown,Fruits,Stable
weekly_02_2025_Eng.txt,rice,Unknown,Price Collecting Areas,Stable
weekly_05_2025_Eng.txt,vegetable,Unknown,Vegetables,Stable
weekly_05_2025_Eng.txt,coconut,Unknown,Coconut,Stable
weekly_05_2025_Eng.txt,egg,Unknown,Eggs,Stable
weekly_05_2025_Eng.txt,rice,Unknown,Paddy/Rice,Stable
weekly_05_2025_Eng.txt,rice,Increase,Prices of both large and small nuts have increased.,Increase
weekly_05_2025_Eng.txt,rice,Unknown,"Further, prices ranged Rs.210.00-250.00 for large nuts",Stable
weekly_05_2025_Eng.txt,rice,Increase,Prices of both brown and white eggs have increased by,Increase
weekly_05_2025_Eng.txt,rice,Unknown,around Rs.2.00/egg.  Prices ranged Rs.28.00-35.00 for,Stable
weekly_05_2025_Eng.txt,egg,Unknown,white eggs and Rs.29.00-37.00 for brown eggs.,Stable
weekly_05_2025_Eng.txt,rice,Unknown,Prices of both imported red onion and imported big,Stable
weekly_05_2025_Eng.txt,rice,Decrease,"onion have decreased. As well, prices of both Nuwara",Decrease
weekly_05_2025_Eng.txt,rice,Decrease,Eliya and imported potatoes have decreased. Prices of,Decrease
weekly_05_2025_Eng.txt,rice,Increase,green gram and cowpea have increased while the price,Increase
weekly_05_2025_Eng.txt,dhal,Decrease,of red dhal has decreased.,Decrease
weekly_05_2025_Eng.txt,rice,Unknown,Price of most of the up country and low country,Increase
weekly_05_2025_Eng.txt,rice,Increase,vegetable have increased. The highest price increase was,Increase
weekly_05_2025_Eng.txt,vegetable,Unknown,reported for carrot among the up-country vegetables.,Increase
weekly_05_2025_Eng.txt,rice,Decrease,Retail prices of all the rice varieties have decreased due,Decrease
weekly_05_2025_Eng.txt,rice,Unknown,to arrival of 2024/25 Maha rice stocks. The highest price,Stable
weekly_05_2025_Eng.txt,rice,Decrease,decrease was noted for local raw red rice and prices,Decrease
weekly_05_2025_Eng.txt,rice,Unknown,Average farmgate prices of all the paddy varieties in,Stable
weekly_05_2025_Eng.txt,rice,Decrease,The highest price decreased noted for long grain paddy,Decrease
weekly_05_2025_Eng.txt,rice,Unknown,Rice,Stable
weekly_05_2025_Eng.txt,rice,Unknown,"Price of nadu grade I, nadu grade II and raw",Stable
weekly_05_2025_Eng.txt,rice,Unknown,availability of sufficient stocks and price,Stable
weekly_05_2025_Eng.txt,rice,Unknown,respectively. Raw-red rice verities were,Stable
weekly_05_2025_Eng.txt,rice,Unknown,available at the market and price ranged,Stable
weekly_05_2025_Eng.txt,rice,Unknown,Imported rice verities were also available at,Stable
weekly_05_2025_Eng.txt,rice,Unknown,prices:,Stable
weekly_05_2025_Eng.txt,rice,Unknown,"Compared to same period of last year, price",Stable
weekly_05_2025_Eng.txt,rice,Increase,"of most of the rice verities have increased,",Increase
weekly_05_2025_Eng.txt,rice,Unknown,with the highest price of 32% for raw red.,Stable
weekly_05_2025_Eng.txt,rice,Decrease,The price of keeri samba has decreased by,Decrease
weekly_05_2025_Eng.txt,rice,Unknown,Due to availability of 2024/25 Maha season rice,Stable
weekly_05_2025_Eng.txt,rice,Unknown,"stock, the retail prices of all types of rice",Stable
weekly_05_2025_Eng.txt,rice,Decrease,notable price decrease of Rs.37.00/kg was,Stable
weekly_05_2025_Eng.txt,rice,Unknown,observed for local raw red and price ranged,Stable
weekly_05_2025_Eng.txt,rice,Unknown,Rs.250.00-320.00/kg. Prices of local raw white,Stable
weekly_05_2025_Eng.txt,rice,Unknown,and Rs 13.00 /kg respectively. Prices of tother,Stable
weekly_05_2025_Eng.txt,rice,Decrease,rice varieties have decreased slightly.,Decrease
weekly_05_2025_Eng.txt,rice,Increase,highest price increase of 38% was recorded for,Increase
weekly_05_2025_Eng.txt,rice,Decrease,raw red and the highest price decrease of 29%,Decrease
weekly_05_2025_Eng.txt,rice,Unknown,The average farmgate prices of major,Stable
weekly_05_2025_Eng.txt,rice,Decrease,price decrease was reported for long grain,Decrease
weekly_05_2025_Eng.txt,rice,Decrease,red paddy and prices have decreased by,Decrease
weekly_05_2025_Eng.txt,rice,Unknown,Hambantota. Prices ranged Rs.110.00 -,Stable
weekly_05_2025_Eng.txt,rice,Unknown,150.00/kg for long grain red.  Price,Stable
weekly_05_2025_Eng.txt,rice,Unknown,slightly by Rs.1.00-3.00/kg and prices,Stable
weekly_05_2025_Eng.txt,rice,Unknown,"137.00/kg for dried paddy). Further, price",Stable
weekly_05_2025_Eng.txt,rice,Unknown,for keeri samba paddy and prices ranged,Stable
weekly_05_2025_Eng.txt,rice,Unknown,dried paddy). Prices of long grain white,Stable
weekly_05_2025_Eng.txt,rice,Unknown,and reported price range d Rs.105.00-,Stable
weekly_05_2025_Eng.txt,rice,Unknown,Prices of all the major paddy varieties,Stable
weekly_05_2025_Eng.txt,rice,Unknown,paddy (26%-35%) while price of keeri,Stable
weekly_05_2025_Eng.txt,rice,Unknown,The price of imported dried chilies has,Stable
weekly_05_2025_Eng.txt,rice,Unknown,sufficient stocks and price ranged,Stable
weekly_05_2025_Eng.txt,rice,Unknown,current whole sale price of imported dried,Stable
weekly_05_2025_Eng.txt,rice,Decrease,"In line with decreased wholesale prices, the",Decrease
weekly_05_2025_Eng.txt,rice,Unknown,retail price of imported dried chili es has,Stable
weekly_05_2025_Eng.txt,rice,Unknown,current retail price of imported dried chilies has,Stable
weekly_05_2025_Eng.txt,onion,Unknown,Onion,Stable
weekly_05_2025_Eng.txt,onion,Unknown,Local red onion stocks were not available,Stable
weekly_05_2025_Eng.txt,rice,Unknown,at the market. Prices of imported red onion,Stable
weekly_05_2025_Eng.txt,onion,Decrease,and big onion have decreased by 29% and,Decrease
weekly_05_2025_Eng.txt,rice,Unknown,stocks and price ranged Rs.290.00 -,Stable
weekly_05_2025_Eng.txt,rice,Unknown,current whole sale price of imported red,Stable
weekly_05_2025_Eng.txt,onion,Increase,onion has increased by 34% while,Increase
weekly_05_2025_Eng.txt,onion,Decrease,imported big onion has decreased by 55%,Decrease
weekly_05_2025_Eng.txt,rice,Unknown,Price of imported red onion and imported big,Stable
weekly_05_2025_Eng.txt,onion,Decrease,onion have decreased by Rs.35.00/kg and,Decrease
weekly_05_2025_Eng.txt,rice,Unknown,current retail price of imported red onion has,Stable
weekly_05_2025_Eng.txt,onion,Increase,increased by 35% and imported big onion has,Increase
weekly_05_2025_Eng.txt,potato,Unknown,Potato,Stable
weekly_05_2025_Eng.txt,rice,Decrease,Price of Nuwara Eliya potato has decreased by,Decrease
weekly_05_2025_Eng.txt,rice,Unknown,and price ranged Rs.310.00 -330.00/kg.,Stable
weekly_05_2025_Eng.txt,rice,Decrease,Price of imported potato has also decreased,Decrease
weekly_05_2025_Eng.txt,rice,Unknown,by 2% and price ranged Rs.1 40.00-,Stable
weekly_05_2025_Eng.txt,rice,Unknown,current wholesale price of Nuwara Eliya,Stable
weekly_05_2025_Eng.txt,potato,Increase,potato has increased by 1% while imported,Increase
weekly_05_2025_Eng.txt,potato,Decrease,potato has decreased by 4%.,Decrease
weekly_05_2025_Eng.txt,rice,Unknown,Prices of both Nuwara Eliya and imported,Stable
weekly_05_2025_Eng.txt,potato,Decrease,potatoes have decreased by Rs.35.00/kg and,Decrease
weekly_05_2025_Eng.txt,rice,Unknown,prices of imported and Nuwara Eliya of potatoes,Stable
weekly_05_2025_Eng.txt,rice,Unknown,Prices of white cowpea and red cowpea,Stable
weekly_05_2025_Eng.txt,rice,Unknown,price ranged Rs.550.00-700.00/kg and,Stable
weekly_05_2025_Eng.txt,rice,Unknown,Rs.550.00-650.00/kg respectively. Price of,Stable
weekly_05_2025_Eng.txt,dhal,Unknown,green gram and   red dhal have not changed,Stable
weekly_05_2025_Eng.txt,rice,Unknown,significantly and prices ranged Rs.550.00-,Stable
weekly_05_2025_Eng.txt,dhal,Unknown,275.00/kg for red dhal.,Stable
weekly_05_2025_Eng.txt,rice,Unknown,current whole sale prices of all pulses,Stable
weekly_05_2025_Eng.txt,rice,Decrease,price decrease noted for white cowpea.,Decrease
weekly_05_2025_Eng.txt,rice,Unknown,Prices of all types of pulses except for red dhal,Stable
weekly_05_2025_Eng.txt,rice,Increase,have increased. The highest price increase of,Increase
weekly_05_2025_Eng.txt,rice,Unknown,Rs.31.00/kg was recorded for red cowpea. Price,Stable
weekly_05_2025_Eng.txt,dhal,Decrease,of red dhal has decreased by around Rs.1.00/kg.,Decrease
weekly_05_2025_Eng.txt,rice,Unknown,current retail prices of all types of pulses have,Stable
weekly_05_2025_Eng.txt,rice,Decrease,decreased with the highest price decrease of,Decrease
weekly_05_2025_Eng.txt,vegetable,Unknown,Vegetable,Stable
weekly_05_2025_Eng.txt,rice,Unknown,Prices of most of the vegetables have,Stable
weekly_05_2025_Eng.txt,vegetable,Unknown,"Considering up country vegetables,",Increase
weekly_05_2025_Eng.txt,rice,Unknown,prices of all other vegetables except,Stable
weekly_05_2025_Eng.txt,rice,Increase,highest price increase was reported for,Increase
weekly_05_2025_Eng.txt,rice,Unknown,"63%. Prices of leeks, raddish, beetroot and",Stable
weekly_05_2025_Eng.txt,rice,Unknown,"21%. Further, price of tomato has",Stable
weekly_05_2025_Eng.txt,rice,Unknown,sufficient stocks from Kandy and price of,Stable
weekly_05_2025_Eng.txt,vegetable,Unknown,"Considering low-country vegetables,",Stable
weekly_05_2025_Eng.txt,rice,Unknown,prices of all vegetable varieties have,Stable
weekly_05_2025_Eng.txt,rice,Increase,increased with the highest price increase,Increase
weekly_05_2025_Eng.txt,rice,Unknown,"noted for luffa (32%). In addition, price of",Stable
weekly_05_2025_Eng.txt,rice,Decrease,the price of lime has decreased by13%.,Decrease
weekly_05_2025_Eng.txt,rice,Decrease,"vegetable prices have decreased, with",Decrease
weekly_05_2025_Eng.txt,rice,Unknown,Retail prices of most of the vegetable,Stable
weekly_05_2025_Eng.txt,rice,Unknown,"wholesale prices. In up-country vegetables,",Increase
weekly_05_2025_Eng.txt,rice,Increase,the highest price increase was reported for,Increase
weekly_05_2025_Eng.txt,vegetable,Unknown,Considering the low-country vegetable,Stable
weekly_05_2025_Eng.txt,rice,Unknown,varieties bitter gourd and brinjal prices,Stable
weekly_05_2025_Eng.txt,rice,Increase,showed a significant price increased,Increase
weekly_05_2025_Eng.txt,rice,Unknown,by around Rs.90.00/kg. Prices of,Stable
weekly_05_2025_Eng.txt,rice,Unknown,Rs.212.00/kg. Prices of lime and green,Stable
weekly_05_2025_Eng.txt,rice,Unknown,prices of most of the vegetable varieties,Stable
weekly_05_2025_Eng.txt,rice,Decrease,have decreased with a notable price,Decrease
weekly_05_2025_Eng.txt,coconut,Unknown,Coconut,Stable
weekly_05_2025_Eng.txt,rice,Unknown,Prices of both large and small nuts have,Stable
weekly_05_2025_Eng.txt,rice,Increase,increased by 2%. Price range d,Increase
weekly_05_2025_Eng.txt,rice,Unknown,current wholesale prices of large and small,Stable
weekly_05_2025_Eng.txt,rice,Unknown,Prices of both large and small nuts have,Stable
weekly_05_2025_Eng.txt,rice,Unknown,Rs.12.00/nut respectively. Prices ranged,Stable
weekly_05_2025_Eng.txt,rice,Unknown,prices of large nuts (88%) and small nuts,Stable
weekly_05_2025_Eng.txt,fruit,Unknown,Fruits,Stable
weekly_05_2025_Eng.txt,rice,Unknown,Prices of most of the fruit varieties have,Stable
weekly_05_2025_Eng.txt,rice,Increase,The highest price increase of 33% was,Increase
weekly_05_2025_Eng.txt,rice,Increase,"varieties, the highest price increase was",Increase
weekly_05_2025_Eng.txt,rice,Decrease,price of slime apple has decreased by 21%,Decrease
weekly_05_2025_Eng.txt,rice,Unknown,Prices of all the sizes of pineapple have,Stable
weekly_05_2025_Eng.txt,rice,Decrease,decreased by 9% to 13%. Prices of avocado,Decrease
weekly_05_2025_Eng.txt,rice,Decrease,prices have decreased by 11% due to the,Decrease
weekly_05_2025_Eng.txt,rice,Decrease,prices of most of fruits have decreased.,Decrease
weekly_05_2025_Eng.txt,rice,Unknown,Prices of most of the fruit varieties have,Stable
weekly_05_2025_Eng.txt,rice,Increase,"bananas, the highest price increase noted",Increase
weekly_05_2025_Eng.txt,rice,Unknown,prices of ambul banana and seeni banana,Stable
weekly_05_2025_Eng.txt,rice,Increase,Price of papaw has increased by,Increase
weekly_05_2025_Eng.txt,rice,Unknown,Rs.20.00/kg due to limited supply. Price,Increase
weekly_05_2025_Eng.txt,fruit,Unknown,by Rs.13.00/kg fruits due to limited stocks.,Stable
weekly_05_2025_Eng.txt,rice,Unknown,"However, prices of avocado and grapes",Stable
weekly_05_2025_Eng.txt,fruit,Decrease,have decreased by Rs.79.00/fruit and,Decrease
weekly_05_2025_Eng.txt,rice,Unknown,"Rs.72.00/kg respectively. As well, prices",Stable
weekly_05_2025_Eng.txt,fruit,Unknown,the range of Rs.8.00-17.00/fruit.,Stable
weekly_05_2025_Eng.txt,rice,Unknown,retail price for most of the fruit varieties,Stable
weekly_05_2025_Eng.txt,rice,Decrease,have decreased and the highest p rice,Decrease
weekly_05_2025_Eng.txt,fruit,Decrease,decrease was recorded for passionfruit as,Decrease
weekly_05_2025_Eng.txt,fish,Unknown,Fresh Fish,Stable
weekly_05_2025_Eng.txt,rice,Unknown,Wholesale prices of all the fresh fish types,Stable
weekly_05_2025_Eng.txt,rice,Decrease,The highest price decrease of 33% was,Decrease
weekly_05_2025_Eng.txt,rice,Decrease,"The prices decrease of 21%, 18% and 16%",Decrease
weekly_05_2025_Eng.txt,rice,Unknown,Prices of other fresh fish verities have,Stable
weekly_05_2025_Eng.txt,rice,Unknown,current wholesale prices of most of the,Stable
weekly_05_2025_Eng.txt,fish,Increase,fresh fish types have increased with the,Increase
weekly_05_2025_Eng.txt,rice,Increase,highest price increase of 95% was noted for,Increase
weekly_05_2025_Eng.txt,rice,Decrease,Prices of all fish varieties have decreased,Decrease
weekly_05_2025_Eng.txt,rice,Decrease,and the highest price decrease was,Decrease
weekly_05_2025_Eng.txt,rice,Decrease,second highest price decrease was recorded,Decrease
weekly_05_2025_Eng.txt,rice,Unknown,for kelawalla by Rs.209.00/kg. Price,Stable
weekly_05_2025_Eng.txt,rice,Decrease,respectively. Price decrease of other fish,Decrease
weekly_05_2025_Eng.txt,rice,Decrease,the highest price decrease was recorded for,Decrease
weekly_05_2025_Eng.txt,rice,Unknown,balaya by 24% while the highest price,Stable
weekly_05_2025_Eng.txt,fish,Unknown,Dried Fish,Stable
weekly_05_2025_Eng.txt,rice,Unknown,Prices of most of the dried fish types have,Stable
weekly_05_2025_Eng.txt,fish,Increase,decreased due to increase of local dried fish,Increase
weekly_05_2025_Eng.txt,rice,Decrease,supply. A price decrease of 7% was noted,Increase
weekly_05_2025_Eng.txt,rice,Increase,"However, a price increase of 7% was noted",Increase
weekly_05_2025_Eng.txt,rice,Unknown,Negombo and Beruwala areas. Prices of,Stable
weekly_05_2025_Eng.txt,fish,Unknown,other dried fish verities have not changed,Stable
weekly_05_2025_Eng.txt,rice,Unknown,current wholesale prices of all of the dried,Stable
weekly_05_2025_Eng.txt,fish,Unknown,fish types except local salaya have,Stable
weekly_05_2025_Eng.txt,rice,Decrease,decreased and the highest price decrease of,Decrease
weekly_05_2025_Eng.txt,rice,Unknown,Prices of all the dry fish varieties except,Stable
weekly_05_2025_Eng.txt,rice,Decrease,highest price decrease was recorded for,Decrease
weekly_05_2025_Eng.txt,rice,Decrease,highest price decrease was recorded for,Decrease
weekly_05_2025_Eng.txt,rice,Increase,price of balaya and mora have increased,Increase
weekly_05_2025_Eng.txt,rice,Unknown,the prices of all the dry fish types except,Stable
weekly_05_2025_Eng.txt,rice,Decrease,mora have decreased and the highest price,Decrease
weekly_05_2025_Eng.txt,egg,Unknown,Eggs,Stable
weekly_05_2025_Eng.txt,rice,Unknown,Prices of both brown and white eggs have,Stable
weekly_05_2025_Eng.txt,rice,Increase,increased by 2% and their prices ranged,Increase
weekly_05_2025_Eng.txt,egg,Unknown,Rs.28.00-33.00/egg and Rs.26.00 -,Stable
weekly_05_2025_Eng.txt,egg,Unknown,30.00/egg respectively.,Stable
weekly_05_2025_Eng.txt,rice,Unknown,prices of both brown and white eggs have,Stable
weekly_05_2025_Eng.txt,rice,Unknown,Prices of both brown and white eggs have,Stable
weekly_05_2025_Eng.txt,egg,Increase,increased by around Rs.2.00/egg and the,Increase
weekly_05_2025_Eng.txt,rice,Unknown,prices ranged Rs.28.00-35.00 for white egg,Stable
weekly_05_2025_Eng.txt,egg,Unknown,and Rs.29.00-37.00 for brown egg.,Stable
weekly_05_2025_Eng.txt,rice,Unknown,the prices of both egg varieties have,Stable
weekly_05_2025_Eng.txt,rice,Unknown,Prices of all the meat types except broiler,Stable
weekly_05_2025_Eng.txt,chicken,Decrease,chicken and pork have decreased and the,Decrease
weekly_05_2025_Eng.txt,rice,Decrease,highest price decrease was recorded for,Decrease
weekly_05_2025_Eng.txt,rice,Decrease,mutton by Rs.58.00/kg. Price decrease of,Decrease
weekly_05_2025_Eng.txt,chicken,Unknown,beef and curry chicken have recorded,Stable
weekly_05_2025_Eng.txt,rice,Unknown,"respectively. Meanwhile, prices of broiler",Stable
weekly_05_2025_Eng.txt,chicken,Increase,chicken and pork have increased by,Increase
weekly_05_2025_Eng.txt,rice,Unknown,prices of all meat types except beef and,Stable
weekly_05_2025_Eng.txt,rice,Decrease,mutton have decreased. The highest price,Decrease
weekly_05_2025_Eng.txt,chicken,Decrease,decrease was recorded for broiler chicken,Decrease
weekly_05_2025_Eng.txt,rice,Unknown,wholesale and retail prices of selected food,Stable
weekly_05_2025_Eng.txt,rice,Unknown,"prevailing prices, price ranges, averages, and a",Stable
weekly_05_2025_Eng.txt,rice,Unknown,comparison of weekly prices. The changes in,Stable
weekly_05_2025_Eng.txt,rice,Unknown,prices reported are always with price prevailed,Stable
weekly_05_2025_Eng.txt,rice,Unknown,The frequency of collection of wholesale price,Stable
weekly_05_2025_Eng.txt,rice,Unknown,"Friday) while with retail prices, it is thrice a",Stable
weekly_05_2025_Eng.txt,rice,Unknown,Rice VarietiesLOCATIONS,Stable
weekly_05_2025_Eng.txt,rice,Unknown,Table 01: Selected Markets:Wholesale Price of Rice (Rs/50kg bag),Stable
weekly_05_2025_Eng.txt,rice,Unknown,Table 02: Selected Markets: Retail Price of Rice (Rs/kg),Stable
weekly_05_2025_Eng.txt,rice,Unknown,LOCATIONS Rice Varieties,Stable
weekly_05_2025_Eng.txt,dhal,Unknown,Green Gram Cowpea Red Dhal,Stable
weekly_05_2025_Eng.txt,rice,Unknown,Table 04: Selected Markets:Wholesale Price of Subsidiary Food (Rs/50kg),Stable
weekly_05_2025_Eng.txt,onion,Unknown,Dried Chillies Red Onion Big Onion PotatoLOCATION Imported Imported Local Imported,Stable
weekly_05_2025_Eng.txt,rice,Unknown,Table 05: Selected Markets: Retail Price of Subsidiary Food Crops (Rs/kg),Stable
weekly_05_2025_Eng.txt,onion,Unknown,Dried Chillies Red Onion Big Onion Potato Pulses,Stable
weekly_05_2025_Eng.txt,dhal,Unknown,Green Gram Cowpea Red Dhal,Stable
weekly_05_2025_Eng.txt,rice,Unknown,Table 06: Selected Markets: Wholesale Price of Vegetables(Rs/kg),Stable
weekly_05_2025_Eng.txt,rice,Unknown,"Colombo, Meegoda, Norochchole, Jaffna,Dambulla and Kandy - Gotukola Price Rs/Kg",Stable
weekly_05_2025_Eng.txt,vegetable,Unknown,Leafy Vegetables (Rs/bundle),Stable
weekly_05_2025_Eng.txt,coconut,Unknown,Coconut (Rs/nut),Stable
weekly_05_2025_Eng.txt,potato,Unknown,ManiocLong Beans Ash Plantain Green Chillies Lime Sweet Potatoe,Stable
weekly_05_2025_Eng.txt,rice,Unknown,Table 07: Selected Markets: Retail Price of Vegetables (Rs/kg),Stable
weekly_05_2025_Eng.txt,potato,Unknown,Ash Plantain Green Chillies Lime Sweet Potato Large Small,Stable
weekly_05_2025_Eng.txt,vegetable,Unknown,Low Country Varieties Leafy Vegetable Coconut (Rs/nut),Stable
weekly_05_2025_Eng.txt,rice,Unknown,Table 08: Selected Markets: Retail Price of Fruits (Rs/each & Rs/kg),Stable
weekly_05_2025_Eng.txt,fruit,Unknown,Mango Other Fruits,Stable
weekly_05_2025_Eng.txt,coconut,Unknown,Passion Avocado Slime Apple Grapes (Rs/kg) King CoconutWood Apple Orange,Stable
weekly_05_2025_Eng.txt,fish,Unknown,Sea Fish Eggs,Stable
weekly_05_2025_Eng.txt,rice,Unknown,Table 09: Selected Markets: Wholesale Price of Fresh Fish & Eggs (Rs/kg & Rs/egg),Stable
weekly_05_2025_Eng.txt,fish,Unknown,Sea FishLocations,Stable
weekly_05_2025_Eng.txt,rice,Unknown,Table 10: Selected Markets: Wholesale Price of Dried Fish (Rs/50kg),Stable
weekly_05_2025_Eng.txt,fish,Unknown,Local Dried Fish,Stable
weekly_05_2025_Eng.txt,fish,Unknown,Local Dried Fish Imported Dried Fish,Stable
weekly_05_2025_Eng.txt,fish,Unknown,Imported Dried Fish,Stable
weekly_05_2025_Eng.txt,rice,Unknown,Table 11: Selected Markets: Retail Price of Fresh Fish & Eggs (Rs/kg & Rs/eggs),Stable
weekly_05_2025_Eng.txt,fish,Unknown,Sea Fish EggsLOCATIONS,Stable
weekly_05_2025_Eng.txt,rice,Unknown,Table 12: Selected Markets: Retail Price of Dried Fish (Rs/kg),Stable
weekly_05_2025_Eng.txt,fish,Unknown,Dried FishLOCATIONS Sprats-Imported Kattawa Thora Mora Balaya,Stable
weekly_05_2025_Eng.txt,rice,Unknown,Table 13: Selected Markets: Retail Price of Meat (Rs/kg),Stable
weekly_05_2025_Eng.txt,chicken,Unknown,Meat Meat (Chicken) Meat,Stable
weekly_05_2025_Eng.txt,rice,Unknown,Rice Coconut,Stable
weekly_05_2025_Eng.txt,fruit,Unknown,Keeri Samba 250.00−260.00255.00255.00345.00 0.00 -26.09Fruits (Rs/fruit),Stable
weekly_05_2025_Eng.txt,fruit,Unknown,Raw (Red) − Passion Fruit 60.00− 75.00 66.25 60.63115.56 9.28 -42.67,Stable
weekly_05_2025_Eng.txt,onion,Unknown,Onion Mango,Stable
weekly_05_2025_Eng.txt,onion,Unknown,Big Onion Kohu −,Stable
weekly_05_2025_Eng.txt,potato,Unknown,Potato Orange 50.00− 60.00 54.44 57.22 63.89 -4.85 -14.78,Stable
weekly_05_2025_Eng.txt,coconut,Unknown,Pulses King Coconut 150.00− 180.00 164.44 152.50100.00 7.83 64.44,Stable
weekly_05_2025_Eng.txt,fish,Unknown,Cowpea (White) 550.00−700.00641.67566.671083.33 13.24 -40.77Sea Fish,Stable
weekly_05_2025_Eng.txt,dhal,Unknown,Red Dhal 270.00−275.00271.67273.57296.67 -0.70 -8.43Hurulla 780.00−1000.00 932.22 980.83478.18 -4.96 94.95,Stable
weekly_05_2025_Eng.txt,vegetable,Unknown,Vegetable Balaya 650.00− 800.00 725.83 881.67642.00 -17.67 13.06,Stable
weekly_05_2025_Eng.txt,egg,Unknown,Raddish 120.00−150.00133.00116.00152.00 14.66 -12.50Eggs,Stable
weekly_05_2025_Eng.txt,fish,Unknown,Ladies Fingers 180.00−300.00244.00212.00334.00 15.09 -26.95Dried Fish,Stable
weekly_05_2025_Eng.txt,potato,Unknown,Sweet Potato 140.00−180.00163.00137.00179.00 18.98 -8.94Maduwa (Imported) −,Stable
weekly_05_2025_Eng.txt,vegetable,Unknown,Leafy Vegetable Koduwa (Imported) −,Stable
weekly_05_2025_Eng.txt,rice,Unknown,Table 14: Colombo: Wholesale Prices (Rs/kg or Rs/piece),Stable
weekly_05_2025_Eng.txt,rice,Unknown,Average Price Change Compared to,Stable
weekly_05_2025_Eng.txt,rice,Unknown,Average Price,Stable
weekly_05_2025_Eng.txt,rice,Unknown,Rice Coconut,Stable
weekly_05_2025_Eng.txt,fruit,Unknown,Keeri Samba 260.00− 280.00263.45 270.16371.76 -6.71-29.14Fruits (Rs/fruit),Stable
weekly_05_2025_Eng.txt,fruit,Unknown,Raw (Red) − Passion Fruit 80.00− 120.00 95.56 92.63 184.44 2.92 -48.19,Stable
weekly_05_2025_Eng.txt,onion,Unknown,Onion Mango,Stable
weekly_05_2025_Eng.txt,onion,Unknown,Big Onion Kohu −,Stable
weekly_05_2025_Eng.txt,potato,Unknown,Potato Orange 65.00− 160.00108.80122.94 116.41 -14.14 -6.54,Stable
weekly_05_2025_Eng.txt,coconut,Unknown,Pulses King Coconut 180.00− 220.00195.80191.72 144.44 4.08 35.55,Stable
weekly_05_2025_Eng.txt,fish,Unknown,Cowpea (White) 700.00−1000.00865.67 836.771226.92 28.89-29.44Sea Fish,Stable
weekly_05_2025_Eng.txt,dhal,Unknown,Red Dhal 290.00− 360.00310.64 311.97340.59 -1.33 -8.79Hurulla 1000.00−1300.001114.671156.25 827.62 -41.58 34.68,Stable
weekly_05_2025_Eng.txt,vegetable,Unknown,Vegetable Balaya 780.00−1200.00956.671041.001265.83 -84.33 -24.42,Stable
weekly_05_2025_Eng.txt,egg,Unknown,Raddish 200.00− 400.00286.15 251.29319.17 34.86-10.34Eggs,Stable
weekly_05_2025_Eng.txt,fish,Unknown,Ladies Fingers 280.00− 400.00357.31 328.67559.29 28.64-36.11Dried Fish,Stable
weekly_05_2025_Eng.txt,chicken,Unknown,Root Crops Chicken (Broiler) 1060.00−1260.001136.881106.671262.73 30.21 -9.97,Stable
weekly_05_2025_Eng.txt,potato,Unknown,Sweet Potato 200.00− 350.00278.26 265.56351.03 12.71-20.73Chicken (Curry) 900.00−1200.001053.081070.001148.18 -16.92 -8.28,Stable
weekly_05_2025_Eng.txt,vegetable,Unknown,Leafy Vegetable Pork 1200.00−1300.001262.501200.001280.00 62.50 -1.37,Stable
weekly_05_2025_Eng.txt,rice,Unknown,Table 15: Colombo &Suburbs: Retail Prices (Rs/kg or Rs/piece),Stable
weekly_05_2025_Eng.txt,rice,Unknown,Average Price Change Compared to,Stable
weekly_05_2025_Eng.txt,rice,Unknown,Average Price Change Compared to,Stable
weekly_05_2025_Eng.txt,vegetable,Unknown,Paddy Vegetable (Up Country) Snake Gourd,Increase
weekly_05_2025_Eng.txt,onion,Unknown,Red Onion Badulla − Long Beans,Stable
weekly_05_2025_Eng.txt,onion,Unknown,Big Onion Welimada 70.00−80.00 76.00Embilipitiya 285.00−300.00291.25,Stable
weekly_05_2025_Eng.txt,potato,Unknown,Potato Hambantota −,Stable
weekly_05_2025_Eng.txt,vegetable,Unknown,N'Eliya 230.00−250.00238.00Vegetable (Low Country) Embilipitiya 120.00−140.00130.00,Stable
weekly_05_2025_Eng.txt,fruit,Unknown,Moneragala 500.00−550.00520.00Brinjal Fruits (Rs/kg),Stable
weekly_05_2025_Eng.txt,rice,Unknown,Table 16: Farmgate/Producer Prices of Food Commodities in Selected Producing Areas (Rs/kg),Stable
weekly_05_2025_Eng.txt,rice,Unknown,PriceCOMMODITY Range Average,Stable
weekly_05_2025_Eng.txt,rice,Unknown,Price COMMODITY Range Average,Stable
weekly_05_2025_Eng.txt,rice,Unknown,Price COMMODITY,Stable
weekly_05_2025_Eng.txt,rice,Unknown,Rice,Stable
weekly_05_2025_Eng.txt,onion,Unknown,Red Onion,Stable
weekly_05_2025_Eng.txt,onion,Unknown,Big Onion,Stable
weekly_05_2025_Eng.txt,potato,Unknown,Potato,Stable
weekly_05_2025_Eng.txt,dhal,Unknown,Red Dhal 290.00− 300.00 300.00− 360.00 300.00− 320.00300.00− 320.00300.00− 360.00290.00− 320.00300.00− 320.00300.00− 340.00 300.00− 360.00,Stable
weekly_05_2025_Eng.txt,rice,Unknown,Annex 01 - Colombo Markets: Retail Prices of Rice and Subsidiary Food Crops (Rs/kg) Week 05: 31 Jan - 06 Feb 2025,Stable
weekly_05_2025_Eng.txt,vegetable,Unknown,Vegetable,Stable
weekly_05_2025_Eng.txt,potato,Unknown,Sweet Potato 230.00− 240.00 260.00− 280.00 350.00− 350.00 350.00 − 350.00 200.00− 320.00 250.00− 280.00 240.00− 260.00 230.00− 260.00260.00− 320.00,Stable
weekly_05_2025_Eng.txt,vegetable,Unknown,Leafy Vegetable,Stable
weekly_05_2025_Eng.txt,coconut,Unknown,Coconut,Stable
weekly_05_2025_Eng.txt,rice,Unknown,Annex 02 - Colombo Markets: Retail Prices of Vegetables (Rs/kg) and Coconut (Rs/nut),Stable
weekly_05_2025_Eng.txt,fruit,Unknown,Other Fruits,Stable
weekly_05_2025_Eng.txt,coconut,Unknown,King Coconut 180.00− 220.00 195.00− 200.00180.00− 200.00 200.00− 220.00180.00− 200.00200.00− 200.00180.00− 200.00 180.00− 200.00 180.00−200.00,Stable
weekly_05_2025_Eng.txt,rice,Unknown,Annex 03 - Colombo Markets: Retail Prices of Fruits (Rs/fruit),Stable
weekly_05_2025_Eng.txt,fish,Unknown,Sea Fish,Stable
weekly_05_2025_Eng.txt,egg,Unknown,30 Eggs (Rs/egg),Stable
weekly_05_2025_Eng.txt,fish,Unknown,Dried Fish,Stable
weekly_05_2025_Eng.txt,chicken,Unknown,Chicken (Broiler) 1070.00−1100.001200.00−1200.001260.00−1260.001260.00−1260.001150.00−1150.001100.00−1100.001150.00−1150.001060.00−1130.001060.00−1200.00,Stable
weekly_05_2025_Eng.txt,chicken,Unknown,Chicken (Curry) 900.00−1000.001100.00−1100.001200.00−1200.001200.00−1200.00 950.00− 950.001000.00−1000.001000.00−1000.001060.00−1120.001060.00−1100.00,Stable
weekly_05_2025_Eng.txt,rice,Unknown,Annex 04 - Colombo Markets: Retail Prices of Sea Fish and Dried Fish (Rs/kg),Stable
weekly_05_2025_Eng.txt,rice,Unknown,Rice - (white Kekulu - normal ) 361 9.88 1.52 - 0.03 0.09 10.67 - 6.94 26.29 1.22 1.5,Stable
weekly_05_2025_Eng.txt,rice,Unknown,Rice - (white Kekulu Samba) 355 8.81 1.53 - 0.03 0.09 8.11 - 9.82 30.48 0.92 1.7,Stable
weekly_05_2025_Eng.txt,rice,Unknown,Rice - ( Red Kekulu - normal ) 366 8.64 2.12 - 0.05 0.1 8.39 - 4.73 31.7 0.88 1.84,Stable
weekly_05_2025_Eng.txt,rice,Unknown,Rice -Samba 369 6.86 2.45 - 0.05 0.13 12.79 - 8.71 37.26 1.18 1.49,Stable
weekly_05_2025_Eng.txt,rice,Unknown,Rice - Nadu White 366 7.76 1.48 - 0.03 0.12 9.35 - 4.57 20.1 0.64 1.61,Stable
weekly_05_2025_Eng.txt,onion,Unknown,Onion,Stable
weekly_05_2025_Eng.txt,onion,Unknown,Big onions 48 1.67 0.24 0.16 0.01 0.1 32.99 7.58 14.82 16.94 0.45 0.25,Stable
weekly_05_2025_Eng.txt,onion,Unknown,Red onions 55 2.13 0.15 0.18 0.02 0.13 30.15 14.26 20.37 19.32 0.31 0.28,Stable
weekly_05_2025_Eng.txt,potato,Unknown,Potatoes 71 1.67 0.25 0.01 0.09 14.31 20.5 9.83 23.84 0.46 0.29,Stable
weekly_05_2025_Eng.txt,dhal,Unknown,Red Dhal 319 23.09 0.77 1.06 1.6 0.22 55 NA 41.27 66.63 7.45 3.34,Stable
weekly_05_2025_Eng.txt,vegetable,Unknown,Vegetables,Stable
weekly_05_2025_Eng.txt,rice,Unknown,Rice,Stable
weekly_05_2025_Eng.txt,egg,Unknown,Brinjal (Chinese eggplant) 24 1.28 0.33 16.83 0.12 0.11 32.94 3.37 14.4 21.18 0.28 0.16,Stable
weekly_05_2025_Eng.txt,egg,Unknown,Thalana batu (Thai eggplant) 21 1.45 0.26 18.33 0.11 0.09 31.18 2.71 17.24 37.22 0.37 0.24,Stable
weekly_05_2025_Eng.txt,coconut,Unknown,Coconuts nuts 390 3.67 39.92 - 0.05 0.11 14.86 -,Stable
weekly_05_2025_Eng.txt,potato,Unknown,Sweet potato 108 1.27 0.33 NA 0.04 0.09 14.44 22.2 28.93 21.05 0.51 0.14,Stable
weekly_05_2025_Eng.txt,vegetable,Unknown,Leafy Vegetables,Stable
weekly_05_2025_Eng.txt,onion,Unknown,Onion leaves 27 2.01 0.26 NA 0.04 0.18 56.8 23.38 35.21 74.95 3.15 0.77,Stable
weekly_05_2025_Eng.txt,fruit,Unknown,Jackfruit pods 25 2.14 0.34 NA 0.03 0.04 30.7 24.77 37.32 26.08 0.3 0.17,Stable
weekly_05_2025_Eng.txt,fruit,Unknown,Jackfruit seeds 77 5.66 0.44 NA 0.02 0.08 58.91 15.24 40.87 50.14 0.52 0.42,Stable
weekly_05_2025_Eng.txt,chicken,Unknown,Chicken 176 23.14 9.24 6.88 0.07 0.49 10.09 - 15.06 20.18 0.75 0.64,Stable
weekly_05_2025_Eng.txt,fish,Unknown,Fish,Stable
weekly_05_2025_Eng.txt,fish,Unknown,Cuttle fish 76 16.82 0.93 1.93 0.02 0.04 6.22 8.73 35.46 0.62 1.3,Stable
weekly_05_2025_Eng.txt,fish,Unknown,Dried Fish,Stable
weekly_05_2025_Eng.txt,egg,Unknown,Eggs,Stable
weekly_05_2025_Eng.txt,egg,Unknown,Hen eggs (Country) 170 13.14 13 208 0.08 0.18 54.6 50.14 11.04 1.64 1.12,Stable
weekly_05_2025_Eng.txt,egg,Unknown,Hen eggs (Table) 135 13.55 9.03 200 0.19 0.19 49.46 63.3 12 2.39 1.73,Stable
weekly_05_2025_Eng.txt,egg,Unknown,Quail eggs 153 12.39 11.46 153 0.11 0.17 54.86 60.67 11.21 2.55 1.51,Stable
weekly_05_2025_Eng.txt,fruit,Unknown,Fruits,Stable
weekly_05_2025_Eng.txt,rice,Unknown,Price Collecting Areas,Stable
weekly_15_16_2025_Eng.txt,vegetable,Unknown,Vegetables,Stable
weekly_15_16_2025_Eng.txt,coconut,Unknown,Coconut,Stable
weekly_15_16_2025_Eng.txt,rice,Unknown,Paddy/Rice,Stable
weekly_15_16_2025_Eng.txt,rice,Unknown,"year, prices have surged significantly for both large nuts",Stable
weekly_15_16_2025_Eng.txt,rice,Unknown,ranging Rs.700.00 -950.00/kg. Vedalan prices rose by,Stable
weekly_15_16_2025_Eng.txt,onion,Unknown,Rs.50.00/kg and imported red onion by Rs.2.00/kg.,Stable
weekly_15_16_2025_Eng.txt,rice,Decrease,"Meanwhile, potato prices decreased, with Welimada variety",Decrease
weekly_15_16_2025_Eng.txt,rice,Decrease,Most vegetable prices decreased following reduced demand,Decrease
weekly_15_16_2025_Eng.txt,rice,Unknown,"Rs.98.00/kg. For low -country vegetables, brinjal prices",Stable
weekly_15_16_2025_Eng.txt,rice,Decrease,"Most rice varieties have decreased in price, except for",Decrease
weekly_15_16_2025_Eng.txt,rice,Unknown,"Compared to last year, local raw red prices are up 19%.",Increase
weekly_15_16_2025_Eng.txt,rice,Unknown,"Farmgate paddy prices remain stable compared to last week,",Stable
weekly_15_16_2025_Eng.txt,rice,Unknown,Rice,Stable
weekly_15_16_2025_Eng.txt,rice,Decrease,Prices of keeri samba has decreased by 4%,Decrease
weekly_15_16_2025_Eng.txt,rice,Unknown,and price ra nged R s.260.00- 280.00/kg.,Stable
weekly_15_16_2025_Eng.txt,rice,Unknown,Price of raw red and raw white have,Stable
weekly_15_16_2025_Eng.txt,rice,Unknown,average prices were Rs.213.00/kg and,Stable
weekly_15_16_2025_Eng.txt,rice,Unknown,Rs.212.00/kg. Price of all other local rice,Stable
weekly_15_16_2025_Eng.txt,rice,Unknown,2% and price ranged Rs.225.00 -235.00.,Stable
weekly_15_16_2025_Eng.txt,rice,Unknown,prices ranged  Rs.215.00-220.00/kg and,Stable
weekly_15_16_2025_Eng.txt,rice,Unknown,of the rice varieties have  seen price,Stable
weekly_15_16_2025_Eng.txt,rice,Increase,increases with the highest price of 22% for,Increase
weekly_15_16_2025_Eng.txt,rice,Unknown,raw red. Price of keeri samba and imported,Stable
weekly_15_16_2025_Eng.txt,rice,Unknown,The retail prices of all types of rice varieties,Stable
weekly_15_16_2025_Eng.txt,rice,Decrease,highest price decreased of Rs.2.00/kg was,Decrease
weekly_15_16_2025_Eng.txt,rice,Increase,price increased of Rs.3.00/kg was observed,Increase
weekly_15_16_2025_Eng.txt,rice,Increase,the highest  price increase of 19% was,Increase
weekly_15_16_2025_Eng.txt,rice,Unknown,recorded for local raw red and highest price,Stable
weekly_15_16_2025_Eng.txt,rice,Unknown,the average farmgate prices of major paddy,Stable
weekly_15_16_2025_Eng.txt,rice,Unknown,The average price of short grain paddy has,Stable
weekly_15_16_2025_Eng.txt,rice,Unknown,was reported price range of Rs.138.00 -,Stable
weekly_15_16_2025_Eng.txt,rice,Unknown,"producing areas. Subsequently, the price",Stable
weekly_15_16_2025_Eng.txt,rice,Unknown,the average prices of all the major paddy,Stable
weekly_15_16_2025_Eng.txt,rice,Unknown,average farmgate price of keeri samba,Stable
weekly_15_16_2025_Eng.txt,rice,Unknown,The price of imported dried chilies has,Stable
weekly_15_16_2025_Eng.txt,rice,Decrease,decreased by 3%   and price ranged,Decrease
weekly_15_16_2025_Eng.txt,rice,Unknown,current whole sale price of imported dried,Stable
weekly_15_16_2025_Eng.txt,rice,Unknown,The retail price of imported dried chilies has,Stable
weekly_15_16_2025_Eng.txt,rice,Increase,increased by Rs.24.00/kg and price ranged,Increase
weekly_15_16_2025_Eng.txt,rice,Unknown,the current retail price of imported dried,Stable
weekly_15_16_2025_Eng.txt,onion,Unknown,Onion,Stable
weekly_15_16_2025_Eng.txt,rice,Increase,Price of vedalan red onion   has increased,Increase
weekly_15_16_2025_Eng.txt,rice,Unknown,stocks and price ranged Rs.330.00 -,Stable
weekly_15_16_2025_Eng.txt,rice,Unknown,350.00/kg. Price of imported red onion has,Stable
weekly_15_16_2025_Eng.txt,rice,Increase,increased by 3% and price ranged,Increase
weekly_15_16_2025_Eng.txt,rice,Unknown,Rs.250.00-350.00/kg. Price of imported,Stable
weekly_15_16_2025_Eng.txt,onion,Decrease,big onion has decreased by 17% due to,Decrease
weekly_15_16_2025_Eng.txt,rice,Unknown,availability of sufficient stocks and price,Stable
weekly_15_16_2025_Eng.txt,onion,Decrease,imported red onion have decreased by,Decrease
weekly_15_16_2025_Eng.txt,onion,Unknown,8%and 13% and also imported big onion,Stable
weekly_15_16_2025_Eng.txt,rice,Unknown,The retail price of vedalan and imported red,Stable
weekly_15_16_2025_Eng.txt,onion,Increase,onion have increased by Rs.50.00/kg and,Increase
weekly_15_16_2025_Eng.txt,rice,Unknown,Rs.2.00/kg respectively. The retail price of,Stable
weekly_15_16_2025_Eng.txt,onion,Decrease,imported big onion has decreased by,Decrease
weekly_15_16_2025_Eng.txt,rice,Unknown,the current retail prices of all types of onion,Stable
weekly_15_16_2025_Eng.txt,rice,Decrease,price decreased of 79% was recorded for,Decrease
weekly_15_16_2025_Eng.txt,onion,Unknown,imported big onion.,Stable
weekly_15_16_2025_Eng.txt,potato,Unknown,Potato,Stable
weekly_15_16_2025_Eng.txt,rice,Unknown,The price of Welimada potato and Nuwara,Stable
weekly_15_16_2025_Eng.txt,potato,Decrease,Eliya potato   varieties have decreased by,Decrease
weekly_15_16_2025_Eng.txt,rice,Unknown,stocks and price ranged Rs.250.00 -,Stable
weekly_15_16_2025_Eng.txt,rice,Unknown,260.00/kg and Rs.280.00-290.00/kg. Price,Stable
weekly_15_16_2025_Eng.txt,potato,Increase,of imported potato has increased by 6%,Increase
weekly_15_16_2025_Eng.txt,rice,Unknown,and price ranged Rs.150.00-190.00/kg.,Stable
weekly_15_16_2025_Eng.txt,rice,Unknown,current wholesale price of all potato,Stable
weekly_15_16_2025_Eng.txt,rice,Unknown,The retail price of Welimada and Nuwara,Stable
weekly_15_16_2025_Eng.txt,potato,Decrease,Eliya potatoes have decreased by Rs.4.00/kg,Decrease
weekly_15_16_2025_Eng.txt,rice,Unknown,and Rs.2.00/kg respectively. The retail price,Stable
weekly_15_16_2025_Eng.txt,potato,Increase,of imported potato has increased by,Increase
weekly_15_16_2025_Eng.txt,rice,Unknown,the retail price of Nuwara Eliya potato has,Stable
weekly_15_16_2025_Eng.txt,rice,Increase,increased by 6% while the retail price of,Increase
weekly_15_16_2025_Eng.txt,potato,Decrease,imported potato has decreased by 1%.,Decrease
weekly_15_16_2025_Eng.txt,rice,Increase,Price of red cowpea   has increased by 7%,Increase
weekly_15_16_2025_Eng.txt,rice,Unknown,and price ranged Rs.550.00 -700.00/kg.,Stable
weekly_15_16_2025_Eng.txt,rice,Decrease,Price of white cowpea has decreased by 3%,Decrease
weekly_15_16_2025_Eng.txt,rice,Unknown,and price ranged Rs.650.00 -700.00/kg.,Stable
weekly_15_16_2025_Eng.txt,rice,Unknown,Prices of green gram and   red dhal have,Stable
weekly_15_16_2025_Eng.txt,rice,Unknown,not changed significantly and price ranged,Stable
weekly_15_16_2025_Eng.txt,rice,Unknown,current wholesale prices of all pulses,Stable
weekly_15_16_2025_Eng.txt,rice,Unknown,The retail prices of green gram and white,Stable
weekly_15_16_2025_Eng.txt,rice,Unknown,Rs.9.00/kg respectively. The retail price of,Stable
weekly_15_16_2025_Eng.txt,rice,Unknown,the current retail prices of all types of pulses,Stable
weekly_15_16_2025_Eng.txt,rice,Decrease,price decreased of 42% was recorded for,Decrease
weekly_15_16_2025_Eng.txt,vegetable,Unknown,Vegetable,Stable
weekly_15_16_2025_Eng.txt,rice,Unknown,Prices of most of the vegetables have,Stable
weekly_15_16_2025_Eng.txt,rice,Unknown,Most of the upcountry vegetable prices are,Increase
weekly_15_16_2025_Eng.txt,rice,Unknown,"highest as 23%, following prices of other",Stable
weekly_15_16_2025_Eng.txt,vegetable,Decrease,vegetables except beetroot have decreased,Decrease
weekly_15_16_2025_Eng.txt,rice,Unknown,"in the range of 4%-18%. However, price of",Stable
weekly_15_16_2025_Eng.txt,rice,Decrease,"area. Further, with decreased demand price",Decrease
weekly_15_16_2025_Eng.txt,vegetable,Unknown,"Considering low-country vegetables, most",Stable
weekly_15_16_2025_Eng.txt,rice,Unknown,of the vegetable varieties experienced price,Stable
weekly_15_16_2025_Eng.txt,rice,Decrease,decrease. Particularly price of brinjal has,Decrease
weekly_15_16_2025_Eng.txt,rice,Decrease,decreased by 46% while price of ash,Decrease
weekly_15_16_2025_Eng.txt,rice,Decrease,"decreased d emand. Prices of cucumber,",Decrease
weekly_15_16_2025_Eng.txt,rice,Unknown,"in the range of 13% - 20%. Prices of luffa,",Stable
weekly_15_16_2025_Eng.txt,rice,Increase,"However, price of long beans has increased",Increase
weekly_15_16_2025_Eng.txt,rice,Unknown,producing areas while price of drumstick,Stable
weekly_15_16_2025_Eng.txt,rice,Increase,"has increased by 2%. In addition, price of",Increase
weekly_15_16_2025_Eng.txt,rice,Increase,"vegetable prices have increased, with",Increase
weekly_15_16_2025_Eng.txt,rice,Unknown,Retail prices of most vegetable varieties,Stable
weekly_15_16_2025_Eng.txt,vegetable,Unknown,"wholesale trend. In up-country vegetables,",Increase
weekly_15_16_2025_Eng.txt,rice,Decrease,the highest price decrease was reported for,Decrease
weekly_15_16_2025_Eng.txt,rice,Unknown,"beans at Rs. 141.00/kg. Further, the price",Stable
weekly_15_16_2025_Eng.txt,vegetable,Unknown,Considering the low -country vegetable,Stable
weekly_15_16_2025_Eng.txt,rice,Unknown,"varieties, brinjal prices showed a",Stable
weekly_15_16_2025_Eng.txt,rice,Decrease,significant price decrease of arou nd,Decrease
weekly_15_16_2025_Eng.txt,rice,Unknown,Rs.312.00/Kg. Capsicum prices showed a,Stable
weekly_15_16_2025_Eng.txt,rice,Decrease,significant price decrease of Rs.223.00 /kg.,Decrease
weekly_15_16_2025_Eng.txt,rice,Decrease,Tomato prices decreased by Rs. 99.00/kg,Decrease
weekly_15_16_2025_Eng.txt,rice,Decrease,prices decreased by Rs. 30.00/kg.,Decrease
weekly_15_16_2025_Eng.txt,rice,Unknown,"year, prices of most varieties have",Stable
weekly_15_16_2025_Eng.txt,rice,Increase,"increased, while a notable price increment",Increase
weekly_15_16_2025_Eng.txt,coconut,Unknown,Coconut,Stable
weekly_15_16_2025_Eng.txt,rice,Unknown,Prices of both large and small nuts,Stable
weekly_15_16_2025_Eng.txt,rice,Unknown,respectively. Price ranges were Rs.200.00-,Stable
weekly_15_16_2025_Eng.txt,rice,Unknown,the current wholesale prices of large and,Stable
weekly_15_16_2025_Eng.txt,rice,Unknown,Prices of large and small nuts showe d a,Stable
weekly_15_16_2025_Eng.txt,rice,Unknown,price increment of Rs.5.00/nut and,Stable
weekly_15_16_2025_Eng.txt,rice,Unknown,Rs.8.00/nut respectively. Price ranges were,Stable
weekly_15_16_2025_Eng.txt,rice,Unknown,prices of both large nuts and small nuts,Stable
weekly_15_16_2025_Eng.txt,fruit,Unknown,Fruits,Stable
weekly_15_16_2025_Eng.txt,rice,Unknown,Prices of most of fruit varieties have,Stable
weekly_15_16_2025_Eng.txt,rice,Decrease,season. The highest price decrease was,Decrease
weekly_15_16_2025_Eng.txt,rice,Unknown,"recorded for passion fruit, at 38%. Prices of",Stable
weekly_15_16_2025_Eng.txt,rice,Unknown,range of 2% -34% with prices of,Stable
weekly_15_16_2025_Eng.txt,rice,Unknown,Wholesale prices for the most of fruits have,Stable
weekly_15_16_2025_Eng.txt,rice,Decrease,"In line with the decreased wholesale prices,",Decrease
weekly_15_16_2025_Eng.txt,rice,Unknown,retail prices of most of the fruit varieties,Stable
weekly_15_16_2025_Eng.txt,rice,Decrease,have decreased. The highest price,Decrease
weekly_15_16_2025_Eng.txt,rice,Unknown,imported grapes. Price of banana varieties,Stable
weekly_15_16_2025_Eng.txt,rice,Unknown,Prices of all sizes of pineapple have,Stable
weekly_15_16_2025_Eng.txt,rice,Decrease,23.00/kg. Price of papaw has decreased by,Decrease
weekly_15_16_2025_Eng.txt,rice,Unknown,"However, the price of karthakolomban",Stable
weekly_15_16_2025_Eng.txt,rice,Unknown,"Price of orange(local), slime",Stable
weekly_15_16_2025_Eng.txt,fruit,Unknown,"by Rs.24.00/fruit,  Rs.23.00/fruit and",Stable
weekly_15_16_2025_Eng.txt,fruit,Unknown,Rs.12.00/fruit respectively.,Stable
weekly_15_16_2025_Eng.txt,rice,Unknown,current prices of most of the fruits have,Stable
weekly_15_16_2025_Eng.txt,rice,Decrease,decreased and the highest price decrease of,Decrease
weekly_15_16_2025_Eng.txt,fish,Unknown,Fresh Fish,Stable
weekly_15_16_2025_Eng.txt,rice,Unknown,Wholesale prices of most of the fresh fish,Stable
weekly_15_16_2025_Eng.txt,rice,Decrease,supply. The highest price decrease of 14%,Increase
weekly_15_16_2025_Eng.txt,rice,Decrease,areas. The prices decrease of 11% -12%,Decrease
weekly_15_16_2025_Eng.txt,rice,Unknown,"and Northern areas. However, a price",Stable
weekly_15_16_2025_Eng.txt,rice,Unknown,Valachchenai areas. Prices of other fresh,Stable
weekly_15_16_2025_Eng.txt,fish,Unknown,fish varieties have not changed,Stable
weekly_15_16_2025_Eng.txt,rice,Unknown,current wholesale prices of all of the fresh,Stable
weekly_15_16_2025_Eng.txt,fish,Increase,fish types except shrimps have increased,Increase
weekly_15_16_2025_Eng.txt,rice,Increase,with the highest price increase of 47% was,Increase
weekly_15_16_2025_Eng.txt,rice,Unknown,The prices of other fish varieties except,Stable
weekly_15_16_2025_Eng.txt,rice,Decrease,by 14% the highest price decrease was,Decrease
weekly_15_16_2025_Eng.txt,rice,Decrease,second highest price decrease was recorded,Decrease
weekly_15_16_2025_Eng.txt,rice,Increase,price increase was recorded for balaya by,Increase
weekly_15_16_2025_Eng.txt,rice,Increase,Rs.181.00/kg. Price increase of kelawalla,Increase
weekly_15_16_2025_Eng.txt,rice,Unknown,the prices of other fish varieties except,Stable
weekly_15_16_2025_Eng.txt,rice,Increase,highest price increase was recorded for,Increase
weekly_15_16_2025_Eng.txt,fish,Unknown,Dried Fish,Stable
weekly_15_16_2025_Eng.txt,rice,Unknown,Prices of most of the dried fish types have,Stable
weekly_15_16_2025_Eng.txt,fish,Increase,increased due to decrease of local dried fish,Increase
weekly_15_16_2025_Eng.txt,rice,Increase,supply. A price increase of 19% was noted,Increase
weekly_15_16_2025_Eng.txt,rice,Increase,areas. A price increase of 6% was noted for,Increase
weekly_15_16_2025_Eng.txt,rice,Decrease,price decrease of 5% was noted for,Decrease
weekly_15_16_2025_Eng.txt,rice,Unknown,Iran and Thailand. Prices of other dried fish,Stable
weekly_15_16_2025_Eng.txt,rice,Unknown,current wholesale prices of all of the dried,Stable
weekly_15_16_2025_Eng.txt,fish,Unknown,fish types except imported sprats have,Stable
weekly_15_16_2025_Eng.txt,rice,Increase,increased and the highest price increase of,Increase
weekly_15_16_2025_Eng.txt,rice,Unknown,The prices of other dry fish varieties except,Stable
weekly_15_16_2025_Eng.txt,rice,Increase,highest price increase was recorded for,Increase
weekly_15_16_2025_Eng.txt,rice,Increase,maduwa by Rs.100.00/kg. Price increase of,Increase
weekly_15_16_2025_Eng.txt,rice,Decrease,Price decrease of imported sprats has,Decrease
weekly_15_16_2025_Eng.txt,rice,Unknown,the prices of other dry fish varieties except,Stable
weekly_15_16_2025_Eng.txt,rice,Increase,and the highest price increase was recorded,Increase
weekly_15_16_2025_Eng.txt,egg,Unknown,Eggs,Stable
weekly_15_16_2025_Eng.txt,rice,Unknown,The prices of both brown and white eggs,Stable
weekly_15_16_2025_Eng.txt,rice,Unknown,respectively and their prices,Stable
weekly_15_16_2025_Eng.txt,egg,Unknown,ranged    Rs.23.00-27.00/egg and Rs.21.50-,Stable
weekly_15_16_2025_Eng.txt,egg,Unknown,24.00/egg respectively.,Stable
weekly_15_16_2025_Eng.txt,rice,Unknown,prices of both brow n and white eggs have,Stable
weekly_15_16_2025_Eng.txt,rice,Unknown,The prices of both brown and white egg,Stable
weekly_15_16_2025_Eng.txt,rice,Decrease,types have decreased and the price range of,Decrease
weekly_15_16_2025_Eng.txt,egg,Unknown,a white egg has recorded as Rs.24.00 -,Stable
weekly_15_16_2025_Eng.txt,rice,Unknown,Rs.35.00 and the price range of a brown,Stable
weekly_15_16_2025_Eng.txt,egg,Unknown,egg has recorded as Rs.25 .00-36.00. The,Stable
weekly_15_16_2025_Eng.txt,rice,Unknown,average price of the white and brown egg,Stable
weekly_15_16_2025_Eng.txt,rice,Unknown,the prices of both egg varieties have,Stable
weekly_15_16_2025_Eng.txt,rice,Decrease,Price decrease of broiler and curry chicken,Decrease
weekly_15_16_2025_Eng.txt,rice,Increase,Rs.50.00/kg respectively. Price increase of,Increase
weekly_15_16_2025_Eng.txt,chicken,Increase,chicken have increased and the highest,Increase
weekly_15_16_2025_Eng.txt,rice,Increase,price increase was recorded pork by 22%.,Increase
weekly_15_16_2025_Eng.txt,rice,Unknown,to wholesale and retail prices of selected,Stable
weekly_15_16_2025_Eng.txt,rice,Unknown,"as prevailing prices, price ranges, averages,",Stable
weekly_15_16_2025_Eng.txt,rice,Unknown,and a comparison of weekly prices. The,Stable
weekly_15_16_2025_Eng.txt,rice,Unknown,changes in prices reported are always with,Stable
weekly_15_16_2025_Eng.txt,rice,Unknown,price prevailed during the previous week,Stable
weekly_15_16_2025_Eng.txt,rice,Unknown,"price information is twice a week ( i.e.,",Stable
weekly_15_16_2025_Eng.txt,rice,Unknown,"prices, it is thrice a week ( i.e., Friday,",Stable
weekly_15_16_2025_Eng.txt,rice,Unknown,Rice VarietiesLOCATIONS,Stable
weekly_15_16_2025_Eng.txt,rice,Unknown,Table 01: Selected Markets:Wholesale Price of Rice (Rs/50kg bag),Stable
weekly_15_16_2025_Eng.txt,rice,Unknown,Table 02: Selected Markets: Retail Price of Rice (Rs/kg),Stable
weekly_15_16_2025_Eng.txt,rice,Unknown,LOCATIONS Rice Varieties,Stable
weekly_15_16_2025_Eng.txt,dhal,Unknown,Cowpea Red Dhal,Stable
weekly_15_16_2025_Eng.txt,rice,Unknown,Table 04: Selected Markets:Wholesale Price of Subsidiary Food (Rs/50kg),Stable
weekly_15_16_2025_Eng.txt,onion,Unknown,Dried Chillies Red Onion Big Onion PotatoLOCATION Imported Imported Local Imported Welimada,Stable
weekly_15_16_2025_Eng.txt,rice,Unknown,Table 05: Selected Markets: Retail Price of Subsidiary Food Crops (Rs/kg),Stable
weekly_15_16_2025_Eng.txt,onion,Unknown,Dried Chillies Red Onion Big Onion Potato Pulses,Stable
weekly_15_16_2025_Eng.txt,dhal,Unknown,Green Gram Cowpea Red Dhal,Stable
weekly_15_16_2025_Eng.txt,rice,Unknown,Table 06: Selected Markets: Wholesale Price of Vegetables(Rs/kg),Stable
weekly_15_16_2025_Eng.txt,potato,Unknown,ManiocLong Beans Ash Plantain Green Chillies Lime Sweet Potatoe,Stable
weekly_15_16_2025_Eng.txt,rice,Unknown,"Colombo, Meegoda, Norochchole, Jaffna,Dambulla and Kandy - Gotukola Price Rs/Kg",Stable
weekly_15_16_2025_Eng.txt,vegetable,Unknown,Leafy Vegetables (Rs/bundle),Stable
weekly_15_16_2025_Eng.txt,coconut,Unknown,Coconut (Rs/nut),Stable
weekly_15_16_2025_Eng.txt,rice,Unknown,Table 07: Selected Markets: Retail Price of Vegetables (Rs/kg),Stable
weekly_15_16_2025_Eng.txt,potato,Unknown,Sweet Potato Large Small,Stable
weekly_15_16_2025_Eng.txt,vegetable,Unknown,Low Country Varieties Leafy Vegetable Coconut (Rs/nut),Stable
weekly_15_16_2025_Eng.txt,rice,Unknown,Table 08: Selected Markets: Retail Price of Fruits (Rs/each & Rs/kg),Stable
weekly_15_16_2025_Eng.txt,fruit,Unknown,Mango Other Fruits,Stable
weekly_15_16_2025_Eng.txt,coconut,Unknown,Passion Avocado Slime Apple Grapes (Rs/kg) King CoconutWood Apple Orange,Stable
weekly_15_16_2025_Eng.txt,fish,Unknown,Local Dried Fish Imported Dried Fish,Stable
weekly_15_16_2025_Eng.txt,fish,Unknown,Imported Dried Fish,Stable
weekly_15_16_2025_Eng.txt,fish,Unknown,Local Dried Fish,Stable
weekly_15_16_2025_Eng.txt,rice,Unknown,Table 10: Selected Markets: Wholesale Price of Dried Fish (Rs/50kg),Stable
weekly_15_16_2025_Eng.txt,fish,Unknown,Sea Fish Eggs,Stable
weekly_15_16_2025_Eng.txt,rice,Unknown,Table 09: Selected Markets: Wholesale Price of Fresh Fish & Eggs (Rs/kg & Rs/egg),Stable
weekly_15_16_2025_Eng.txt,fish,Unknown,Sea Fish,Stable
weekly_15_16_2025_Eng.txt,rice,Unknown,Table 11: Selected Markets: Retail Price of Fresh Fish & Eggs (Rs/kg & Rs/eggs),Stable
weekly_15_16_2025_Eng.txt,fish,Unknown,Sea Fish Eggs,Stable
weekly_15_16_2025_Eng.txt,rice,Unknown,Table 12: Selected Markets: Retail Price of Dried Fish (Rs/kg),Stable
weekly_15_16_2025_Eng.txt,fish,Unknown,Dried FishLOCATIONS Sprats-Imported Kattawa Thora Mora Balaya,Stable
weekly_15_16_2025_Eng.txt,rice,Unknown,Table 13: Selected Markets: Retail Price of Meat (Rs/kg),Stable
weekly_15_16_2025_Eng.txt,chicken,Unknown,Meat Meat (Chicken) Meat,Stable
weekly_15_16_2025_Eng.txt,rice,Unknown,Rice Coconut,Stable
weekly_15_16_2025_Eng.txt,fruit,Unknown,Keeri Samba 260.00 − 280.00 268.00 280.00 316.43 -4.29 -15.30 Fruits (Rs/fruit),Stable
weekly_15_16_2025_Eng.txt,fruit,Unknown,Raw (Red) − Passion Fruit 50.00 − 70.00 57.50 92.86 75.00 -38.08 -23.33,Stable
weekly_15_16_2025_Eng.txt,onion,Unknown,Onion Mango,Stable
weekly_15_16_2025_Eng.txt,onion,Unknown,Big Onion Kohu −,Stable
weekly_15_16_2025_Eng.txt,potato,Unknown,Potato Orange 40.00 − 50.00 47.14 44.29 67.50 6.45 -30.16,Stable
weekly_15_16_2025_Eng.txt,coconut,Unknown,Pulses King Coconut 150.00 − 200.00 178.57 193.33 196.00 -7.64 -8.89,Stable
weekly_15_16_2025_Eng.txt,fish,Unknown,Cowpea (White) 650.00 − 700.00 680.00 700.00 700.00 -2.86 -2.86 Sea Fish,Stable
weekly_15_16_2025_Eng.txt,dhal,Unknown,Red Dhal 250.00 − 260.00 256.67 256.67 282.00 0.00 -8.98 Hurulla 800.00 − 1000.00 920.00 1041.67 653.75 -11.68 40.73,Stable
weekly_15_16_2025_Eng.txt,vegetable,Unknown,Vegetable Balaya 1150.00 − 1300.00 1224.17 1221.43 830.00 0.22 47.49,Stable
weekly_15_16_2025_Eng.txt,egg,Unknown,Raddish 100.00 − 130.00 114.00 131.00 49.00 -12.98 132.65 Eggs,Stable
weekly_15_16_2025_Eng.txt,fish,Unknown,Ladies Fingers 250.00 − 300.00 276.00 296.00 64.00 -6.76 331.25 Dried Fish,Stable
weekly_15_16_2025_Eng.txt,potato,Unknown,Sweet Potato 180.00 − 220.00 200.00 184.44 191.11 8.43 4.65 Maduwa (Imported) −,Stable
weekly_15_16_2025_Eng.txt,vegetable,Unknown,Leafy Vegetable Koduwa (Imported) −,Stable
weekly_15_16_2025_Eng.txt,rice,Unknown,Table 14: Colombo: Wholesale Prices (Rs/kg or Rs/piece),Stable
weekly_15_16_2025_Eng.txt,rice,Unknown,Average Price Change Compared to,Stable
weekly_15_16_2025_Eng.txt,rice,Unknown,Average Price,Stable
weekly_15_16_2025_Eng.txt,rice,Unknown,Rice Coconut,Stable
weekly_15_16_2025_Eng.txt,fruit,Unknown,Keeri Samba 260.00 − 320.00 289.66 290.00 366.43 -0.34 -20.95 Fruits (Rs/fruit),Stable
weekly_15_16_2025_Eng.txt,fruit,Unknown,Raw (Red) − Passion Fruit 60.00 − 120.00 85.00 92.86 110.00 -7.86 -22.73,Stable
weekly_15_16_2025_Eng.txt,onion,Unknown,Onion Mango,Stable
weekly_15_16_2025_Eng.txt,onion,Unknown,Big Onion Kohu −,Stable
weekly_15_16_2025_Eng.txt,potato,Unknown,Potato Orange 58.00 − 140.00 98.00 74.44 75.00 23.56 30.67,Stable
weekly_15_16_2025_Eng.txt,coconut,Unknown,Pulses King Coconut 200.00 − 250.00 222.11 224.44 227.22 -2.34 -2.25,Stable
weekly_15_16_2025_Eng.txt,fish,Unknown,Cowpea (White) 700.00 − 1000.00 853.81 862.50 1082.50 -8.69 -21.13 Sea Fish,Stable
weekly_15_16_2025_Eng.txt,dhal,Unknown,Red Dhal 280.00 − 320.00 299.03 297.73 341.67 1.30 -12.48 Hurulla 900.00 − 1000.00 950.00 1237.50 906.67 -287.50 4.78,Stable
weekly_15_16_2025_Eng.txt,vegetable,Unknown,Vegetable Balaya 1350.00 − 2000.00 1650.00 1468.75 1065.00 181.25 54.93,Stable
weekly_15_16_2025_Eng.txt,egg,Unknown,Raddish 120.00 − 320.00 239.38 246.25 195.42 -6.88 22.49 Eggs,Stable
weekly_15_16_2025_Eng.txt,fish,Unknown,Ladies Fingers 280.00 − 480.00 430.00 413.57 209.23 16.43 105.51 Dried Fish,Stable
weekly_15_16_2025_Eng.txt,chicken,Unknown,Root Crops Chicken (Broiler) 1100.00 − 1200.00 1165.00 1242.00 1315.00 -77.00 -11.41,Stable
weekly_15_16_2025_Eng.txt,potato,Unknown,Sweet Potato 200.00 − 400.00 339.41 268.33 269.55 71.08 25.92 Chicken (Curry) 950.00 − 1350.00 1111.25 1161.11 1268.75 -49.86 -12.41,Stable
weekly_15_16_2025_Eng.txt,vegetable,Unknown,Leafy Vegetable Pork 1500.00 − 1800.00 1650.00 1500.00 1350.00 150.00 22.22,Stable
weekly_15_16_2025_Eng.txt,rice,Unknown,Table 15: Colombo &Suburbs: Retail Prices (Rs/kg or Rs/piece),Stable
weekly_15_16_2025_Eng.txt,rice,Unknown,Average Price Change Compared to,Stable
weekly_15_16_2025_Eng.txt,rice,Unknown,Average Price Change Compared to,Stable
weekly_15_16_2025_Eng.txt,vegetable,Unknown,Paddy Vegetable (Up Country) Snake Gourd,Increase
weekly_15_16_2025_Eng.txt,onion,Unknown,Red Onion Badulla 235.00 − 280.00 258.33 Long Beans,Stable
weekly_15_16_2025_Eng.txt,onion,Unknown,Big Onion Welimada 180.00 − 200.00 190.00 Embilipitiya 230.00 − 250.00 240.00,Stable
weekly_15_16_2025_Eng.txt,potato,Unknown,Potato Hambantota −,Stable
weekly_15_16_2025_Eng.txt,vegetable,Unknown,N'Eliya − Vegetable (Low Country) Embilipitiya 70.00 − 80.00 76.67,Stable
weekly_15_16_2025_Eng.txt,fruit,Unknown,Moneragala 650.00 − 700.00 670.00 Brinjal Fruits (Rs/kg),Stable
weekly_15_16_2025_Eng.txt,rice,Unknown,Table 16: Farmgate/Producer Prices of Food Commodities in Selected Producing Areas (Rs/kg),Stable
weekly_15_16_2025_Eng.txt,rice,Unknown,PriceCOMMODITY Range Average,Stable
weekly_15_16_2025_Eng.txt,rice,Unknown,Price COMMODITY Range Average,Stable
weekly_15_16_2025_Eng.txt,rice,Unknown,Price COMMODITY,Stable
weekly_15_16_2025_Eng.txt,rice,Unknown,Rice,Stable
weekly_15_16_2025_Eng.txt,onion,Unknown,Red Onion,Stable
weekly_15_16_2025_Eng.txt,onion,Unknown,Big Onion,Stable
weekly_15_16_2025_Eng.txt,potato,Unknown,Potato,Stable
weekly_15_16_2025_Eng.txt,dhal,Unknown,Red Dhal 280.00 − 290.00 280.00 − 320.00 280.00 − 320.00 280.00 − 320.00 290.00 − 320.00 280.00 − 290.00 290.00 − 300.00 280.00 − 300.00 280.00 − 320.00,Stable
weekly_15_16_2025_Eng.txt,rice,Unknown,Annex 01 - Colombo Markets: Retail Prices of Rice and Subsidiary Food Crops (Rs/kg) Week 16: 18 - 24 Apr 2025,Stable
weekly_15_16_2025_Eng.txt,vegetable,Unknown,Vegetable,Stable
weekly_15_16_2025_Eng.txt,potato,Unknown,Sweet Potato 200.00 − 240.00 340.00 − 400.00 320.00 − 360.00 350.00 − 400.00 340.00 − 340.00 400.00 − 400.00 340.00 − 340.00 320.00 − 400.00 −,Stable
weekly_15_16_2025_Eng.txt,vegetable,Unknown,Leafy Vegetable,Stable
weekly_15_16_2025_Eng.txt,coconut,Unknown,Coconut,Stable
weekly_15_16_2025_Eng.txt,rice,Unknown,Annex 02 - Colombo Markets: Retail Prices of Vegetables (Rs/kg) and Coconut (Rs/nut),Stable
weekly_15_16_2025_Eng.txt,fruit,Unknown,Other Fruits,Stable
weekly_15_16_2025_Eng.txt,coconut,Unknown,King Coconut 200.00 − 250.00 200.00 − 250.00 250.00 − 250.00 200.00 − 250.00 220.00 − 220.00 250.00 − 250.00 200.00 − 220.00 200.00 − 250.00 200.00 − 220.00,Stable
weekly_15_16_2025_Eng.txt,rice,Unknown,Annex 03 - Colombo Markets: Retail Prices of Fruits (Rs/fruit),Stable
weekly_15_16_2025_Eng.txt,fish,Unknown,Sea Fish,Stable
weekly_15_16_2025_Eng.txt,egg,Unknown,30 Eggs (Rs/egg),Stable
weekly_15_16_2025_Eng.txt,fish,Unknown,Dried Fish,Stable
weekly_15_16_2025_Eng.txt,chicken,Unknown,Chicken (Broiler) 1150.00 − 1150.00 1180.00 − 1180.00 1180.00 − 1180.00 1150.00 − 1150.00 1180.00 − 1180.00 1100.00 − 1100.00 1150.00 − 1150.00 1180.00 − 1200.00 1180.00 − 1180.00,Stable
weekly_15_16_2025_Eng.txt,chicken,Unknown,Chicken (Curry) 950.00 − 950.00 1180.00 − 1180.00 1180.00 − 1180.00 1350.00 − 1350.00 1180.00 − 1180.00 1000.00 − 1000.00 950.00 − 950.00 − 1100.00 − 1100.00,Stable
weekly_15_16_2025_Eng.txt,rice,Unknown,Annex 04 - Colombo Markets: Retail Prices of Sea Fish and Dried Fish (Rs/kg),Stable
weekly_15_16_2025_Eng.txt,rice,Unknown,Rice - (white Kekulu - normal ) 361 9.88 1.52 - 0.03 0.09 10.67 - 6.94 26.29 1.22 1.5,Stable
weekly_15_16_2025_Eng.txt,rice,Unknown,Rice - (white Kekulu Samba) 355 8.81 1.53 - 0.03 0.09 8.11 - 9.82 30.48 0.92 1.7,Stable
weekly_15_16_2025_Eng.txt,rice,Unknown,Rice - ( Red Kekulu - normal ) 366 8.64 2.12 - 0.05 0.1 8.39 - 4.73 31.7 0.88 1.84,Stable
weekly_15_16_2025_Eng.txt,rice,Unknown,Rice -Samba 369 6.86 2.45 - 0.05 0.13 12.79 - 8.71 37.26 1.18 1.49,Stable
weekly_15_16_2025_Eng.txt,rice,Unknown,Rice - Nadu White 366 7.76 1.48 - 0.03 0.12 9.35 - 4.57 20.1 0.64 1.61,Stable
weekly_15_16_2025_Eng.txt,onion,Unknown,Onion,Stable
weekly_15_16_2025_Eng.txt,onion,Unknown,Big onions 48 1.67 0.24 0.16 0.01 0.1 32.99 7.58 14.82 16.94 0.45 0.25,Stable
weekly_15_16_2025_Eng.txt,onion,Unknown,Red onions 55 2.13 0.15 0.18 0.02 0.13 30.15 14.26 20.37 19.32 0.31 0.28,Stable
weekly_15_16_2025_Eng.txt,potato,Unknown,Potatoes 71 1.67 0.25 0.01 0.09 14.31 20.5 9.83 23.84 0.46 0.29,Stable
weekly_15_16_2025_Eng.txt,dhal,Unknown,Red Dhal 319 23.09 0.77 1.06 1.6 0.22 55 NA 41.27 66.63 7.45 3.34,Stable
weekly_15_16_2025_Eng.txt,vegetable,Unknown,Vegetables,Stable
weekly_15_16_2025_Eng.txt,rice,Unknown,Rice,Stable
weekly_15_16_2025_Eng.txt,egg,Unknown,Brinjal (Chinese eggplant) 24 1.28 0.33 16.83 0.12 0.11 32.94 3.37 14.4 21.18 0.28 0.16,Stable
weekly_15_16_2025_Eng.txt,egg,Unknown,Thalana batu (Thai eggplant) 21 1.45 0.26 18.33 0.11 0.09 31.18 2.71 17.24 37.22 0.37 0.24,Stable
weekly_15_16_2025_Eng.txt,coconut,Unknown,Coconuts nuts 390 3.67 39.92 - 0.05 0.11 14.86 -,Stable
weekly_15_16_2025_Eng.txt,potato,Unknown,Sweet potato 108 1.27 0.33 NA 0.04 0.09 14.44 22.2 28.93 21.05 0.51 0.14,Stable
weekly_15_16_2025_Eng.txt,vegetable,Unknown,Leafy Vegetables,Stable
weekly_15_16_2025_Eng.txt,onion,Unknown,Onion leaves 27 2.01 0.26 NA 0.04 0.18 56.8 23.38 35.21 74.95 3.15 0.77,Stable
weekly_15_16_2025_Eng.txt,fruit,Unknown,Jackfruit pods 25 2.14 0.34 NA 0.03 0.04 30.7 24.77 37.32 26.08 0.3 0.17,Stable
weekly_15_16_2025_Eng.txt,fruit,Unknown,Jackfruit seeds 77 5.66 0.44 NA 0.02 0.08 58.91 15.24 40.87 50.14 0.52 0.42,Stable
weekly_15_16_2025_Eng.txt,chicken,Unknown,Chicken 176 23.14 9.24 6.88 0.07 0.49 10.09 - 15.06 20.18 0.75 0.64,Stable
weekly_15_16_2025_Eng.txt,fish,Unknown,Fish,Stable
weekly_15_16_2025_Eng.txt,fish,Unknown,Cuttle fish 76 16.82 0.93 1.93 0.02 0.04 6.22 8.73 35.46 0.62 1.3,Stable
weekly_15_16_2025_Eng.txt,fish,Unknown,Dried Fish,Stable
weekly_15_16_2025_Eng.txt,egg,Unknown,Eggs,Stable
weekly_15_16_2025_Eng.txt,egg,Unknown,Hen eggs (Country) 170 13.14 13 208 0.08 0.18 54.6 50.14 11.04 1.64 1.12,Stable
weekly_15_16_2025_Eng.txt,egg,Unknown,Hen eggs (Table) 135 13.55 9.03 200 0.19 0.19 49.46 63.3 12 2.39 1.73,Stable
weekly_15_16_2025_Eng.txt,egg,Unknown,Quail eggs 153 12.39 11.46 153 0.11 0.17 54.86 60.67 11.21 2.55 1.51,Stable
weekly_15_16_2025_Eng.txt,fruit,Unknown,Fruits,Stable
weekly_15_16_2025_Eng.txt,rice,Unknown,Price Collecting Areas,Stable
weekly_15_16_2025_Eng.txt,rice,Unknown,Rice VarietiesLOCATIONS,Stable
weekly_15_16_2025_Eng.txt,rice,Unknown,Table 01: Selected Markets:Wholesale Price of Rice (Rs/50kg bag),Stable
weekly_15_16_2025_Eng.txt,rice,Unknown,Table 02: Selected Markets: Retail Price of Rice (Rs/kg),Stable
weekly_15_16_2025_Eng.txt,rice,Unknown,LOCATIONS Rice Varieties,Stable
weekly_15_16_2025_Eng.txt,dhal,Unknown,Green Gram Cowpea Red Dhal,Stable
weekly_15_16_2025_Eng.txt,rice,Unknown,Table 04: Selected Markets:Wholesale Price of Subsidiary Food (Rs/50kg),Stable
weekly_15_16_2025_Eng.txt,onion,Unknown,Dried Chillies Red Onion Big Onion PotatoLOCATION Imported Imported Local Imported,Stable
weekly_15_16_2025_Eng.txt,rice,Unknown,Table 05: Selected Markets: Retail Price of Subsidiary Food Crops (Rs/kg),Stable
weekly_15_16_2025_Eng.txt,onion,Unknown,Dried Chillies Red Onion Big Onion Potato Pulses,Stable
weekly_15_16_2025_Eng.txt,dhal,Unknown,Green Gram Cowpea Red Dhal,Stable
weekly_15_16_2025_Eng.txt,rice,Unknown,Table 06: Selected Markets: Wholesale Price of Vegetables(Rs/kg),Stable
weekly_15_16_2025_Eng.txt,rice,Unknown,"Colombo, Meegoda, Norochchole, Jaffna,Dambulla and Kandy - Gotukola Price Rs/Kg",Stable
weekly_15_16_2025_Eng.txt,vegetable,Unknown,Leafy Vegetables (Rs/bundle),Stable
weekly_15_16_2025_Eng.txt,coconut,Unknown,Coconut (Rs/nut),Stable
weekly_15_16_2025_Eng.txt,potato,Unknown,ManiocLong Beans Ash Plantain Green Chillies Lime Sweet Potatoe,Stable
weekly_15_16_2025_Eng.txt,rice,Unknown,Table 07: Selected Markets: Retail Price of Vegetables (Rs/kg),Stable
weekly_15_16_2025_Eng.txt,potato,Unknown,Ash Plantain Green Chillies Lime Sweet Potato Large Small,Stable
weekly_15_16_2025_Eng.txt,vegetable,Unknown,Low Country Varieties Leafy Vegetable Coconut (Rs/nut),Stable
weekly_15_16_2025_Eng.txt,rice,Unknown,Table 08: Selected Markets: Retail Price of Fruits (Rs/each & Rs/kg),Stable
weekly_15_16_2025_Eng.txt,fruit,Unknown,Mango Other Fruits,Stable
weekly_15_16_2025_Eng.txt,coconut,Unknown,Passion Avocado Slime Apple Grapes (Rs/kg) King CoconutWood Apple Orange,Stable
weekly_15_16_2025_Eng.txt,fish,Unknown,Sea Fish Eggs,Stable
weekly_15_16_2025_Eng.txt,rice,Unknown,Table 09: Selected Markets: Wholesale Price of Fresh Fish & Eggs (Rs/kg & Rs/egg),Stable
weekly_15_16_2025_Eng.txt,fish,Unknown,Sea Fish,Stable
weekly_15_16_2025_Eng.txt,rice,Unknown,Table 10: Selected Markets: Wholesale Price of Dried Fish (Rs/50kg),Stable
weekly_15_16_2025_Eng.txt,fish,Unknown,Local Dried Fish,Stable
weekly_15_16_2025_Eng.txt,fish,Unknown,Local Dried Fish Imported Dried Fish,Stable
weekly_15_16_2025_Eng.txt,fish,Unknown,Imported Dried Fish,Stable
weekly_15_16_2025_Eng.txt,rice,Unknown,Table 11: Selected Markets: Retail Price of Fresh Fish & Eggs (Rs/kg & Rs/eggs),Stable
weekly_15_16_2025_Eng.txt,fish,Unknown,Sea Fish Eggs,Stable
weekly_15_16_2025_Eng.txt,rice,Unknown,Table 12: Selected Markets: Retail Price of Dried Fish (Rs/kg),Stable
weekly_15_16_2025_Eng.txt,fish,Unknown,Dried FishLOCATIONS Sprats-Imported Kattawa Thora Mora Balaya,Stable
weekly_15_16_2025_Eng.txt,rice,Unknown,Table 13: Selected Markets: Retail Price of Meat (Rs/kg),Stable
weekly_15_16_2025_Eng.txt,chicken,Unknown,Meat Meat (Chicken) Meat,Stable
weekly_15_16_2025_Eng.txt,rice,Unknown,Rice Coconut,Stable
weekly_15_16_2025_Eng.txt,fruit,Unknown,Keeri Samba 260.00 − 300.00 280.00 280.00 317.50 0.00 -11.81 Fruits (Rs/fruit),Stable
weekly_15_16_2025_Eng.txt,fruit,Unknown,Raw (Red) − Passion Fruit 55.00 − 150.00 92.86 55.00 77.27 68.83 20.17,Stable
weekly_15_16_2025_Eng.txt,onion,Unknown,Onion Mango,Stable
weekly_15_16_2025_Eng.txt,onion,Unknown,Big Onion Kohu −,Stable
weekly_15_16_2025_Eng.txt,potato,Unknown,Potato Orange 40.00 − 50.00 44.29 46.88 41.30 -5.52 7.23,Stable
weekly_15_16_2025_Eng.txt,coconut,Unknown,Pulses King Coconut 180.00 − 220.00 193.33 170.00 182.50 13.73 5.94,Stable
weekly_15_16_2025_Eng.txt,fish,Unknown,Cowpea (White) 650.00 − 750.00 700.00 666.67 700.00 5.00 0.00 Sea Fish,Stable
weekly_15_16_2025_Eng.txt,dhal,Unknown,Red Dhal 255.00 − 260.00 256.67 255.83 281.67 0.33 -8.88 Hurulla 1000.00 − 1100.00 1041.67 920.83 596.67 13.12 74.58,Stable
weekly_15_16_2025_Eng.txt,vegetable,Unknown,Vegetable Balaya 1200.00 − 1300.00 1221.43 904.55 618.33 35.03 97.54,Stable
weekly_15_16_2025_Eng.txt,egg,Unknown,Raddish 100.00 − 150.00 131.00 118.00 43.00 11.02 204.65 Eggs,Stable
weekly_15_16_2025_Eng.txt,fish,Unknown,Ladies Fingers 250.00 − 350.00 296.00 259.00 49.00 14.29 504.08 Dried Fish,Stable
weekly_15_16_2025_Eng.txt,potato,Unknown,Sweet Potato 160.00 − 200.00 184.44 174.00 212.00 6.00 -13.00 Maduwa (Imported) −,Stable
weekly_15_16_2025_Eng.txt,vegetable,Unknown,Leafy Vegetable Koduwa (Imported) −,Stable
weekly_15_16_2025_Eng.txt,rice,Unknown,Table 14: Colombo: Wholesale Prices (Rs/kg or Rs/piece),Stable
weekly_15_16_2025_Eng.txt,rice,Unknown,Average Price Change Compared to,Stable
weekly_15_16_2025_Eng.txt,rice,Unknown,Average Price,Stable
weekly_15_16_2025_Eng.txt,rice,Unknown,Rice Coconut,Stable
weekly_15_16_2025_Eng.txt,fruit,Unknown,Keeri Samba 260.00 − 320.00 290.00 303.67 370.38 -13.67 -21.70 Fruits (Rs/fruit),Stable
weekly_15_16_2025_Eng.txt,fruit,Unknown,Raw (Red) − Passion Fruit 60.00 − 150.00 92.86 86.00 125.00 6.86 -25.71,Stable
weekly_15_16_2025_Eng.txt,onion,Unknown,Onion Mango,Stable
weekly_15_16_2025_Eng.txt,onion,Unknown,Big Onion Kohu −,Stable
weekly_15_16_2025_Eng.txt,potato,Unknown,Potato Orange 50.00 − 120.00 74.44 81.11 84.40 -6.67 -11.80,Stable
weekly_15_16_2025_Eng.txt,coconut,Unknown,Pulses King Coconut 200.00 − 250.00 224.44 214.50 221.18 9.94 1.48,Stable
weekly_15_16_2025_Eng.txt,fish,Unknown,Cowpea (White) 750.00 − 950.00 862.50 852.00 1100.00 10.50 -21.59 Sea Fish,Stable
weekly_15_16_2025_Eng.txt,dhal,Unknown,Red Dhal 280.00 − 320.00 297.73 296.97 331.11 0.76 -10.08 Hurulla 1100.00 − 1350.00 1237.50 1140.91 837.14 96.59 47.82,Stable
weekly_15_16_2025_Eng.txt,vegetable,Unknown,Vegetable Balaya 1300.00 − 1600.00 1468.75 1204.17 816.67 264.58 79.85,Stable
weekly_15_16_2025_Eng.txt,egg,Unknown,Raddish 160.00 − 320.00 246.25 266.00 178.06 -19.75 38.29 Eggs,Stable
weekly_15_16_2025_Eng.txt,fish,Unknown,Ladies Fingers 320.00 − 500.00 413.57 394.64 202.26 18.93 104.48 Dried Fish,Stable
weekly_15_16_2025_Eng.txt,chicken,Unknown,Root Crops Chicken (Broiler) 1120.00 − 1290.00 1242.00 1227.78 1290.00 14.22 -3.72,Stable
weekly_15_16_2025_Eng.txt,potato,Unknown,Sweet Potato 220.00 − 320.00 268.33 311.54 313.23 -43.21 -14.33 Chicken (Curry) 1000.00 − 1280.00 1161.11 1111.11 1216.36 50.00 -4.54,Stable
weekly_15_16_2025_Eng.txt,vegetable,Unknown,Leafy Vegetable Pork 1500.00 − 1500.00 1500.00 1525.00 1300.00 -25.00 15.38,Stable
weekly_15_16_2025_Eng.txt,rice,Unknown,Table 15: Colombo &Suburbs: Retail Prices (Rs/kg or Rs/piece),Stable
weekly_15_16_2025_Eng.txt,rice,Unknown,Average Price Change Compared to,Stable
weekly_15_16_2025_Eng.txt,rice,Unknown,Average Price Change Compared to,Stable
weekly_15_16_2025_Eng.txt,vegetable,Unknown,Paddy Vegetable (Up Country) Snake Gourd,Increase
weekly_15_16_2025_Eng.txt,onion,Unknown,Red Onion Badulla 180.00 − 210.00 196.67 Long Beans,Stable
weekly_15_16_2025_Eng.txt,onion,Unknown,Big Onion Welimada 210.00 − 225.00 218.75 Embilipitiya 250.00 − 260.00 255.00,Stable
weekly_15_16_2025_Eng.txt,potato,Unknown,Potato Hambantota −,Stable
weekly_15_16_2025_Eng.txt,vegetable,Unknown,N'Eliya 230.00 − 250.00 242.00 Vegetable (Low Country) Embilipitiya 90.00 − 100.00 95.00,Stable
weekly_15_16_2025_Eng.txt,fruit,Unknown,Moneragala − Brinjal Fruits (Rs/kg),Stable
weekly_15_16_2025_Eng.txt,rice,Unknown,Table 16: Farmgate/Producer Prices of Food Commodities in Selected Producing Areas (Rs/kg),Stable
weekly_15_16_2025_Eng.txt,rice,Unknown,PriceCOMMODITY Range Average,Stable
weekly_15_16_2025_Eng.txt,rice,Unknown,Price COMMODITY Range Average,Stable
weekly_15_16_2025_Eng.txt,rice,Unknown,Price COMMODITY,Stable
weekly_15_16_2025_Eng.txt,rice,Unknown,Rice,Stable
weekly_15_16_2025_Eng.txt,onion,Unknown,Red Onion,Stable
weekly_15_16_2025_Eng.txt,onion,Unknown,Big Onion,Stable
weekly_15_16_2025_Eng.txt,potato,Unknown,Potato,Stable
weekly_15_16_2025_Eng.txt,dhal,Unknown,Red Dhal 280.00 − 300.00 − 280.00 − 320.00 280.00 − 300.00 280.00 − 280.00 290.00 − 290.00 280.00 − 300.00 280.00 − 320.00 290.00 − 320.00,Stable
weekly_15_16_2025_Eng.txt,rice,Unknown,Annex 01 - Colombo Markets: Retail Prices of Rice and Subsidiary Food Crops (Rs/kg) Week 15: 11 - 17 Apr 2025,Stable
weekly_15_16_2025_Eng.txt,vegetable,Unknown,Vegetable,Stable
weekly_15_16_2025_Eng.txt,potato,Unknown,Sweet Potato − − 320.00 − 320.00 320.00 − 320.00 320.00 − 320.00 − 220.00 − 240.00 240.00 − 320.00 230.00 − 240.00,Stable
weekly_15_16_2025_Eng.txt,vegetable,Unknown,Leafy Vegetable,Stable
weekly_15_16_2025_Eng.txt,coconut,Unknown,Coconut,Stable
weekly_15_16_2025_Eng.txt,rice,Unknown,Annex 02 - Colombo Markets: Retail Prices of Vegetables (Rs/kg) and Coconut (Rs/nut),Stable
weekly_15_16_2025_Eng.txt,fruit,Unknown,Other Fruits,Stable
weekly_15_16_2025_Eng.txt,coconut,Unknown,King Coconut 200.00 − 220.00 − 250.00 − 250.00 − − 240.00 − 240.00 200.00 − 200.00 200.00 − 200.00 220.00 − 220.00,Stable
weekly_15_16_2025_Eng.txt,rice,Unknown,Annex 03 - Colombo Markets: Retail Prices of Fruits (Rs/fruit),Stable
weekly_15_16_2025_Eng.txt,fish,Unknown,Sea Fish,Stable
weekly_15_16_2025_Eng.txt,egg,Unknown,30 Eggs (Rs/egg),Stable
weekly_15_16_2025_Eng.txt,fish,Unknown,Dried Fish,Stable
weekly_15_16_2025_Eng.txt,chicken,Unknown,Chicken (Broiler) − 1260.00 − 1260.00 1280.00 − 1280.00 1280.00 − 1290.00 1120.00 − 1120.00 1150.00 − 1150.00 1250.00 − 1250.00 1250.00 − 1250.00 1260.00 − 1260.00,Stable
weekly_15_16_2025_Eng.txt,chicken,Unknown,Chicken (Curry) − 1260.00 − 1260.00 1280.00 − 1280.00 1280.00 − 1280.00 1000.00 − 1000.00 1000.00 − 1000.00 1050.00 − 1050.00 1200.00 − 1200.00 1100.00 − 1100.00,Stable
weekly_15_16_2025_Eng.txt,rice,Unknown,Annex 04 - Colombo Markets: Retail Prices of Sea Fish and Dried Fish (Rs/kg),Stable
weekly_10_2025_Eng.txt,vegetable,Unknown,Vegetables,Stable
weekly_10_2025_Eng.txt,coconut,Unknown,Coconut,Stable
weekly_10_2025_Eng.txt,rice,Unknown,Rice,Stable
weekly_10_2025_Eng.txt,rice,Unknown,The retail prices of both large and small coconuts have,Stable
weekly_10_2025_Eng.txt,rice,Unknown,Price ranged Rs.200.00 -230.00 for a large nut and,Stable
weekly_10_2025_Eng.txt,rice,Increase,Retail prices of imported red onion has increased by,Increase
weekly_10_2025_Eng.txt,rice,Decrease,Rs.7.00/kg while price of imported big onion has decreased by,Decrease
weekly_10_2025_Eng.txt,rice,Decrease,Rs.9.00/kg. Retail prices of Nuwara Eliya potato has decreased,Decrease
weekly_10_2025_Eng.txt,rice,Increase,by Rs.7.00/kg while price of imported potato has increased by,Increase
weekly_10_2025_Eng.txt,rice,Unknown,Rs.2.00/kg. Retail prices of green gram and cowpea have,Stable
weekly_10_2025_Eng.txt,rice,Increase,increased while the price of red dhal has decreased by,Increase
weekly_10_2025_Eng.txt,rice,Unknown,Retail prices of most of the up country and low country,Increase
weekly_10_2025_Eng.txt,vegetable,Increase,vegetable have increased during this week. Among up country,Increase
weekly_10_2025_Eng.txt,rice,Increase,"varieties, the highest price increase was observed for beans of",Increase
weekly_10_2025_Eng.txt,rice,Increase,Retail prices of all the domestic rice varieties have increased,Increase
weekly_10_2025_Eng.txt,rice,Increase,with the highest price increase observed for raw red by,Increase
weekly_10_2025_Eng.txt,rice,Unknown,Rs.17.00/kg. As well retail prices of imported rice varieties,Stable
weekly_10_2025_Eng.txt,rice,Unknown,The average farm gate prices of all the paddy varieties in most,Stable
weekly_10_2025_Eng.txt,rice,Increase,harvesting of 24/25 Maha season. The highest price increase,Increase
weekly_10_2025_Eng.txt,rice,Unknown,Rice,Stable
weekly_10_2025_Eng.txt,rice,Unknown,Prices of all rice verities have not changed,Stable
weekly_10_2025_Eng.txt,rice,Unknown,significantly and prices ranged Rs.260.00-,Stable
weekly_10_2025_Eng.txt,rice,Unknown,Imported rice varieties were also available,Stable
weekly_10_2025_Eng.txt,rice,Unknown,prices,Stable
weekly_10_2025_Eng.txt,rice,Unknown,prices of most of the rice varieties have,Stable
weekly_10_2025_Eng.txt,rice,Increase,increased with the highest price of 26% for,Increase
weekly_10_2025_Eng.txt,rice,Increase,Prices of all rice varieties have  increased. The,Increase
weekly_10_2025_Eng.txt,rice,Increase,highest price increase of Rs .17.00/kg was,Increase
weekly_10_2025_Eng.txt,rice,Unknown,samba (Rs.13.00/kg). Prices ranged Rs.240.00 -,Stable
weekly_10_2025_Eng.txt,rice,Unknown,for keeri samba. Average price of Rs.242.50/kg,Stable
weekly_10_2025_Eng.txt,rice,Decrease,highest price decreased of 21% was recorded for,Decrease
weekly_10_2025_Eng.txt,rice,Increase,keeri samba and the highest price increase of,Increase
weekly_10_2025_Eng.txt,rice,Unknown,prices of all the paddy varieties  in most of,Stable
weekly_10_2025_Eng.txt,rice,Increase,highest price increase  was reported for,Increase
weekly_10_2025_Eng.txt,rice,Unknown,average paddy price of keeri samba has,Stable
weekly_10_2025_Eng.txt,rice,Unknown,Kalawewa areas while prices have,Stable
weekly_10_2025_Eng.txt,rice,Unknown,average price of long grain white paddy,Stable
weekly_10_2025_Eng.txt,rice,Unknown,major producing areas and price ranged,Stable
weekly_10_2025_Eng.txt,rice,Unknown,"Rs.117.00-130.00/kg. Further, price of",Stable
weekly_10_2025_Eng.txt,rice,Unknown,Southern province and prices ranged,Stable
weekly_10_2025_Eng.txt,rice,Unknown,the average farm  gate prices of all paddy,Stable
weekly_10_2025_Eng.txt,rice,Increase,increased with the highest price increased,Increase
weekly_10_2025_Eng.txt,rice,Unknown,The price of imported dried chil ies has,Stable
weekly_10_2025_Eng.txt,rice,Unknown,quality stocks and price ranged Rs.580.00-,Stable
weekly_10_2025_Eng.txt,rice,Unknown,current whole sale price of imported dried,Stable
weekly_10_2025_Eng.txt,rice,Increase,"In line with increased wholesale price, the retail",Increase
weekly_10_2025_Eng.txt,rice,Increase,price of imported dried chilli has increased by,Increase
weekly_10_2025_Eng.txt,rice,Unknown,current retail price of imported dried chilies has,Stable
weekly_10_2025_Eng.txt,onion,Unknown,Onion,Stable
weekly_10_2025_Eng.txt,rice,Unknown,Prices of sin nan and i mported red onion,Stable
weekly_10_2025_Eng.txt,onion,Unknown,of vedalan onion was also available at the,Stable
weekly_10_2025_Eng.txt,rice,Unknown,market with the price ranged of Rs.280.00-,Stable
weekly_10_2025_Eng.txt,rice,Unknown,290.00/kg. Price of imported big onion has,Stable
weekly_10_2025_Eng.txt,rice,Unknown,sufficient stocks and price ranged,Stable
weekly_10_2025_Eng.txt,rice,Unknown,current whole sale price of vedalan and,Stable
weekly_10_2025_Eng.txt,onion,Increase,imported red onion have increased by 27%,Increase
weekly_10_2025_Eng.txt,rice,Unknown,and 32% while price of imported big onion,Stable
weekly_10_2025_Eng.txt,onion,Unknown,Local red onion stocks were not available in,Stable
weekly_10_2025_Eng.txt,rice,Unknown,most of the retail markets. Price of imported red,Stable
weekly_10_2025_Eng.txt,rice,Increase,onion has increased by Rs.7.00/kg and price,Increase
weekly_10_2025_Eng.txt,rice,Unknown,ranged Rs.350.00-600.00/kg. Price of imported,Stable
weekly_10_2025_Eng.txt,rice,Decrease,big onion has decreased by Rs.9.00/kg and price,Decrease
weekly_10_2025_Eng.txt,rice,Unknown,current retail price  of imported red  onion has,Stable
weekly_10_2025_Eng.txt,rice,Increase,increased by 26% while price of imported big,Increase
weekly_10_2025_Eng.txt,onion,Decrease,onion has decreased by 58%.,Decrease
weekly_10_2025_Eng.txt,potato,Unknown,Potato,Stable
weekly_10_2025_Eng.txt,rice,Decrease,Price of Nuwara Eliya potato has decreased by,Decrease
weekly_10_2025_Eng.txt,rice,Unknown,and price  ranged Rs.280.00 -300.00/kg.,Stable
weekly_10_2025_Eng.txt,rice,Unknown,"While, price of imported potato has",Stable
weekly_10_2025_Eng.txt,rice,Increase,increased by 8% and price ranged,Increase
weekly_10_2025_Eng.txt,potato,Unknown,Rs.150.00-210.00/kg. Welimada potato,Stable
weekly_10_2025_Eng.txt,rice,Unknown,price ranged Rs.250.00-330.00/kg.,Stable
weekly_10_2025_Eng.txt,rice,Unknown,current whole sale price of Nuwara Eliya,Stable
weekly_10_2025_Eng.txt,rice,Decrease,potato has decreased by 10% and price of,Decrease
weekly_10_2025_Eng.txt,potato,Increase,imported potato has increased by 9%,Increase
weekly_10_2025_Eng.txt,rice,Decrease,Price of Nuwara Eliya potato has decreased by,Decrease
weekly_10_2025_Eng.txt,rice,Unknown,Rs.7.00/kg and the price of imported potato has,Stable
weekly_10_2025_Eng.txt,rice,Unknown,current retail prices of both local and imported,Stable
weekly_10_2025_Eng.txt,potato,Increase,potatoes have increased by 7% and 14%,Increase
weekly_10_2025_Eng.txt,rice,Increase,Price of Green gram has increased by 9%,Increase
weekly_10_2025_Eng.txt,rice,Unknown,from Australia and price ranged,Stable
weekly_10_2025_Eng.txt,rice,Unknown,Rs.600.00-720.00/kg. price of white,Stable
weekly_10_2025_Eng.txt,rice,Increase,cowpea has increased by 2% and price,Increase
weekly_10_2025_Eng.txt,rice,Unknown,ranged Rs.650.00 -700.00/kg. Price of red,Stable
weekly_10_2025_Eng.txt,rice,Unknown,"availability of low-quality stocks, and price",Stable
weekly_10_2025_Eng.txt,rice,Unknown,ranged Rs.420.00 -600.00/kg. Price of r ed,Stable
weekly_10_2025_Eng.txt,dhal,Unknown,dhal has not changed significantly and,Stable
weekly_10_2025_Eng.txt,rice,Unknown,average price was Rs.260.00/kg.,Stable
weekly_10_2025_Eng.txt,rice,Unknown,current wholesale prices of all pulses,Stable
weekly_10_2025_Eng.txt,rice,Decrease,price decreased of 41% recorded for green,Decrease
weekly_10_2025_Eng.txt,rice,Unknown,Prices of all types of pulses except for red dhal,Stable
weekly_10_2025_Eng.txt,rice,Increase,"have increased. Among those, the highest price",Increase
weekly_10_2025_Eng.txt,rice,Unknown,cowpea. The retail price of red dhal has,Stable
weekly_10_2025_Eng.txt,rice,Unknown,current retail prices of all types of pulses have,Stable
weekly_10_2025_Eng.txt,vegetable,Unknown,Vegetable,Stable
weekly_10_2025_Eng.txt,rice,Unknown,Prices of most of the vegetables have,Stable
weekly_10_2025_Eng.txt,rice,Unknown,Prices of m ost of the upcountry vegetable,Increase
weekly_10_2025_Eng.txt,rice,Increase,have increased. The highest price in crease,Increase
weekly_10_2025_Eng.txt,rice,Unknown,tail end of the harvesting season . Prices of,Stable
weekly_10_2025_Eng.txt,rice,Unknown,"and 27% respectively. However, price of",Stable
weekly_10_2025_Eng.txt,rice,Unknown,"and 1 6% respectively. Further, price of",Stable
weekly_10_2025_Eng.txt,rice,Increase,tomato has increased by 8% and  price of,Increase
weekly_10_2025_Eng.txt,vegetable,Unknown,"Considering low-country vegetables, most",Stable
weekly_10_2025_Eng.txt,rice,Unknown,of the vegetable varieties experienced price,Stable
weekly_10_2025_Eng.txt,rice,Increase,"increase. Particularly, price of long beans",Increase
weekly_10_2025_Eng.txt,rice,Increase,has increased by 91% . P rices of snake,Increase
weekly_10_2025_Eng.txt,rice,Decrease,"with decreased supply. However, prices of",Increase
weekly_10_2025_Eng.txt,rice,Decrease,price of green chilies has decreased by 37%,Decrease
weekly_10_2025_Eng.txt,rice,Increase,while price of lime has increased 15%.,Increase
weekly_10_2025_Eng.txt,rice,Increase,"vegetable prices have increased, with",Increase
weekly_10_2025_Eng.txt,rice,Unknown,Retail prices of most of the vegetable,Stable
weekly_10_2025_Eng.txt,rice,Unknown,upward wholesale price trend. In u p-,Increase
weekly_10_2025_Eng.txt,rice,Unknown,"country vegetables, the highest price",Stable
weekly_10_2025_Eng.txt,rice,Unknown,"Rs.12.00/kg. However, the beetroot price",Stable
weekly_10_2025_Eng.txt,rice,Increase,Price of tomato has increased by,Increase
weekly_10_2025_Eng.txt,rice,Unknown,"vegetable varieties,  the highest price",Stable
weekly_10_2025_Eng.txt,rice,Unknown,Rs.28.00/kg.  Price of c apsicum has,Stable
weekly_10_2025_Eng.txt,rice,Unknown,"Further, price of green chilies has",Stable
weekly_10_2025_Eng.txt,rice,Unknown,prices of most of the varieties have,Stable
weekly_10_2025_Eng.txt,rice,Decrease,decreased with a highest price drop was,Decrease
weekly_10_2025_Eng.txt,coconut,Unknown,Coconut,Stable
weekly_10_2025_Eng.txt,rice,Unknown,Prices of both large and small nuts have,Stable
weekly_10_2025_Eng.txt,rice,Unknown,respectively. Prices ranged R s.190.00-,Stable
weekly_10_2025_Eng.txt,rice,Unknown,the current wholesale prices of large and,Stable
weekly_10_2025_Eng.txt,rice,Unknown,Prices of both large and small nuts showed,Stable
weekly_10_2025_Eng.txt,rice,Unknown,a price drop of Rs.11.00/nut and,Stable
weekly_10_2025_Eng.txt,rice,Unknown,"Rs.10.00/nut, respectively. Price range d",Stable
weekly_10_2025_Eng.txt,rice,Unknown,prices of large nuts (86%) and small nuts,Stable
weekly_10_2025_Eng.txt,fruit,Unknown,Fruits,Stable
weekly_10_2025_Eng.txt,rice,Unknown,Price of most of the fruit varieties have,Stable
weekly_10_2025_Eng.txt,rice,Unknown,Prices of villad and k arthakolomban have,Stable
weekly_10_2025_Eng.txt,rice,Decrease,due to its low quality. A price decrease of,Decrease
weekly_10_2025_Eng.txt,fruit,Unknown,18% was reported for passion fruit and,Stable
weekly_10_2025_Eng.txt,rice,Unknown,15% for avocado.  Banana prices also,Stable
weekly_10_2025_Eng.txt,rice,Unknown,prices of most of the fruit varieties have,Stable
weekly_10_2025_Eng.txt,rice,Decrease,decreased with the highest price d ecrease,Decrease
weekly_10_2025_Eng.txt,rice,Decrease,"In line with the decreased wholesale prices,",Decrease
weekly_10_2025_Eng.txt,rice,Unknown,retail prices of most of the fruit varieties,Stable
weekly_10_2025_Eng.txt,rice,Decrease,have decreased. The highest price,Decrease
weekly_10_2025_Eng.txt,rice,Unknown,imported grapes. Prices of all sizes of,Stable
weekly_10_2025_Eng.txt,rice,Unknown,Rs.22.00-Rs. 34.00/kg. Price  of banana,Stable
weekly_10_2025_Eng.txt,rice,Unknown,"25.00/kg. F urther, price of passion fruit,",Stable
weekly_10_2025_Eng.txt,fruit,Unknown,by Rs.30.00/fruit Rs.19.00/fruit and,Stable
weekly_10_2025_Eng.txt,rice,Unknown,"However, prices of karthakolomban mango",Stable
weekly_10_2025_Eng.txt,fruit,Unknown,Rs.6.00/fruit and Rs.19.00/fruit,Stable
weekly_10_2025_Eng.txt,rice,Unknown,current prices of most of the fruits have,Stable
weekly_10_2025_Eng.txt,rice,Decrease,decreased and the highest price decrease of,Decrease
weekly_10_2025_Eng.txt,fish,Unknown,Fresh Fish,Stable
weekly_10_2025_Eng.txt,rice,Unknown,Prices of most of the fresh fish types have,Stable
weekly_10_2025_Eng.txt,rice,Decrease,highest price decrease of 11% was noted,Decrease
weekly_10_2025_Eng.txt,rice,Decrease,Northern areas. A price decrease of 8%,Stable
weekly_10_2025_Eng.txt,rice,Increase,"However, a price increase of 18% was",Increase
weekly_10_2025_Eng.txt,rice,Unknown,"Galle, Mirissa and Beruwala area s. Prices",Stable
weekly_10_2025_Eng.txt,fish,Unknown,of other fresh fish verities have not,Stable
weekly_10_2025_Eng.txt,rice,Unknown,the current wholesale prices of most of the,Stable
weekly_10_2025_Eng.txt,fish,Increase,fresh fish types have increased with the,Increase
weekly_10_2025_Eng.txt,rice,Increase,highest price increase of 40% was noted for,Increase
weekly_10_2025_Eng.txt,rice,Unknown,Prices of most of the fish varieties have,Stable
weekly_10_2025_Eng.txt,rice,Decrease,decreased and the highest price decrease,Decrease
weekly_10_2025_Eng.txt,rice,Decrease,The second highest p rice decrease was,Decrease
weekly_10_2025_Eng.txt,rice,Increase,"Meanwhile, the highest price increase was",Increase
weekly_10_2025_Eng.txt,rice,Increase,Price increase of balaya and thalapath have,Increase
weekly_10_2025_Eng.txt,rice,Decrease,the highest price decrease was recorded for,Decrease
weekly_10_2025_Eng.txt,rice,Increase,balaya by 22%. The highest price increase,Increase
weekly_10_2025_Eng.txt,fish,Unknown,Dried Fish,Stable
weekly_10_2025_Eng.txt,rice,Unknown,Prices of most of the dried fish types have,Stable
weekly_10_2025_Eng.txt,fish,Increase,increased due to decrease of local dried fish,Increase
weekly_10_2025_Eng.txt,rice,Increase,supply. The highest price increase of 10%,Increase
weekly_10_2025_Eng.txt,rice,Increase,A price increase of 9% was noted for,Increase
weekly_10_2025_Eng.txt,rice,Unknown,"Oman and Indonesia. However, a price",Stable
weekly_10_2025_Eng.txt,rice,Unknown,and Putta lam areas. Prices o f other dried,Stable
weekly_10_2025_Eng.txt,fish,Unknown,fish verities have not changed,Stable
weekly_10_2025_Eng.txt,rice,Unknown,current wholesale prices of most of the,Stable
weekly_10_2025_Eng.txt,fish,Decrease,dried fish types have decreased and the,Decrease
weekly_10_2025_Eng.txt,rice,Decrease,highest price decrease of 32% was noted,Decrease
weekly_10_2025_Eng.txt,rice,Unknown,Prices of most of the dry fish varieties have,Stable
weekly_10_2025_Eng.txt,rice,Increase,increased and the highest price increase,Increase
weekly_10_2025_Eng.txt,rice,Increase,The second highest price increase was,Increase
weekly_10_2025_Eng.txt,rice,Decrease,"Meanwhile, prices of Price decrease of",Decrease
weekly_10_2025_Eng.txt,rice,Decrease,the highest price decrease was recorded for,Decrease
weekly_10_2025_Eng.txt,rice,Unknown,local sprats by 27% while the highest price,Stable
weekly_10_2025_Eng.txt,egg,Unknown,Eggs,Stable
weekly_10_2025_Eng.txt,rice,Unknown,Prices of both brown and white eggs have,Stable
weekly_10_2025_Eng.txt,rice,Unknown,Prices ranged Rs. 30.00 -34.00/egg for,Stable
weekly_10_2025_Eng.txt,egg,Unknown,brown egg and Rs.28.00 -31.00/egg for,Stable
weekly_10_2025_Eng.txt,egg,Unknown,white egg.,Stable
weekly_10_2025_Eng.txt,rice,Unknown,prices of both brown and white eggs have,Stable
weekly_10_2025_Eng.txt,rice,Unknown,Prices of both brown and w hite eggs have,Stable
weekly_10_2025_Eng.txt,rice,Increase,increased by Rs.1.00/egg  and t he price,Increase
weekly_10_2025_Eng.txt,egg,Unknown,ranged Rs.29.00-Rs.34.00 for white egg,Stable
weekly_10_2025_Eng.txt,egg,Unknown,and Rs.31.00-Rs.35.00 for brown egg. The,Stable
weekly_10_2025_Eng.txt,rice,Unknown,average price of the white and brown egg,Stable
weekly_10_2025_Eng.txt,rice,Decrease,prices of both egg varieties have decreased,Decrease
weekly_10_2025_Eng.txt,rice,Unknown,Prices of all the meat  varieties except,Stable
weekly_10_2025_Eng.txt,rice,Unknown,price in crease w as recorded for Pork by,Stable
weekly_10_2025_Eng.txt,rice,Unknown,Rs.67.00/kg. Price in crease of beef and,Stable
weekly_10_2025_Eng.txt,rice,Decrease,Price of m utton has decreased by,Decrease
weekly_10_2025_Eng.txt,rice,Increase,the highest price increase was recorded for,Increase
weekly_10_2025_Eng.txt,rice,Unknown,beef by 15%  while t he highest p rice,Stable
weekly_10_2025_Eng.txt,chicken,Decrease,decrease was recorded for curry chicken by,Decrease
weekly_10_2025_Eng.txt,rice,Unknown,to wholesale and retail prices of selected,Stable
weekly_10_2025_Eng.txt,rice,Unknown,"as prevailing prices, price ranges, averages,",Stable
weekly_10_2025_Eng.txt,rice,Unknown,and a comparison of weekly prices. The,Stable
weekly_10_2025_Eng.txt,rice,Unknown,changes in prices reported are always with,Stable
weekly_10_2025_Eng.txt,rice,Unknown,price prevailed during the previous week,Stable
weekly_10_2025_Eng.txt,rice,Unknown,"price in formation is twice a week ( i.e.,",Stable
weekly_10_2025_Eng.txt,rice,Unknown,"prices, it is thrice a week ( i.e., Friday,",Stable
weekly_10_2025_Eng.txt,rice,Unknown,Rice VarietiesLOCATIONS,Stable
weekly_10_2025_Eng.txt,rice,Unknown,Table 01: Selected Markets:Wholesale Price of Rice (Rs/50kg bag),Stable
weekly_10_2025_Eng.txt,rice,Unknown,Table 02: Selected Markets: Retail Price of Rice (Rs/kg),Stable
weekly_10_2025_Eng.txt,rice,Unknown,LOCATIONS Rice Varieties,Stable
weekly_10_2025_Eng.txt,dhal,Unknown,Cowpea Red Dhal,Stable
weekly_10_2025_Eng.txt,rice,Unknown,Table 04: Selected Markets:Wholesale Price of Subsidiary Food (Rs/50kg),Stable
weekly_10_2025_Eng.txt,onion,Unknown,Dried Chillies Red Onion Big Onion PotatoLOCATION Imported Imported Local Imported Welimada,Stable
weekly_10_2025_Eng.txt,rice,Unknown,Table 05: Selected Markets: Retail Price of Subsidiary Food Crops (Rs/kg),Stable
weekly_10_2025_Eng.txt,onion,Unknown,Dried Chillies Red Onion Big Onion Potato Pulses,Stable
weekly_10_2025_Eng.txt,dhal,Unknown,Green Gram Cowpea Red Dhal,Stable
weekly_10_2025_Eng.txt,rice,Unknown,Table 06: Selected Markets: Wholesale Price of Vegetables(Rs/kg),Stable
weekly_10_2025_Eng.txt,potato,Unknown,ManiocLong Beans Ash Plantain Green Chillies Lime Sweet Potatoe,Stable
weekly_10_2025_Eng.txt,rice,Unknown,"Colombo, Meegoda, Norochchole, Jaffna,Dambulla and Kandy - Gotukola Price Rs/Kg",Stable
weekly_10_2025_Eng.txt,vegetable,Unknown,Leafy Vegetables (Rs/bundle),Stable
weekly_10_2025_Eng.txt,coconut,Unknown,Coconut (Rs/nut),Stable
weekly_10_2025_Eng.txt,rice,Unknown,Table 07: Selected Markets: Retail Price of Vegetables (Rs/kg),Stable
weekly_10_2025_Eng.txt,potato,Unknown,Sweet Potato Large Small,Stable
weekly_10_2025_Eng.txt,vegetable,Unknown,Low Country Varieties Leafy Vegetable Coconut (Rs/nut),Stable
weekly_10_2025_Eng.txt,rice,Unknown,Table 08: Selected Markets: Retail Price of Fruits (Rs/each & Rs/kg),Stable
weekly_10_2025_Eng.txt,fruit,Unknown,Mango Other Fruits,Stable
weekly_10_2025_Eng.txt,coconut,Unknown,Passion Avocado Slime Apple Grapes (Rs/kg) King CoconutWood Apple Orange,Stable
weekly_10_2025_Eng.txt,fish,Unknown,Local Dried Fish Imported Dried Fish,Stable
weekly_10_2025_Eng.txt,fish,Unknown,Imported Dried Fish,Stable
weekly_10_2025_Eng.txt,fish,Unknown,Local Dried Fish,Stable
weekly_10_2025_Eng.txt,rice,Unknown,Table 10: Selected Markets: Wholesale Price of Dried Fish (Rs/50kg),Stable
weekly_10_2025_Eng.txt,fish,Unknown,Sea Fish Eggs,Stable
weekly_10_2025_Eng.txt,rice,Unknown,Table 09: Selected Markets: Wholesale Price of Fresh Fish & Eggs (Rs/kg & Rs/egg),Stable
weekly_10_2025_Eng.txt,fish,Unknown,Sea Fish,Stable
weekly_10_2025_Eng.txt,rice,Unknown,Table 11: Selected Markets: Retail Price of Fresh Fish & Eggs (Rs/kg & Rs/eggs),Stable
weekly_10_2025_Eng.txt,fish,Unknown,Sea Fish Eggs,Stable
weekly_10_2025_Eng.txt,rice,Unknown,Table 12: Selected Markets: Retail Price of Dried Fish (Rs/kg),Stable
weekly_10_2025_Eng.txt,fish,Unknown,Dried FishLOCATIONS Sprats-Imported Kattawa Thora Mora Balaya,Stable
weekly_10_2025_Eng.txt,rice,Unknown,Table 13: Selected Markets: Retail Price of Meat (Rs/kg),Stable
weekly_10_2025_Eng.txt,chicken,Unknown,Meat Meat (Chicken) Meat,Stable
weekly_10_2025_Eng.txt,rice,Unknown,Rice Coconut,Stable
weekly_10_2025_Eng.txt,fruit,Unknown,Keeri Samba 260.00 − 275.00 267.50 265.00 320.00 0.94 -16.41 Fruits (Rs/fruit),Stable
weekly_10_2025_Eng.txt,fruit,Unknown,Raw (Red) − Passion Fruit 60.00 − 110.00 87.78 107.50 89.50 -18.35 -1.92,Stable
weekly_10_2025_Eng.txt,onion,Unknown,Onion Mango,Stable
weekly_10_2025_Eng.txt,onion,Unknown,Big Onion Kohu −,Stable
weekly_10_2025_Eng.txt,potato,Unknown,Potato Orange 35.00 − 50.00 41.88 43.75 39.00 -4.29 7.37,Stable
weekly_10_2025_Eng.txt,coconut,Unknown,Pulses King Coconut 160.00 − 250.00 196.25 215.00 151.11 -8.72 29.87,Stable
weekly_10_2025_Eng.txt,fish,Unknown,Cowpea (White) 650.00 − 700.00 675.00 660.00 796.00 2.27 -15.20 Sea Fish,Stable
weekly_10_2025_Eng.txt,dhal,Unknown,Red Dhal 255.00 − 265.00 259.67 262.86 288.33 -1.21 -9.94 Hurulla 650.00 − 800.00 740.00 800.00 608.00 -7.50 21.71,Stable
weekly_10_2025_Eng.txt,vegetable,Unknown,Vegetable Balaya 750.00 − 850.00 798.33 675.83 581.00 18.13 37.41,Stable
weekly_10_2025_Eng.txt,egg,Unknown,Raddish 60.00 − 150.00 107.00 84.00 87.00 27.38 22.99 Eggs,Stable
weekly_10_2025_Eng.txt,fish,Unknown,Ladies Fingers 170.00 − 260.00 221.00 166.67 116.00 32.60 90.52 Dried Fish,Stable
weekly_10_2025_Eng.txt,potato,Unknown,Sweet Potato 120.00 − 170.00 143.00 134.00 133.00 6.72 7.52 Maduwa (Imported) −,Stable
weekly_10_2025_Eng.txt,vegetable,Unknown,Leafy Vegetable Koduwa (Imported) −,Stable
weekly_10_2025_Eng.txt,rice,Unknown,Table 14: Colombo: Wholesale Prices (Rs/kg or Rs/piece),Stable
weekly_10_2025_Eng.txt,rice,Unknown,Average Price Change Compared to,Stable
weekly_10_2025_Eng.txt,rice,Unknown,Average Price,Stable
weekly_10_2025_Eng.txt,rice,Unknown,Rice Coconut,Stable
weekly_10_2025_Eng.txt,fruit,Unknown,Keeri Samba 270.00 − 320.00 293.45 280.52 373.04 12.93 -21.34 Fruits (Rs/fruit),Stable
weekly_10_2025_Eng.txt,fruit,Unknown,Raw (Red) − Passion Fruit 80.00 − 150.00 121.43 151.25 128.64 -29.82 -5.60,Stable
weekly_10_2025_Eng.txt,onion,Unknown,Onion Mango,Stable
weekly_10_2025_Eng.txt,onion,Unknown,Big Onion Kohu −,Stable
weekly_10_2025_Eng.txt,potato,Unknown,Potato Orange 70.00 − 120.00 94.39 97.38 72.08 -2.99 30.94,Stable
weekly_10_2025_Eng.txt,coconut,Unknown,Pulses King Coconut 240.00 − 300.00 262.22 261.67 170.53 0.56 53.77,Stable
weekly_10_2025_Eng.txt,fish,Unknown,Cowpea (White) 750.00 − 950.00 851.90 817.60 1228.00 34.30 -30.63 Sea Fish,Stable
weekly_10_2025_Eng.txt,dhal,Unknown,Red Dhal 280.00 − 320.00 296.67 297.97 337.31 -1.31 -12.05 Hurulla 850.00 − 1300.00 1024.17 1030.00 902.86 -5.83 13.44,Stable
weekly_10_2025_Eng.txt,vegetable,Unknown,Vegetable Balaya 800.00 − 950.00 871.43 708.89 1112.73 162.54 -21.69,Stable
weekly_10_2025_Eng.txt,egg,Unknown,Raddish 150.00 − 320.00 244.00 232.59 236.07 11.41 3.36 Eggs,Stable
weekly_10_2025_Eng.txt,fish,Unknown,Ladies Fingers 220.00 − 400.00 328.00 322.41 256.43 5.59 27.91 Dried Fish,Stable
weekly_10_2025_Eng.txt,chicken,Unknown,Root Crops Chicken (Broiler) 1130.00 − 1320.00 1223.33 1174.67 1274.55 48.67 -4.02,Stable
weekly_10_2025_Eng.txt,potato,Unknown,Sweet Potato 200.00 − 320.00 266.30 265.38 277.86 0.91 -4.16 Chicken (Curry) 1100.00 − 1320.00 1186.36 1168.57 1340.00 17.79 -11.47,Stable
weekly_10_2025_Eng.txt,vegetable,Unknown,Leafy Vegetable Pork 1300.00 − 1600.00 1366.67 1300.00 1280.00 66.67 6.77,Stable
weekly_10_2025_Eng.txt,rice,Unknown,Table 15: Colombo &Suburbs: Retail Prices (Rs/kg or Rs/piece),Stable
weekly_10_2025_Eng.txt,rice,Unknown,Average Price Change Compared to,Stable
weekly_10_2025_Eng.txt,rice,Unknown,Average Price Change Compared to,Stable
weekly_10_2025_Eng.txt,vegetable,Unknown,Paddy Vegetable (Up Country) Snake Gourd,Increase
weekly_10_2025_Eng.txt,onion,Unknown,Red Onion Badulla 140.00 − 160.00 150.00 Long Beans,Stable
weekly_10_2025_Eng.txt,onion,Unknown,Big Onion Welimada 140.00 − 160.00 148.00 Embilipitiya 250.00 − 270.00 260.00,Stable
weekly_10_2025_Eng.txt,potato,Unknown,Potato Hambantota −,Stable
weekly_10_2025_Eng.txt,vegetable,Unknown,N'Eliya 265.00 − 280.00 274.00 Vegetable (Low Country) Embilipitiya 100.00 − 120.00 107.50,Stable
weekly_10_2025_Eng.txt,fruit,Unknown,Moneragala 480.00 − 520.00 496.00 Brinjal Fruits (Rs/kg),Stable
weekly_10_2025_Eng.txt,rice,Unknown,Table 16: Farmgate/Producer Prices of Food Commodities in Selected Producing Areas (Rs/kg),Stable
weekly_10_2025_Eng.txt,rice,Unknown,PriceCOMMODITY Range Average,Stable
weekly_10_2025_Eng.txt,rice,Unknown,Price COMMODITY Range Average,Stable
weekly_10_2025_Eng.txt,rice,Unknown,Price COMMODITY,Stable
weekly_10_2025_Eng.txt,rice,Unknown,Rice,Stable
weekly_10_2025_Eng.txt,onion,Unknown,Red Onion,Stable
weekly_10_2025_Eng.txt,onion,Unknown,Big Onion,Stable
weekly_10_2025_Eng.txt,potato,Unknown,Potato,Stable
weekly_10_2025_Eng.txt,dhal,Unknown,Red Dhal 280.00 − 300.00 290.00 − 320.00 290.00 − 320.00 290.00 − 320.00 300.00 − 320.00 290.00 − 300.00 280.00 − 300.00 280.00 − 320.00 290.00 − 320.00,Stable
weekly_10_2025_Eng.txt,rice,Unknown,Annex 01 - Colombo Markets: Retail Prices of Rice and Subsidiary Food Crops (Rs/kg) Week 10: 07 - 13 Mar 2025,Stable
weekly_10_2025_Eng.txt,vegetable,Unknown,Vegetable,Stable
weekly_10_2025_Eng.txt,potato,Unknown,Sweet Potato 230.00 − 240.00 320.00 − 320.00 260.00 − 300.00 320.00 − 320.00 240.00 − 280.00 250.00 − 260.00 200.00 − 220.00 230.00 − 240.00 220.00 − 240.00,Stable
weekly_10_2025_Eng.txt,vegetable,Unknown,Leafy Vegetable,Stable
weekly_10_2025_Eng.txt,coconut,Unknown,Coconut,Stable
weekly_10_2025_Eng.txt,rice,Unknown,Annex 02 - Colombo Markets: Retail Prices of Vegetables (Rs/kg) and Coconut (Rs/nut),Stable
weekly_10_2025_Eng.txt,fruit,Unknown,Other Fruits,Stable
weekly_10_2025_Eng.txt,coconut,Unknown,King Coconut 250.00 − 300.00 240.00 − 250.00 280.00 − 280.00 250.00 − 250.00 250.00 − 250.00 300.00 − 300.00 250.00 − 280.00 280.00 − 280.00 250.00 − 250.00,Stable
weekly_10_2025_Eng.txt,rice,Unknown,Annex 03 - Colombo Markets: Retail Prices of Fruits (Rs/fruit),Stable
weekly_10_2025_Eng.txt,fish,Unknown,Sea Fish,Stable
weekly_10_2025_Eng.txt,egg,Unknown,30 Eggs (Rs/egg),Stable
weekly_10_2025_Eng.txt,fish,Unknown,Dried Fish,Stable
weekly_10_2025_Eng.txt,chicken,Unknown,Chicken (Broiler) 1150.00 − 1150.00 1280.00 − 1280.00 1300.00 − 1300.00 1300.00 − 1320.00 1200.00 − 1200.00 1150.00 − 1150.00 1150.00 − 1150.00 1130.00 − 1130.00 1200.00 − 1200.00,Stable
weekly_10_2025_Eng.txt,chicken,Unknown,Chicken (Curry) 1150.00 − 1150.00 1200.00 − 1200.00 1200.00 − 1200.00 1300.00 − 1320.00 1100.00 − 1100.00 1150.00 − 1150.00 1100.00 − 1100.00 1130.00 − 1130.00 1200.00 − 1200.00,Stable
weekly_10_2025_Eng.txt,rice,Unknown,Annex 04 - Colombo Markets: Retail Prices of Sea Fish and Dried Fish (Rs/kg),Stable
weekly_10_2025_Eng.txt,rice,Unknown,Rice - (white Kekulu - normal ) 361 9.88 1.52 - 0.03 0.09 10.67 - 6.94 26.29 1.22 1.5,Stable
weekly_10_2025_Eng.txt,rice,Unknown,Rice - (white Kekulu Samba) 355 8.81 1.53 - 0.03 0.09 8.11 - 9.82 30.48 0.92 1.7,Stable
weekly_10_2025_Eng.txt,rice,Unknown,Rice - ( Red Kekulu - normal ) 366 8.64 2.12 - 0.05 0.1 8.39 - 4.73 31.7 0.88 1.84,Stable
weekly_10_2025_Eng.txt,rice,Unknown,Rice -Samba 369 6.86 2.45 - 0.05 0.13 12.79 - 8.71 37.26 1.18 1.49,Stable
weekly_10_2025_Eng.txt,rice,Unknown,Rice - Nadu White 366 7.76 1.48 - 0.03 0.12 9.35 - 4.57 20.1 0.64 1.61,Stable
weekly_10_2025_Eng.txt,onion,Unknown,Onion,Stable
weekly_10_2025_Eng.txt,onion,Unknown,Big onions 48 1.67 0.24 0.16 0.01 0.1 32.99 7.58 14.82 16.94 0.45 0.25,Stable
weekly_10_2025_Eng.txt,onion,Unknown,Red onions 55 2.13 0.15 0.18 0.02 0.13 30.15 14.26 20.37 19.32 0.31 0.28,Stable
weekly_10_2025_Eng.txt,potato,Unknown,Potatoes 71 1.67 0.25 0.01 0.09 14.31 20.5 9.83 23.84 0.46 0.29,Stable
weekly_10_2025_Eng.txt,dhal,Unknown,Red Dhal 319 23.09 0.77 1.06 1.6 0.22 55 NA 41.27 66.63 7.45 3.34,Stable
weekly_10_2025_Eng.txt,vegetable,Unknown,Vegetables,Stable
weekly_10_2025_Eng.txt,rice,Unknown,Rice,Stable
weekly_10_2025_Eng.txt,egg,Unknown,Brinjal (Chinese eggplant) 24 1.28 0.33 16.83 0.12 0.11 32.94 3.37 14.4 21.18 0.28 0.16,Stable
weekly_10_2025_Eng.txt,egg,Unknown,Thalana batu (Thai eggplant) 21 1.45 0.26 18.33 0.11 0.09 31.18 2.71 17.24 37.22 0.37 0.24,Stable
weekly_10_2025_Eng.txt,coconut,Unknown,Coconuts nuts 390 3.67 39.92 - 0.05 0.11 14.86 -,Stable
weekly_10_2025_Eng.txt,potato,Unknown,Sweet potato 108 1.27 0.33 NA 0.04 0.09 14.44 22.2 28.93 21.05 0.51 0.14,Stable
weekly_10_2025_Eng.txt,vegetable,Unknown,Leafy Vegetables,Stable
weekly_10_2025_Eng.txt,onion,Unknown,Onion leaves 27 2.01 0.26 NA 0.04 0.18 56.8 23.38 35.21 74.95 3.15 0.77,Stable
weekly_10_2025_Eng.txt,fruit,Unknown,Jackfruit pods 25 2.14 0.34 NA 0.03 0.04 30.7 24.77 37.32 26.08 0.3 0.17,Stable
weekly_10_2025_Eng.txt,fruit,Unknown,Jackfruit seeds 77 5.66 0.44 NA 0.02 0.08 58.91 15.24 40.87 50.14 0.52 0.42,Stable
weekly_10_2025_Eng.txt,chicken,Unknown,Chicken 176 23.14 9.24 6.88 0.07 0.49 10.09 - 15.06 20.18 0.75 0.64,Stable
weekly_10_2025_Eng.txt,fish,Unknown,Fish,Stable
weekly_10_2025_Eng.txt,fish,Unknown,Cuttle fish 76 16.82 0.93 1.93 0.02 0.04 6.22 8.73 35.46 0.62 1.3,Stable
weekly_10_2025_Eng.txt,fish,Unknown,Dried Fish,Stable
weekly_10_2025_Eng.txt,egg,Unknown,Eggs,Stable
weekly_10_2025_Eng.txt,egg,Unknown,Hen eggs (Country) 170 13.14 13 208 0.08 0.18 54.6 50.14 11.04 1.64 1.12,Stable
weekly_10_2025_Eng.txt,egg,Unknown,Hen eggs (Table) 135 13.55 9.03 200 0.19 0.19 49.46 63.3 12 2.39 1.73,Stable
weekly_10_2025_Eng.txt,egg,Unknown,Quail eggs 153 12.39 11.46 153 0.11 0.17 54.86 60.67 11.21 2.55 1.51,Stable
weekly_10_2025_Eng.txt,fruit,Unknown,Fruits,Stable
weekly_10_2025_Eng.txt,rice,Unknown,Price Collecting Areas,Stable
weekly_17_2025_Eng.txt,vegetable,Unknown,Vegetables,Stable
weekly_17_2025_Eng.txt,coconut,Unknown,Coconut,Stable
weekly_17_2025_Eng.txt,rice,Unknown,Paddy/Rice,Stable
weekly_17_2025_Eng.txt,rice,Increase,Prices of both large and small nuts have increased,Increase
weekly_17_2025_Eng.txt,rice,Unknown,further and the prices ranged Rs.205.00 -240.00 for,Stable
weekly_17_2025_Eng.txt,onion,Unknown,Stocks of local and imported red onion and imported,Stable
weekly_17_2025_Eng.txt,rice,Unknown,big onion were available in the market and the prices of,Stable
weekly_17_2025_Eng.txt,rice,Decrease,both types have decreased further. Prices ranged,Decrease
weekly_17_2025_Eng.txt,onion,Unknown,between Rs.380.00 -600.00/kg for red onion and,Stable
weekly_17_2025_Eng.txt,onion,Unknown,Rs.120.00-220.00/kg for big onion in Colombo and,Stable
weekly_17_2025_Eng.txt,rice,Unknown,suburb markets. Prices of local and imported potatoes,Stable
weekly_17_2025_Eng.txt,rice,Increase,"have increased. Further, the prices of white cowpea and",Increase
weekly_17_2025_Eng.txt,rice,Unknown,the price of green gram ranged between,Stable
weekly_17_2025_Eng.txt,rice,Increase,Retail prices of most of the vegetables have increased.,Increase
weekly_17_2025_Eng.txt,rice,Unknown,"Considering the up -country varieties, the highest price",Increase
weekly_17_2025_Eng.txt,rice,Unknown,"Considering the low country varieties, the highest price",Stable
weekly_17_2025_Eng.txt,rice,Unknown,Retail prices of all the rice varieties except for imported,Stable
weekly_17_2025_Eng.txt,rice,Decrease,highest price decrease was noted for keeri samba and,Decrease
weekly_17_2025_Eng.txt,rice,Unknown,the price ranged Rs.260.00 -320.00/kg. Prices of other,Stable
weekly_17_2025_Eng.txt,rice,Unknown,245.00/kg for  raw white rice in Colombo and suburb,Stable
weekly_17_2025_Eng.txt,rice,Unknown,Rice,Stable
weekly_17_2025_Eng.txt,rice,Unknown,Prices of all the rice varieties have not,Stable
weekly_17_2025_Eng.txt,rice,Increase,increased significantly and the price ranges,Increase
weekly_17_2025_Eng.txt,rice,Unknown,Imported rice varieties were available at,Stable
weekly_17_2025_Eng.txt,rice,Unknown,the market under the following price,Stable
weekly_17_2025_Eng.txt,rice,Unknown,wholesale prices of most of the rice,Stable
weekly_17_2025_Eng.txt,rice,Increase,price increase of 19% for raw red. Prices of,Increase
weekly_17_2025_Eng.txt,rice,Unknown,The retail prices of all the types of rice,Stable
weekly_17_2025_Eng.txt,rice,Decrease,Among those the highest price decrease of,Decrease
weekly_17_2025_Eng.txt,rice,Increase,samba and the highest price increase of,Increase
weekly_17_2025_Eng.txt,rice,Increase,highest price increase of 16% was recorded,Increase
weekly_17_2025_Eng.txt,rice,Unknown,for local raw red and the highest price,Stable
weekly_17_2025_Eng.txt,rice,Unknown,The average farm gate prices of major,Stable
weekly_17_2025_Eng.txt,rice,Unknown,over the previous week. The average price,Stable
weekly_17_2025_Eng.txt,rice,Unknown,average price of k eeri Samba pad dy has,Stable
weekly_17_2025_Eng.txt,rice,Unknown,prices of long grain white and red paddy,Stable
weekly_17_2025_Eng.txt,rice,Unknown,"year, the average prices of short grain and",Stable
weekly_17_2025_Eng.txt,rice,Unknown,areas whereas the price of  keeri samba,Stable
weekly_17_2025_Eng.txt,rice,Unknown,Price of imported  dried chilies has not,Stable
weekly_17_2025_Eng.txt,rice,Unknown,changed significantly and the price ranged,Stable
weekly_17_2025_Eng.txt,rice,Unknown,current whole sale price of imported dried,Stable
weekly_17_2025_Eng.txt,rice,Unknown,The retail price of imported dried chilies,Stable
weekly_17_2025_Eng.txt,rice,Unknown,has dec reased by Rs.23.00/ kg and price,Stable
weekly_17_2025_Eng.txt,rice,Unknown,the current retail price of imported dried,Stable
weekly_17_2025_Eng.txt,onion,Unknown,Onion,Stable
weekly_17_2025_Eng.txt,rice,Unknown,"Prices of vedalan red onion,  imported red",Stable
weekly_17_2025_Eng.txt,onion,Unknown,"onion and imported big onion, have",Stable
weekly_17_2025_Eng.txt,rice,Unknown,"prices ranged Rs.300.00 -350.00/kg,",Stable
weekly_17_2025_Eng.txt,rice,Unknown,current wholesale price s of vedalan and,Stable
weekly_17_2025_Eng.txt,onion,Unknown,imported red onion and imported big onion,Stable
weekly_17_2025_Eng.txt,rice,Decrease,have decreased with the highest price,Decrease
weekly_17_2025_Eng.txt,onion,Unknown,onion.,Stable
weekly_17_2025_Eng.txt,rice,Unknown,Retail prices of vedalan and imported red,Stable
weekly_17_2025_Eng.txt,onion,Decrease,onion have decreased by Rs.5.00/ kg and,Decrease
weekly_17_2025_Eng.txt,rice,Decrease,price of imported big onion has decreased,Decrease
weekly_17_2025_Eng.txt,rice,Unknown,the current retail price of imported big,Stable
weekly_17_2025_Eng.txt,onion,Unknown,"onions has d ecreased by 79%, while  the",Stable
weekly_17_2025_Eng.txt,rice,Unknown,retail prices of vedalan and imported red,Stable
weekly_17_2025_Eng.txt,onion,Unknown,onion have not changed significantly.,Stable
weekly_17_2025_Eng.txt,potato,Unknown,Potato,Stable
weekly_17_2025_Eng.txt,rice,Unknown,Prices of Welimada and Nuwara Eliya,Stable
weekly_17_2025_Eng.txt,potato,Decrease,potato   varieties have decreased by 5% and,Decrease
weekly_17_2025_Eng.txt,rice,Unknown,and the prices ranged Rs.220.00-260.00/kg,Stable
weekly_17_2025_Eng.txt,rice,Increase,Price of imported potato has increased by,Increase
weekly_17_2025_Eng.txt,rice,Unknown,stocks and the price ranged Rs.185.00 -,Stable
weekly_17_2025_Eng.txt,rice,Unknown,current wholesale price s of all the potato,Stable
weekly_17_2025_Eng.txt,rice,Unknown,Retail prices of all  the types of potato es,Stable
weekly_17_2025_Eng.txt,rice,Unknown,price increas e of Rs. 32.00/ kg was,Stable
weekly_17_2025_Eng.txt,potato,Unknown,observed for Welimada potatoes and  the,Stable
weekly_17_2025_Eng.txt,rice,Unknown,price range d Rs. 360.00 -400.00/kg. Price,Stable
weekly_17_2025_Eng.txt,potato,Increase,of Nuwara Eliya potatoes has increased by,Increase
weekly_17_2025_Eng.txt,rice,Unknown,the retail price of Nuwara Eliya and,Stable
weekly_17_2025_Eng.txt,potato,Increase,imported potato have increased by 14%,Increase
weekly_17_2025_Eng.txt,rice,Decrease,Price of green gram   has decreased by 4%,Decrease
weekly_17_2025_Eng.txt,rice,Unknown,and the price ranged Rs.650.00-800.00/kg.,Stable
weekly_17_2025_Eng.txt,rice,Increase,Price of red cowpea has increased by 6%,Increase
weekly_17_2025_Eng.txt,rice,Unknown,and the price ranged Rs.650.00-700.00/kg.,Stable
weekly_17_2025_Eng.txt,rice,Unknown,Prices of white co wpea and   red dhal,Stable
weekly_17_2025_Eng.txt,rice,Unknown,price ranged Rs.65 0.00-700.00/kg and,Stable
weekly_17_2025_Eng.txt,rice,Unknown,current wholesale prices of green gram and,Stable
weekly_17_2025_Eng.txt,rice,Unknown,The retail prices of white cowpea and red,Stable
weekly_17_2025_Eng.txt,rice,Unknown,Rs.10.00/kg respectively. Price of green,Stable
weekly_17_2025_Eng.txt,rice,Unknown,the current retail prices of all the types of,Stable
weekly_17_2025_Eng.txt,rice,Decrease,notable price decrease of 41% was,Stable
weekly_17_2025_Eng.txt,vegetable,Unknown,Vegetable,Stable
weekly_17_2025_Eng.txt,rice,Unknown,Prices of most of upcountry vegetables,Increase
weekly_17_2025_Eng.txt,rice,Decrease,have decreased while prices of most low,Decrease
weekly_17_2025_Eng.txt,vegetable,Increase,country vegetables have increased.,Increase
weekly_17_2025_Eng.txt,rice,Unknown,Most of the upcountry vegetable prices,Increase
weekly_17_2025_Eng.txt,rice,Unknown,"-17%.  However, the prices of carrot, green",Stable
weekly_17_2025_Eng.txt,rice,Increase,price of tomato has increased by 9% with,Increase
weekly_17_2025_Eng.txt,vegetable,Unknown,"Considering the low-country vegetables,",Stable
weekly_17_2025_Eng.txt,rice,Unknown,the prices of most of the vegetable varieties,Stable
weekly_17_2025_Eng.txt,rice,Increase,have increased. Price brinjal has increased,Increase
weekly_17_2025_Eng.txt,rice,Unknown,"snake gourd (22%). However, the prices of",Stable
weekly_17_2025_Eng.txt,rice,Unknown,"addition, the prices of green chilies and",Stable
weekly_17_2025_Eng.txt,rice,Unknown,wholesale prices of   most of the vegetables,Stable
weekly_17_2025_Eng.txt,rice,Unknown,"have incr eased, with  the hi ghest price",Stable
weekly_17_2025_Eng.txt,vegetable,Unknown,"Considering the up-country vegetables, the",Increase
weekly_17_2025_Eng.txt,rice,Decrease,highest price decrease was reported for,Decrease
weekly_17_2025_Eng.txt,rice,Unknown,price of carrots and  green beans have,Stable
weekly_17_2025_Eng.txt,vegetable,Unknown,Considering the low -country vegetable,Stable
weekly_17_2025_Eng.txt,rice,Unknown,"varieties, the price of tomato has showed a",Stable
weekly_17_2025_Eng.txt,rice,Increase,significant price increase of around,Increase
weekly_17_2025_Eng.txt,rice,Unknown,Rs.123.00/kg. Capsicum prices showed a,Stable
weekly_17_2025_Eng.txt,rice,Decrease,"significant price decrease of Rs.185.00/kg,",Decrease
weekly_17_2025_Eng.txt,rice,Decrease,price decrease compared to last week.,Decrease
weekly_17_2025_Eng.txt,rice,Unknown,"year, the current retail prices of most",Stable
weekly_17_2025_Eng.txt,vegetable,Increase,"vegetable varieties have increased, with a",Increase
weekly_17_2025_Eng.txt,rice,Increase,notable price increase of 129% was,Stable
weekly_17_2025_Eng.txt,coconut,Unknown,Coconut,Stable
weekly_17_2025_Eng.txt,rice,Unknown,Prices of both large and small nuts have not,Stable
weekly_17_2025_Eng.txt,rice,Unknown,reported any significant changes.  Price,Stable
weekly_17_2025_Eng.txt,rice,Unknown,the current wholesale prices of large and,Stable
weekly_17_2025_Eng.txt,rice,Unknown,Prices of large and small nuts showed a,Stable
weekly_17_2025_Eng.txt,rice,Unknown,price increment of Rs.7.00/nut. Price,Stable
weekly_17_2025_Eng.txt,rice,Unknown,current retail prices of large nuts (98%) and,Stable
weekly_17_2025_Eng.txt,fruit,Unknown,Fruits,Stable
weekly_17_2025_Eng.txt,rice,Unknown,Prices of most of the fruit varieties have,Stable
weekly_17_2025_Eng.txt,rice,Decrease,The highest price decrease was recorded,Decrease
weekly_17_2025_Eng.txt,rice,Unknown,"for karthakolomban, at 31%.  Prices of",Stable
weekly_17_2025_Eng.txt,fruit,Unknown,availability of smaller -sized fruits.  With,Stable
weekly_17_2025_Eng.txt,rice,Decrease,"decrease in demand, the prices of all",Decrease
weekly_17_2025_Eng.txt,rice,Unknown,13% and the prices of all sizes of,Stable
weekly_17_2025_Eng.txt,rice,Unknown,"stocks, a 12% price de crease was also",Stable
weekly_17_2025_Eng.txt,rice,Unknown,the wholesale prices of most of the fr uits,Stable
weekly_17_2025_Eng.txt,rice,Decrease,have decreased with the highest price,Decrease
weekly_17_2025_Eng.txt,rice,Decrease,"In line with the decreased wholesale prices,",Decrease
weekly_17_2025_Eng.txt,rice,Unknown,the retail prices of most of the fruit,Stable
weekly_17_2025_Eng.txt,rice,Decrease,varieties have decrease . The highest price,Decrease
weekly_17_2025_Eng.txt,fruit,Decrease,decreased of Rs.101.00/fruit was reported,Decrease
weekly_17_2025_Eng.txt,rice,Unknown,for karthakolomban mango. Price of,Stable
weekly_17_2025_Eng.txt,fruit,Decrease,avocado has decreased by Rs.53.00/fruit.,Decrease
weekly_17_2025_Eng.txt,rice,Unknown,"Further, the prices of kolikuttu and ambul",Stable
weekly_17_2025_Eng.txt,rice,Unknown,33.00/kg. Price s of slime apple and king,Stable
weekly_17_2025_Eng.txt,coconut,Decrease,coconut have decreased    by Rs.27.00/fruit,Decrease
weekly_17_2025_Eng.txt,fruit,Unknown,and Rs.13.00/fruit respectively.,Stable
weekly_17_2025_Eng.txt,rice,Unknown,"Meanwhile, the price of imported grapes",Stable
weekly_17_2025_Eng.txt,rice,Unknown,the current retail prices of most of the fruits,Stable
weekly_17_2025_Eng.txt,rice,Decrease,have decreased with the highest price,Decrease
weekly_17_2025_Eng.txt,fish,Unknown,Fresh Fish,Stable
weekly_17_2025_Eng.txt,rice,Unknown,Wholesale prices of most of the fresh fish,Stable
weekly_17_2025_Eng.txt,rice,Decrease,supply. The prices decrease of 18% and,Increase
weekly_17_2025_Eng.txt,rice,Unknown,"prices of shrimps, thalapath and paraw",Stable
weekly_17_2025_Eng.txt,rice,Increase,"However, a price increase of 24% was",Increase
weekly_17_2025_Eng.txt,rice,Unknown,"Valachchenai areas. In addition, the price",Stable
weekly_17_2025_Eng.txt,rice,Unknown,the current wholesale prices of most of the,Stable
weekly_17_2025_Eng.txt,fish,Increase,fresh fish types have increased with the,Increase
weekly_17_2025_Eng.txt,rice,Increase,highest price increase of  51% noted for,Increase
weekly_17_2025_Eng.txt,rice,Unknown,Prices of all the fish varieties except for,Stable
weekly_17_2025_Eng.txt,rice,Decrease,and the highest price decrease was,Decrease
weekly_17_2025_Eng.txt,rice,Decrease,second highest price decrease was recorded,Decrease
weekly_17_2025_Eng.txt,rice,Increase,price increase was recorded for hurulla by,Increase
weekly_17_2025_Eng.txt,rice,Increase,Rs.265.00/kg. Price increase of salaya and,Increase
weekly_17_2025_Eng.txt,rice,Unknown,the current retail prices of all the fish,Stable
weekly_17_2025_Eng.txt,rice,Increase,have increased with the highest price,Increase
weekly_17_2025_Eng.txt,fish,Unknown,Dried Fish,Stable
weekly_17_2025_Eng.txt,rice,Unknown,Prices of most of the dried fish types have,Stable
weekly_17_2025_Eng.txt,rice,Decrease,dried fish . The highest price decrease of,Decrease
weekly_17_2025_Eng.txt,rice,Increase,"Negombo areas. However, a price increase",Increase
weekly_17_2025_Eng.txt,rice,Unknown,Mannar areas. Prices of other dried fish,Stable
weekly_17_2025_Eng.txt,rice,Unknown,the current wholesale prices of most of the,Stable
weekly_17_2025_Eng.txt,fish,Unknown,dried fish types have in creased with the,Stable
weekly_17_2025_Eng.txt,rice,Increase,highest price increase of 97% noted for,Increase
weekly_17_2025_Eng.txt,rice,Unknown,The prices of all the dry fish varieties,Stable
weekly_17_2025_Eng.txt,rice,Decrease,highest price decrease recorded for,Decrease
weekly_17_2025_Eng.txt,rice,Decrease,anguluwa by Rs.57.00/kg. Price decrease,Decrease
weekly_17_2025_Eng.txt,rice,Unknown,the current retai l prices of all the fish,Stable
weekly_17_2025_Eng.txt,rice,Increase,have increased with the highest price,Increase
weekly_17_2025_Eng.txt,egg,Unknown,Eggs,Stable
weekly_17_2025_Eng.txt,rice,Unknown,Prices of brown and white eggs have,Stable
weekly_17_2025_Eng.txt,rice,Unknown,their prices ranged Rs.25.00-28.00/egg and,Stable
weekly_17_2025_Eng.txt,egg,Unknown,Rs.23.00- 25.00 /egg respectively.,Stable
weekly_17_2025_Eng.txt,rice,Unknown,the current wholesale prices of both brown,Stable
weekly_17_2025_Eng.txt,egg,Decrease,and white eggs have decreased by 46% and,Decrease
weekly_17_2025_Eng.txt,rice,Unknown,Prices of both brown and white egg types,Stable
weekly_17_2025_Eng.txt,rice,Increase,have increased and the price range of a,Increase
weekly_17_2025_Eng.txt,egg,Unknown,white egg has recorded as Rs.26.00 -,Stable
weekly_17_2025_Eng.txt,rice,Unknown,Rs.32.00 and the price range of a brown,Stable
weekly_17_2025_Eng.txt,egg,Unknown,egg has recorded as Rs.27.00 -Rs.33.00.,Stable
weekly_17_2025_Eng.txt,rice,Unknown,The average prices of the white and brown,Stable
weekly_17_2025_Eng.txt,egg,Unknown,eggs have recorded as Rs.29.00 a nd,Stable
weekly_17_2025_Eng.txt,rice,Unknown,the current retail  prices of both egg,Stable
weekly_17_2025_Eng.txt,rice,Decrease,Price decrease of broiler and curry chicken,Decrease
weekly_17_2025_Eng.txt,rice,Decrease,Rs.37.00/kg respectively. Price decrease of,Decrease
weekly_17_2025_Eng.txt,rice,Unknown,pork has recorded as Rs.33.00/kg. Price,Stable
weekly_17_2025_Eng.txt,rice,Unknown,the prices of all the meat types except for,Stable
weekly_17_2025_Eng.txt,chicken,Increase,broiler and curry chicken have increased,Increase
weekly_17_2025_Eng.txt,rice,Increase,with the highest price increase recorded for,Increase
weekly_17_2025_Eng.txt,rice,Unknown,to wholesale and retail prices of selected,Stable
weekly_17_2025_Eng.txt,rice,Unknown,"as prevailing prices, price ranges, averages,",Stable
weekly_17_2025_Eng.txt,rice,Unknown,and a comparison of weekly prices. The,Stable
weekly_17_2025_Eng.txt,rice,Unknown,changes in prices reported are always with,Stable
weekly_17_2025_Eng.txt,rice,Unknown,price prevailed during the previous week,Stable
weekly_17_2025_Eng.txt,rice,Unknown,"price information is twice a week ( i.e.,",Stable
weekly_17_2025_Eng.txt,rice,Unknown,"prices, it is thrice a week ( i.e., Friday,",Stable
weekly_17_2025_Eng.txt,rice,Unknown,Rice VarietiesLOCATIONS,Stable
weekly_17_2025_Eng.txt,rice,Unknown,Table 01: Selected Markets:Wholesale Price of Rice (Rs/50kg bag),Stable
weekly_17_2025_Eng.txt,rice,Unknown,Table 02: Selected Markets: Retail Price of Rice (Rs/kg),Stable
weekly_17_2025_Eng.txt,rice,Unknown,LOCATIONS Rice Varieties,Stable
weekly_17_2025_Eng.txt,dhal,Unknown,Green Gram Cowpea Red Dhal,Stable
weekly_17_2025_Eng.txt,rice,Unknown,Table 04: Selected Markets:Wholesale Price of Subsidiary Food (Rs/50kg),Stable
weekly_17_2025_Eng.txt,onion,Unknown,Dried Chillies Red Onion Big Onion PotatoLOCATION Imported Imported Local Imported Welimada,Stable
weekly_17_2025_Eng.txt,rice,Unknown,Table 05: Selected Markets: Retail Price of Subsidiary Food Crops (Rs/kg),Stable
weekly_17_2025_Eng.txt,onion,Unknown,Dried Chillies Red Onion Big Onion Potato Pulses,Stable
weekly_17_2025_Eng.txt,dhal,Unknown,Green Gram Cowpea Red Dhal,Stable
weekly_17_2025_Eng.txt,rice,Unknown,Table 06: Selected Markets: Wholesale Price of Vegetables(Rs/kg),Stable
weekly_17_2025_Eng.txt,potato,Unknown,ManiocLong Beans Ash Plantain Green Chillies Lime Sweet Potatoe,Stable
weekly_17_2025_Eng.txt,rice,Unknown,"Colombo, Meegoda, Norochchole, Jaffna,Dambulla and Kandy - Gotukola Price Rs/Kg",Stable
weekly_17_2025_Eng.txt,vegetable,Unknown,Leafy Vegetables (Rs/bundle),Stable
weekly_17_2025_Eng.txt,coconut,Unknown,Coconut (Rs/nut),Stable
weekly_17_2025_Eng.txt,rice,Unknown,Table 07: Selected Markets: Retail Price of Vegetables (Rs/kg),Stable
weekly_17_2025_Eng.txt,potato,Unknown,Sweet Potato Large Small,Stable
weekly_17_2025_Eng.txt,vegetable,Unknown,Low Country Varieties Leafy Vegetable Coconut (Rs/nut),Stable
weekly_17_2025_Eng.txt,rice,Unknown,Table 08: Selected Markets: Retail Price of Fruits (Rs/each & Rs/kg),Stable
weekly_17_2025_Eng.txt,fruit,Unknown,Mango Other Fruits,Stable
weekly_17_2025_Eng.txt,coconut,Unknown,Passion Avocado Slime Apple Grapes (Rs/kg) King CoconutWood Apple Orange,Stable
weekly_17_2025_Eng.txt,fish,Unknown,Local Dried Fish Imported Dried Fish,Stable
weekly_17_2025_Eng.txt,fish,Unknown,Imported Dried Fish,Stable
weekly_17_2025_Eng.txt,fish,Unknown,Local Dried Fish,Stable
weekly_17_2025_Eng.txt,rice,Unknown,Table 10: Selected Markets: Wholesale Price of Dried Fish (Rs/50kg),Stable
weekly_17_2025_Eng.txt,fish,Unknown,Sea Fish Eggs,Stable
weekly_17_2025_Eng.txt,rice,Unknown,Table 09: Selected Markets: Wholesale Price of Fresh Fish & Eggs (Rs/kg & Rs/egg),Stable
weekly_17_2025_Eng.txt,fish,Unknown,Sea Fish,Stable
weekly_17_2025_Eng.txt,rice,Unknown,Table 11: Selected Markets: Retail Price of Fresh Fish & Eggs (Rs/kg & Rs/eggs),Stable
weekly_17_2025_Eng.txt,fish,Unknown,Sea Fish Eggs,Stable
weekly_17_2025_Eng.txt,rice,Unknown,Table 12: Selected Markets: Retail Price of Dried Fish (Rs/kg),Stable
weekly_17_2025_Eng.txt,fish,Unknown,Dried FishLOCATIONS Sprats-Imported Kattawa Thora Mora Balaya,Stable
weekly_17_2025_Eng.txt,rice,Unknown,Table 13: Selected Markets: Retail Price of Meat (Rs/kg),Stable
weekly_17_2025_Eng.txt,chicken,Unknown,Meat Meat (Chicken) Meat,Stable
weekly_17_2025_Eng.txt,rice,Unknown,Rice Coconut,Stable
weekly_17_2025_Eng.txt,fruit,Unknown,Keeri Samba 260.00 − 280.00 270.00 268.00 317.50 0.75 -14.96 Fruits (Rs/fruit),Stable
weekly_17_2025_Eng.txt,fruit,Unknown,Raw (Red) − Passion Fruit 50.00 − 60.00 55.00 57.50 78.89 -4.35 -30.28,Stable
weekly_17_2025_Eng.txt,onion,Unknown,Onion Mango,Stable
weekly_17_2025_Eng.txt,onion,Unknown,Big Onion Kohu −,Stable
weekly_17_2025_Eng.txt,potato,Unknown,Potato Orange 40.00 − 50.00 45.00 47.14 61.11 -4.55 -26.36,Stable
weekly_17_2025_Eng.txt,coconut,Unknown,Pulses King Coconut 130.00 − 180.00 152.50 178.57 182.22 -14.60 -16.31,Stable
weekly_17_2025_Eng.txt,fish,Unknown,Cowpea (White) 650.00 − 700.00 675.00 680.00 667.14 -0.74 1.18 Sea Fish,Stable
weekly_17_2025_Eng.txt,dhal,Unknown,Red Dhal 255.00 − 260.00 257.14 256.67 281.88 0.19 -8.77 Hurulla 900.00 − 1000.00 953.33 920.00 723.33 3.62 31.80,Stable
weekly_17_2025_Eng.txt,vegetable,Unknown,Vegetable Balaya 1000.00 − 1100.00 1041.67 1224.17 688.33 -14.91 51.33,Stable
weekly_17_2025_Eng.txt,egg,Unknown,Raddish 80.00 − 130.00 98.00 114.00 44.00 -14.04 122.73 Eggs,Stable
weekly_17_2025_Eng.txt,fish,Unknown,Ladies Fingers 250.00 − 380.00 315.00 276.00 79.00 14.13 298.73 Dried Fish,Stable
weekly_17_2025_Eng.txt,potato,Unknown,Sweet Potato 180.00 − 240.00 198.18 200.00 165.00 -0.91 20.11 Maduwa (Imported) −,Stable
weekly_17_2025_Eng.txt,vegetable,Unknown,Leafy Vegetable Koduwa (Imported) −,Stable
weekly_17_2025_Eng.txt,rice,Unknown,Table 14: Colombo: Wholesale Prices (Rs/kg or Rs/piece),Stable
weekly_17_2025_Eng.txt,rice,Unknown,Average Price Change Compared to,Stable
weekly_17_2025_Eng.txt,rice,Unknown,Average Price,Stable
weekly_17_2025_Eng.txt,rice,Unknown,Rice Coconut,Stable
weekly_17_2025_Eng.txt,fruit,Unknown,Keeri Samba 260.00 − 320.00 284.74 289.66 367.92 -4.92 -22.61 Fruits (Rs/fruit),Stable
weekly_17_2025_Eng.txt,fruit,Unknown,Raw (Red) − Passion Fruit 55.00 − 100.00 80.00 85.00 110.00 -5.00 -27.27,Stable
weekly_17_2025_Eng.txt,onion,Unknown,Onion Mango,Stable
weekly_17_2025_Eng.txt,onion,Unknown,Big Onion Kohu −,Stable
weekly_17_2025_Eng.txt,potato,Unknown,Potato Orange 70.00 − 120.00 94.41 98.00 96.33 -3.59 -1.99,Stable
weekly_17_2025_Eng.txt,coconut,Unknown,Pulses King Coconut 180.00 − 250.00 209.44 222.11 213.08 -12.66 -1.70,Stable
weekly_17_2025_Eng.txt,fish,Unknown,Cowpea (White) 720.00 − 1000.00 836.84 853.81 1054.17 -16.97 -20.62 Sea Fish,Stable
weekly_17_2025_Eng.txt,dhal,Unknown,Red Dhal 270.00 − 340.00 299.17 299.03 334.44 0.13 -10.55 Hurulla 1100.00 − 1300.00 1214.71 950.00 964.71 264.71 25.91,Stable
weekly_17_2025_Eng.txt,vegetable,Unknown,Vegetable Balaya 1100.00 − 1800.00 1371.43 1650.00 1013.00 -278.57 35.38,Stable
weekly_17_2025_Eng.txt,egg,Unknown,Raddish 180.00 − 360.00 275.22 239.38 168.40 35.84 63.43 Eggs,Stable
weekly_17_2025_Eng.txt,fish,Unknown,Ladies Fingers 350.00 − 560.00 468.40 430.00 220.00 38.40 112.91 Dried Fish,Stable
weekly_17_2025_Eng.txt,chicken,Unknown,Root Crops Chicken (Broiler) 1000.00 − 1280.00 1131.54 1165.00 1342.73 -33.46 -15.73,Stable
weekly_17_2025_Eng.txt,potato,Unknown,Sweet Potato 200.00 − 400.00 323.60 339.41 316.52 -15.81 2.24 Chicken (Curry) 900.00 − 1280.00 1074.62 1111.25 1220.00 -36.63 -11.92,Stable
weekly_17_2025_Eng.txt,vegetable,Unknown,Leafy Vegetable Pork 1500.00 − 2000.00 1616.67 1650.00 1300.00 -33.33 24.36,Stable
weekly_17_2025_Eng.txt,rice,Unknown,Table 15: Colombo &Suburbs: Retail Prices (Rs/kg or Rs/piece),Stable
weekly_17_2025_Eng.txt,rice,Unknown,Average Price Change Compared to,Stable
weekly_17_2025_Eng.txt,rice,Unknown,Average Price Change Compared to,Stable
weekly_17_2025_Eng.txt,vegetable,Unknown,Paddy Vegetable (Up Country) Snake Gourd,Increase
weekly_17_2025_Eng.txt,onion,Unknown,Red Onion Badulla 220.00 − 245.00 236.67 Long Beans,Stable
weekly_17_2025_Eng.txt,onion,Unknown,Big Onion Welimada 450.00 − 465.00 458.00 Embilipitiya 260.00 − 280.00 270.00,Stable
weekly_17_2025_Eng.txt,potato,Unknown,Potato Hambantota −,Stable
weekly_17_2025_Eng.txt,vegetable,Unknown,N'Eliya 240.00 − 250.00 244.00 Vegetable (Low Country) Embilipitiya 70.00 − 80.00 76.25,Stable
weekly_17_2025_Eng.txt,fruit,Unknown,Moneragala 500.00 − 550.00 520.00 Brinjal Fruits (Rs/kg),Stable
weekly_17_2025_Eng.txt,rice,Unknown,Table 16: Farmgate/Producer Prices of Food Commodities in Selected Producing Areas (Rs/kg),Stable
weekly_17_2025_Eng.txt,rice,Unknown,PriceCOMMODITY Range Average,Stable
weekly_17_2025_Eng.txt,rice,Unknown,Price COMMODITY Range Average,Stable
weekly_17_2025_Eng.txt,rice,Unknown,Price COMMODITY,Stable
weekly_17_2025_Eng.txt,rice,Unknown,Rice,Stable
weekly_17_2025_Eng.txt,onion,Unknown,Red Onion,Stable
weekly_17_2025_Eng.txt,onion,Unknown,Big Onion,Stable
weekly_17_2025_Eng.txt,potato,Unknown,Potato,Stable
weekly_17_2025_Eng.txt,dhal,Unknown,Red Dhal 270.00 − 300.00 300.00 − 340.00 280.00 − 300.00 300.00 − 340.00 290.00 − 320.00 280.00 − 290.00 290.00 − 300.00 280.00 − 300.00 280.00 − 340.00,Stable
weekly_17_2025_Eng.txt,rice,Unknown,Annex 01 - Colombo Markets: Retail Prices of Rice and Subsidiary Food Crops (Rs/kg) Week 17: 25 Apr - 01 May 2025,Stable
weekly_17_2025_Eng.txt,vegetable,Unknown,Vegetable,Stable
weekly_17_2025_Eng.txt,potato,Unknown,Sweet Potato 200.00 − 230.00 320.00 − 400.00 320.00 − 340.00 350.00 − 400.00 340.00 − 400.00 400.00 − 400.00 230.00 − 240.00 320.00 − 320.00 300.00 − 400.00,Stable
weekly_17_2025_Eng.txt,vegetable,Unknown,Leafy Vegetable,Stable
weekly_17_2025_Eng.txt,coconut,Unknown,Coconut,Stable
weekly_17_2025_Eng.txt,rice,Unknown,Annex 02 - Colombo Markets: Retail Prices of Vegetables (Rs/kg) and Coconut (Rs/nut),Stable
weekly_17_2025_Eng.txt,fruit,Unknown,Other Fruits,Stable
weekly_17_2025_Eng.txt,coconut,Unknown,King Coconut 200.00 − 220.00 220.00 − 250.00 200.00 − 220.00 200.00 − 250.00 180.00 − 200.00 200.00 − 250.00 200.00 − 220.00 180.00 − 200.00 180.00 − 200.00,Stable
weekly_17_2025_Eng.txt,rice,Unknown,Annex 03 - Colombo Markets: Retail Prices of Fruits (Rs/fruit),Stable
weekly_17_2025_Eng.txt,fish,Unknown,Sea Fish,Stable
weekly_17_2025_Eng.txt,egg,Unknown,30 Eggs (Rs/egg),Stable
weekly_17_2025_Eng.txt,fish,Unknown,Dried Fish,Stable
weekly_17_2025_Eng.txt,chicken,Unknown,Chicken (Broiler) 1000.00 − 1000.00 1130.00 − 1130.00 1180.00 − 1180.00 1280.00 − 1280.00 1050.00 − 1050.00 1000.00 − 1000.00 1050.00 − 1050.00 1140.00 − 1150.00 1140.00 − 1140.00,Stable
weekly_17_2025_Eng.txt,chicken,Unknown,Chicken (Curry) 900.00 − 900.00 1100.00 − 1100.00 1180.00 − 1180.00 1280.00 − 1280.00 900.00 − 900.00 900.00 − 900.00 950.00 − 950.00 1100.00 − 1100.00 1000.00 − 1000.00,Stable
weekly_17_2025_Eng.txt,rice,Unknown,Annex 04 - Colombo Markets: Retail Prices of Sea Fish and Dried Fish (Rs/kg),Stable
weekly_17_2025_Eng.txt,rice,Unknown,Rice - (white Kekulu - normal ) 361 9.88 1.52 - 0.03 0.09 10.67 - 6.94 26.29 1.22 1.5,Stable
weekly_17_2025_Eng.txt,rice,Unknown,Rice - (white Kekulu Samba) 355 8.81 1.53 - 0.03 0.09 8.11 - 9.82 30.48 0.92 1.7,Stable
weekly_17_2025_Eng.txt,rice,Unknown,Rice - ( Red Kekulu - normal ) 366 8.64 2.12 - 0.05 0.1 8.39 - 4.73 31.7 0.88 1.84,Stable
weekly_17_2025_Eng.txt,rice,Unknown,Rice -Samba 369 6.86 2.45 - 0.05 0.13 12.79 - 8.71 37.26 1.18 1.49,Stable
weekly_17_2025_Eng.txt,rice,Unknown,Rice - Nadu White 366 7.76 1.48 - 0.03 0.12 9.35 - 4.57 20.1 0.64 1.61,Stable
weekly_17_2025_Eng.txt,onion,Unknown,Onion,Stable
weekly_17_2025_Eng.txt,onion,Unknown,Big onions 48 1.67 0.24 0.16 0.01 0.1 32.99 7.58 14.82 16.94 0.45 0.25,Stable
weekly_17_2025_Eng.txt,onion,Unknown,Red onions 55 2.13 0.15 0.18 0.02 0.13 30.15 14.26 20.37 19.32 0.31 0.28,Stable
weekly_17_2025_Eng.txt,potato,Unknown,Potatoes 71 1.67 0.25 0.01 0.09 14.31 20.5 9.83 23.84 0.46 0.29,Stable
weekly_17_2025_Eng.txt,dhal,Unknown,Red Dhal 319 23.09 0.77 1.06 1.6 0.22 55 NA 41.27 66.63 7.45 3.34,Stable
weekly_17_2025_Eng.txt,vegetable,Unknown,Vegetables,Stable
weekly_17_2025_Eng.txt,rice,Unknown,Rice,Stable
weekly_17_2025_Eng.txt,egg,Unknown,Brinjal (Chinese eggplant) 24 1.28 0.33 16.83 0.12 0.11 32.94 3.37 14.4 21.18 0.28 0.16,Stable
weekly_17_2025_Eng.txt,egg,Unknown,Thalana batu (Thai eggplant) 21 1.45 0.26 18.33 0.11 0.09 31.18 2.71 17.24 37.22 0.37 0.24,Stable
weekly_17_2025_Eng.txt,coconut,Unknown,Coconuts nuts 390 3.67 39.92 - 0.05 0.11 14.86 -,Stable
weekly_17_2025_Eng.txt,potato,Unknown,Sweet potato 108 1.27 0.33 NA 0.04 0.09 14.44 22.2 28.93 21.05 0.51 0.14,Stable
weekly_17_2025_Eng.txt,vegetable,Unknown,Leafy Vegetables,Stable
weekly_17_2025_Eng.txt,onion,Unknown,Onion leaves 27 2.01 0.26 NA 0.04 0.18 56.8 23.38 35.21 74.95 3.15 0.77,Stable
weekly_17_2025_Eng.txt,fruit,Unknown,Jackfruit pods 25 2.14 0.34 NA 0.03 0.04 30.7 24.77 37.32 26.08 0.3 0.17,Stable
weekly_17_2025_Eng.txt,fruit,Unknown,Jackfruit seeds 77 5.66 0.44 NA 0.02 0.08 58.91 15.24 40.87 50.14 0.52 0.42,Stable
weekly_17_2025_Eng.txt,chicken,Unknown,Chicken 176 23.14 9.24 6.88 0.07 0.49 10.09 - 15.06 20.18 0.75 0.64,Stable
weekly_17_2025_Eng.txt,fish,Unknown,Fish,Stable
weekly_17_2025_Eng.txt,fish,Unknown,Cuttle fish 76 16.82 0.93 1.93 0.02 0.04 6.22 8.73 35.46 0.62 1.3,Stable
weekly_17_2025_Eng.txt,fish,Unknown,Dried Fish,Stable
weekly_17_2025_Eng.txt,egg,Unknown,Eggs,Stable
weekly_17_2025_Eng.txt,egg,Unknown,Hen eggs (Country) 170 13.14 13 208 0.08 0.18 54.6 50.14 11.04 1.64 1.12,Stable
weekly_17_2025_Eng.txt,egg,Unknown,Hen eggs (Table) 135 13.55 9.03 200 0.19 0.19 49.46 63.3 12 2.39 1.73,Stable
weekly_17_2025_Eng.txt,egg,Unknown,Quail eggs 153 12.39 11.46 153 0.11 0.17 54.86 60.67 11.21 2.55 1.51,Stable
weekly_17_2025_Eng.txt,fruit,Unknown,Fruits,Stable
weekly_17_2025_Eng.txt,rice,Unknown,Price Collecting Areas,Stable
weekly_20_2025_Eng.txt,coconut,Unknown,Fruits / Coconut,Stable
weekly_20_2025_Eng.txt,egg,Unknown,Eggs,Stable
weekly_20_2025_Eng.txt,rice,Unknown,Rice,Stable
weekly_20_2025_Eng.txt,rice,Decrease,"Fruit prices have decreased due to a high level of supply, with",Increase
weekly_20_2025_Eng.txt,rice,Unknown,the most significant price drop observed for karuthakolomban,Stable
weekly_20_2025_Eng.txt,rice,Unknown,"mangoes. Overall, the retail prices of most fruit varieties have",Stable
weekly_20_2025_Eng.txt,rice,Unknown,Both large and small coconut  prices have surged by,Stable
weekly_20_2025_Eng.txt,rice,Unknown,Prices of  large and small nut ranging from Rs.180.00 to,Stable
weekly_20_2025_Eng.txt,rice,Increase,Egg prices have seen a slight increase compared to the,Increase
weekly_20_2025_Eng.txt,rice,Unknown,"previous week, with both white and brown eggs priced",Stable
weekly_20_2025_Eng.txt,rice,Unknown,"compared to the previous year, the prices of both types have",Stable
weekly_20_2025_Eng.txt,rice,Unknown,"prices, and this trend is consistent when compared to the same",Stable
weekly_20_2025_Eng.txt,rice,Increase,"Prices of most rice varieties have increased, with the highest",Increase
weekly_20_2025_Eng.txt,rice,Unknown,"previous year, prices of both keeri samba and samba rice have",Stable
weekly_20_2025_Eng.txt,rice,Unknown,Rice,Stable
weekly_20_2025_Eng.txt,rice,Increase,Price of keeri samba has increased by 6%,Increase
weekly_20_2025_Eng.txt,rice,Unknown,and price ran ged Rs.270.00 -300.00/kg.,Stable
weekly_20_2025_Eng.txt,rice,Unknown,Price of all other local rice varieties have,Stable
weekly_20_2025_Eng.txt,rice,Unknown,not changed significantly and price ranged,Stable
weekly_20_2025_Eng.txt,rice,Unknown,Imported rice varieties except  imported,Stable
weekly_20_2025_Eng.txt,rice,Unknown,the following price ranges,Stable
weekly_20_2025_Eng.txt,rice,Unknown,of the rice varieties have seen price,Stable
weekly_20_2025_Eng.txt,rice,Increase,"increase, with the highest price of 15% for",Increase
weekly_20_2025_Eng.txt,rice,Unknown,raw red. price of keeri samba and imported,Stable
weekly_20_2025_Eng.txt,rice,Unknown,The retail prices of all types of rice,Stable
weekly_20_2025_Eng.txt,rice,Increase,increased. Among those a highest price,Increase
weekly_20_2025_Eng.txt,rice,Decrease,keeri samba and a highest price decreased,Decrease
weekly_20_2025_Eng.txt,rice,Increase,highest price increase of 13% was recorded,Increase
weekly_20_2025_Eng.txt,rice,Unknown,for local raw red and highest price,Stable
weekly_20_2025_Eng.txt,rice,Unknown,The average farmgate prices of major,Stable
weekly_20_2025_Eng.txt,rice,Unknown,have slightly fluctuated . The price,Stable
weekly_20_2025_Eng.txt,rice,Unknown,Anuradhapura and Kalawewa. The prices,Stable
weekly_20_2025_Eng.txt,rice,Unknown,"keeri samba paddy. Subsequently, the price",Stable
weekly_20_2025_Eng.txt,rice,Unknown,Kalawewa areas. Its prices have range,Stable
weekly_20_2025_Eng.txt,rice,Unknown,Rs.125.00-134.00/kg.  The price increment,Stable
weekly_20_2025_Eng.txt,rice,Unknown,red paddy and prices have ranged,Stable
weekly_20_2025_Eng.txt,rice,Unknown,the average farmgate prices of major paddy,Stable
weekly_20_2025_Eng.txt,rice,Unknown,"long grain red paddy. However, price of",Stable
weekly_20_2025_Eng.txt,rice,Unknown,The price of imported dried chilies has,Stable
weekly_20_2025_Eng.txt,rice,Unknown,sufficient stocks and price ranged,Stable
weekly_20_2025_Eng.txt,rice,Unknown,current whole sale price of imported dried,Stable
weekly_20_2025_Eng.txt,rice,Unknown,The retail price of imported dried chilies,Stable
weekly_20_2025_Eng.txt,rice,Increase,has increased by Rs.8.00/ kg and price,Increase
weekly_20_2025_Eng.txt,rice,Unknown,the current retail price of imported dried,Stable
weekly_20_2025_Eng.txt,onion,Unknown,Onion,Stable
weekly_20_2025_Eng.txt,rice,Unknown,Prices of sinan red onion and imported red,Stable
weekly_20_2025_Eng.txt,onion,Increase,onion haven't increased significantly and,Increase
weekly_20_2025_Eng.txt,rice,Unknown,price ranged Rs.190.00 -230.00/kg and,Stable
weekly_20_2025_Eng.txt,rice,Unknown,Rs.280-330.00/kg. price of Imported big,Stable
weekly_20_2025_Eng.txt,onion,Decrease,onion has decreased by 28% due to,Decrease
weekly_20_2025_Eng.txt,rice,Unknown,availability of sufficient stocks and price,Stable
weekly_20_2025_Eng.txt,rice,Unknown,current prices of sinan and imported big,Stable
weekly_20_2025_Eng.txt,onion,Decrease,onion varieties have decreased in the range,Decrease
weekly_20_2025_Eng.txt,onion,Unknown,of 5%-48% while imported red onion has,Stable
weekly_20_2025_Eng.txt,rice,Unknown,The retail price of imported red onion has,Stable
weekly_20_2025_Eng.txt,rice,Increase,increased by Rs.53.00/kg and price ranged,Increase
weekly_20_2025_Eng.txt,rice,Unknown,Rs.380.00- 600.00/kg. The retail price of,Stable
weekly_20_2025_Eng.txt,onion,Decrease,imported big onion has decreased by,Decrease
weekly_20_2025_Eng.txt,rice,Unknown,Rs.15.00/kg and price ranged Rs.120.00 -,Stable
weekly_20_2025_Eng.txt,rice,Unknown,the current retail price of imported re d,Stable
weekly_20_2025_Eng.txt,onion,Increase,"onions has increased by 19%, while retail",Increase
weekly_20_2025_Eng.txt,rice,Decrease,price of imported big onion has decreased,Decrease
weekly_20_2025_Eng.txt,potato,Unknown,Potato,Stable
weekly_20_2025_Eng.txt,rice,Unknown,The Price of Welimada and Nuwara Eliya,Stable
weekly_20_2025_Eng.txt,potato,Increase,potatoes have increased by 12% and 13%,Increase
weekly_20_2025_Eng.txt,rice,Unknown,"and price ranged Rs.250.00-255.00/kg, and",Stable
weekly_20_2025_Eng.txt,rice,Decrease,price of imported potato has decreased by,Decrease
weekly_20_2025_Eng.txt,rice,Unknown,and price ranged Rs.160.00-200.00/kg.,Stable
weekly_20_2025_Eng.txt,rice,Unknown,current wholesale price of Nuwara Eliya,Stable
weekly_20_2025_Eng.txt,potato,Unknown,and imported  potato varieties have,Stable
weekly_20_2025_Eng.txt,rice,Unknown,The retail prices of Nuwara Eliya and,Stable
weekly_20_2025_Eng.txt,potato,Increase,imported potato es have increased by,Increase
weekly_20_2025_Eng.txt,rice,Unknown,while price ranged Rs.350.00 -480.00/kg,Stable
weekly_20_2025_Eng.txt,rice,Unknown,the current retail prices of all potato,Stable
weekly_20_2025_Eng.txt,rice,Increase,varieties have increased. The highest price,Increase
weekly_20_2025_Eng.txt,potato,Unknown,potato.,Stable
weekly_20_2025_Eng.txt,rice,Unknown,Price of white cowpea and red cowpea,Stable
weekly_20_2025_Eng.txt,rice,Unknown,availability of sufficient stocks and price,Stable
weekly_20_2025_Eng.txt,rice,Unknown,Rs.460.00-620.00/kg. Prices of green gram,Stable
weekly_20_2025_Eng.txt,dhal,Unknown,and red dhal have not changed significantly,Stable
weekly_20_2025_Eng.txt,rice,Unknown,"and price ranged Rs.700.00-800/kg,",Stable
weekly_20_2025_Eng.txt,rice,Unknown,"The retail price of green gram, white",Stable
weekly_20_2025_Eng.txt,dhal,Unknown,"cowpea, red cowpea and red dhal have",Stable
weekly_20_2025_Eng.txt,rice,Unknown,the current retail prices of all types of,Stable
weekly_20_2025_Eng.txt,rice,Decrease,notable price decreased of 38% was,Stable
weekly_20_2025_Eng.txt,vegetable,Unknown,Vegetable,Stable
weekly_20_2025_Eng.txt,rice,Unknown,Prices of most of upcountry  vegetables,Increase
weekly_20_2025_Eng.txt,rice,Increase,have increased while prices of most of low,Increase
weekly_20_2025_Eng.txt,vegetable,Decrease,country vegetables have decreased.,Decrease
weekly_20_2025_Eng.txt,rice,Unknown,Most of the upcountry vegetable prices,Increase
weekly_20_2025_Eng.txt,rice,Unknown,"the highest as 57%, following prices of",Stable
weekly_20_2025_Eng.txt,rice,Unknown,"However, price of green beans has",Stable
weekly_20_2025_Eng.txt,rice,Unknown,and price of knol -khol and raddish,Stable
weekly_20_2025_Eng.txt,rice,Decrease,"decreased slightly. Further, price of tomato",Decrease
weekly_20_2025_Eng.txt,rice,Unknown,"demand, and price of capsicum has",Stable
weekly_20_2025_Eng.txt,vegetable,Unknown,"Considering low -country vegetables, all",Stable
weekly_20_2025_Eng.txt,rice,Unknown,the vegetable varieties experienced price,Stable
weekly_20_2025_Eng.txt,rice,Decrease,"decrease. Particularly, price of long beans",Decrease
weekly_20_2025_Eng.txt,rice,Decrease,has decreased by 40% with decreased price,Decrease
weekly_20_2025_Eng.txt,rice,Unknown,"of sufficient stocks , prices of drumsticks,",Stable
weekly_20_2025_Eng.txt,rice,Unknown,Prices of luffa and snake gourd have,Stable
weekly_20_2025_Eng.txt,rice,Unknown,"area. Prices of pumpkin, bitter gourd and",Stable
weekly_20_2025_Eng.txt,rice,Decrease,"area, price of green chilies has decreased",Decrease
weekly_20_2025_Eng.txt,rice,Increase,"vegetable prices have increased, with",Increase
weekly_20_2025_Eng.txt,rice,Unknown,Retail prices of most of the vegetable,Stable
weekly_20_2025_Eng.txt,rice,Unknown,"country vegetables, the highest price",Stable
weekly_20_2025_Eng.txt,rice,Unknown,"Rs.160 .00/kg. However, the price of",Stable
weekly_20_2025_Eng.txt,vegetable,Unknown,Considering the low -country vegetable,Stable
weekly_20_2025_Eng.txt,rice,Decrease,"varieties, the highest price decrease was",Decrease
weekly_20_2025_Eng.txt,rice,Unknown,Price increments of lime and green chilies,Stable
weekly_20_2025_Eng.txt,rice,Unknown,"year, prices of most varieties have",Stable
weekly_20_2025_Eng.txt,rice,Increase,"increased, while a notable price increment",Increase
weekly_20_2025_Eng.txt,coconut,Unknown,Coconut,Stable
weekly_20_2025_Eng.txt,rice,Unknown,Prices of both large and small nuts have,Stable
weekly_20_2025_Eng.txt,rice,Decrease,decreased by 1%. Price ranges were,Decrease
weekly_20_2025_Eng.txt,rice,Unknown,the current wholesale prices of large and,Stable
weekly_20_2025_Eng.txt,rice,Unknown,Prices of large and small nuts showed a,Stable
weekly_20_2025_Eng.txt,rice,Unknown,price drop of Rs.10.00/nut and Rs.2.00/nut,Stable
weekly_20_2025_Eng.txt,rice,Unknown,respectively. Price ranges were Rs.195.00,Stable
weekly_20_2025_Eng.txt,rice,Unknown,"same period last year, prices of large nuts",Stable
weekly_20_2025_Eng.txt,fruit,Unknown,Fruits,Stable
weekly_20_2025_Eng.txt,rice,Unknown,Prices of most of the fruit varieties have,Stable
weekly_20_2025_Eng.txt,rice,Decrease,weather. The highest price decrease was,Decrease
weekly_20_2025_Eng.txt,rice,Unknown,34%. Prices of wood apple and king,Stable
weekly_20_2025_Eng.txt,coconut,Decrease,coconut have decreased by 15% and 11%,Decrease
weekly_20_2025_Eng.txt,rice,Unknown,respectively due to low demand. The price,Stable
weekly_20_2025_Eng.txt,rice,Increase,"apple prices increased by  24%, and 19%",Increase
weekly_20_2025_Eng.txt,rice,Unknown,Wholesale prices for the most of fruits have,Stable
weekly_20_2025_Eng.txt,rice,Unknown,"prices, retail prices of most of the fruits",Stable
weekly_20_2025_Eng.txt,rice,Decrease,have also decreased. The highest price,Decrease
weekly_20_2025_Eng.txt,fruit,Decrease,decrease of Rs.100.00/fruit was reported,Decrease
weekly_20_2025_Eng.txt,rice,Unknown,for mango -karthakolomban. The price of,Stable
weekly_20_2025_Eng.txt,coconut,Decrease,king-coconut has decreased by Rs.,Decrease
weekly_20_2025_Eng.txt,rice,Unknown,"10.00/fruit. In addition, price of papaw,",Stable
weekly_20_2025_Eng.txt,fruit,Unknown,"40.00/fruit, 37.00/fruit and 20.00/kg",Stable
weekly_20_2025_Eng.txt,rice,Decrease,the highest price decrease of 59% was,Decrease
weekly_20_2025_Eng.txt,fish,Unknown,Fresh Fish,Stable
weekly_20_2025_Eng.txt,rice,Unknown,"The prices of fish varieties except for,",Stable
weekly_20_2025_Eng.txt,rice,Increase,price increase was recorded for thora by,Increase
weekly_20_2025_Eng.txt,rice,Decrease,23%. The highest price decrease was,Decrease
weekly_20_2025_Eng.txt,rice,Unknown,recorded for shrimps by 11%. Price,Stable
weekly_20_2025_Eng.txt,rice,Decrease,the highest price decrease was recorded for,Decrease
weekly_20_2025_Eng.txt,rice,Increase,shrimps by 7%. The highest price increase,Increase
weekly_20_2025_Eng.txt,rice,Unknown,The prices of fish varieties except  for,Stable
weekly_20_2025_Eng.txt,rice,Increase,highest price increase was recorded for,Increase
weekly_20_2025_Eng.txt,rice,Increase,price increase was recorded for kelawalla,Increase
weekly_20_2025_Eng.txt,rice,Increase,by Rs.259.00/kg. Price increase of,Increase
weekly_20_2025_Eng.txt,rice,Decrease,respectively. Price decrease of balaya has,Decrease
weekly_20_2025_Eng.txt,rice,Unknown,the prices of other fish varieties except,Stable
weekly_20_2025_Eng.txt,rice,Increase,salaya have increased and the highest price,Increase
weekly_20_2025_Eng.txt,fish,Unknown,Dried Fish,Stable
weekly_20_2025_Eng.txt,rice,Unknown,Prices of most of the dried fish types have,Stable
weekly_20_2025_Eng.txt,fish,Increase,increased due to drop in  local dried fish,Increase
weekly_20_2025_Eng.txt,rice,Increase,supply. The highest price increase was,Increase
weekly_20_2025_Eng.txt,rice,Increase,highest price increase was recorded for,Increase
weekly_20_2025_Eng.txt,fish,Unknown,other dry fish varieties except imported,Stable
weekly_20_2025_Eng.txt,rice,Increase,sprats have increased and the highest price,Increase
weekly_20_2025_Eng.txt,rice,Unknown,The prices of dry fish varieties except  for,Stable
weekly_20_2025_Eng.txt,rice,Increase,price increase was recorded for maduwa by,Increase
weekly_20_2025_Eng.txt,rice,Unknown,Rs.129.00/kg. The second highest price,Stable
weekly_20_2025_Eng.txt,rice,Increase,Rs.56.00/kg. Price increase of kattawa and,Increase
weekly_20_2025_Eng.txt,rice,Unknown,and Rs.18.00/kg respectively. Price,Stable
weekly_20_2025_Eng.txt,rice,Unknown,the prices of other fish varieties except,Stable
weekly_20_2025_Eng.txt,rice,Increase,and the highest price increase was recorded,Increase
weekly_20_2025_Eng.txt,egg,Unknown,Eggs,Stable
weekly_20_2025_Eng.txt,rice,Unknown,The prices of both brown and white egg,Stable
weekly_20_2025_Eng.txt,rice,Unknown,price range of a white egg has recorded    as,Stable
weekly_20_2025_Eng.txt,rice,Unknown,Rs.22.00-28.00 and the price range of a,Stable
weekly_20_2025_Eng.txt,egg,Unknown,brown egg ha s recorded as Rs.29.00 -,Stable
weekly_20_2025_Eng.txt,rice,Unknown,prices of both brown and white eggs have,Stable
weekly_20_2025_Eng.txt,rice,Unknown,The prices of both brown and white egg,Stable
weekly_20_2025_Eng.txt,rice,Unknown,price range of a white egg has recorded as,Stable
weekly_20_2025_Eng.txt,rice,Unknown,Rs.25.00-Rs.31.00 and the price range of a,Stable
weekly_20_2025_Eng.txt,egg,Unknown,brown egg has recorded as Rs.27.00-33.00.,Stable
weekly_20_2025_Eng.txt,rice,Unknown,The average price of white and brown egg,Stable
weekly_20_2025_Eng.txt,rice,Decrease,prices of both egg varieties have decreased,Decrease
weekly_20_2025_Eng.txt,rice,Unknown,The price of beef has remained unchanged,Stable
weekly_20_2025_Eng.txt,rice,Increase,and price increase of broiler and curry,Increase
weekly_20_2025_Eng.txt,chicken,Unknown,chicken have recorded as Rs.23.00/kg and,Stable
weekly_20_2025_Eng.txt,rice,Increase,Rs.32.00/kg respectively. Price increase of,Increase
weekly_20_2025_Eng.txt,rice,Decrease,"However, Price decrease of mutton has",Decrease
weekly_20_2025_Eng.txt,rice,Unknown,the price of other meat types except for,Stable
weekly_20_2025_Eng.txt,chicken,Increase,broiler and curry chicken have increased.,Increase
weekly_20_2025_Eng.txt,rice,Increase,The highest price increase was recorded for,Increase
weekly_20_2025_Eng.txt,rice,Unknown,to wholesale and retail prices of selected,Stable
weekly_20_2025_Eng.txt,rice,Unknown,"as prevailing prices, price ranges, averages,",Stable
weekly_20_2025_Eng.txt,rice,Unknown,and a comparison of weekly prices. The,Stable
weekly_20_2025_Eng.txt,rice,Unknown,changes in prices reported are always with,Stable
weekly_20_2025_Eng.txt,rice,Unknown,price prevailed during the previous week,Stable
weekly_20_2025_Eng.txt,rice,Unknown,"price information is twice a week ( i.e.,",Stable
weekly_20_2025_Eng.txt,rice,Unknown,"prices, it is thrice a week ( i.e., Friday,",Stable
weekly_20_2025_Eng.txt,rice,Unknown,Rice VarietiesLOCATIONS,Stable
weekly_20_2025_Eng.txt,rice,Unknown,Table 01: Selected Markets:Wholesale Price of Rice (Rs/50kg bag),Stable
weekly_20_2025_Eng.txt,rice,Unknown,Table 02: Selected Markets: Retail Price of Rice (Rs/kg),Stable
weekly_20_2025_Eng.txt,rice,Unknown,LOCATIONS Rice Varieties,Stable
weekly_20_2025_Eng.txt,dhal,Unknown,Cowpea Red Dhal,Stable
weekly_20_2025_Eng.txt,rice,Unknown,Table 04: Selected Markets:Wholesale Price of Subsidiary Food (Rs/50kg),Stable
weekly_20_2025_Eng.txt,onion,Unknown,Dried Chillies Red Onion Big Onion PotatoLOCATION Imported Imported Local Imported Welimada,Stable
weekly_20_2025_Eng.txt,rice,Unknown,Table 05: Selected Markets: Retail Price of Subsidiary Food Crops (Rs/kg),Stable
weekly_20_2025_Eng.txt,onion,Unknown,Dried Chillies Red Onion Big Onion Potato Pulses,Stable
weekly_20_2025_Eng.txt,dhal,Unknown,Green Gram Cowpea Red Dhal,Stable
weekly_20_2025_Eng.txt,rice,Unknown,Table 06: Selected Markets: Wholesale Price of Vegetables(Rs/kg),Stable
weekly_20_2025_Eng.txt,potato,Unknown,ManiocLong Beans Ash Plantain Green Chillies Lime Sweet Potatoe,Stable
weekly_20_2025_Eng.txt,rice,Unknown,"Colombo, Meegoda, Norochchole, Jaffna,Dambulla and Kandy - Gotukola Price Rs/Kg",Stable
weekly_20_2025_Eng.txt,vegetable,Unknown,Leafy Vegetables (Rs/bundle),Stable
weekly_20_2025_Eng.txt,coconut,Unknown,Coconut (Rs/nut),Stable
weekly_20_2025_Eng.txt,rice,Unknown,Table 07: Selected Markets: Retail Price of Vegetables (Rs/kg),Stable
weekly_20_2025_Eng.txt,potato,Unknown,Sweet Potato Large Small,Stable
weekly_20_2025_Eng.txt,vegetable,Unknown,Low Country Varieties Leafy Vegetable Coconut (Rs/nut),Stable
weekly_20_2025_Eng.txt,rice,Unknown,Table 08: Selected Markets: Retail Price of Fruits (Rs/each & Rs/kg),Stable
weekly_20_2025_Eng.txt,fruit,Unknown,Mango Other Fruits,Stable
weekly_20_2025_Eng.txt,coconut,Unknown,Passion Avocado Slime Apple Grapes (Rs/kg) King CoconutWood Apple Orange,Stable
weekly_20_2025_Eng.txt,fish,Unknown,Local Dried Fish Imported Dried Fish,Stable
weekly_20_2025_Eng.txt,fish,Unknown,Imported Dried Fish,Stable
weekly_20_2025_Eng.txt,fish,Unknown,Local Dried Fish,Stable
weekly_20_2025_Eng.txt,rice,Unknown,Table 10: Selected Markets: Wholesale Price of Dried Fish (Rs/50kg),Stable
weekly_20_2025_Eng.txt,fish,Unknown,Sea Fish Eggs,Stable
weekly_20_2025_Eng.txt,rice,Unknown,Table 09: Selected Markets: Wholesale Price of Fresh Fish & Eggs (Rs/kg & Rs/egg),Stable
weekly_20_2025_Eng.txt,fish,Unknown,Sea Fish,Stable
weekly_20_2025_Eng.txt,rice,Unknown,Table 11: Selected Markets: Retail Price of Fresh Fish & Eggs (Rs/kg & Rs/eggs),Stable
weekly_20_2025_Eng.txt,fish,Unknown,Sea Fish Eggs,Stable
weekly_20_2025_Eng.txt,rice,Unknown,Table 12: Selected Markets: Retail Price of Dried Fish (Rs/kg),Stable
weekly_20_2025_Eng.txt,fish,Unknown,Dried FishLOCATIONS Sprats-Imported Kattawa Thora Mora Balaya,Stable
weekly_20_2025_Eng.txt,rice,Unknown,Table 13: Selected Markets: Retail Price of Meat (Rs/kg),Stable
weekly_20_2025_Eng.txt,chicken,Unknown,Meat Meat (Chicken) Meat,Stable
weekly_20_2025_Eng.txt,rice,Unknown,Rice Coconut,Stable
weekly_20_2025_Eng.txt,fruit,Unknown,Keeri Samba 270.00 − 300.00 286.00 269.17 311.50 6.25 -8.19 Fruits (Rs/fruit),Stable
weekly_20_2025_Eng.txt,fruit,Unknown,Raw (Red) − Passion Fruit 25.00 − 40.00 33.75 34.44 59.44 -2.02 -43.22,Stable
weekly_20_2025_Eng.txt,onion,Unknown,Onion Mango,Stable
weekly_20_2025_Eng.txt,onion,Unknown,Big Onion Kohu −,Stable
weekly_20_2025_Eng.txt,potato,Unknown,Potato Orange 70.00 − 90.00 84.00 67.78 88.75 23.93 -5.35,Stable
weekly_20_2025_Eng.txt,coconut,Unknown,Pulses King Coconut 100.00 − 160.00 138.00 155.00 156.67 -10.97 -11.91,Stable
weekly_20_2025_Eng.txt,fish,Unknown,Cowpea (White) 550.00 − 700.00 625.00 684.00 771.43 -8.63 -18.98 Sea Fish,Stable
weekly_20_2025_Eng.txt,dhal,Unknown,Red Dhal 250.00 − 255.00 252.50 255.00 278.89 -0.98 -9.46 Hurulla 1000.00 − 1200.00 1112.50 1058.33 790.83 5.12 40.67,Stable
weekly_20_2025_Eng.txt,vegetable,Unknown,Vegetable Balaya 1000.00 − 1500.00 1243.75 1158.33 910.00 7.37 36.68,Stable
weekly_20_2025_Eng.txt,egg,Unknown,Raddish 100.00 − 150.00 127.00 129.00 91.00 -1.55 39.56 Eggs,Stable
weekly_20_2025_Eng.txt,fish,Unknown,Ladies Fingers 100.00 − 250.00 178.00 237.00 113.00 -24.89 57.52 Dried Fish,Stable
weekly_20_2025_Eng.txt,potato,Unknown,Sweet Potato 200.00 − 250.00 222.00 228.00 138.00 -2.63 60.87 Maduwa (Imported) −,Stable
weekly_20_2025_Eng.txt,vegetable,Unknown,Leafy Vegetable Koduwa (Imported) −,Stable
weekly_20_2025_Eng.txt,rice,Unknown,Table 14: Colombo: Wholesale Prices (Rs/kg or Rs/piece),Stable
weekly_20_2025_Eng.txt,rice,Unknown,Average Price Change Compared to,Stable
weekly_20_2025_Eng.txt,rice,Unknown,Average Price,Stable
weekly_20_2025_Eng.txt,rice,Unknown,Rice Coconut,Stable
weekly_20_2025_Eng.txt,fruit,Unknown,Keeri Samba 280.00 − 320.00 294.55 272.31 364.76 22.24 -19.25 Fruits (Rs/fruit),Stable
weekly_20_2025_Eng.txt,fruit,Unknown,Raw (Red) − Passion Fruit 40.00 − 80.00 59.46 60.00 87.63 -0.54 -32.15,Stable
weekly_20_2025_Eng.txt,onion,Unknown,Onion Mango,Stable
weekly_20_2025_Eng.txt,onion,Unknown,Big Onion Kohu −,Stable
weekly_20_2025_Eng.txt,potato,Unknown,Potato Orange 100.00 − 160.00 127.50 90.30 122.00 37.20 4.51,Stable
weekly_20_2025_Eng.txt,coconut,Unknown,Pulses King Coconut 160.00 − 250.00 195.38 205.45 213.50 -10.07 -8.48,Stable
weekly_20_2025_Eng.txt,fish,Unknown,Cowpea (White) 700.00 − 1000.00 827.33 850.00 1032.61 -22.67 -19.88 Sea Fish,Stable
weekly_20_2025_Eng.txt,dhal,Unknown,Red Dhal 270.00 − 320.00 286.50 295.53 328.26 -9.03 -12.72 Hurulla 1300.00 − 1300.00 1300.00 1288.75 1029.29 11.25 26.30,Stable
weekly_20_2025_Eng.txt,vegetable,Unknown,Vegetable Balaya 1300.00 − 1350.00 1325.00 1456.25 1224.17 -131.25 8.24,Stable
weekly_20_2025_Eng.txt,egg,Unknown,Raddish 160.00 − 400.00 296.09 266.00 229.29 30.09 29.13 Eggs,Stable
weekly_20_2025_Eng.txt,fish,Unknown,Ladies Fingers 230.00 − 480.00 371.25 380.00 255.33 -8.75 45.40 Dried Fish,Stable
weekly_20_2025_Eng.txt,chicken,Unknown,Root Crops Chicken (Broiler) 1100.00 − 1230.00 1180.00 1157.00 1205.83 23.00 -2.14,Stable
weekly_20_2025_Eng.txt,potato,Unknown,Sweet Potato 240.00 − 400.00 328.95 331.00 285.15 -2.05 15.36 Chicken (Curry) 900.00 − 1280.00 1107.00 1075.00 1214.29 32.00 -8.84,Stable
weekly_20_2025_Eng.txt,vegetable,Unknown,Leafy Vegetable Pork 1600.00 − 2200.00 1850.00 1700.00 1300.00 150.00 42.31,Stable
weekly_20_2025_Eng.txt,rice,Unknown,Table 15: Colombo &Suburbs: Retail Prices (Rs/kg or Rs/piece),Stable
weekly_20_2025_Eng.txt,rice,Unknown,Average Price Change Compared to,Stable
weekly_20_2025_Eng.txt,rice,Unknown,Average Price Change Compared to,Stable
weekly_20_2025_Eng.txt,vegetable,Unknown,Paddy Vegetable (Up Country) Snake Gourd,Increase
weekly_20_2025_Eng.txt,onion,Unknown,Red Onion Badulla 220.00 − 270.00 246.67 Long Beans,Stable
weekly_20_2025_Eng.txt,onion,Unknown,Big Onion Welimada 480.00 − 530.00 504.00 Embilipitiya 170.00 − 180.00 175.00,Stable
weekly_20_2025_Eng.txt,potato,Unknown,Potato Hambantota −,Stable
weekly_20_2025_Eng.txt,vegetable,Unknown,N'Eliya 250.00 − 260.00 254.00 Vegetable (Low Country) Embilipitiya 40.00 − 60.00 52.50,Stable
weekly_20_2025_Eng.txt,fruit,Unknown,Moneragala 580.00 − 600.00 592.00 Brinjal Fruits (Rs/kg),Stable
weekly_20_2025_Eng.txt,rice,Unknown,Table 16: Farmgate/Producer Prices of Food Commodities in Selected Producing Areas (Rs/kg),Stable
weekly_20_2025_Eng.txt,rice,Unknown,PriceCOMMODITY Range Average,Stable
weekly_20_2025_Eng.txt,rice,Unknown,Price COMMODITY Range Average,Stable
weekly_20_2025_Eng.txt,rice,Unknown,Price COMMODITY,Stable
weekly_20_2025_Eng.txt,rice,Unknown,Rice,Stable
weekly_20_2025_Eng.txt,onion,Unknown,Red Onion,Stable
weekly_20_2025_Eng.txt,onion,Unknown,Big Onion,Stable
weekly_20_2025_Eng.txt,potato,Unknown,Potato,Stable
weekly_20_2025_Eng.txt,dhal,Unknown,Red Dhal 270.00 − 280.00 280.00 − 290.00 280.00 − 290.00 290.00 − 320.00 280.00 − 290.00 290.00 − 290.00 280.00 − 280.00 270.00 − 270.00 280.00 − 280.00,Stable
weekly_20_2025_Eng.txt,rice,Unknown,Annex 01 - Colombo Markets: Retail Prices of Rice and Subsidiary Food Crops (Rs/kg) Week 20: 16 - 22 May 2025,Stable
weekly_20_2025_Eng.txt,vegetable,Unknown,Vegetable,Stable
weekly_20_2025_Eng.txt,potato,Unknown,Sweet Potato 240.00 − 280.00 320.00 − 360.00 360.00 − 400.00 400.00 − 400.00 340.00 − 360.00 − 280.00 − 300.00 400.00 − 400.00 320.00 − 340.00,Stable
weekly_20_2025_Eng.txt,vegetable,Unknown,Leafy Vegetable,Stable
weekly_20_2025_Eng.txt,coconut,Unknown,Coconut,Stable
weekly_20_2025_Eng.txt,rice,Unknown,Annex 02 - Colombo Markets: Retail Prices of Vegetables (Rs/kg) and Coconut (Rs/nut),Stable
weekly_20_2025_Eng.txt,fruit,Unknown,Other Fruits,Stable
weekly_20_2025_Eng.txt,coconut,Unknown,King Coconut 170.00 − 180.00 200.00 − 200.00 200.00 − 250.00 200.00 − 200.00 180.00 − 200.00 240.00 − 240.00 180.00 − 180.00 180.00 − 200.00 160.00 − 160.00,Stable
weekly_20_2025_Eng.txt,rice,Unknown,Annex 03 - Colombo Markets: Retail Prices of Fruits (Rs/fruit),Stable
weekly_20_2025_Eng.txt,fish,Unknown,Sea Fish,Stable
weekly_20_2025_Eng.txt,egg,Unknown,30 Eggs (Rs/egg),Stable
weekly_20_2025_Eng.txt,fish,Unknown,Dried Fish,Stable
weekly_20_2025_Eng.txt,chicken,Unknown,Chicken (Broiler) 1120.00 − 1120.00 1230.00 − 1230.00 1220.00 − 1220.00 1180.00 − 1180.00 1180.00 − 1180.00 1150.00 − 1150.00 1100.00 − 1100.00 1180.00 − 1200.00 1200.00 − 1200.00,Stable
weekly_20_2025_Eng.txt,chicken,Unknown,Chicken (Curry) 1000.00 − 1000.00 1100.00 − 1100.00 1220.00 − 1220.00 1280.00 − 1280.00 1000.00 − 1000.00 900.00 − 900.00 950.00 − 950.00 1200.00 − 1200.00 1200.00 − 1200.00,Stable
weekly_20_2025_Eng.txt,rice,Unknown,Annex 04 - Colombo Markets: Retail Prices of Sea Fish and Dried Fish (Rs/kg),Stable
weekly_20_2025_Eng.txt,rice,Unknown,Rice - (white Kekulu - normal ) 361 9.88 1.52 - 0.03 0.09 10.67 - 6.94 26.29 1.22 1.5,Stable
weekly_20_2025_Eng.txt,rice,Unknown,Rice - (white Kekulu Samba) 355 8.81 1.53 - 0.03 0.09 8.11 - 9.82 30.48 0.92 1.7,Stable
weekly_20_2025_Eng.txt,rice,Unknown,Rice - ( Red Kekulu - normal ) 366 8.64 2.12 - 0.05 0.1 8.39 - 4.73 31.7 0.88 1.84,Stable
weekly_20_2025_Eng.txt,rice,Unknown,Rice -Samba 369 6.86 2.45 - 0.05 0.13 12.79 - 8.71 37.26 1.18 1.49,Stable
weekly_20_2025_Eng.txt,rice,Unknown,Rice - Nadu White 366 7.76 1.48 - 0.03 0.12 9.35 - 4.57 20.1 0.64 1.61,Stable
weekly_20_2025_Eng.txt,onion,Unknown,Onion,Stable
weekly_20_2025_Eng.txt,onion,Unknown,Big onions 48 1.67 0.24 0.16 0.01 0.1 32.99 7.58 14.82 16.94 0.45 0.25,Stable
weekly_20_2025_Eng.txt,onion,Unknown,Red onions 55 2.13 0.15 0.18 0.02 0.13 30.15 14.26 20.37 19.32 0.31 0.28,Stable
weekly_20_2025_Eng.txt,potato,Unknown,Potatoes 71 1.67 0.25 0.01 0.09 14.31 20.5 9.83 23.84 0.46 0.29,Stable
weekly_20_2025_Eng.txt,dhal,Unknown,Red Dhal 319 23.09 0.77 1.06 1.6 0.22 55 NA 41.27 66.63 7.45 3.34,Stable
weekly_20_2025_Eng.txt,vegetable,Unknown,Vegetables,Stable
weekly_20_2025_Eng.txt,rice,Unknown,Rice,Stable
weekly_20_2025_Eng.txt,egg,Unknown,Brinjal (Chinese eggplant) 24 1.28 0.33 16.83 0.12 0.11 32.94 3.37 14.4 21.18 0.28 0.16,Stable
weekly_20_2025_Eng.txt,egg,Unknown,Thalana batu (Thai eggplant) 21 1.45 0.26 18.33 0.11 0.09 31.18 2.71 17.24 37.22 0.37 0.24,Stable
weekly_20_2025_Eng.txt,coconut,Unknown,Coconuts nuts 390 3.67 39.92 - 0.05 0.11 14.86 -,Stable
weekly_20_2025_Eng.txt,potato,Unknown,Sweet potato 108 1.27 0.33 NA 0.04 0.09 14.44 22.2 28.93 21.05 0.51 0.14,Stable
weekly_20_2025_Eng.txt,vegetable,Unknown,Leafy Vegetables,Stable
weekly_20_2025_Eng.txt,onion,Unknown,Onion leaves 27 2.01 0.26 NA 0.04 0.18 56.8 23.38 35.21 74.95 3.15 0.77,Stable
weekly_20_2025_Eng.txt,fruit,Unknown,Jackfruit pods 25 2.14 0.34 NA 0.03 0.04 30.7 24.77 37.32 26.08 0.3 0.17,Stable
weekly_20_2025_Eng.txt,fruit,Unknown,Jackfruit seeds 77 5.66 0.44 NA 0.02 0.08 58.91 15.24 40.87 50.14 0.52 0.42,Stable
weekly_20_2025_Eng.txt,chicken,Unknown,Chicken 176 23.14 9.24 6.88 0.07 0.49 10.09 - 15.06 20.18 0.75 0.64,Stable
weekly_20_2025_Eng.txt,fish,Unknown,Fish,Stable
weekly_20_2025_Eng.txt,fish,Unknown,Cuttle fish 76 16.82 0.93 1.93 0.02 0.04 6.22 8.73 35.46 0.62 1.3,Stable
weekly_20_2025_Eng.txt,fish,Unknown,Dried Fish,Stable
weekly_20_2025_Eng.txt,egg,Unknown,Eggs,Stable
weekly_20_2025_Eng.txt,egg,Unknown,Hen eggs (Country) 170 13.14 13 208 0.08 0.18 54.6 50.14 11.04 1.64 1.12,Stable
weekly_20_2025_Eng.txt,egg,Unknown,Hen eggs (Table) 135 13.55 9.03 200 0.19 0.19 49.46 63.3 12 2.39 1.73,Stable
weekly_20_2025_Eng.txt,egg,Unknown,Quail eggs 153 12.39 11.46 153 0.11 0.17 54.86 60.67 11.21 2.55 1.51,Stable
weekly_20_2025_Eng.txt,fruit,Unknown,Fruits,Stable
weekly_20_2025_Eng.txt,rice,Unknown,Price Collecting Areas,Stable
weekly_11_2025_Eng.txt,vegetable,Unknown,Vegetables,Stable
weekly_11_2025_Eng.txt,fruit,Unknown,Fruits,Stable
weekly_11_2025_Eng.txt,fish,Unknown,Fish and Dried Fish,Stable
weekly_11_2025_Eng.txt,rice,Unknown,Rice,Stable
weekly_11_2025_Eng.txt,rice,Increase,Prices of most of the fruits have increased due to  in-,Increase
weekly_11_2025_Eng.txt,rice,Unknown,Prices of all most all the fresh fish and dry fish varieties,Stable
weekly_11_2025_Eng.txt,rice,Unknown,Prices of green gram and cowpea (Red and White) have,Stable
weekly_11_2025_Eng.txt,rice,Increase,Prices of most of the vegetables have increased with the,Increase
weekly_11_2025_Eng.txt,rice,Increase,highest price increases of Rs.133.00/kg for green beans.,Increase
weekly_11_2025_Eng.txt,rice,Unknown,Retail prices of all most all the local rice varieties have,Stable
weekly_11_2025_Eng.txt,rice,Unknown,prices of all the local rice varieties has surpassed the,Stable
weekly_11_2025_Eng.txt,rice,Unknown,maximum retail price.,Stable
weekly_11_2025_Eng.txt,rice,Unknown,Rice,Stable
weekly_11_2025_Eng.txt,rice,Unknown,"Prices of samba  grade I, samba grade II",Stable
weekly_11_2025_Eng.txt,rice,Unknown,slightly by   2% and 1% an d price,Stable
weekly_11_2025_Eng.txt,rice,Unknown,Prices of all other local rice varieties have,Stable
weekly_11_2025_Eng.txt,rice,Unknown,Imported rice varieties was also available,Stable
weekly_11_2025_Eng.txt,rice,Unknown,prices,Stable
weekly_11_2025_Eng.txt,rice,Unknown,most of the rice varieties have seen price,Stable
weekly_11_2025_Eng.txt,rice,Increase,"increases, with  the highest price increase",Increase
weekly_11_2025_Eng.txt,rice,Unknown,of 26% for raw red. Price of keeri samba,Stable
weekly_11_2025_Eng.txt,rice,Unknown,The retail prices of all types of rice,Stable
weekly_11_2025_Eng.txt,rice,Decrease,highest price decreased of Rs.10.00/kg was,Decrease
weekly_11_2025_Eng.txt,rice,Increase,the highest price increase of 26% was,Increase
weekly_11_2025_Eng.txt,rice,Decrease,price decreased of 24% was recorded for,Decrease
weekly_11_2025_Eng.txt,rice,Unknown,The average farm gate prices of major,Stable
weekly_11_2025_Eng.txt,rice,Unknown,farm gate price of keeri samba paddy has,Stable
weekly_11_2025_Eng.txt,rice,Decrease,Kalawewa areas while price has decreased,Decrease
weekly_11_2025_Eng.txt,rice,Unknown,respectively. Farm gate price of keeri,Stable
weekly_11_2025_Eng.txt,rice,Unknown,145.00/kg. The average farm gate price of,Stable
weekly_11_2025_Eng.txt,rice,Unknown,Kurunegala and Nikeweratiya . Its prices,Stable
weekly_11_2025_Eng.txt,rice,Unknown,price ranged from Rs.110.00 -132.00/kg.,Stable
weekly_11_2025_Eng.txt,rice,Unknown,"Further, price for long grain red paddy has",Stable
weekly_11_2025_Eng.txt,rice,Decrease,decreased by Rs.1.00 -6.00/kg and price,Decrease
weekly_11_2025_Eng.txt,rice,Unknown,the average prices for all the major paddy,Stable
weekly_11_2025_Eng.txt,rice,Unknown,The price of imported dried chilies has not,Stable
weekly_11_2025_Eng.txt,rice,Increase,increased significantly and  price ranged,Increase
weekly_11_2025_Eng.txt,rice,Unknown,current wholesale price of imported dried,Stable
weekly_11_2025_Eng.txt,rice,Unknown,The retail price of imported dried chili es,Stable
weekly_11_2025_Eng.txt,rice,Decrease,has decreased by Rs.6.00/kg and price,Decrease
weekly_11_2025_Eng.txt,rice,Unknown,the current retail price of imported dried,Stable
weekly_11_2025_Eng.txt,onion,Unknown,Onion,Stable
weekly_11_2025_Eng.txt,rice,Unknown,"Prices of sinnan, vedalan and imported red",Stable
weekly_11_2025_Eng.txt,onion,Decrease,onion   have decreased in the range of 1%-,Decrease
weekly_11_2025_Eng.txt,rice,Unknown,4%. Price of i mported big onion has,Stable
weekly_11_2025_Eng.txt,rice,Unknown,sufficient stocks and price ranged from,Stable
weekly_11_2025_Eng.txt,rice,Unknown,current whole sale price of vedalan and,Stable
weekly_11_2025_Eng.txt,onion,Decrease,imported red onion have decreased by,Decrease
weekly_11_2025_Eng.txt,onion,Unknown,27% and 32% while imported big onion,Stable
weekly_11_2025_Eng.txt,rice,Unknown,The retail prices of imported big onion and,Stable
weekly_11_2025_Eng.txt,onion,Decrease,imported red onion have decreased by,Decrease
weekly_11_2025_Eng.txt,rice,Unknown,the current retail price of imported big,Stable
weekly_11_2025_Eng.txt,onion,Decrease,onion has decreased by 73% and imported,Decrease
weekly_11_2025_Eng.txt,onion,Increase,red onion has increased by 4%.,Increase
weekly_11_2025_Eng.txt,potato,Unknown,Potato,Stable
weekly_11_2025_Eng.txt,rice,Unknown,"The Price of Welimada, Nuwara Eliya and",Stable
weekly_11_2025_Eng.txt,potato,Decrease,imported potatoe s have decreased in the,Decrease
weekly_11_2025_Eng.txt,rice,Unknown,of sufficient stocks and price,Stable
weekly_11_2025_Eng.txt,rice,Unknown,current wholesale price  of all potato,Stable
weekly_11_2025_Eng.txt,rice,Unknown,The retail prices of all types of potatoes,Stable
weekly_11_2025_Eng.txt,rice,Decrease,price decreased of Rs.4.00/kg was recorded,Decrease
weekly_11_2025_Eng.txt,potato,Unknown,for imported potato.,Stable
weekly_11_2025_Eng.txt,rice,Unknown,the current ret ail prices of all types of,Stable
weekly_11_2025_Eng.txt,potato,Increase,potatoes have increased with the highest,Increase
weekly_11_2025_Eng.txt,rice,Increase,price increase of 5% was recorded for,Increase
weekly_11_2025_Eng.txt,potato,Unknown,Nuwara Eliya potato.,Stable
weekly_11_2025_Eng.txt,rice,Unknown,Price of white cowpea and red cowpea,Stable
weekly_11_2025_Eng.txt,rice,Unknown,sufficient stocks  and price ranged,Stable
weekly_11_2025_Eng.txt,rice,Unknown,550.00/kg. Price of red dhal have not,Stable
weekly_11_2025_Eng.txt,rice,Increase,increased significantly and average price,Increase
weekly_11_2025_Eng.txt,rice,Unknown,current whole sale prices of all pulses,Stable
weekly_11_2025_Eng.txt,rice,Unknown,The retail prices of all types of pulses,Stable
weekly_11_2025_Eng.txt,dhal,Decrease,except for red dhal have decreased  with,Decrease
weekly_11_2025_Eng.txt,rice,Unknown,notable price reduction of Rs.54. 00/kg for,Stable
weekly_11_2025_Eng.txt,rice,Unknown,the current retail prices of all types of,Stable
weekly_11_2025_Eng.txt,rice,Decrease,price decreased of 39% for green gram.,Decrease
weekly_11_2025_Eng.txt,vegetable,Unknown,Vegetable,Stable
weekly_11_2025_Eng.txt,rice,Unknown,Prices of most of the vegetables have,Stable
weekly_11_2025_Eng.txt,rice,Unknown,Most of the upcountry vegetable prices,Increase
weekly_11_2025_Eng.txt,rice,Unknown,"Puttalam areas, following prices of green",Stable
weekly_11_2025_Eng.txt,rice,Unknown,"However, price of carrot, leeks and",Stable
weekly_11_2025_Eng.txt,rice,Unknown,"-19%. Further, the price of tomato has",Stable
weekly_11_2025_Eng.txt,vegetable,Unknown,"Considering low-country vegetables, most",Stable
weekly_11_2025_Eng.txt,vegetable,Unknown,of the vegetable varieties experienced,Stable
weekly_11_2025_Eng.txt,rice,Increase,"price increase. Particularly, price of",Increase
weekly_11_2025_Eng.txt,rice,Unknown,"following prices of snake gourd, luffa and",Stable
weekly_11_2025_Eng.txt,rice,Decrease,of 8%-27% with decreased supply. Prices,Increase
weekly_11_2025_Eng.txt,rice,Unknown,"However, price of cucumber, pumpkin",Stable
weekly_11_2025_Eng.txt,rice,Unknown,"addition, price of green chilies has",Stable
weekly_11_2025_Eng.txt,rice,Increase,increased by 29% while price of,Increase
weekly_11_2025_Eng.txt,rice,Increase,"most vegetable prices have increased,",Increase
weekly_11_2025_Eng.txt,rice,Unknown,Retail prices of most of the vegetable,Stable
weekly_11_2025_Eng.txt,rice,Increase,"vegetables, the highest price increase was",Increase
weekly_11_2025_Eng.txt,vegetable,Unknown,"Considering the low -country vegetables,",Stable
weekly_11_2025_Eng.txt,rice,Unknown,luffa price showed a significant price,Stable
weekly_11_2025_Eng.txt,rice,Increase,gourd has a significant price increase of,Increase
weekly_11_2025_Eng.txt,rice,Decrease,Rs.64.00/kg. Capsicum prices decreased,Decrease
weekly_11_2025_Eng.txt,rice,Decrease,/kg) showed a price decrease compared to,Decrease
weekly_11_2025_Eng.txt,rice,Increase,last week but a 100% price increase,Increase
weekly_11_2025_Eng.txt,rice,Unknown,"last year, prices of most of th e varieties",Stable
weekly_11_2025_Eng.txt,rice,Decrease,have decreased while a notable price drop,Decrease
weekly_11_2025_Eng.txt,coconut,Unknown,Coconut,Stable
weekly_11_2025_Eng.txt,rice,Unknown,Prices of both large and small nuts,Stable
weekly_11_2025_Eng.txt,rice,Unknown,respectively. Price ranges were,Stable
weekly_11_2025_Eng.txt,rice,Unknown,the current wholesale prices of large and,Stable
weekly_11_2025_Eng.txt,rice,Unknown,Prices of large and small nuts showed a,Stable
weekly_11_2025_Eng.txt,rice,Unknown,"price drop of Rs.9.00/nut and Rs. 4.00/nut,",Stable
weekly_11_2025_Eng.txt,rice,Unknown,respectively. Price ranges were Rs.190.00,Stable
weekly_11_2025_Eng.txt,rice,Unknown,prices of large nuts (76%) and small nuts,Stable
weekly_11_2025_Eng.txt,fruit,Unknown,Fruits,Stable
weekly_11_2025_Eng.txt,rice,Unknown,Wholesale prices of many fruits have,Stable
weekly_11_2025_Eng.txt,rice,Decrease,The highest price decrease was recorded,Decrease
weekly_11_2025_Eng.txt,rice,Unknown,"for betti mangoes, at 38%.  Prices for",Stable
weekly_11_2025_Eng.txt,fruit,Decrease,papaya and passion fruits have fallen by,Decrease
weekly_11_2025_Eng.txt,rice,Unknown,"harvest season, prices for karthakolomban",Stable
weekly_11_2025_Eng.txt,rice,Decrease,Prices for wood apple decreased by 13%,Decrease
weekly_11_2025_Eng.txt,rice,Increase,"to increased demand, prices for slime",Increase
weekly_11_2025_Eng.txt,rice,Unknown,Wholesale prices for the most of fruits,Stable
weekly_11_2025_Eng.txt,rice,Unknown,"prices, retail prices of most of the fruits",Stable
weekly_11_2025_Eng.txt,rice,Decrease,have also decreased. The highest price,Decrease
weekly_11_2025_Eng.txt,fruit,Decrease,decrease of Rs.72.00/fruit was,Decrease
weekly_11_2025_Eng.txt,rice,Unknown,reported for ka rthakolomban.  The price,Stable
weekly_11_2025_Eng.txt,fruit,Unknown,Rs.44.00/fruit.,Stable
weekly_11_2025_Eng.txt,fruit,Unknown,"In addition, papaw, passion fruit, avocado,",Stable
weekly_11_2025_Eng.txt,coconut,Decrease,king coconut has decreased by,Decrease
weekly_11_2025_Eng.txt,fruit,Unknown,"Rs.43.00/kg,Rs.32.00/fruit, Rs.31.00/fruit,",Stable
weekly_11_2025_Eng.txt,fruit,Unknown,"Rs.28.00/fruit, Rs.13.00/fruit and",Stable
weekly_11_2025_Eng.txt,fruit,Unknown,"Rs.12.00/fruit respectively. However,",Stable
weekly_11_2025_Eng.txt,rice,Increase,price of banana varieties have increased in,Increase
weekly_11_2025_Eng.txt,rice,Increase,the highest price increase of 76% and the,Increase
weekly_11_2025_Eng.txt,rice,Decrease,highest price decrease of 42% was,Decrease
weekly_11_2025_Eng.txt,fish,Unknown,Fresh Fish,Stable
weekly_11_2025_Eng.txt,rice,Unknown,Wholesale prices of all the fresh fish types,Stable
weekly_11_2025_Eng.txt,rice,Increase,The highest price increase of 19% was,Increase
weekly_11_2025_Eng.txt,rice,Unknown,"prices of thora, kelawalla, balaya, hurulla",Stable
weekly_11_2025_Eng.txt,rice,Unknown,respectively. prices of other fresh fish,Stable
weekly_11_2025_Eng.txt,rice,Unknown,current wholesale prices of most  of the,Stable
weekly_11_2025_Eng.txt,fish,Increase,fresh fish types have increased with the,Increase
weekly_11_2025_Eng.txt,rice,Increase,highest price increase of 109% was noted,Increase
weekly_11_2025_Eng.txt,rice,Unknown,The prices of other fish varieties except,Stable
weekly_11_2025_Eng.txt,rice,Increase,price increase was recorded for Shrimps,Increase
weekly_11_2025_Eng.txt,rice,Unknown,by Rs.176.00/kg. The second highest price,Stable
weekly_11_2025_Eng.txt,rice,Increase,Rs.155.00/kg. Price increase of paraw and,Increase
weekly_11_2025_Eng.txt,rice,Unknown,and Rs.91.00/kg respectively. Price,Stable
weekly_11_2025_Eng.txt,rice,Decrease,Rs.89.00/kg. Price decrease of hurulla has,Decrease
weekly_11_2025_Eng.txt,fish,Unknown,other fish varieties except paraw and,Stable
weekly_11_2025_Eng.txt,rice,Increase,price increase was recorded for hurulla by,Increase
weekly_11_2025_Eng.txt,fish,Unknown,Dried Fish,Stable
weekly_11_2025_Eng.txt,rice,Unknown,Prices of most of the dried fish types have,Stable
weekly_11_2025_Eng.txt,rice,Increase,fish supply. A price increase of 9% was,Increase
weekly_11_2025_Eng.txt,rice,Decrease,"areas. However, a price decrease of 5 %",Decrease
weekly_11_2025_Eng.txt,rice,Unknown,Negombo areas. Prices of other dried fish,Stable
weekly_11_2025_Eng.txt,rice,Unknown,current wholesale prices of most of the,Stable
weekly_11_2025_Eng.txt,fish,Increase,dried fish types have increased and the,Increase
weekly_11_2025_Eng.txt,rice,Unknown,The prices of other dry fish varieties,Stable
weekly_11_2025_Eng.txt,rice,Increase,highest price increase was recorded for,Increase
weekly_11_2025_Eng.txt,rice,Increase,balaya by Rs.74.00/kg. Price increase of,Increase
weekly_11_2025_Eng.txt,rice,Decrease,Price decrease of local sprats has recorded,Decrease
weekly_11_2025_Eng.txt,rice,Decrease,the highest price decrease was recorded,Decrease
weekly_11_2025_Eng.txt,rice,Unknown,for local sprats by 22%. The highest price,Stable
weekly_11_2025_Eng.txt,egg,Unknown,Eggs,Stable
weekly_11_2025_Eng.txt,rice,Unknown,Prices of both brown and white eggs have,Stable
weekly_11_2025_Eng.txt,rice,Decrease,decreased by 1% and their prices ranged,Decrease
weekly_11_2025_Eng.txt,egg,Unknown,Rs. 30.00-34.00/ egg and Rs.28.00 -31.00/,Stable
weekly_11_2025_Eng.txt,egg,Unknown,egg respectively.,Stable
weekly_11_2025_Eng.txt,rice,Unknown,prices of both brown and white eggs have,Stable
weekly_11_2025_Eng.txt,rice,Unknown,The prices of both brown and white egg,Stable
weekly_11_2025_Eng.txt,rice,Unknown,types have not changed and the price,Stable
weekly_11_2025_Eng.txt,egg,Unknown,range of a white egg has recorded as,Stable
weekly_11_2025_Eng.txt,rice,Unknown,Rs.29.00-Rs.33.00 and the price range of,Stable
weekly_11_2025_Eng.txt,egg,Unknown,a Brown egg has recorded as Rs.31.00 -,Stable
weekly_11_2025_Eng.txt,rice,Unknown,Rs.35.00. The average price of the white,Stable
weekly_11_2025_Eng.txt,egg,Unknown,and brown egg types has recorded as,Stable
weekly_11_2025_Eng.txt,rice,Unknown,the prices of both egg varieties have,Stable
weekly_11_2025_Eng.txt,rice,Unknown,The prices of other meat types except beef,Stable
weekly_11_2025_Eng.txt,rice,Increase,have increased and  the highest price,Increase
weekly_11_2025_Eng.txt,rice,Increase,Rs.113.00/kg. Price increase of broiler,Increase
weekly_11_2025_Eng.txt,chicken,Unknown,and curry chicken have recorded as,Stable
weekly_11_2025_Eng.txt,rice,Increase,Price increase of mutton has recorded as,Increase
weekly_11_2025_Eng.txt,chicken,Increase,chicken have increased and the highest,Increase
weekly_11_2025_Eng.txt,rice,Increase,price increase was recorded for beef by,Increase
weekly_11_2025_Eng.txt,rice,Unknown,relating to wholesale and retail prices of,Stable
weekly_11_2025_Eng.txt,rice,Unknown,"as prevailing prices, price ranges, averages,",Stable
weekly_11_2025_Eng.txt,rice,Unknown,and a comparison of weekly prices. The,Stable
weekly_11_2025_Eng.txt,rice,Unknown,changes in prices reported are always with,Stable
weekly_11_2025_Eng.txt,rice,Unknown,price prevailed during the previous week,Stable
weekly_11_2025_Eng.txt,rice,Unknown,"price information is twice a week ( i.e.,",Stable
weekly_11_2025_Eng.txt,rice,Unknown,"prices, it is thrice a week ( i.e., Friday,",Stable
weekly_11_2025_Eng.txt,rice,Unknown,Rice VarietiesLOCATIONS,Stable
weekly_11_2025_Eng.txt,rice,Unknown,Table 01: Selected Markets:Wholesale Price of Rice (Rs/50kg bag),Stable
weekly_11_2025_Eng.txt,rice,Unknown,Table 02: Selected Markets: Retail Price of Rice (Rs/kg),Stable
weekly_11_2025_Eng.txt,rice,Unknown,LOCATIONS Rice Varieties,Stable
weekly_11_2025_Eng.txt,rice,Unknown,Table 04: Selected Markets:Wholesale Price of Subsidiary Food (Rs/50kg),Stable
weekly_11_2025_Eng.txt,onion,Unknown,Dried Chillies Red Onion Big Onion PotatoLOCATION Imported Imported Local Imported Welimada,Stable
weekly_11_2025_Eng.txt,dhal,Unknown,Green Gram Cowpea Red Dhal,Stable
weekly_11_2025_Eng.txt,rice,Unknown,Table 05: Selected Markets: Retail Price of Subsidiary Food Crops (Rs/kg),Stable
weekly_11_2025_Eng.txt,onion,Unknown,Dried Chillies Red Onion Big Onion Potato Pulses,Stable
weekly_11_2025_Eng.txt,dhal,Unknown,Green Gram Cowpea Red Dhal,Stable
weekly_11_2025_Eng.txt,rice,Unknown,Table 06: Selected Markets: Wholesale Price of Vegetables(Rs/kg),Stable
weekly_11_2025_Eng.txt,potato,Unknown,ManiocLong Beans Ash Plantain Green Chillies Lime Sweet Potatoe,Stable
weekly_11_2025_Eng.txt,rice,Unknown,"Colombo, Meegoda, Norochchole, Jaffna,Dambulla and Kandy - Gotukola Price Rs/Kg",Stable
weekly_11_2025_Eng.txt,vegetable,Unknown,Leafy Vegetables (Rs/bundle),Stable
weekly_11_2025_Eng.txt,coconut,Unknown,Coconut (Rs/nut),Stable
weekly_11_2025_Eng.txt,rice,Unknown,Table 07: Selected Markets: Retail Price of Vegetables (Rs/kg),Stable
weekly_11_2025_Eng.txt,potato,Unknown,Sweet Potato Large Small,Stable
weekly_11_2025_Eng.txt,vegetable,Unknown,Low Country Varieties Leafy Vegetable Coconut (Rs/nut),Stable
weekly_11_2025_Eng.txt,rice,Unknown,Table 08: Selected Markets: Retail Price of Fruits (Rs/each & Rs/kg),Stable
weekly_11_2025_Eng.txt,fruit,Unknown,Mango Other Fruits,Stable
weekly_11_2025_Eng.txt,coconut,Unknown,Passion Avocado Slime Apple Grapes (Rs/kg) King CoconutWood Apple Orange,Stable
weekly_11_2025_Eng.txt,fish,Unknown,Local Dried Fish Imported Dried Fish,Stable
weekly_11_2025_Eng.txt,fish,Unknown,Imported Dried Fish,Stable
weekly_11_2025_Eng.txt,fish,Unknown,Local Dried Fish,Stable
weekly_11_2025_Eng.txt,rice,Unknown,Table 10: Selected Markets: Wholesale Price of Dried Fish (Rs/50kg),Stable
weekly_11_2025_Eng.txt,fish,Unknown,Sea Fish Eggs,Stable
weekly_11_2025_Eng.txt,rice,Unknown,Table 09: Selected Markets: Wholesale Price of Fresh Fish & Eggs (Rs/kg & Rs/egg),Stable
weekly_11_2025_Eng.txt,fish,Unknown,Sea Fish,Stable
weekly_11_2025_Eng.txt,rice,Unknown,Table 11: Selected Markets: Retail Price of Fresh Fish & Eggs (Rs/kg & Rs/eggs),Stable
weekly_11_2025_Eng.txt,fish,Unknown,Sea Fish Eggs,Stable
weekly_11_2025_Eng.txt,rice,Unknown,Table 12: Selected Markets: Retail Price of Dried Fish (Rs/kg),Stable
weekly_11_2025_Eng.txt,fish,Unknown,Dried FishLOCATIONS Sprats-Imported Kattawa Thora Mora Balaya,Stable
weekly_11_2025_Eng.txt,rice,Unknown,Table 13: Selected Markets: Retail Price of Meat (Rs/kg),Stable
weekly_11_2025_Eng.txt,chicken,Unknown,Meat Meat (Chicken) Meat,Stable
weekly_11_2025_Eng.txt,rice,Unknown,Rice Coconut,Stable
weekly_11_2025_Eng.txt,fruit,Unknown,Keeri Samba 260.00 − 280.00 270.83 267.50 320.00 1.25 -15.36 Fruits (Rs/fruit),Stable
weekly_11_2025_Eng.txt,fruit,Unknown,Raw (Red) − Passion Fruit 50.00 − 70.00 63.00 87.78 111.50 -28.23 -43.50,Stable
weekly_11_2025_Eng.txt,onion,Unknown,Onion Mango,Stable
weekly_11_2025_Eng.txt,onion,Unknown,Big Onion Kohu −,Stable
weekly_11_2025_Eng.txt,potato,Unknown,Potato Orange 40.00 − 50.00 44.44 41.88 35.00 6.14 26.98,Stable
weekly_11_2025_Eng.txt,coconut,Unknown,Pulses King Coconut 150.00 − 230.00 188.89 196.25 161.88 -3.75 16.69,Stable
weekly_11_2025_Eng.txt,fish,Unknown,Cowpea (White) 580.00 − 700.00 638.33 675.00 776.67 -5.43 -17.81 Sea Fish,Stable
weekly_11_2025_Eng.txt,dhal,Unknown,Red Dhal 255.00 − 265.00 261.00 259.67 288.33 0.51 -9.48 Hurulla 650.00 − 1100.00 856.67 740.00 410.00 15.77 108.94,Stable
weekly_11_2025_Eng.txt,vegetable,Unknown,Vegetable Balaya 800.00 − 1000.00 900.00 798.33 556.25 12.73 61.80,Stable
weekly_11_2025_Eng.txt,egg,Unknown,Raddish 80.00 − 140.00 103.00 107.00 67.00 -3.74 53.73 Eggs,Stable
weekly_11_2025_Eng.txt,fish,Unknown,Ladies Fingers 200.00 − 260.00 238.00 221.00 91.00 7.69 161.54 Dried Fish,Stable
weekly_11_2025_Eng.txt,potato,Unknown,Sweet Potato 130.00 − 180.00 156.00 143.00 125.00 9.09 24.80 Maduwa (Imported) −,Stable
weekly_11_2025_Eng.txt,vegetable,Unknown,Leafy Vegetable Koduwa (Imported) −,Stable
weekly_11_2025_Eng.txt,rice,Unknown,Table 14: Colombo: Wholesale Prices (Rs/kg or Rs/piece),Stable
weekly_11_2025_Eng.txt,rice,Unknown,Average Price Change Compared to,Stable
weekly_11_2025_Eng.txt,rice,Unknown,Average Price,Stable
weekly_11_2025_Eng.txt,rice,Unknown,Rice Coconut,Stable
weekly_11_2025_Eng.txt,fruit,Unknown,Keeri Samba 260.00 − 320.00 283.24 293.45 372.92 -10.21 -24.05 Fruits (Rs/fruit),Stable
weekly_11_2025_Eng.txt,fruit,Unknown,Raw (Red) − Passion Fruit 60.00 − 120.00 90.00 121.43 153.00 -31.43 -41.18,Stable
weekly_11_2025_Eng.txt,onion,Unknown,Onion Mango,Stable
weekly_11_2025_Eng.txt,onion,Unknown,Big Onion Kohu −,Stable
weekly_11_2025_Eng.txt,potato,Unknown,Potato Orange 60.00 − 120.00 97.89 94.39 71.25 3.51 37.40,Stable
weekly_11_2025_Eng.txt,coconut,Unknown,Pulses King Coconut 200.00 − 300.00 250.63 262.22 190.00 -11.60 31.91,Stable
weekly_11_2025_Eng.txt,fish,Unknown,Cowpea (White) 700.00 − 900.00 797.60 851.90 1186.36 -54.30 -32.77 Sea Fish,Stable
weekly_11_2025_Eng.txt,dhal,Unknown,Red Dhal 280.00 − 340.00 298.68 296.67 336.67 2.02 -11.28 Hurulla 800.00 − 1100.00 964.29 1024.17 767.14 -59.88 25.70,Stable
weekly_11_2025_Eng.txt,vegetable,Unknown,Vegetable Balaya 900.00 − 1000.00 941.67 871.43 792.22 70.24 18.86,Stable
weekly_11_2025_Eng.txt,egg,Unknown,Raddish 150.00 − 360.00 238.89 244.00 220.00 -5.11 8.59 Eggs,Stable
weekly_11_2025_Eng.txt,fish,Unknown,Ladies Fingers 280.00 − 420.00 360.69 328.00 261.72 32.69 37.81 Dried Fish,Stable
weekly_11_2025_Eng.txt,chicken,Unknown,Root Crops Chicken (Broiler) 1140.00 − 1320.00 1237.50 1223.33 1275.45 14.17 -2.98,Stable
weekly_11_2025_Eng.txt,potato,Unknown,Sweet Potato 200.00 − 340.00 273.10 266.30 278.82 6.81 -2.05 Chicken (Curry) 1100.00 − 1400.00 1218.18 1186.36 1328.18 31.82 -8.28,Stable
weekly_11_2025_Eng.txt,vegetable,Unknown,Leafy Vegetable Pork 1400.00 − 1600.00 1480.00 1366.67 1283.33 113.33 15.32,Stable
weekly_11_2025_Eng.txt,rice,Unknown,Table 15: Colombo &Suburbs: Retail Prices (Rs/kg or Rs/piece),Stable
weekly_11_2025_Eng.txt,rice,Unknown,Average Price Change Compared to,Stable
weekly_11_2025_Eng.txt,rice,Unknown,Average Price Change Compared to,Stable
weekly_11_2025_Eng.txt,vegetable,Unknown,Paddy Vegetable (Up Country) Snake Gourd,Increase
weekly_11_2025_Eng.txt,onion,Unknown,Red Onion Badulla 210.00 − 235.00 218.75 Long Beans,Stable
weekly_11_2025_Eng.txt,onion,Unknown,Big Onion Welimada 200.00 − 220.00 210.00 Embilipitiya 250.00 − 270.00 260.00,Stable
weekly_11_2025_Eng.txt,potato,Unknown,Potato Hambantota −,Stable
weekly_11_2025_Eng.txt,vegetable,Unknown,N'Eliya 240.00 − 260.00 248.00 Vegetable (Low Country) Embilipitiya 90.00 − 110.00 100.00,Stable
weekly_11_2025_Eng.txt,fruit,Unknown,Moneragala 550.00 − 600.00 570.00 Brinjal Fruits (Rs/kg),Stable
weekly_11_2025_Eng.txt,rice,Unknown,Table 16: Farmgate/Producer Prices of Food Commodities in Selected Producing Areas (Rs/kg),Stable
weekly_11_2025_Eng.txt,rice,Unknown,PriceCOMMODITY Range Average,Stable
weekly_11_2025_Eng.txt,rice,Unknown,Price COMMODITY Range Average,Stable
weekly_11_2025_Eng.txt,rice,Unknown,Price COMMODITY,Stable
weekly_11_2025_Eng.txt,rice,Unknown,Rice,Stable
weekly_11_2025_Eng.txt,onion,Unknown,Red Onion,Stable
weekly_11_2025_Eng.txt,onion,Unknown,Big Onion,Stable
weekly_11_2025_Eng.txt,potato,Unknown,Potato,Stable
weekly_11_2025_Eng.txt,dhal,Unknown,Red Dhal 280.00 − 320.00 280.00 − 340.00 280.00 − 320.00 280.00 − 320.00 290.00 − 340.00 290.00 − 320.00 280.00 − 300.00 280.00 − 300.00 280.00 − 300.00,Stable
weekly_11_2025_Eng.txt,rice,Unknown,Annex 01 - Colombo Markets: Retail Prices of Rice and Subsidiary Food Crops (Rs/kg) Week 11: 14 - 20 Mar 2025,Stable
weekly_11_2025_Eng.txt,vegetable,Unknown,Vegetable,Stable
weekly_11_2025_Eng.txt,potato,Unknown,Sweet Potato 230.00 − 260.00 320.00 − 340.00 280.00 − 320.00 320.00 − 340.00 230.00 − 250.00 280.00 − 280.00 200.00 − 240.00 230.00 − 300.00 260.00 − 280.00,Stable
weekly_11_2025_Eng.txt,vegetable,Unknown,Leafy Vegetable,Stable
weekly_11_2025_Eng.txt,coconut,Unknown,Coconut,Stable
weekly_11_2025_Eng.txt,rice,Unknown,Annex 02 - Colombo Markets: Retail Prices of Vegetables (Rs/kg) and Coconut (Rs/nut),Stable
weekly_11_2025_Eng.txt,fruit,Unknown,Other Fruits,Stable
weekly_11_2025_Eng.txt,coconut,Unknown,King Coconut 250.00 − 300.00 250.00 − 250.00 250.00 − 280.00 250.00 − 280.00 250.00 − 300.00 300.00 − 300.00 200.00 − 250.00 200.00 − 200.00 200.00 − 200.00,Stable
weekly_11_2025_Eng.txt,rice,Unknown,Annex 03 - Colombo Markets: Retail Prices of Fruits (Rs/fruit),Stable
weekly_11_2025_Eng.txt,fish,Unknown,Sea Fish,Stable
weekly_11_2025_Eng.txt,egg,Unknown,30 Eggs (Rs/egg),Stable
weekly_11_2025_Eng.txt,fish,Unknown,Dried Fish,Stable
weekly_11_2025_Eng.txt,chicken,Unknown,Chicken (Broiler) 1140.00 − 1140.00 1280.00 − 1280.00 1300.00 − 1300.00 1300.00 − 1320.00 1140.00 − 1140.00 1200.00 − 1200.00 1200.00 − 1200.00 1190.00 − 1200.00 1280.00 − 1280.00,Stable
weekly_11_2025_Eng.txt,chicken,Unknown,Chicken (Curry) 1100.00 − 1100.00 1200.00 − 1200.00 1200.00 − 1400.00 1350.00 − 1350.00 1100.00 − 1100.00 1100.00 − 1100.00 1200.00 − 1200.00 1200.00 − 1200.00 1200.00 − 1200.00,Stable
weekly_11_2025_Eng.txt,rice,Unknown,Annex 04 - Colombo Markets: Retail Prices of Sea Fish and Dried Fish (Rs/kg),Stable
weekly_11_2025_Eng.txt,rice,Unknown,Rice - (white Kekulu - normal ) 361 9.88 1.52 - 0.03 0.09 10.67 - 6.94 26.29 1.22 1.5,Stable
weekly_11_2025_Eng.txt,rice,Unknown,Rice - (white Kekulu Samba) 355 8.81 1.53 - 0.03 0.09 8.11 - 9.82 30.48 0.92 1.7,Stable
weekly_11_2025_Eng.txt,rice,Unknown,Rice - ( Red Kekulu - normal ) 366 8.64 2.12 - 0.05 0.1 8.39 - 4.73 31.7 0.88 1.84,Stable
weekly_11_2025_Eng.txt,rice,Unknown,Rice -Samba 369 6.86 2.45 - 0.05 0.13 12.79 - 8.71 37.26 1.18 1.49,Stable
weekly_11_2025_Eng.txt,rice,Unknown,Rice - Nadu White 366 7.76 1.48 - 0.03 0.12 9.35 - 4.57 20.1 0.64 1.61,Stable
weekly_11_2025_Eng.txt,onion,Unknown,Onion,Stable
weekly_11_2025_Eng.txt,onion,Unknown,Big onions 48 1.67 0.24 0.16 0.01 0.1 32.99 7.58 14.82 16.94 0.45 0.25,Stable
weekly_11_2025_Eng.txt,onion,Unknown,Red onions 55 2.13 0.15 0.18 0.02 0.13 30.15 14.26 20.37 19.32 0.31 0.28,Stable
weekly_11_2025_Eng.txt,potato,Unknown,Potatoes 71 1.67 0.25 0.01 0.09 14.31 20.5 9.83 23.84 0.46 0.29,Stable
weekly_11_2025_Eng.txt,dhal,Unknown,Red Dhal 319 23.09 0.77 1.06 1.6 0.22 55 NA 41.27 66.63 7.45 3.34,Stable
weekly_11_2025_Eng.txt,vegetable,Unknown,Vegetables,Stable
weekly_11_2025_Eng.txt,rice,Unknown,Rice,Stable
weekly_11_2025_Eng.txt,egg,Unknown,Brinjal (Chinese eggplant) 24 1.28 0.33 16.83 0.12 0.11 32.94 3.37 14.4 21.18 0.28 0.16,Stable
weekly_11_2025_Eng.txt,egg,Unknown,Thalana batu (Thai eggplant) 21 1.45 0.26 18.33 0.11 0.09 31.18 2.71 17.24 37.22 0.37 0.24,Stable
weekly_11_2025_Eng.txt,coconut,Unknown,Coconuts nuts 390 3.67 39.92 - 0.05 0.11 14.86 -,Stable
weekly_11_2025_Eng.txt,potato,Unknown,Sweet potato 108 1.27 0.33 NA 0.04 0.09 14.44 22.2 28.93 21.05 0.51 0.14,Stable
weekly_11_2025_Eng.txt,vegetable,Unknown,Leafy Vegetables,Stable
weekly_11_2025_Eng.txt,onion,Unknown,Onion leaves 27 2.01 0.26 NA 0.04 0.18 56.8 23.38 35.21 74.95 3.15 0.77,Stable
weekly_11_2025_Eng.txt,fruit,Unknown,Jackfruit pods 25 2.14 0.34 NA 0.03 0.04 30.7 24.77 37.32 26.08 0.3 0.17,Stable
weekly_11_2025_Eng.txt,fruit,Unknown,Jackfruit seeds 77 5.66 0.44 NA 0.02 0.08 58.91 15.24 40.87 50.14 0.52 0.42,Stable
weekly_11_2025_Eng.txt,chicken,Unknown,Chicken 176 23.14 9.24 6.88 0.07 0.49 10.09 - 15.06 20.18 0.75 0.64,Stable
weekly_11_2025_Eng.txt,fish,Unknown,Fish,Stable
weekly_11_2025_Eng.txt,fish,Unknown,Cuttle fish 76 16.82 0.93 1.93 0.02 0.04 6.22 8.73 35.46 0.62 1.3,Stable
weekly_11_2025_Eng.txt,fish,Unknown,Dried Fish,Stable
weekly_11_2025_Eng.txt,egg,Unknown,Eggs,Stable
weekly_11_2025_Eng.txt,egg,Unknown,Hen eggs (Country) 170 13.14 13 208 0.08 0.18 54.6 50.14 11.04 1.64 1.12,Stable
weekly_11_2025_Eng.txt,egg,Unknown,Hen eggs (Table) 135 13.55 9.03 200 0.19 0.19 49.46 63.3 12 2.39 1.73,Stable
weekly_11_2025_Eng.txt,egg,Unknown,Quail eggs 153 12.39 11.46 153 0.11 0.17 54.86 60.67 11.21 2.55 1.51,Stable
weekly_11_2025_Eng.txt,fruit,Unknown,Fruits,Stable
weekly_11_2025_Eng.txt,rice,Unknown,Price Collecting Areas,Stable
weekly_04_2025_Eng.txt,vegetable,Unknown,Vegetables,Stable
weekly_04_2025_Eng.txt,coconut,Unknown,Coconut,Stable
weekly_04_2025_Eng.txt,rice,Unknown,Paddy/ Rice,Stable
weekly_04_2025_Eng.txt,rice,Unknown,The prices of both large and small coconuts have shown a,Stable
weekly_04_2025_Eng.txt,rice,Increase,slight increase of approximately Rs.8.00 per nut. Price ranges,Increase
weekly_04_2025_Eng.txt,rice,Increase,"Following the increase in wholesale prices last week, the",Increase
weekly_04_2025_Eng.txt,rice,Increase,retail price of imported red onion has risen by Rs.19.00/kg.,Increase
weekly_04_2025_Eng.txt,rice,Unknown,"However, the retail price of imported big onion has",Stable
weekly_04_2025_Eng.txt,rice,Decrease,decreased by Rs.13.00/kg. The price of Nuwara Eliya,Decrease
weekly_04_2025_Eng.txt,potato,Increase,"potatoes has further increased by Rs.8.00/kg, ranging",Increase
weekly_04_2025_Eng.txt,rice,Unknown,"between Rs.400.00-560.00/kg. Meanwhile, the prices of all",Stable
weekly_04_2025_Eng.txt,rice,Unknown,Retail prices of both upcountry and low-country vegetable,Increase
weekly_04_2025_Eng.txt,rice,Unknown,"wholesale prices. Among upcountry varieties, the highest",Increase
weekly_04_2025_Eng.txt,rice,Increase,"price increase was observed for beans at Rs.43.00/kg, while",Increase
weekly_04_2025_Eng.txt,rice,Increase,"The retail prices of all domestic rice varieties have increased,",Increase
weekly_04_2025_Eng.txt,rice,Increase,with a notable rise of Rs.18.00/kg for raw red rice.,Stable
weekly_04_2025_Eng.txt,rice,Unknown,"Meanwhile, the retail prices of all imported rice varieties",Stable
weekly_04_2025_Eng.txt,rice,Decrease,"paddy prices decreased; short grain by Rs 1.00 -10.00/kg,",Decrease
weekly_04_2025_Eng.txt,rice,Unknown,Rice,Stable
weekly_04_2025_Eng.txt,rice,Unknown,"Price of nadu grade I, nadu grade II have",Stable
weekly_04_2025_Eng.txt,rice,Unknown,and price ranged Rs.235.00-240.00/kg,Stable
weekly_04_2025_Eng.txt,rice,Unknown,"However, samba and raw red rice varieties",Stable
weekly_04_2025_Eng.txt,rice,Unknown,"Meantime, imported rice varieties were",Stable
weekly_04_2025_Eng.txt,rice,Unknown,average prices:,Stable
weekly_04_2025_Eng.txt,rice,Increase,"rice varieties should price increases, with",Increase
weekly_04_2025_Eng.txt,rice,Decrease,price of keeri samba has decreased by 26%,Decrease
weekly_04_2025_Eng.txt,rice,Unknown,The retail prices of all types of rice varieties,Stable
weekly_04_2025_Eng.txt,rice,Increase,except for imported rice have increased.,Increase
weekly_04_2025_Eng.txt,rice,Unknown,observed for raw red. The retail prices of all,Stable
weekly_04_2025_Eng.txt,rice,Unknown,types of imported rice varieties have,Stable
weekly_04_2025_Eng.txt,rice,Decrease,decreased and highest price decreased of,Decrease
weekly_04_2025_Eng.txt,rice,Unknown,the current retail prices of most of the rice,Stable
weekly_04_2025_Eng.txt,rice,Increase,price increase of 55% was recorded for raw,Increase
weekly_04_2025_Eng.txt,rice,Unknown,The average farmgate prices for all the,Stable
weekly_04_2025_Eng.txt,rice,Unknown,"supplies. Accordingly, the price of short",Increase
weekly_04_2025_Eng.txt,rice,Unknown,10.00/kg and prices ranged Rs.105.00 -,Stable
weekly_04_2025_Eng.txt,rice,Unknown,"135.00/kg. Further, price of keeri samba",Stable
weekly_04_2025_Eng.txt,rice,Unknown,"141.00/kg price range. Subsequently, it",Stable
weekly_04_2025_Eng.txt,rice,Decrease,was observed a price decline of Rs.5.00-,Decrease
weekly_04_2025_Eng.txt,rice,Unknown,prices have ranged Rs.103.00-137.00/kg.,Stable
weekly_04_2025_Eng.txt,rice,Unknown,The average price of long grin (red) paddy,Stable
weekly_04_2025_Eng.txt,rice,Unknown,prices have ranged Rs.139.00-160.00/kg in,Stable
weekly_04_2025_Eng.txt,rice,Unknown,the average prices of major paddy varieties,Stable
weekly_04_2025_Eng.txt,rice,Increase,highest price increase was reported for,Increase
weekly_04_2025_Eng.txt,rice,Unknown,"However, it was reported 4%-24% price",Stable
weekly_04_2025_Eng.txt,rice,Unknown,The price of imported dried chilies has,Stable
weekly_04_2025_Eng.txt,rice,Unknown,"sufficient stocks, and price ranged",Stable
weekly_04_2025_Eng.txt,rice,Unknown,current whole sale price of imported dried,Stable
weekly_04_2025_Eng.txt,rice,Decrease,"In line with decreased wholesale prices, the",Decrease
weekly_04_2025_Eng.txt,rice,Unknown,retail price of imported dried chilies has,Stable
weekly_04_2025_Eng.txt,rice,Decrease,decreased by around Rs.1.00/kg and price,Decrease
weekly_04_2025_Eng.txt,rice,Unknown,the current retail price of imported dried,Stable
weekly_04_2025_Eng.txt,onion,Unknown,Onion,Stable
weekly_04_2025_Eng.txt,rice,Decrease,Price of imported red onion has decreased,Decrease
weekly_04_2025_Eng.txt,rice,Unknown,by 3% and price ranged Rs.450.00 -,Stable
weekly_04_2025_Eng.txt,onion,Unknown,500.00/kg. Sinnan red onion and vedalan,Stable
weekly_04_2025_Eng.txt,onion,Unknown,red onion were available at the,Stable
weekly_04_2025_Eng.txt,rice,Unknown,market and average prices,Stable
weekly_04_2025_Eng.txt,rice,Unknown,respectively.  Price of big onion has,Stable
weekly_04_2025_Eng.txt,rice,Unknown,and price ranged Rs.150.00-200.00/kg.,Stable
weekly_04_2025_Eng.txt,rice,Unknown,current whole sale price of imported red,Stable
weekly_04_2025_Eng.txt,onion,Increase,onion has increased by 64% while,Increase
weekly_04_2025_Eng.txt,onion,Decrease,imported big onion has decreased by 44%,Decrease
weekly_04_2025_Eng.txt,rice,Increase,In line with increased wholesale prices in the,Increase
weekly_04_2025_Eng.txt,rice,Unknown,"last week, the retail price of imported red",Stable
weekly_04_2025_Eng.txt,onion,Increase,onion has increased by Rs.19.00/kg.,Increase
weekly_04_2025_Eng.txt,rice,Unknown,"However, the retail price of imported red",Stable
weekly_04_2025_Eng.txt,onion,Decrease,onion has decreased by Rs.13.00/kg.,Decrease
weekly_04_2025_Eng.txt,rice,Unknown,the current retail price of imported red onion,Stable
weekly_04_2025_Eng.txt,onion,Decrease,onion has decreased by 41% respectively.,Decrease
weekly_04_2025_Eng.txt,potato,Unknown,Potato,Stable
weekly_04_2025_Eng.txt,rice,Unknown,The Price of Nuwara Eliya potato has,Stable
weekly_04_2025_Eng.txt,rice,Unknown,sufficient stocks and price ranged,Stable
weekly_04_2025_Eng.txt,rice,Unknown,Rs.360.00-380.00/kg. Price of imported,Stable
weekly_04_2025_Eng.txt,potato,Increase,potato has increased by 10% due to,Increase
weekly_04_2025_Eng.txt,rice,Unknown,India and price ranged Rs.130.00 -,Stable
weekly_04_2025_Eng.txt,rice,Unknown,current wholesale price of potato has,Stable
weekly_04_2025_Eng.txt,potato,Increase,increased by 17% while imported potato,Increase
weekly_04_2025_Eng.txt,rice,Decrease,In line with decreased wholesale prices in,Decrease
weekly_04_2025_Eng.txt,rice,Unknown,"the last week, the retail price of imported",Stable
weekly_04_2025_Eng.txt,potato,Decrease,"potato has decreased by Rs.3.00/kg yet,",Decrease
weekly_04_2025_Eng.txt,rice,Unknown,retail price of Nuwara Eliya potato has,Stable
weekly_04_2025_Eng.txt,rice,Unknown,the current retail prices of all types of potato,Stable
weekly_04_2025_Eng.txt,rice,Increase,have increased with the highest price,Increase
weekly_04_2025_Eng.txt,potato,Unknown,potato.,Stable
weekly_04_2025_Eng.txt,rice,Unknown,"Prices of green gram, white cowpea and red",Stable
weekly_04_2025_Eng.txt,rice,Unknown,stocks and price ranged Rs.550.00 -,Stable
weekly_04_2025_Eng.txt,rice,Unknown,Rs.500.00-600/kg. Price of red dhal has not,Stable
weekly_04_2025_Eng.txt,rice,Increase,increased significantly and average price,Increase
weekly_04_2025_Eng.txt,rice,Unknown,current whole sale prices of all pulses,Stable
weekly_04_2025_Eng.txt,rice,Unknown,The retail prices of all types of pulses have,Stable
weekly_04_2025_Eng.txt,rice,Increase,increased with the highest price increased of,Increase
weekly_04_2025_Eng.txt,rice,Unknown,the current retail prices of all types of pulses,Stable
weekly_04_2025_Eng.txt,vegetable,Unknown,Vegetable,Stable
weekly_04_2025_Eng.txt,rice,Unknown,Prices of most of the vegetables have,Stable
weekly_04_2025_Eng.txt,rice,Unknown,Most of the upcountry vegetable prices,Increase
weekly_04_2025_Eng.txt,rice,Unknown,"prices of raddish, carrot and leeks",Stable
weekly_04_2025_Eng.txt,rice,Unknown,"However, prices of beetroot, knol-khol and",Stable
weekly_04_2025_Eng.txt,rice,Unknown,"Further, prices of tomato and capsicum",Stable
weekly_04_2025_Eng.txt,vegetable,Unknown,"Considering low-country vegetables, most",Stable
weekly_04_2025_Eng.txt,vegetable,Unknown,of the vegetable varieties experienced a,Stable
weekly_04_2025_Eng.txt,rice,Increase,"price increase. Particularly, ladies fingers",Increase
weekly_04_2025_Eng.txt,rice,Increase,(12%) prices have increased significantly.,Increase
weekly_04_2025_Eng.txt,rice,Unknown,Prices of brinjal and ash plantain have,Stable
weekly_04_2025_Eng.txt,rice,Decrease,"However, price of pumpkin has decreased",Decrease
weekly_04_2025_Eng.txt,rice,Unknown,"by 8%. In addition, price of green chilies",Stable
weekly_04_2025_Eng.txt,rice,Decrease,has decreased by 15% while price of lime,Decrease
weekly_04_2025_Eng.txt,rice,Decrease,"vegetable prices have decreased, with",Decrease
weekly_04_2025_Eng.txt,rice,Unknown,Retail prices of most of the vegetable,Stable
weekly_04_2025_Eng.txt,vegetable,Unknown,"wholesale trend. In up-country vegetables,",Increase
weekly_04_2025_Eng.txt,rice,Increase,the highest price increase was reported for,Increase
weekly_04_2025_Eng.txt,vegetable,Unknown,"In low-country vegetable varieties,",Stable
weekly_04_2025_Eng.txt,rice,Increase,capsicum prices significantly increased to,Increase
weekly_04_2025_Eng.txt,rice,Unknown,week. Snake gourd prices showed a,Stable
weekly_04_2025_Eng.txt,rice,Unknown,significant price increment of,Stable
weekly_04_2025_Eng.txt,rice,Unknown,notable price drop at Rs.78.00/kg. Green,Stable
weekly_04_2025_Eng.txt,rice,Decrease,price decrease compared to last week.,Decrease
weekly_04_2025_Eng.txt,rice,Unknown,"year, prices of most varieties have",Stable
weekly_04_2025_Eng.txt,rice,Decrease,"decreased, with a notable price drop of",Decrease
weekly_04_2025_Eng.txt,coconut,Unknown,Coconut,Stable
weekly_04_2025_Eng.txt,rice,Unknown,Prices of both large and small nuts,Stable
weekly_04_2025_Eng.txt,rice,Unknown,respectively. Price ranges were Rs.195.00-,Stable
weekly_04_2025_Eng.txt,rice,Unknown,the current wholesale prices of large and,Stable
weekly_04_2025_Eng.txt,rice,Unknown,Prices of both large and small nuts showed,Stable
weekly_04_2025_Eng.txt,rice,Unknown,Price ranges were Rs.200.00-230.00 for a,Stable
weekly_04_2025_Eng.txt,rice,Unknown,prices of large nuts (78%) and small nuts,Stable
weekly_04_2025_Eng.txt,fruit,Unknown,Fruits,Stable
weekly_04_2025_Eng.txt,rice,Decrease,Wholesale prices of many fruits have fallen,Decrease
weekly_04_2025_Eng.txt,rice,Decrease,Local orange prices decreased by 31% with,Decrease
weekly_04_2025_Eng.txt,sugar,Decrease,sugar bananas recorded a 14% decrease in,Decrease
weekly_04_2025_Eng.txt,rice,Unknown,prices.,Stable
weekly_04_2025_Eng.txt,rice,Unknown,Prices of all sizes of pineapples have,Stable
weekly_04_2025_Eng.txt,rice,Decrease,"decreased, with the highest price decrease",Decrease
weekly_04_2025_Eng.txt,rice,Unknown,Wholesale prices for the most of fruits have,Stable
weekly_04_2025_Eng.txt,rice,Unknown,Retail price have followed the downward,Decrease
weekly_04_2025_Eng.txt,rice,Unknown,trend of wholesale prices. Price of,Stable
weekly_04_2025_Eng.txt,rice,Unknown,"Among bananas, the most significant price",Stable
weekly_04_2025_Eng.txt,rice,Unknown,"for kolikuttu banana.  However, price of",Stable
weekly_04_2025_Eng.txt,fruit,Increase,"avocado increased by Rs.25.00/fruit,",Increase
weekly_04_2025_Eng.txt,fruit,Unknown,Rs.13.00/fruit and Rs. 10.00/fruit,Stable
weekly_04_2025_Eng.txt,rice,Unknown,"Compared to last year, retail price for most",Stable
weekly_04_2025_Eng.txt,fruit,Increase,of fruit varieties have increased with the,Increase
weekly_04_2025_Eng.txt,fish,Unknown,Fresh Fish,Stable
weekly_04_2025_Eng.txt,rice,Unknown,Wholesale prices of most of the fresh fish,Stable
weekly_04_2025_Eng.txt,rice,Increase,supply. A price increase of 17% was noted,Increase
weekly_04_2025_Eng.txt,rice,Decrease,"areas. However, the price decrease of 7%",Decrease
weekly_04_2025_Eng.txt,rice,Unknown,Kalpitiya and Negombo areas. Prices of,Stable
weekly_04_2025_Eng.txt,fish,Unknown,other fresh fish verities have not changed,Stable
weekly_04_2025_Eng.txt,rice,Unknown,current wholesale prices of all of the fresh,Stable
weekly_04_2025_Eng.txt,fish,Increase,fish types have increased with the highest,Increase
weekly_04_2025_Eng.txt,rice,Increase,price increase of 115% was noted for,Increase
weekly_04_2025_Eng.txt,rice,Unknown,The prices of other fish varieties except,Stable
weekly_04_2025_Eng.txt,rice,Increase,price increase was recorded for Shrimps by,Increase
weekly_04_2025_Eng.txt,rice,Unknown,Rs.115.00/kg. The second highest price,Stable
weekly_04_2025_Eng.txt,rice,Increase,Rs.59.00/kg. Price increase of balaya and,Increase
weekly_04_2025_Eng.txt,rice,Decrease,Rs.50.00/kg respectively. Price decrease of,Decrease
weekly_04_2025_Eng.txt,rice,Unknown,the prices of other fish varieties except,Stable
weekly_04_2025_Eng.txt,rice,Increase,salaya have increased and the highest price,Increase
weekly_04_2025_Eng.txt,fish,Unknown,Dried Fish,Stable
weekly_04_2025_Eng.txt,rice,Unknown,Prices of most of the dried fish types have,Stable
weekly_04_2025_Eng.txt,fish,Decrease,decreased due to high of local dried fish,Decrease
weekly_04_2025_Eng.txt,rice,Decrease,supply. A price decrease of 8% was noted,Increase
weekly_04_2025_Eng.txt,rice,Increase,"areas. However, a price increase of 5% was",Increase
weekly_04_2025_Eng.txt,rice,Unknown,from Negombo and Beruwala areas. Prices,Stable
weekly_04_2025_Eng.txt,fish,Unknown,of other dried fish varieties have not,Stable
weekly_04_2025_Eng.txt,rice,Unknown,current wholesale prices of all of the dried,Stable
weekly_04_2025_Eng.txt,fish,Unknown,fish types except local salaya have,Stable
weekly_04_2025_Eng.txt,rice,Decrease,decreased and the highest price decrease of,Decrease
weekly_04_2025_Eng.txt,rice,Unknown,The prices of other dry fish varieties except,Stable
weekly_04_2025_Eng.txt,rice,Decrease,highest price decrease was recorded for,Decrease
weekly_04_2025_Eng.txt,rice,Unknown,imported sprats by Rs.104.00/kg. Price,Stable
weekly_04_2025_Eng.txt,rice,Increase,respectively. Price increase of kattawa and,Increase
weekly_04_2025_Eng.txt,rice,Unknown,the prices of dry fish types except mora,Stable
weekly_04_2025_Eng.txt,rice,Decrease,have decreased and the highest price,Decrease
weekly_04_2025_Eng.txt,egg,Unknown,Eggs,Stable
weekly_04_2025_Eng.txt,rice,Unknown,The prices of both brown and white eggs,Stable
weekly_04_2025_Eng.txt,rice,Unknown,respectively and their prices,Stable
weekly_04_2025_Eng.txt,egg,Unknown,ranged    Rs.28.00-31.50/egg and Rs.26.00-,Stable
weekly_04_2025_Eng.txt,egg,Unknown,29.00/egg respectively.,Stable
weekly_04_2025_Eng.txt,rice,Unknown,prices of both brown and white eggs have,Stable
weekly_04_2025_Eng.txt,rice,Unknown,The prices of both brown and white egg,Stable
weekly_04_2025_Eng.txt,egg,Decrease,types have decreased by Rs.4.00/egg and,Decrease
weekly_04_2025_Eng.txt,rice,Unknown,the price range of a white egg has recorded,Stable
weekly_04_2025_Eng.txt,rice,Unknown,as Rs.28.00-Rs.35.00 and the price range,Stable
weekly_04_2025_Eng.txt,egg,Unknown,of a brown egg has recorded as Rs.29.00-,Stable
weekly_04_2025_Eng.txt,rice,Unknown,36.00. The average price of the white and,Stable
weekly_04_2025_Eng.txt,egg,Unknown,brown egg types has recorded as Rs.31.00,Stable
weekly_04_2025_Eng.txt,rice,Unknown,the prices of both egg varieties have,Stable
weekly_04_2025_Eng.txt,rice,Increase,The prices of all meat types have increased,Increase
weekly_04_2025_Eng.txt,rice,Increase,and the highest price increase was recorded,Increase
weekly_04_2025_Eng.txt,rice,Increase,for mutton by Rs.67.00/kg. Price increase,Increase
weekly_04_2025_Eng.txt,chicken,Unknown,of broiler and curry chicken have,Stable
weekly_04_2025_Eng.txt,rice,Increase,respectively. Price increase of beef and,Increase
weekly_04_2025_Eng.txt,rice,Unknown,the price of other meat types except beef,Stable
weekly_04_2025_Eng.txt,rice,Decrease,price decrease was recorded for curry,Decrease
weekly_04_2025_Eng.txt,chicken,Unknown,chicken by 12%.,Stable
weekly_04_2025_Eng.txt,rice,Unknown,wholesale and retail prices of selected food,Stable
weekly_04_2025_Eng.txt,rice,Unknown,"prevailing prices, price ranges, averages, and a",Stable
weekly_04_2025_Eng.txt,rice,Unknown,comparison of weekly prices. The changes in,Stable
weekly_04_2025_Eng.txt,rice,Unknown,prices reported are always with price prevailed,Stable
weekly_04_2025_Eng.txt,rice,Unknown,The frequency of collection of wholesale price,Stable
weekly_04_2025_Eng.txt,rice,Unknown,"Friday) while with retail prices, it is thrice a",Stable
weekly_04_2025_Eng.txt,rice,Unknown,Rice VarietiesLOCATIONS,Stable
weekly_04_2025_Eng.txt,rice,Unknown,Table 01: Selected Markets:Wholesale Price of Rice (Rs/50kg bag),Stable
weekly_04_2025_Eng.txt,rice,Unknown,Table 02: Selected Markets: Retail Price of Rice (Rs/kg),Stable
weekly_04_2025_Eng.txt,rice,Unknown,LOCATIONS Rice Varieties,Stable
weekly_04_2025_Eng.txt,rice,Unknown,Table 04: Selected Markets:Wholesale Price of Subsidiary Food (Rs/50kg),Stable
weekly_04_2025_Eng.txt,onion,Unknown,Dried Chillies Red Onion Big Onion PotatoLOCATION Imported Imported Local Imported Welimada,Stable
weekly_04_2025_Eng.txt,dhal,Unknown,Green Gram Cowpea Red Dhal,Stable
weekly_04_2025_Eng.txt,rice,Unknown,Table 05: Selected Markets: Retail Price of Subsidiary Food Crops (Rs/kg),Stable
weekly_04_2025_Eng.txt,onion,Unknown,Dried Chillies Red Onion Big Onion Potato Pulses,Stable
weekly_04_2025_Eng.txt,dhal,Unknown,Green Gram Cowpea Red Dhal,Stable
weekly_04_2025_Eng.txt,rice,Unknown,Table 06: Selected Markets: Wholesale Price of Vegetables(Rs/kg),Stable
weekly_04_2025_Eng.txt,potato,Unknown,ManiocLong Beans Ash Plantain Green Chillies Lime Sweet Potatoe,Stable
weekly_04_2025_Eng.txt,rice,Unknown,"Colombo, Meegoda, Norochchole, Jaffna,Dambulla and Kandy - Gotukola Price Rs/Kg",Stable
weekly_04_2025_Eng.txt,vegetable,Unknown,Leafy Vegetables (Rs/bundle),Stable
weekly_04_2025_Eng.txt,coconut,Unknown,Coconut (Rs/nut),Stable
weekly_04_2025_Eng.txt,rice,Unknown,Table 07: Selected Markets: Retail Price of Vegetables (Rs/kg),Stable
weekly_04_2025_Eng.txt,potato,Unknown,Sweet Potato Large Small,Stable
weekly_04_2025_Eng.txt,vegetable,Unknown,Low Country Varieties Leafy Vegetable Coconut (Rs/nut),Stable
weekly_04_2025_Eng.txt,rice,Unknown,Table 08: Selected Markets: Retail Price of Fruits (Rs/each & Rs/kg),Stable
weekly_04_2025_Eng.txt,fruit,Unknown,Mango Other Fruits,Stable
weekly_04_2025_Eng.txt,coconut,Unknown,Passion Avocado Slime Apple Grapes (Rs/kg) King CoconutWood Apple Orange,Stable
weekly_04_2025_Eng.txt,fish,Unknown,Local Dried Fish Imported Dried Fish,Stable
weekly_04_2025_Eng.txt,fish,Unknown,Imported Dried Fish,Stable
weekly_04_2025_Eng.txt,fish,Unknown,Local Dried Fish,Stable
weekly_04_2025_Eng.txt,rice,Unknown,Table 10: Selected Markets: Wholesale Price of Dried Fish (Rs/50kg),Stable
weekly_04_2025_Eng.txt,fish,Unknown,Sea Fish Eggs,Stable
weekly_04_2025_Eng.txt,rice,Unknown,Table 09: Selected Markets: Wholesale Price of Fresh Fish & Eggs (Rs/kg & Rs/egg),Stable
weekly_04_2025_Eng.txt,fish,Unknown,Sea FishLocations,Stable
weekly_04_2025_Eng.txt,rice,Unknown,Table 11: Selected Markets: Retail Price of Fresh Fish & Eggs (Rs/kg & Rs/eggs),Stable
weekly_04_2025_Eng.txt,fish,Unknown,Sea Fish EggsLOCATIONS,Stable
weekly_04_2025_Eng.txt,rice,Unknown,Table 12: Selected Markets: Retail Price of Dried Fish (Rs/kg),Stable
weekly_04_2025_Eng.txt,fish,Unknown,Dried FishLOCATIONS Sprats-Imported Kattawa Thora Mora Balaya,Stable
weekly_04_2025_Eng.txt,rice,Unknown,Table 13: Selected Markets: Retail Price of Meat (Rs/kg),Stable
weekly_04_2025_Eng.txt,chicken,Unknown,Meat Meat (Chicken) Meat,Stable
weekly_04_2025_Eng.txt,rice,Unknown,Rice Coconut,Stable
weekly_04_2025_Eng.txt,fruit,Unknown,Keeri Samba 250.00−260.00255.00255.00345.00 0.00 -26.09Fruits (Rs/fruit),Stable
weekly_04_2025_Eng.txt,fruit,Unknown,Raw (Red) − Passion Fruit 50.00− 70.00 60.63 55.56115.45 9.12 -47.49,Stable
weekly_04_2025_Eng.txt,onion,Unknown,Onion Mango,Stable
weekly_04_2025_Eng.txt,onion,Unknown,Big Onion Kohu −,Stable
weekly_04_2025_Eng.txt,potato,Unknown,Potato Orange 40.00− 75.00 57.22 83.00 65.00 -31.06 -11.97,Stable
weekly_04_2025_Eng.txt,coconut,Unknown,Pulses King Coconut 130.00− 180.00 152.50 158.75 95.00 -3.94 60.53,Stable
weekly_04_2025_Eng.txt,fish,Unknown,Cowpea (White) 500.00−650.00566.67550.001106.67 3.03 -48.80Sea Fish,Stable
weekly_04_2025_Eng.txt,dhal,Unknown,Red Dhal 270.00−280.00273.57273.33294.17 0.09 -7.00Hurulla 900.00−1000.00 980.831020.00456.00 -3.84 115.10,Stable
weekly_04_2025_Eng.txt,vegetable,Unknown,Vegetable Balaya 800.00− 950.00 881.67 870.00586.00 1.34 50.46,Stable
weekly_04_2025_Eng.txt,egg,Unknown,Raddish 100.00−140.00116.00100.00129.00 16.00 -10.08Eggs,Stable
weekly_04_2025_Eng.txt,fish,Unknown,Ladies Fingers 160.00−260.00212.00158.00325.00 34.18 -34.77Dried Fish,Stable
weekly_04_2025_Eng.txt,potato,Unknown,Sweet Potato 120.00−150.00137.00160.00143.00 -14.38 -4.20Maduwa (Imported) −,Stable
weekly_04_2025_Eng.txt,vegetable,Unknown,Leafy Vegetable Koduwa (Imported) −,Stable
weekly_04_2025_Eng.txt,rice,Unknown,Table 14: Colombo: Wholesale Prices (Rs/kg or Rs/piece),Stable
weekly_04_2025_Eng.txt,rice,Unknown,Average Price Change Compared to,Stable
weekly_04_2025_Eng.txt,rice,Unknown,Average Price,Stable
weekly_04_2025_Eng.txt,rice,Unknown,Rice Coconut,Stable
weekly_04_2025_Eng.txt,fruit,Unknown,Keeri Samba 260.00− 280.00270.16 267.81368.18 2.34-26.62Fruits (Rs/fruit),Stable
weekly_04_2025_Eng.txt,fruit,Unknown,Raw (Red) − Passion Fruit 75.00− 120.00 92.63 83.25 153.57 9.38 -39.68,Stable
weekly_04_2025_Eng.txt,onion,Unknown,Onion Mango,Stable
weekly_04_2025_Eng.txt,onion,Unknown,Big Onion Kohu −,Stable
weekly_04_2025_Eng.txt,potato,Unknown,Potato Orange 80.00− 160.00122.94125.93 130.00 -2.98 -5.43,Stable
weekly_04_2025_Eng.txt,coconut,Unknown,Pulses King Coconut 150.00− 220.00191.72193.10 144.40 -1.38 32.77,Stable
weekly_04_2025_Eng.txt,fish,Unknown,Cowpea (White) 700.00−1000.00836.77 812.591227.59 24.18-31.84Sea Fish,Stable
weekly_04_2025_Eng.txt,dhal,Unknown,Red Dhal 290.00− 360.00311.97 311.14339.24 0.84 -8.04Hurulla 1000.00−1300.001156.251206.25 845.24 -50.00 36.80,Stable
weekly_04_2025_Eng.txt,vegetable,Unknown,Vegetable Balaya 900.00−1200.001041.001013.75 917.14 27.25 13.50,Stable
weekly_04_2025_Eng.txt,egg,Unknown,Raddish 120.00− 340.00251.29 248.67306.67 2.62-18.06Eggs,Stable
weekly_04_2025_Eng.txt,fish,Unknown,Ladies Fingers 240.00− 420.00328.67 304.33497.93 24.33-33.99Dried Fish,Stable
weekly_04_2025_Eng.txt,chicken,Unknown,Root Crops Chicken (Broiler) 1000.00−1200.001106.671076.151233.64 30.51 -10.29,Stable
weekly_04_2025_Eng.txt,potato,Unknown,Sweet Potato 150.00− 340.00265.56 269.63330.37 -4.07-19.62Chicken (Curry) 1000.00−1200.001070.001038.001210.00 32.00 -11.57,Stable
weekly_04_2025_Eng.txt,vegetable,Unknown,Leafy Vegetable Pork 1000.00−1300.001200.001183.331275.00 16.67 -5.88,Stable
weekly_04_2025_Eng.txt,rice,Unknown,Table 15: Colombo &Suburbs: Retail Prices (Rs/kg or Rs/piece),Stable
weekly_04_2025_Eng.txt,rice,Unknown,Average Price Change Compared to,Stable
weekly_04_2025_Eng.txt,rice,Unknown,Average Price Change Compared to,Stable
weekly_04_2025_Eng.txt,vegetable,Unknown,Paddy Vegetable (Up Country) Snake Gourd,Increase
weekly_04_2025_Eng.txt,onion,Unknown,Red Onion Badulla − Long Beans,Stable
weekly_04_2025_Eng.txt,onion,Unknown,Big Onion Welimada 130.00−160.00 149.00Embilipitiya 230.00−260.00245.00,Stable
weekly_04_2025_Eng.txt,potato,Unknown,Potato Hambantota −,Stable
weekly_04_2025_Eng.txt,vegetable,Unknown,N'Eliya 310.00−320.00316.00Vegetable (Low Country) Embilipitiya 90.00−120.00102.50,Stable
weekly_04_2025_Eng.txt,fruit,Unknown,Moneragala 500.00−550.00520.00Brinjal Fruits (Rs/kg),Stable
weekly_04_2025_Eng.txt,rice,Unknown,Table 16: Farmgate/Producer Prices of Food Commodities in Selected Producing Areas (Rs/kg),Stable
weekly_04_2025_Eng.txt,rice,Unknown,PriceCOMMODITY Range Average,Stable
weekly_04_2025_Eng.txt,rice,Unknown,Price COMMODITY Range Average,Stable
weekly_04_2025_Eng.txt,rice,Unknown,Price COMMODITY,Stable
weekly_04_2025_Eng.txt,rice,Unknown,Rice,Stable
weekly_04_2025_Eng.txt,onion,Unknown,Red Onion,Stable
weekly_04_2025_Eng.txt,onion,Unknown,Big Onion,Stable
weekly_04_2025_Eng.txt,potato,Unknown,Potato,Stable
weekly_04_2025_Eng.txt,dhal,Unknown,Red Dhal 295.00− 310.00 300.00− 360.00 290.00− 360.00300.00− 320.00300.00− 360.00300.00− 320.00300.00− 300.00290.00− 320.00 300.00− 320.00,Stable
weekly_04_2025_Eng.txt,rice,Unknown,Annex 01 - Colombo Markets: Retail Prices of Rice and Subsidiary Food Crops (Rs/kg) Week 04: 24 - 30 Jan 2025,Stable
weekly_04_2025_Eng.txt,vegetable,Unknown,Vegetable,Stable
weekly_04_2025_Eng.txt,potato,Unknown,Sweet Potato 150.00− 180.00 320.00− 340.00 280.00− 340.00 320.00 − 340.00 300.00− 320.00 320.00− 320.00 220.00− 260.00 320.00− 340.00260.00− 340.00,Stable
weekly_04_2025_Eng.txt,vegetable,Unknown,Leafy Vegetable,Stable
weekly_04_2025_Eng.txt,coconut,Unknown,Coconut,Stable
weekly_04_2025_Eng.txt,rice,Unknown,Annex 02 - Colombo Markets: Retail Prices of Vegetables (Rs/kg) and Coconut (Rs/nut),Stable
weekly_04_2025_Eng.txt,fruit,Unknown,Other Fruits,Stable
weekly_04_2025_Eng.txt,coconut,Unknown,King Coconut 180.00− 220.00 200.00− 220.00200.00− 220.00 200.00− 200.00170.00− 200.00180.00− 220.00150.00− 160.00 180.00− 200.00 180.00−190.00,Stable
weekly_04_2025_Eng.txt,rice,Unknown,Annex 03 - Colombo Markets: Retail Prices of Fruits (Rs/fruit),Stable
weekly_04_2025_Eng.txt,fish,Unknown,Sea Fish,Stable
weekly_04_2025_Eng.txt,egg,Unknown,30 Eggs (Rs/egg),Stable
weekly_04_2025_Eng.txt,fish,Unknown,Dried Fish,Stable
weekly_04_2025_Eng.txt,chicken,Unknown,Chicken (Broiler) 1050.00−1050.001200.00−1200.001200.00−1200.001120.00−1200.001050.00−1050.001050.00−1050.001000.00−1000.001060.00−1100.001060.00−1060.00,Stable
weekly_04_2025_Eng.txt,chicken,Unknown,Chicken (Curry) 1000.00−1050.001100.00−1100.001100.00−1100.001100.00−1200.001050.00−1050.001000.00−1000.001000.00−1000.001060.00−1060.001060.00−1060.00,Stable
weekly_04_2025_Eng.txt,rice,Unknown,Annex 04 - Colombo Markets: Retail Prices of Sea Fish and Dried Fish (Rs/kg),Stable
weekly_04_2025_Eng.txt,rice,Unknown,Rice - (white Kekulu - normal ) 361 9.88 1.52 - 0.03 0.09 10.67 - 6.94 26.29 1.22 1.5,Stable
weekly_04_2025_Eng.txt,rice,Unknown,Rice - (white Kekulu Samba) 355 8.81 1.53 - 0.03 0.09 8.11 - 9.82 30.48 0.92 1.7,Stable
weekly_04_2025_Eng.txt,rice,Unknown,Rice - ( Red Kekulu - normal ) 366 8.64 2.12 - 0.05 0.1 8.39 - 4.73 31.7 0.88 1.84,Stable
weekly_04_2025_Eng.txt,rice,Unknown,Rice -Samba 369 6.86 2.45 - 0.05 0.13 12.79 - 8.71 37.26 1.18 1.49,Stable
weekly_04_2025_Eng.txt,rice,Unknown,Rice - Nadu White 366 7.76 1.48 - 0.03 0.12 9.35 - 4.57 20.1 0.64 1.61,Stable
weekly_04_2025_Eng.txt,onion,Unknown,Onion,Stable
weekly_04_2025_Eng.txt,onion,Unknown,Big onions 48 1.67 0.24 0.16 0.01 0.1 32.99 7.58 14.82 16.94 0.45 0.25,Stable
weekly_04_2025_Eng.txt,onion,Unknown,Red onions 55 2.13 0.15 0.18 0.02 0.13 30.15 14.26 20.37 19.32 0.31 0.28,Stable
weekly_04_2025_Eng.txt,potato,Unknown,Potatoes 71 1.67 0.25 0.01 0.09 14.31 20.5 9.83 23.84 0.46 0.29,Stable
weekly_04_2025_Eng.txt,dhal,Unknown,Red Dhal 319 23.09 0.77 1.06 1.6 0.22 55 NA 41.27 66.63 7.45 3.34,Stable
weekly_04_2025_Eng.txt,vegetable,Unknown,Vegetables,Stable
weekly_04_2025_Eng.txt,rice,Unknown,Rice,Stable
weekly_04_2025_Eng.txt,egg,Unknown,Brinjal (Chinese eggplant) 24 1.28 0.33 16.83 0.12 0.11 32.94 3.37 14.4 21.18 0.28 0.16,Stable
weekly_04_2025_Eng.txt,egg,Unknown,Thalana batu (Thai eggplant) 21 1.45 0.26 18.33 0.11 0.09 31.18 2.71 17.24 37.22 0.37 0.24,Stable
weekly_04_2025_Eng.txt,coconut,Unknown,Coconuts nuts 390 3.67 39.92 - 0.05 0.11 14.86 -,Stable
weekly_04_2025_Eng.txt,potato,Unknown,Sweet potato 108 1.27 0.33 NA 0.04 0.09 14.44 22.2 28.93 21.05 0.51 0.14,Stable
weekly_04_2025_Eng.txt,vegetable,Unknown,Leafy Vegetables,Stable
weekly_04_2025_Eng.txt,onion,Unknown,Onion leaves 27 2.01 0.26 NA 0.04 0.18 56.8 23.38 35.21 74.95 3.15 0.77,Stable
weekly_04_2025_Eng.txt,fruit,Unknown,Jackfruit pods 25 2.14 0.34 NA 0.03 0.04 30.7 24.77 37.32 26.08 0.3 0.17,Stable
weekly_04_2025_Eng.txt,fruit,Unknown,Jackfruit seeds 77 5.66 0.44 NA 0.02 0.08 58.91 15.24 40.87 50.14 0.52 0.42,Stable
weekly_04_2025_Eng.txt,chicken,Unknown,Chicken 176 23.14 9.24 6.88 0.07 0.49 10.09 - 15.06 20.18 0.75 0.64,Stable
weekly_04_2025_Eng.txt,fish,Unknown,Fish,Stable
weekly_04_2025_Eng.txt,fish,Unknown,Cuttle fish 76 16.82 0.93 1.93 0.02 0.04 6.22 8.73 35.46 0.62 1.3,Stable
weekly_04_2025_Eng.txt,fish,Unknown,Dried Fish,Stable
weekly_04_2025_Eng.txt,egg,Unknown,Eggs,Stable
weekly_04_2025_Eng.txt,egg,Unknown,Hen eggs (Country) 170 13.14 13 208 0.08 0.18 54.6 50.14 11.04 1.64 1.12,Stable
weekly_04_2025_Eng.txt,egg,Unknown,Hen eggs (Table) 135 13.55 9.03 200 0.19 0.19 49.46 63.3 12 2.39 1.73,Stable
weekly_04_2025_Eng.txt,egg,Unknown,Quail eggs 153 12.39 11.46 153 0.11 0.17 54.86 60.67 11.21 2.55 1.51,Stable
weekly_04_2025_Eng.txt,fruit,Unknown,Fruits,Stable
weekly_04_2025_Eng.txt,rice,Unknown,Price Collecting Areas,Stable
weekly_03_2025_Eng.txt,vegetable,Unknown,Vegetables,Stable
weekly_03_2025_Eng.txt,coconut,Unknown,Coconut,Stable
weekly_03_2025_Eng.txt,rice,Unknown,Rice/Paddy,Stable
weekly_03_2025_Eng.txt,rice,Increase,Price of both large and small nuts have increased price,Increase
weekly_03_2025_Eng.txt,rice,Unknown,Prices of imported red onion and imported big onion have,Stable
weekly_03_2025_Eng.txt,rice,Increase,Nuwara Eliya potato has increased by Rs.30.00/kg and price,Increase
weekly_03_2025_Eng.txt,rice,Increase,Prices of most of the upcountry vegetables have increased,Increase
weekly_03_2025_Eng.txt,rice,Unknown,while prices of most low country vegetable have,Stable
weekly_03_2025_Eng.txt,rice,Unknown,"Prices of most of the rice varieties except for raw red, samba",Stable
weekly_03_2025_Eng.txt,rice,Decrease,grade I and keeri samba have decreased. Price ranged,Decrease
weekly_03_2025_Eng.txt,rice,Increase,price increase of Rs.9.00/kg was reported for raw red.,Increase
weekly_03_2025_Eng.txt,rice,Unknown,Rice,Stable
weekly_03_2025_Eng.txt,rice,Increase,Price of raw white has increased by 7% due,Increase
weekly_03_2025_Eng.txt,rice,Unknown,Price ranged Rs.215.00 - 245.00/kg.  Prices,Stable
weekly_03_2025_Eng.txt,rice,Unknown,of all other local rice varieties have not,Stable
weekly_03_2025_Eng.txt,rice,Unknown,changed significantly and average price of,Stable
weekly_03_2025_Eng.txt,rice,Unknown,"samba, nadu and raw white rice varieties",Stable
weekly_03_2025_Eng.txt,rice,Unknown,Imported rice varieties was also available,Stable
weekly_03_2025_Eng.txt,rice,Unknown,prices,Stable
weekly_03_2025_Eng.txt,rice,Increase,"rice varieties have seen price increases,",Increase
weekly_03_2025_Eng.txt,rice,Unknown,with the highest price of 13% for raw,Stable
weekly_03_2025_Eng.txt,rice,Unknown,white. The price of keeri samba has,Stable
weekly_03_2025_Eng.txt,rice,Unknown,The retail prices of all types of rice varieties,Stable
weekly_03_2025_Eng.txt,rice,Decrease,highest price decrease of Rs.2.00/kg was,Decrease
weekly_03_2025_Eng.txt,rice,Unknown,observed for imported samba and price,Stable
weekly_03_2025_Eng.txt,rice,Unknown,ranged Rs.230.00-270.00/kg. Highest price,Stable
weekly_03_2025_Eng.txt,rice,Unknown,the current retail prices of all the rice,Stable
weekly_03_2025_Eng.txt,rice,Increase,increased with the highest price increase of,Increase
weekly_03_2025_Eng.txt,rice,Unknown,province paddy prices have trend to,Stable
weekly_03_2025_Eng.txt,rice,Decrease,"prices have decreased. Accordingly, short",Decrease
weekly_03_2025_Eng.txt,rice,Unknown,was reported Rs.109.00-142.00/kg price,Stable
weekly_03_2025_Eng.txt,rice,Unknown,146.00/kg price range for keeri samba,Stable
weekly_03_2025_Eng.txt,rice,Unknown,"paddy. Subsequently, average price of long",Stable
weekly_03_2025_Eng.txt,rice,Unknown,reported price range of Rs.109.00 -,Stable
weekly_03_2025_Eng.txt,rice,Unknown,"stocks from Ampara area, price of long",Stable
weekly_03_2025_Eng.txt,rice,Unknown,Rs.18.00/kg in Embilipitiya area. Prices for,Stable
weekly_03_2025_Eng.txt,rice,Unknown,the average prices of all the major paddy,Stable
weekly_03_2025_Eng.txt,rice,Unknown,The price of imported dried chilies has,Stable
weekly_03_2025_Eng.txt,rice,Decrease,decreased by 2% due and price ranged,Decrease
weekly_03_2025_Eng.txt,rice,Unknown,current whole sale price of imported dried,Stable
weekly_03_2025_Eng.txt,rice,Decrease,"In line with decreased wholesale prices, the",Decrease
weekly_03_2025_Eng.txt,rice,Unknown,retail price of imported dried chilies has,Stable
weekly_03_2025_Eng.txt,rice,Unknown,the current retail price of imported dried,Stable
weekly_03_2025_Eng.txt,onion,Unknown,Onion,Stable
weekly_03_2025_Eng.txt,rice,Increase,Price of imported red onion has increased,Increase
weekly_03_2025_Eng.txt,rice,Unknown,by 19% and price ranged Rs.450.00 -,Stable
weekly_03_2025_Eng.txt,rice,Unknown,sufficient stocks at the market. Price of big,Stable
weekly_03_2025_Eng.txt,onion,Increase,onion has increased by 16% due to,Increase
weekly_03_2025_Eng.txt,rice,Unknown,Indian and Pakistan onion and price ranged,Stable
weekly_03_2025_Eng.txt,rice,Unknown,current whole sale price of imported red,Stable
weekly_03_2025_Eng.txt,onion,Increase,onion has increased by 74% while,Increase
weekly_03_2025_Eng.txt,onion,Decrease,imported big onion has decreased by 38%.,Decrease
weekly_03_2025_Eng.txt,rice,Unknown,The retail prices of imported red onion and,Stable
weekly_03_2025_Eng.txt,onion,Increase,imported big onion have increased by,Increase
weekly_03_2025_Eng.txt,rice,Unknown,the current retail price of imported red onion,Stable
weekly_03_2025_Eng.txt,onion,Decrease,onion has decreased by 45%.,Decrease
weekly_03_2025_Eng.txt,potato,Unknown,Potato,Stable
weekly_03_2025_Eng.txt,rice,Decrease,The Price of Nuwara Eliya has decreased,Decrease
weekly_03_2025_Eng.txt,rice,Unknown,by 2% and price ranged Rs.3 20.00-,Stable
weekly_03_2025_Eng.txt,rice,Unknown,360.00/kg. Price of imported potatoes has,Stable
weekly_03_2025_Eng.txt,rice,Unknown,low-quality stocks and price ranged,Stable
weekly_03_2025_Eng.txt,rice,Unknown,current wholesale price of Nuwara Eliya,Stable
weekly_03_2025_Eng.txt,potato,Increase,and imported potatoes have increased by,Increase
weekly_03_2025_Eng.txt,rice,Unknown,The retail prices of Nuwara Eliya and,Stable
weekly_03_2025_Eng.txt,potato,Increase,imported potato have increased by,Increase
weekly_03_2025_Eng.txt,rice,Unknown,the current retail prices of imported potato,Stable
weekly_03_2025_Eng.txt,potato,Increase,and Nuwara Eliya potatoes have increased,Increase
weekly_03_2025_Eng.txt,rice,Unknown,Prices of white cowpea and red cowpea,Stable
weekly_03_2025_Eng.txt,rice,Unknown,and price ranged Rs.500.00-600.00/kg and,Stable
weekly_03_2025_Eng.txt,rice,Unknown,Rs.440.00-600.00/kg. Price of green gram,Stable
weekly_03_2025_Eng.txt,dhal,Increase,and red dhal have not increased,Stable
weekly_03_2025_Eng.txt,rice,Unknown,significantly and average prices,Stable
weekly_03_2025_Eng.txt,rice,Unknown,current wholesale prices of all pulses,Stable
weekly_03_2025_Eng.txt,rice,Decrease,prices of all types of pulses have decreased.,Decrease
weekly_03_2025_Eng.txt,rice,Unknown,the current retail prices of all types of pulses,Stable
weekly_03_2025_Eng.txt,rice,Decrease,have decreased with the highest price,Decrease
weekly_03_2025_Eng.txt,vegetable,Unknown,Vegetable,Stable
weekly_03_2025_Eng.txt,rice,Unknown,Prices of most of the up-country vegetables,Increase
weekly_03_2025_Eng.txt,rice,Unknown,extreme weather conditions while prices of,Stable
weekly_03_2025_Eng.txt,vegetable,Unknown,most of the low-country vegetables have,Stable
weekly_03_2025_Eng.txt,rice,Unknown,Most of the upcountry vegetable prices are,Increase
weekly_03_2025_Eng.txt,rice,Unknown,"Nuwara Eliya area, following prices of",Stable
weekly_03_2025_Eng.txt,rice,Unknown,and 10% respectively. Price of green beans,Stable
weekly_03_2025_Eng.txt,rice,Increase,"has increased slightly. However, price of",Increase
weekly_03_2025_Eng.txt,rice,Unknown,"availability of stocks. Further, price of",Stable
weekly_03_2025_Eng.txt,vegetable,Unknown,"Considering low-country vegetables, most",Stable
weekly_03_2025_Eng.txt,rice,Unknown,of the vegetable varieties experienced price,Stable
weekly_03_2025_Eng.txt,rice,Decrease,pumpkin (10%) prices decreased,Decrease
weekly_03_2025_Eng.txt,rice,Unknown,significantly. Prices of brinjal and ash,Stable
weekly_03_2025_Eng.txt,rice,Unknown,"prices of ladies fingers, long beans and",Stable
weekly_03_2025_Eng.txt,rice,Unknown,"30%. In addition, price of green chilies has",Stable
weekly_03_2025_Eng.txt,rice,Increase,increased by 20% while price of lime has,Increase
weekly_03_2025_Eng.txt,rice,Decrease,"most vegetable prices have decreased, with",Decrease
weekly_03_2025_Eng.txt,rice,Unknown,Retail prices of most of the vegetable,Stable
weekly_03_2025_Eng.txt,vegetable,Unknown,"wholesale trend. In up-country vegetables,",Increase
weekly_03_2025_Eng.txt,rice,Increase,the highest price increase was reported for,Increase
weekly_03_2025_Eng.txt,rice,Unknown,"Rs.52.00/kg. However, beetroot price",Stable
weekly_03_2025_Eng.txt,vegetable,Unknown,Considering the low-country vegetable,Stable
weekly_03_2025_Eng.txt,rice,Unknown,varieties capsicum prices showed a,Stable
weekly_03_2025_Eng.txt,rice,Increase,significant price increased of,Increase
weekly_03_2025_Eng.txt,rice,Unknown,Rs.102.00/kg. Bitter gourd prices,Stable
weekly_03_2025_Eng.txt,rice,Unknown,has shown a notable price drop at,Stable
weekly_03_2025_Eng.txt,rice,Unknown,showed a significant price increment,Stable
weekly_03_2025_Eng.txt,rice,Unknown,compared to last week and 12 % price,Stable
weekly_03_2025_Eng.txt,rice,Unknown,"last year, prices of most of the varieties",Stable
weekly_03_2025_Eng.txt,rice,Decrease,have decreased while a notable price drop,Decrease
weekly_03_2025_Eng.txt,coconut,Unknown,Coconut,Stable
weekly_03_2025_Eng.txt,rice,Unknown,Prices of both large and small nuts,Stable
weekly_03_2025_Eng.txt,rice,Unknown,respectively. Price ranges were,Stable
weekly_03_2025_Eng.txt,rice,Unknown,the current wholesale prices of large and,Stable
weekly_03_2025_Eng.txt,rice,Increase,Prices of large nuts showed a increase by,Increase
weekly_03_2025_Eng.txt,rice,Unknown,around Rs.16.00/nut. Price ranges were,Stable
weekly_03_2025_Eng.txt,rice,Unknown,prices of large nuts (72%) and small nuts,Stable
weekly_03_2025_Eng.txt,fruit,Unknown,Fruits,Stable
weekly_03_2025_Eng.txt,rice,Unknown,The wholesale price of many fruits have,Stable
weekly_03_2025_Eng.txt,rice,Unknown,prices of wood apple and local orange.,Stable
weekly_03_2025_Eng.txt,rice,Decrease,"decrease in prices due to overstocking,",Decrease
weekly_03_2025_Eng.txt,rice,Unknown,Prices of all sizes of pineapples have,Stable
weekly_03_2025_Eng.txt,rice,Decrease,"decreased, with the highest price decrease",Decrease
weekly_03_2025_Eng.txt,rice,Unknown,The price of red grapes imported from,Stable
weekly_03_2025_Eng.txt,rice,Unknown,Wholesale prices for the most of fruits have,Stable
weekly_03_2025_Eng.txt,rice,Unknown,Retail price have followed the downward,Decrease
weekly_03_2025_Eng.txt,rice,Unknown,trend of wholesale prices. Price of all sizes,Stable
weekly_03_2025_Eng.txt,rice,Decrease,significant price decrease of Rs.16.00/kg,Decrease
weekly_03_2025_Eng.txt,rice,Unknown,price of ambul banana and seeni banana,Stable
weekly_03_2025_Eng.txt,rice,Decrease,Rs.11.00/kg. Price of papaw has decreased,Decrease
weekly_03_2025_Eng.txt,rice,Unknown,Price for karathakolomban mango,Stable
weekly_03_2025_Eng.txt,fruit,Increase,increased by Rs.19.00/fruit due to limited,Increase
weekly_03_2025_Eng.txt,rice,Unknown,stocks with end of the harvest season. Price,Stable
weekly_03_2025_Eng.txt,fruit,Decrease,"decreased by Rs.31.00/fruit, Rs.23.00/fruit",Decrease
weekly_03_2025_Eng.txt,rice,Unknown,and Rs.12.00/fruit respectively. Price of,Stable
weekly_03_2025_Eng.txt,rice,Unknown,"Compared to last year, retail price for most",Stable
weekly_03_2025_Eng.txt,fruit,Increase,of fruit varieties have increased with the,Increase
weekly_03_2025_Eng.txt,fish,Unknown,Fresh Fish,Stable
weekly_03_2025_Eng.txt,rice,Unknown,Wholesale prices of most of the fresh fish,Stable
weekly_03_2025_Eng.txt,rice,Increase,"condition. Price increase of 21%, 20%, and",Increase
weekly_03_2025_Eng.txt,rice,Unknown,"and Southern areas. However, a price",Stable
weekly_03_2025_Eng.txt,rice,Unknown,high supply from Northern areas. Prices of,Increase
weekly_03_2025_Eng.txt,fish,Unknown,other fresh fish verities have not changed,Stable
weekly_03_2025_Eng.txt,rice,Unknown,the current wholesale prices of all of the,Stable
weekly_03_2025_Eng.txt,fish,Increase,fresh fish types have increased with the,Increase
weekly_03_2025_Eng.txt,rice,Increase,highest price increase of 89% was noted for,Increase
weekly_03_2025_Eng.txt,rice,Unknown,The prices of other fish varieties except,Stable
weekly_03_2025_Eng.txt,rice,Increase,the highest price increase was recorded for,Increase
weekly_03_2025_Eng.txt,rice,Increase,highest price increase was recorded for,Increase
weekly_03_2025_Eng.txt,rice,Increase,thora by Rs.128.00/kg. Price increase of,Increase
weekly_03_2025_Eng.txt,rice,Decrease,respectively. Price decrease of thalapath,Decrease
weekly_03_2025_Eng.txt,rice,Unknown,the prices of other fish varieties except,Stable
weekly_03_2025_Eng.txt,rice,Increase,and the highest price increase was recorded,Increase
weekly_03_2025_Eng.txt,fish,Unknown,Dried Fish,Stable
weekly_03_2025_Eng.txt,rice,Unknown,Prices of most of the dried fish types have,Stable
weekly_03_2025_Eng.txt,fish,Increase,decreased due to increase of local dried fish,Increase
weekly_03_2025_Eng.txt,rice,Decrease,supply. The price decrease of 14% and 5%,Increase
weekly_03_2025_Eng.txt,rice,Increase,price increase of 10% was noted for local,Increase
weekly_03_2025_Eng.txt,rice,Unknown,Mannar and Mullaitivu areas. Prices of,Stable
weekly_03_2025_Eng.txt,fish,Unknown,other dried fish verities have not changed,Stable
weekly_03_2025_Eng.txt,rice,Unknown,the current wholesale prices of all of the,Stable
weekly_03_2025_Eng.txt,fish,Unknown,dried fish types except local salaya have,Stable
weekly_03_2025_Eng.txt,rice,Decrease,decreased with the highest price decrease,Decrease
weekly_03_2025_Eng.txt,rice,Unknown,The prices of other dry fish varieties except,Stable
weekly_03_2025_Eng.txt,rice,Decrease,have decreased and the highest price,Decrease
weekly_03_2025_Eng.txt,rice,Decrease,balaya by Rs.67.00/kg. Price decrease of,Decrease
weekly_03_2025_Eng.txt,rice,Increase,respectively. The highest price increase,Increase
weekly_03_2025_Eng.txt,rice,Unknown,the prices of all dry fish types have,Stable
weekly_03_2025_Eng.txt,rice,Decrease,decreased and the highest price decrease,Decrease
weekly_03_2025_Eng.txt,egg,Unknown,Eggs,Stable
weekly_03_2025_Eng.txt,rice,Unknown,The prices of both brown and white eggs,Stable
weekly_03_2025_Eng.txt,rice,Decrease,have decreased by 12% and their prices,Decrease
weekly_03_2025_Eng.txt,egg,Unknown,ranged Rs.31.00-37.00/egg and Rs.29.00-,Stable
weekly_03_2025_Eng.txt,egg,Unknown,34.00/egg respectively.,Stable
weekly_03_2025_Eng.txt,rice,Unknown,prices of both brown and white eggs have,Stable
weekly_03_2025_Eng.txt,rice,Unknown,The prices of both brown and white egg,Stable
weekly_03_2025_Eng.txt,rice,Increase,types have increased and the price range of,Increase
weekly_03_2025_Eng.txt,egg,Unknown,a White egg has recorded as Rs.30.00-,Stable
weekly_03_2025_Eng.txt,rice,Unknown,Rs.38.00 and the price range of a brown,Stable
weekly_03_2025_Eng.txt,egg,Unknown,egg has recorded as Rs.32.00-Rs.40.00.,Stable
weekly_03_2025_Eng.txt,rice,Unknown,The average price of the white and brown,Stable
weekly_03_2025_Eng.txt,egg,Unknown,egg types has recorded as Rs.34.00 and,Stable
weekly_03_2025_Eng.txt,rice,Unknown,the prices of both eg g varieties have,Stable
weekly_03_2025_Eng.txt,rice,Decrease,The prices of all meat types have decreased,Decrease
weekly_03_2025_Eng.txt,rice,Unknown,and the highest price de crease was,Stable
weekly_03_2025_Eng.txt,chicken,Unknown,recorded for curry chicken by,Stable
weekly_03_2025_Eng.txt,rice,Decrease,Rs.159.00/kg. Price decrease of Broiler,Decrease
weekly_03_2025_Eng.txt,chicken,Unknown,Chicken and Pork have recorded as,Stable
weekly_03_2025_Eng.txt,rice,Decrease,respectively. Price decrease of beef and,Decrease
weekly_03_2025_Eng.txt,rice,Unknown,the price of other meat types except beef,Stable
weekly_03_2025_Eng.txt,rice,Decrease,price decrease was recorded for curry,Decrease
weekly_03_2025_Eng.txt,chicken,Unknown,chicken by 16%.,Stable
weekly_03_2025_Eng.txt,rice,Unknown,wholesale and retail prices of selected food,Stable
weekly_03_2025_Eng.txt,rice,Unknown,"prevailing prices, price ranges, averages, and a",Stable
weekly_03_2025_Eng.txt,rice,Unknown,comparison of weekly prices. The changes in,Stable
weekly_03_2025_Eng.txt,rice,Unknown,prices reported are always with price prevailed,Stable
weekly_03_2025_Eng.txt,rice,Unknown,The frequency of collection of wholesale price,Stable
weekly_03_2025_Eng.txt,rice,Unknown,"Friday) while with retail prices, it is thrice a",Stable
weekly_03_2025_Eng.txt,rice,Unknown,Rice VarietiesLOCATIONS,Stable
weekly_03_2025_Eng.txt,rice,Unknown,Table 01: Selected Markets:Wholesale Price of Rice (Rs/50kg bag),Stable
weekly_03_2025_Eng.txt,rice,Unknown,Table 02: Selected Markets: Retail Price of Rice (Rs/kg),Stable
weekly_03_2025_Eng.txt,rice,Unknown,LOCATIONS Rice Varieties,Stable
weekly_03_2025_Eng.txt,dhal,Unknown,Cowpea Red Dhal,Stable
weekly_03_2025_Eng.txt,rice,Unknown,Table 04: Selected Markets:Wholesale Price of Subsidiary Food (Rs/50kg),Stable
weekly_03_2025_Eng.txt,onion,Unknown,Dried Chillies Red Onion Big Onion PotatoLOCATION Imported Imported Local Imported Welimada,Stable
weekly_03_2025_Eng.txt,rice,Unknown,Table 05: Selected Markets: Retail Price of Subsidiary Food Crops (Rs/kg),Stable
weekly_03_2025_Eng.txt,onion,Unknown,Dried Chillies Red Onion Big Onion Potato Pulses,Stable
weekly_03_2025_Eng.txt,dhal,Unknown,Green Gram Cowpea Red Dhal,Stable
weekly_03_2025_Eng.txt,rice,Unknown,Table 06: Selected Markets: Wholesale Price of Vegetables(Rs/kg),Stable
weekly_03_2025_Eng.txt,potato,Unknown,ManiocLong Beans Ash Plantain Green Chillies Lime Sweet Potatoe,Stable
weekly_03_2025_Eng.txt,rice,Unknown,"Colombo, Meegoda, Norochchole, Jaffna,Dambulla and Kandy - Gotukola Price Rs/Kg",Stable
weekly_03_2025_Eng.txt,vegetable,Unknown,Leafy Vegetables (Rs/bundle),Stable
weekly_03_2025_Eng.txt,coconut,Unknown,Coconut (Rs/nut),Stable
weekly_03_2025_Eng.txt,rice,Unknown,Table 07: Selected Markets: Retail Price of Vegetables (Rs/kg),Stable
weekly_03_2025_Eng.txt,potato,Unknown,Sweet Potato Large Small,Stable
weekly_03_2025_Eng.txt,vegetable,Unknown,Low Country Varieties Leafy Vegetable Coconut (Rs/nut),Stable
weekly_03_2025_Eng.txt,rice,Unknown,Table 08: Selected Markets: Retail Price of Fruits (Rs/each & Rs/kg),Stable
weekly_03_2025_Eng.txt,fruit,Unknown,Mango Other Fruits,Stable
weekly_03_2025_Eng.txt,coconut,Unknown,Passion Avocado Slime Apple Grapes (Rs/kg) King CoconutWood Apple Orange,Stable
weekly_03_2025_Eng.txt,fish,Unknown,Local Dried Fish Imported Dried Fish,Stable
weekly_03_2025_Eng.txt,fish,Unknown,Imported Dried Fish,Stable
weekly_03_2025_Eng.txt,fish,Unknown,Local Dried Fish,Stable
weekly_03_2025_Eng.txt,rice,Unknown,Table 10: Selected Markets: Wholesale Price of Dried Fish (Rs/50kg),Stable
weekly_03_2025_Eng.txt,fish,Unknown,Sea Fish Eggs,Stable
weekly_03_2025_Eng.txt,rice,Unknown,Table 09: Selected Markets: Wholesale Price of Fresh Fish & Eggs (Rs/kg & Rs/egg),Stable
weekly_03_2025_Eng.txt,fish,Unknown,Sea FishLocations,Stable
weekly_03_2025_Eng.txt,rice,Unknown,Table 11: Selected Markets: Retail Price of Fresh Fish & Eggs (Rs/kg & Rs/eggs),Stable
weekly_03_2025_Eng.txt,fish,Unknown,Sea Fish EggsLOCATIONS,Stable
weekly_03_2025_Eng.txt,rice,Unknown,Table 12: Selected Markets: Retail Price of Dried Fish (Rs/kg),Stable
weekly_03_2025_Eng.txt,fish,Unknown,Dried FishLOCATIONS Sprats-Imported Kattawa Thora Mora Balaya,Stable
weekly_03_2025_Eng.txt,rice,Unknown,Table 13: Selected Markets: Retail Price of Meat (Rs/kg),Stable
weekly_03_2025_Eng.txt,chicken,Unknown,Meat Meat (Chicken) Meat,Stable
weekly_03_2025_Eng.txt,rice,Unknown,Rice Coconut,Stable
weekly_03_2025_Eng.txt,fruit,Unknown,Keeri Samba 250.00−260.00255.00254.17341.00 0.33 -25.22Fruits (Rs/fruit),Stable
weekly_03_2025_Eng.txt,fruit,Unknown,Raw (Red) − Passion Fruit 50.00− 65.00 55.56 52.50110.00 5.82 -49.49,Stable
weekly_03_2025_Eng.txt,onion,Unknown,Onion Mango,Stable
weekly_03_2025_Eng.txt,onion,Unknown,Big Onion Kohu −,Stable
weekly_03_2025_Eng.txt,potato,Unknown,Potato Orange 70.00− 100.00 83.00 92.73 87.50 -10.49 -5.14,Stable
weekly_03_2025_Eng.txt,coconut,Unknown,Pulses King Coconut 150.00− 180.00 158.75 164.44 96.67 -3.46 64.22,Stable
weekly_03_2025_Eng.txt,fish,Unknown,Cowpea (White) 500.00−600.00550.00574.29 -4.23 Sea Fish,Stable
weekly_03_2025_Eng.txt,dhal,Unknown,Red Dhal 270.00−275.00273.33276.00294.00 -0.97 -7.03Hurulla 950.00−1150.001020.00 851.82541.00 19.74 88.54,Stable
weekly_03_2025_Eng.txt,vegetable,Unknown,Vegetable Balaya 800.00− 900.00 870.00 716.25735.00 21.47 18.37,Stable
weekly_03_2025_Eng.txt,egg,Unknown,Raddish 80.00−120.00100.00114.00144.00 -12.28 -30.56Eggs,Stable
weekly_03_2025_Eng.txt,fish,Unknown,Ladies Fingers 120.00−200.00158.00122.00310.00 29.51 -49.03Dried Fish,Stable
weekly_03_2025_Eng.txt,potato,Unknown,Sweet Potato 130.00−200.00160.00134.44116.00 19.01 37.93Maduwa (Imported) −,Stable
weekly_03_2025_Eng.txt,vegetable,Unknown,Leafy Vegetable Koduwa (Imported) −,Stable
weekly_03_2025_Eng.txt,rice,Unknown,Table 14: Colombo: Wholesale Prices (Rs/kg or Rs/piece),Stable
weekly_03_2025_Eng.txt,rice,Unknown,Average Price Change Compared to,Stable
weekly_03_2025_Eng.txt,rice,Unknown,Average Price,Stable
weekly_03_2025_Eng.txt,rice,Unknown,Rice Coconut,Stable
weekly_03_2025_Eng.txt,fruit,Unknown,Keeri Samba 260.00− 280.00267.81 267.78368.00 0.03-27.22Fruits (Rs/fruit),Stable
weekly_03_2025_Eng.txt,fruit,Unknown,Raw (Red) − Passion Fruit 60.00− 130.00 83.25 74.50 142.69 8.75 -41.66,Stable
weekly_03_2025_Eng.txt,onion,Unknown,Onion Mango,Stable
weekly_03_2025_Eng.txt,onion,Unknown,Big Onion Kohu −,Stable
weekly_03_2025_Eng.txt,potato,Unknown,Potato Orange 90.00− 170.00125.93149.29 178.53 -23.36 -29.46,Stable
weekly_03_2025_Eng.txt,coconut,Unknown,Pulses King Coconut 160.00− 220.00193.10195.91 144.58 -2.81 33.56,Stable
weekly_03_2025_Eng.txt,fish,Unknown,Cowpea (White) 700.00− 900.00812.59 824.351226.67-11.76-33.76Sea Fish,Stable
weekly_03_2025_Eng.txt,dhal,Unknown,Red Dhal 280.00− 360.00311.14 313.57338.18 -2.44 -8.00Hurulla 1100.00−1400.001206.25943.75 904.55 262.50 33.35,Stable
weekly_03_2025_Eng.txt,vegetable,Unknown,Vegetable Balaya 900.00−1100.001013.75967.861215.56 45.89 -16.60,Stable
weekly_03_2025_Eng.txt,egg,Unknown,Raddish 160.00− 320.00248.67 248.93335.17 -0.26-25.81Eggs,Stable
weekly_03_2025_Eng.txt,fish,Unknown,Ladies Fingers 200.00− 360.00304.33 278.62512.76 25.71-40.65Dried Fish,Stable
weekly_03_2025_Eng.txt,chicken,Unknown,Root Crops Chicken (Broiler) 1000.00−1160.001076.151190.001278.00-113.85 -15.79,Stable
weekly_03_2025_Eng.txt,potato,Unknown,Sweet Potato 200.00− 320.00269.63 268.00317.59 1.63-15.10Chicken (Curry) 1000.00−1200.001038.001196.671157.00-158.67 -10.29,Stable
weekly_03_2025_Eng.txt,vegetable,Unknown,Leafy Vegetable Pork 1000.00−1300.001183.331233.331275.00 -50.00 -7.19,Stable
weekly_03_2025_Eng.txt,rice,Unknown,Table 15: Colombo &Suburbs: Retail Prices (Rs/kg or Rs/piece),Stable
weekly_03_2025_Eng.txt,rice,Unknown,Average Price Change Compared to,Stable
weekly_03_2025_Eng.txt,rice,Unknown,Average Price Change Compared to,Stable
weekly_03_2025_Eng.txt,vegetable,Unknown,Paddy Vegetable (Up Country) Snake Gourd,Increase
weekly_03_2025_Eng.txt,onion,Unknown,Red Onion Badulla − Long Beans,Stable
weekly_03_2025_Eng.txt,onion,Unknown,Big Onion Welimada 150.00−160.00 154.00Embilipitiya 180.00−200.00192.50,Stable
weekly_03_2025_Eng.txt,potato,Unknown,Potato Hambantota −,Stable
weekly_03_2025_Eng.txt,vegetable,Unknown,N'Eliya 330.00−350.00342.00Vegetable (Low Country) Embilipitiya 80.00−100.00 87.50,Stable
weekly_03_2025_Eng.txt,fruit,Unknown,Moneragala 450.00−500.00470.00Brinjal Fruits (Rs/kg),Stable
weekly_03_2025_Eng.txt,rice,Unknown,Table 16: Farmgate/Producer Prices of Food Commodities in Selected Producing Areas (Rs/kg),Stable
weekly_03_2025_Eng.txt,rice,Unknown,PriceCOMMODITY Range Average,Stable
weekly_03_2025_Eng.txt,rice,Unknown,Price COMMODITY Range Average,Stable
weekly_03_2025_Eng.txt,rice,Unknown,Price COMMODITY,Stable
weekly_03_2025_Eng.txt,rice,Unknown,Rice,Stable
weekly_03_2025_Eng.txt,onion,Unknown,Red Onion,Stable
weekly_03_2025_Eng.txt,onion,Unknown,Big Onion,Stable
weekly_03_2025_Eng.txt,potato,Unknown,Potato,Stable
weekly_03_2025_Eng.txt,dhal,Unknown,Red Dhal 280.00− 300.00 300.00− 360.00 280.00− 340.00320.00− 320.00300.00− 360.00290.00− 300.00300.00− 320.00290.00− 320.00 300.00− 320.00,Stable
weekly_03_2025_Eng.txt,rice,Unknown,Annex 01 - Colombo Markets: Retail Prices of Rice and Subsidiary Food Crops (Rs/kg) Week 03: 17 - 23 Jan 2025,Stable
weekly_03_2025_Eng.txt,vegetable,Unknown,Vegetable,Stable
weekly_03_2025_Eng.txt,potato,Unknown,Sweet Potato 200.00− 250.00 320.00− 320.00 260.00− 320.00 320.00 − 320.00 280.00− 320.00 − 200.00− 240.00 240.00− 260.00240.00− 260.00,Stable
weekly_03_2025_Eng.txt,vegetable,Unknown,Leafy Vegetable,Stable
weekly_03_2025_Eng.txt,coconut,Unknown,Coconut,Stable
weekly_03_2025_Eng.txt,rice,Unknown,Annex 02 - Colombo Markets: Retail Prices of Vegetables (Rs/kg) and Coconut (Rs/nut),Stable
weekly_03_2025_Eng.txt,fruit,Unknown,Other Fruits,Stable
weekly_03_2025_Eng.txt,coconut,Unknown,King Coconut 180.00− 220.00 200.00− 220.00180.00− 200.00 200.00− 220.00160.00− 180.00180.00− 200.00160.00− 160.00 180.00− 200.00 180.00−200.00,Stable
weekly_03_2025_Eng.txt,rice,Unknown,Annex 03 - Colombo Markets: Retail Prices of Fruits (Rs/fruit),Stable
weekly_03_2025_Eng.txt,fish,Unknown,Sea Fish,Stable
weekly_03_2025_Eng.txt,egg,Unknown,30 Eggs (Rs/egg),Stable
weekly_03_2025_Eng.txt,fish,Unknown,Dried Fish,Stable
weekly_03_2025_Eng.txt,chicken,Unknown,Chicken (Broiler) 1100.00−1100.001020.00−1020.001100.00−1100.001160.00−1160.001000.00−1000.001100.00−1100.001000.00−1000.001120.00−1150.001060.00−1060.00,Stable
weekly_03_2025_Eng.txt,chicken,Unknown,Chicken (Curry) 1200.00−1200.001000.00−1000.001000.00−1000.001000.00−1000.001000.00−1000.001000.00−1000.001000.00−1000.001120.00−1120.001060.00−1060.00,Stable
weekly_03_2025_Eng.txt,rice,Unknown,Annex 04 - Colombo Markets: Retail Prices of Sea Fish and Dried Fish (Rs/kg),Stable
weekly_03_2025_Eng.txt,rice,Unknown,Rice - (white Kekulu - normal ) 361 9.88 1.52 - 0.03 0.09 10.67 - 6.94 26.29 1.22 1.5,Stable
weekly_03_2025_Eng.txt,rice,Unknown,Rice - (white Kekulu Samba) 355 8.81 1.53 - 0.03 0.09 8.11 - 9.82 30.48 0.92 1.7,Stable
weekly_03_2025_Eng.txt,rice,Unknown,Rice - ( Red Kekulu - normal ) 366 8.64 2.12 - 0.05 0.1 8.39 - 4.73 31.7 0.88 1.84,Stable
weekly_03_2025_Eng.txt,rice,Unknown,Rice -Samba 369 6.86 2.45 - 0.05 0.13 12.79 - 8.71 37.26 1.18 1.49,Stable
weekly_03_2025_Eng.txt,rice,Unknown,Rice - Nadu White 366 7.76 1.48 - 0.03 0.12 9.35 - 4.57 20.1 0.64 1.61,Stable
weekly_03_2025_Eng.txt,onion,Unknown,Onion,Stable
weekly_03_2025_Eng.txt,onion,Unknown,Big onions 48 1.67 0.24 0.16 0.01 0.1 32.99 7.58 14.82 16.94 0.45 0.25,Stable
weekly_03_2025_Eng.txt,onion,Unknown,Red onions 55 2.13 0.15 0.18 0.02 0.13 30.15 14.26 20.37 19.32 0.31 0.28,Stable
weekly_03_2025_Eng.txt,potato,Unknown,Potatoes 71 1.67 0.25 0.01 0.09 14.31 20.5 9.83 23.84 0.46 0.29,Stable
weekly_03_2025_Eng.txt,dhal,Unknown,Red Dhal 319 23.09 0.77 1.06 1.6 0.22 55 NA 41.27 66.63 7.45 3.34,Stable
weekly_03_2025_Eng.txt,vegetable,Unknown,Vegetables,Stable
weekly_03_2025_Eng.txt,rice,Unknown,Rice,Stable
weekly_03_2025_Eng.txt,egg,Unknown,Brinjal (Chinese eggplant) 24 1.28 0.33 16.83 0.12 0.11 32.94 3.37 14.4 21.18 0.28 0.16,Stable
weekly_03_2025_Eng.txt,egg,Unknown,Thalana batu (Thai eggplant) 21 1.45 0.26 18.33 0.11 0.09 31.18 2.71 17.24 37.22 0.37 0.24,Stable
weekly_03_2025_Eng.txt,coconut,Unknown,Coconuts nuts 390 3.67 39.92 - 0.05 0.11 14.86 -,Stable
weekly_03_2025_Eng.txt,potato,Unknown,Sweet potato 108 1.27 0.33 NA 0.04 0.09 14.44 22.2 28.93 21.05 0.51 0.14,Stable
weekly_03_2025_Eng.txt,vegetable,Unknown,Leafy Vegetables,Stable
weekly_03_2025_Eng.txt,onion,Unknown,Onion leaves 27 2.01 0.26 NA 0.04 0.18 56.8 23.38 35.21 74.95 3.15 0.77,Stable
weekly_03_2025_Eng.txt,fruit,Unknown,Jackfruit pods 25 2.14 0.34 NA 0.03 0.04 30.7 24.77 37.32 26.08 0.3 0.17,Stable
weekly_03_2025_Eng.txt,fruit,Unknown,Jackfruit seeds 77 5.66 0.44 NA 0.02 0.08 58.91 15.24 40.87 50.14 0.52 0.42,Stable
weekly_03_2025_Eng.txt,chicken,Unknown,Chicken 176 23.14 9.24 6.88 0.07 0.49 10.09 - 15.06 20.18 0.75 0.64,Stable
weekly_03_2025_Eng.txt,fish,Unknown,Fish,Stable
weekly_03_2025_Eng.txt,fish,Unknown,Cuttle fish 76 16.82 0.93 1.93 0.02 0.04 6.22 8.73 35.46 0.62 1.3,Stable
weekly_03_2025_Eng.txt,fish,Unknown,Dried Fish,Stable
weekly_03_2025_Eng.txt,egg,Unknown,Eggs,Stable
weekly_03_2025_Eng.txt,egg,Unknown,Hen eggs (Country) 170 13.14 13 208 0.08 0.18 54.6 50.14 11.04 1.64 1.12,Stable
weekly_03_2025_Eng.txt,egg,Unknown,Hen eggs (Table) 135 13.55 9.03 200 0.19 0.19 49.46 63.3 12 2.39 1.73,Stable
weekly_03_2025_Eng.txt,egg,Unknown,Quail eggs 153 12.39 11.46 153 0.11 0.17 54.86 60.67 11.21 2.55 1.51,Stable
weekly_03_2025_Eng.txt,fruit,Unknown,Fruits,Stable
weekly_03_2025_Eng.txt,rice,Unknown,Price Collecting Areas,Stable
weekly_09_2025_Eng.txt,vegetable,Unknown,Vegetables,Stable
weekly_09_2025_Eng.txt,coconut,Unknown,Coconut,Stable
weekly_09_2025_Eng.txt,rice,Unknown,Paddy/ Rice,Stable
weekly_09_2025_Eng.txt,rice,Increase,Prices of both large and small nuts have increased and the,Increase
weekly_09_2025_Eng.txt,rice,Unknown,prices ranged Rs.220.00 -240.00 for large nuts and Rs.180.00 -,Stable
weekly_09_2025_Eng.txt,onion,Unknown,Stocks of imported red onion and big onion were available in,Stable
weekly_09_2025_Eng.txt,rice,Decrease,the market and the prices of both types have decreased further.,Decrease
weekly_09_2025_Eng.txt,rice,Unknown,Prices ranged between Rs.350.00 -600.00/kg for red onion and,Stable
weekly_09_2025_Eng.txt,onion,Unknown,Rs.150.00-240.00/kg for big onion in Colombo and suburb,Stable
weekly_09_2025_Eng.txt,rice,Unknown,markets. Prices of both Nuwara Eliya and imported potatoes,Stable
weekly_09_2025_Eng.txt,rice,Increase,"have increased. Further, the prices of white cowpea,",Increase
weekly_09_2025_Eng.txt,rice,Decrease,red cowpea and red dhal have decreased while the price of,Decrease
weekly_09_2025_Eng.txt,rice,Decrease,Retail prices of most of the vegetables have decreased.,Decrease
weekly_09_2025_Eng.txt,rice,Decrease,"Considering the up-country varieties, the highest price decrease",Increase
weekly_09_2025_Eng.txt,rice,Decrease,"low country varieties, the highest price decrease was reported",Decrease
weekly_09_2025_Eng.txt,rice,Unknown,Retail prices of all the rice varieties except for nadu grade I and,Stable
weekly_09_2025_Eng.txt,rice,Increase,raw red have increased. The highest price increase was noted,Increase
weekly_09_2025_Eng.txt,rice,Unknown,for keeri samba and the price ranged Rs.265.00 -300.00/kg.,Stable
weekly_09_2025_Eng.txt,rice,Unknown,Prices of other varieties ranged between Rs.240.00 -260.00/kg,Stable
weekly_09_2025_Eng.txt,rice,Unknown,Rs.230.00-260.00/kg for raw red and white rice in Colombo,Stable
weekly_09_2025_Eng.txt,rice,Unknown,and suburb markets. Average farmgate prices of most of the,Stable
weekly_09_2025_Eng.txt,rice,Unknown,Rice,Stable
weekly_09_2025_Eng.txt,rice,Increase,Price of keeri samba has increased by 3%,Increase
weekly_09_2025_Eng.txt,rice,Unknown,the market and the price ranged Rs.260.00-,Stable
weekly_09_2025_Eng.txt,rice,Unknown,270.00/kg. Prices of all the other local rice,Stable
weekly_09_2025_Eng.txt,rice,Unknown,Average prices of raw red and,Stable
weekly_09_2025_Eng.txt,rice,Unknown,Imported rice varieties were also available,Stable
weekly_09_2025_Eng.txt,rice,Unknown,prices,Stable
weekly_09_2025_Eng.txt,rice,Unknown,wholesale prices of most of the rice,Stable
weekly_09_2025_Eng.txt,rice,Increase,varieties have seen price increased with the,Increase
weekly_09_2025_Eng.txt,rice,Increase,highest price increase of 27% for raw red.,Increase
weekly_09_2025_Eng.txt,rice,Unknown,Prices of keeri samba and imported ponni,Stable
weekly_09_2025_Eng.txt,rice,Unknown,The retail prices of all the types of local rice,Stable
weekly_09_2025_Eng.txt,rice,Increase,price increase of Rs.16.00/kg was recorded,Increase
weekly_09_2025_Eng.txt,rice,Unknown,for keeri samba. The retail prices of all the,Stable
weekly_09_2025_Eng.txt,rice,Unknown,type of imported rice varieties have not,Stable
weekly_09_2025_Eng.txt,rice,Increase,the highest price increase of 21% was,Increase
weekly_09_2025_Eng.txt,rice,Unknown,recorded for local raw red and the highest price,Stable
weekly_09_2025_Eng.txt,rice,Unknown,The average farm gate prices of most of the,Stable
weekly_09_2025_Eng.txt,rice,Unknown,"Accordingly, the average prices of keeri",Stable
weekly_09_2025_Eng.txt,rice,Decrease,"However, it was also reported price decline",Decrease
weekly_09_2025_Eng.txt,rice,Unknown,13.00/kg. The prices for keeri samba paddy,Stable
weekly_09_2025_Eng.txt,rice,Unknown,"Further, the average farm gate price of",Stable
weekly_09_2025_Eng.txt,rice,Unknown,Rs.4.00/kg in Ampara while the price has,Stable
weekly_09_2025_Eng.txt,rice,Unknown,Kurunegala areas. Prices for short grain,Stable
weekly_09_2025_Eng.txt,rice,Unknown,"140.00/kg. Subsequently, a slight price",Stable
weekly_09_2025_Eng.txt,rice,Decrease,Rs.5.00/kg price decrease in Polonnaruwa,Decrease
weekly_09_2025_Eng.txt,rice,Unknown,area. Prices ranged between Rs.109.00-,Stable
weekly_09_2025_Eng.txt,rice,Unknown,"130.00/kg. Furthermore, the price of long",Stable
weekly_09_2025_Eng.txt,rice,Unknown,Prices ranged between Rs.120.00-,Stable
weekly_09_2025_Eng.txt,rice,Unknown,average prices of all the paddy varieties,Stable
weekly_09_2025_Eng.txt,rice,Decrease,price of keeri samba paddy has decreased,Decrease
weekly_09_2025_Eng.txt,rice,Unknown,Price of imported dried chilies has not,Stable
weekly_09_2025_Eng.txt,rice,Increase,increased significantly and the price,Increase
weekly_09_2025_Eng.txt,rice,Unknown,current wholesale price of imported dried,Stable
weekly_09_2025_Eng.txt,rice,Increase,"In line with increased wholesale price, the",Increase
weekly_09_2025_Eng.txt,rice,Unknown,retail price of imported dried chilies has,Stable
weekly_09_2025_Eng.txt,rice,Increase,increased by Rs.5.00/kg and the price ranged,Increase
weekly_09_2025_Eng.txt,rice,Unknown,the current retail price of imported dried,Stable
weekly_09_2025_Eng.txt,onion,Unknown,Onion,Stable
weekly_09_2025_Eng.txt,rice,Decrease,Price of imported red onion has decreased,Decrease
weekly_09_2025_Eng.txt,rice,Unknown,stocks and the price ranged Rs.200.00-,Stable
weekly_09_2025_Eng.txt,onion,Unknown,250.00/kg. Sinan red onion was also,Stable
weekly_09_2025_Eng.txt,rice,Unknown,available at the market and the price ranged,Stable
weekly_09_2025_Eng.txt,rice,Unknown,Rs.150.00-200.00/kg. Price of imported,Stable
weekly_09_2025_Eng.txt,rice,Decrease,big onion has decreased by 3% and price,Decrease
weekly_09_2025_Eng.txt,rice,Unknown,current wholesale price of imported red,Stable
weekly_09_2025_Eng.txt,onion,Increase,onion has increased by 1% while imported,Increase
weekly_09_2025_Eng.txt,onion,Decrease,big onion has decreased by 69%.,Decrease
weekly_09_2025_Eng.txt,rice,Unknown,Retail prices of imported red onion an d,Stable
weekly_09_2025_Eng.txt,onion,Decrease,imported big onion have decreased by,Decrease
weekly_09_2025_Eng.txt,rice,Unknown,the current retail price of imported red onion,Stable
weekly_09_2025_Eng.txt,onion,Decrease,onion has decreased by 59%.,Decrease
weekly_09_2025_Eng.txt,potato,Unknown,Potato,Stable
weekly_09_2025_Eng.txt,rice,Increase,Price of Nuwara Eliya potato has increased,Increase
weekly_09_2025_Eng.txt,rice,Unknown,stocks and the price ranged Rs.350.00-,Stable
weekly_09_2025_Eng.txt,rice,Unknown,400.00/kg. Price of imported potato has,Stable
weekly_09_2025_Eng.txt,rice,Increase,increased by 2% and the price ranged,Increase
weekly_09_2025_Eng.txt,rice,Unknown,current wholesale prices of Nuwara Eliya,Stable
weekly_09_2025_Eng.txt,potato,Increase,and imported potatoes have increased by,Increase
weekly_09_2025_Eng.txt,rice,Increase,"In line with increased wholesale prices, the",Increase
weekly_09_2025_Eng.txt,rice,Unknown,retail prices of all the types of potatoes have,Stable
weekly_09_2025_Eng.txt,rice,Increase,"increased. Among those, highest price",Increase
weekly_09_2025_Eng.txt,potato,Unknown,Nuwara Eliya potato.,Stable
weekly_09_2025_Eng.txt,rice,Unknown,the current retail prices of all the types of,Stable
weekly_09_2025_Eng.txt,rice,Increase,potato have increased with the highest price,Increase
weekly_09_2025_Eng.txt,potato,Unknown,potatoes.,Stable
weekly_09_2025_Eng.txt,rice,Increase,Price of green gram has increased by 2%,Increase
weekly_09_2025_Eng.txt,rice,Unknown,and the price ranged Rs.550.00-700.00/kg.,Stable
weekly_09_2025_Eng.txt,rice,Decrease,Price of red cowpea has decreased by 2%,Decrease
weekly_09_2025_Eng.txt,rice,Unknown,and the price ranged Rs.450.00-600.00/kg.,Stable
weekly_09_2025_Eng.txt,rice,Unknown,Prices of white cowpea and red dhal have,Stable
weekly_09_2025_Eng.txt,rice,Unknown,average prices were Rs.660.00/kg and,Stable
weekly_09_2025_Eng.txt,rice,Unknown,the current wholesale prices of all the pulse,Stable
weekly_09_2025_Eng.txt,rice,Unknown,Retail prices of all the types of pulses except,Stable
weekly_09_2025_Eng.txt,rice,Decrease,"those, the highest price decrease of",Decrease
weekly_09_2025_Eng.txt,rice,Increase,The retail price of green gram has increased,Increase
weekly_09_2025_Eng.txt,rice,Unknown,by Rs.9.00/kg and the price ranged,Stable
weekly_09_2025_Eng.txt,rice,Unknown,the current retail prices of all the types of,Stable
weekly_09_2025_Eng.txt,rice,Decrease,pulses have decreased with the highest price,Decrease
weekly_09_2025_Eng.txt,vegetable,Unknown,Vegetable,Stable
weekly_09_2025_Eng.txt,rice,Unknown,Prices of most of the vegetables have,Stable
weekly_09_2025_Eng.txt,rice,Unknown,Prices of most of the upcountry vegetables,Increase
weekly_09_2025_Eng.txt,rice,Unknown,"prices of radish, knolkhol, and carrot have",Stable
weekly_09_2025_Eng.txt,rice,Unknown,"However, the prices of beetroot, leeks and",Stable
weekly_09_2025_Eng.txt,rice,Unknown,"3%-6%. Further, price of tomato has",Stable
weekly_09_2025_Eng.txt,rice,Unknown,from Kandy area and the price of capsicum,Stable
weekly_09_2025_Eng.txt,vegetable,Unknown,"Considering the low-country vegetables,",Stable
weekly_09_2025_Eng.txt,rice,Unknown,the prices of most of the vegetables,Stable
weekly_09_2025_Eng.txt,rice,Decrease,experienced price decrease. A significant,Decrease
weekly_09_2025_Eng.txt,rice,Decrease,price decrease was recorded for brinjal,Decrease
weekly_09_2025_Eng.txt,rice,Unknown,"the prices of pumpkin, ash plantain and",Stable
weekly_09_2025_Eng.txt,rice,Unknown,"of 2%-8%. However, the prices of snake",Stable
weekly_09_2025_Eng.txt,rice,Unknown,"addition, the price of green chilies has",Stable
weekly_09_2025_Eng.txt,rice,Decrease,decreased by 17% while price of lime has,Decrease
weekly_09_2025_Eng.txt,rice,Unknown,wholesale prices of most of the vegetables,Stable
weekly_09_2025_Eng.txt,rice,Unknown,Retail prices of most of the vegetable,Stable
weekly_09_2025_Eng.txt,rice,Unknown,downward wholesale price trend. Among,Decrease
weekly_09_2025_Eng.txt,vegetable,Unknown,"the up-country vegetables, the highest",Increase
weekly_09_2025_Eng.txt,rice,Decrease,price decrease was reported for carrots,Decrease
weekly_09_2025_Eng.txt,vegetable,Unknown,Considering the low-country vegetable,Stable
weekly_09_2025_Eng.txt,rice,Unknown,"varieties, the price of capsicum",Stable
weekly_09_2025_Eng.txt,rice,Decrease,showed a significant price decrease,Decrease
weekly_09_2025_Eng.txt,rice,Decrease,(Rs.125.00/kg) showed a price decrease,Decrease
weekly_09_2025_Eng.txt,rice,Unknown,compared to last week but a 69 % price,Stable
weekly_09_2025_Eng.txt,rice,Increase,the price of lime has increased by,Increase
weekly_09_2025_Eng.txt,rice,Unknown,"last year, the current retail prices of most of",Stable
weekly_09_2025_Eng.txt,rice,Unknown,notable price drop was reported for,Stable
weekly_09_2025_Eng.txt,coconut,Unknown,Coconut,Stable
weekly_09_2025_Eng.txt,rice,Unknown,Prices of both large and small nuts have,Stable
weekly_09_2025_Eng.txt,rice,Decrease,decreased by 1%. Price ranges were,Decrease
weekly_09_2025_Eng.txt,rice,Unknown,the current wholesale prices of large and,Stable
weekly_09_2025_Eng.txt,rice,Unknown,Prices of large and small nuts showed a,Stable
weekly_09_2025_Eng.txt,rice,Unknown,"Rs.3.00/nut, respectively. Price ranges",Stable
weekly_09_2025_Eng.txt,rice,Unknown,current retail prices of large and small nuts,Stable
weekly_09_2025_Eng.txt,fruit,Unknown,Fruits,Stable
weekly_09_2025_Eng.txt,rice,Unknown,Prices of most of the fruit varieties have,Stable
weekly_09_2025_Eng.txt,rice,Increase,The highest price increase was reported as,Increase
weekly_09_2025_Eng.txt,rice,Unknown,limited stocks and high demand. Prices of,Stable
weekly_09_2025_Eng.txt,rice,Increase,Price of vilad mango has increased by 15%,Increase
weekly_09_2025_Eng.txt,rice,Unknown,while the price of karthakolomban has,Stable
weekly_09_2025_Eng.txt,rice,Decrease,decreased by 20%. Price of wood apple has,Decrease
weekly_09_2025_Eng.txt,rice,Unknown,the current wholesale prices of most of the,Stable
weekly_09_2025_Eng.txt,rice,Increase,fruits have increased with the highest price,Increase
weekly_09_2025_Eng.txt,rice,Increase,"In line with the increased wholesale prices,",Increase
weekly_09_2025_Eng.txt,rice,Unknown,the retail prices of most of the fruits have,Stable
weekly_09_2025_Eng.txt,rice,Increase,also increased. The highest price,Increase
weekly_09_2025_Eng.txt,rice,Unknown,"prices of imported grapes, orange (local),",Stable
weekly_09_2025_Eng.txt,fruit,Unknown,"Rs.25.00/kg, Rs.18.00/fruit, Rs.16.00/kg",Stable
weekly_09_2025_Eng.txt,fruit,Unknown,and Rs.15.00/fruit.,Stable
weekly_09_2025_Eng.txt,rice,Unknown,"However, the price of mango",Stable
weekly_09_2025_Eng.txt,rice,Unknown,"Rs.148.00/fruit. In addition, the price of",Stable
weekly_09_2025_Eng.txt,fruit,Decrease,passion fruit has also decreased by,Decrease
weekly_09_2025_Eng.txt,fruit,Unknown,Rs.6.00/fruit.,Stable
weekly_09_2025_Eng.txt,rice,Unknown,the current retail prices of most of the fruit,Stable
weekly_09_2025_Eng.txt,rice,Increase,price increase of 68% reported for king,Increase
weekly_09_2025_Eng.txt,coconut,Unknown,coconut.,Stable
weekly_09_2025_Eng.txt,fish,Unknown,Fresh Fish,Stable
weekly_09_2025_Eng.txt,rice,Unknown,Wholesale prices of most of the fresh fish,Stable
weekly_09_2025_Eng.txt,rice,Increase,supply. The highest price increase of 43%,Increase
weekly_09_2025_Eng.txt,rice,Increase,"areas. Price increase of 20%, 17% and 11%",Increase
weekly_09_2025_Eng.txt,rice,Decrease,"However, a price decrease of 9% was noted",Decrease
weekly_09_2025_Eng.txt,rice,Unknown,Prices of other fresh fish verities have not,Stable
weekly_09_2025_Eng.txt,rice,Unknown,the current wholesale prices of most of the,Stable
weekly_09_2025_Eng.txt,fish,Increase,fresh fish types have increased with the,Increase
weekly_09_2025_Eng.txt,rice,Increase,highest price increase of 40% noted for,Increase
weekly_09_2025_Eng.txt,rice,Unknown,Prices of all the fish varieties except,Stable
weekly_09_2025_Eng.txt,rice,Increase,increased and the highest price increase,Increase
weekly_09_2025_Eng.txt,rice,Increase,Price increase of kelawalla and salaya were,Increase
weekly_09_2025_Eng.txt,rice,Decrease,Rs.135.00/kg respectively. Price decrease,Decrease
weekly_09_2025_Eng.txt,rice,Unknown,the current retail prices of most of the fish,Stable
weekly_09_2025_Eng.txt,rice,Decrease,price decrease recorded for thalapath as,Decrease
weekly_09_2025_Eng.txt,rice,Increase,15%. The highest price increase was,Increase
weekly_09_2025_Eng.txt,fish,Unknown,Dried Fish,Stable
weekly_09_2025_Eng.txt,rice,Unknown,Prices of most of the dried fish types have,Stable
weekly_09_2025_Eng.txt,rice,Increase,dried fish. A price increase of 5% was,Increase
weekly_09_2025_Eng.txt,rice,Decrease,"However, a price decrease of 5% was noted",Decrease
weekly_09_2025_Eng.txt,rice,Unknown,Negombo and Beruwala areas. Prices of,Stable
weekly_09_2025_Eng.txt,fish,Unknown,other dried fish verities have not changed,Stable
weekly_09_2025_Eng.txt,rice,Unknown,the current wholesale prices of most of the,Stable
weekly_09_2025_Eng.txt,fish,Decrease,dried fish types have decreased with the,Decrease
weekly_09_2025_Eng.txt,rice,Decrease,highest price decrease of 34% noted for,Decrease
weekly_09_2025_Eng.txt,rice,Unknown,Prices of all the dry fish varieties except,Stable
weekly_09_2025_Eng.txt,rice,Increase,highest price increase was recorded for,Increase
weekly_09_2025_Eng.txt,rice,Increase,highest price increase was recorded for,Increase
weekly_09_2025_Eng.txt,rice,Decrease,local Sprats by Rs.68.00/kg. Price decrease,Decrease
weekly_09_2025_Eng.txt,rice,Unknown,the retail prices of most of the dried fish,Stable
weekly_09_2025_Eng.txt,rice,Decrease,price decrease recorded for local sprats by,Decrease
weekly_09_2025_Eng.txt,rice,Increase,21%. The highest price increase was,Increase
weekly_09_2025_Eng.txt,egg,Unknown,Eggs,Stable
weekly_09_2025_Eng.txt,rice,Unknown,Prices of both brown and white eggs have,Stable
weekly_09_2025_Eng.txt,rice,Increase,increased by 4% and their prices,Increase
weekly_09_2025_Eng.txt,egg,Unknown,ranged Rs.27.50-33.00/egg and Rs.25.50-,Stable
weekly_09_2025_Eng.txt,egg,Unknown,29.00/egg respectively.,Stable
weekly_09_2025_Eng.txt,rice,Unknown,the current wholesale prices of both brown,Stable
weekly_09_2025_Eng.txt,egg,Decrease,and white eggs have decreased by 49% and,Decrease
weekly_09_2025_Eng.txt,rice,Unknown,Prices of both brown and white eggs have,Stable
weekly_09_2025_Eng.txt,rice,Unknown,not changed significantly and the prices,Stable
weekly_09_2025_Eng.txt,egg,Unknown,ranged Rs.28.00-Rs.35.00 for white eggs,Stable
weekly_09_2025_Eng.txt,egg,Unknown,and Rs.30.00-36.00 for brown eggs. The,Stable
weekly_09_2025_Eng.txt,rice,Unknown,average price of the white and brown egg,Stable
weekly_09_2025_Eng.txt,rice,Unknown,the current retail prices of both eg g,Stable
weekly_09_2025_Eng.txt,rice,Unknown,Prices of both beef and pork have remained,Stable
weekly_09_2025_Eng.txt,rice,Increase,price increase was recorded for broiler,Increase
weekly_09_2025_Eng.txt,rice,Increase,chicken by Rs.58.00/kg. Price increase of,Increase
weekly_09_2025_Eng.txt,chicken,Unknown,curry chicken and mutton have recorded as,Stable
weekly_09_2025_Eng.txt,rice,Unknown,the current price of mutton and beef have,Stable
weekly_09_2025_Eng.txt,rice,Increase,increased by 10% and the price of curry,Increase
weekly_09_2025_Eng.txt,chicken,Decrease,chicken has decreased by 11%.,Decrease
weekly_09_2025_Eng.txt,rice,Unknown,to wholesale and retail prices of selected,Stable
weekly_09_2025_Eng.txt,rice,Unknown,"as prevailing prices, price ranges, averages,",Stable
weekly_09_2025_Eng.txt,rice,Unknown,and a comparison of weekly prices. The,Stable
weekly_09_2025_Eng.txt,rice,Unknown,changes in prices reported are always with,Stable
weekly_09_2025_Eng.txt,rice,Unknown,price prevailed during the previous week,Stable
weekly_09_2025_Eng.txt,rice,Unknown,"price information is twice a week ( i.e.,",Stable
weekly_09_2025_Eng.txt,rice,Unknown,"prices, it is thrice a week ( i.e., Friday,",Stable
weekly_09_2025_Eng.txt,rice,Unknown,Rice VarietiesLOCATIONS,Stable
weekly_09_2025_Eng.txt,rice,Unknown,Table 01: Selected Markets:Wholesale Price of Rice (Rs/50kg bag),Stable
weekly_09_2025_Eng.txt,rice,Unknown,Table 02: Selected Markets: Retail Price of Rice (Rs/kg),Stable
weekly_09_2025_Eng.txt,rice,Unknown,LOCATIONS Rice Varieties,Stable
weekly_09_2025_Eng.txt,dhal,Unknown,Green Gram Cowpea Red Dhal,Stable
weekly_09_2025_Eng.txt,rice,Unknown,Table 04: Selected Markets:Wholesale Price of Subsidiary Food (Rs/50kg),Stable
weekly_09_2025_Eng.txt,onion,Unknown,Dried Chillies Red Onion Big Onion PotatoLOCATION Imported Imported Local Imported,Stable
weekly_09_2025_Eng.txt,rice,Unknown,Table 05: Selected Markets: Retail Price of Subsidiary Food Crops (Rs/kg),Stable
weekly_09_2025_Eng.txt,onion,Unknown,Dried Chillies Red Onion Big Onion Potato Pulses,Stable
weekly_09_2025_Eng.txt,dhal,Unknown,Green Gram Cowpea Red Dhal,Stable
weekly_09_2025_Eng.txt,rice,Unknown,Table 06: Selected Markets: Wholesale Price of Vegetables(Rs/kg),Stable
weekly_09_2025_Eng.txt,rice,Unknown,"Colombo, Meegoda, Norochchole, Jaffna,Dambulla and Kandy - Gotukola Price Rs/Kg",Stable
weekly_09_2025_Eng.txt,vegetable,Unknown,Leafy Vegetables (Rs/bundle),Stable
weekly_09_2025_Eng.txt,coconut,Unknown,Coconut (Rs/nut),Stable
weekly_09_2025_Eng.txt,potato,Unknown,ManiocLong Beans Ash Plantain Green Chillies Lime Sweet Potatoe,Stable
weekly_09_2025_Eng.txt,rice,Unknown,Table 07: Selected Markets: Retail Price of Vegetables (Rs/kg),Stable
weekly_09_2025_Eng.txt,potato,Unknown,Ash Plantain Green Chillies Lime Sweet Potato Large Small,Stable
weekly_09_2025_Eng.txt,vegetable,Unknown,Low Country Varieties Leafy Vegetable Coconut (Rs/nut),Stable
weekly_09_2025_Eng.txt,rice,Unknown,Table 08: Selected Markets: Retail Price of Fruits (Rs/each & Rs/kg),Stable
weekly_09_2025_Eng.txt,fruit,Unknown,Mango Other Fruits,Stable
weekly_09_2025_Eng.txt,coconut,Unknown,Passion Avocado Slime Apple Grapes (Rs/kg) King CoconutWood Apple Orange,Stable
weekly_09_2025_Eng.txt,fish,Unknown,Sea Fish Eggs,Stable
weekly_09_2025_Eng.txt,rice,Unknown,Table 09: Selected Markets: Wholesale Price of Fresh Fish & Eggs (Rs/kg & Rs/egg),Stable
weekly_09_2025_Eng.txt,fish,Unknown,Sea FishLocations,Stable
weekly_09_2025_Eng.txt,rice,Unknown,Table 10: Selected Markets: Wholesale Price of Dried Fish (Rs/50kg),Stable
weekly_09_2025_Eng.txt,fish,Unknown,Local Dried Fish,Stable
weekly_09_2025_Eng.txt,fish,Unknown,Local Dried Fish Imported Dried Fish,Stable
weekly_09_2025_Eng.txt,fish,Unknown,Imported Dried Fish,Stable
weekly_09_2025_Eng.txt,rice,Unknown,Table 11: Selected Markets: Retail Price of Fresh Fish & Eggs (Rs/kg & Rs/eggs),Stable
weekly_09_2025_Eng.txt,fish,Unknown,Sea Fish EggsLOCATIONS,Stable
weekly_09_2025_Eng.txt,rice,Unknown,Table 12: Selected Markets: Retail Price of Dried Fish (Rs/kg),Stable
weekly_09_2025_Eng.txt,fish,Unknown,Dried FishLOCATIONS Sprats-Imported Kattawa Thora Mora Balaya,Stable
weekly_09_2025_Eng.txt,rice,Unknown,Table 13: Selected Markets: Retail Price of Meat (Rs/kg),Stable
weekly_09_2025_Eng.txt,chicken,Unknown,Meat Meat (Chicken) Meat,Stable
weekly_09_2025_Eng.txt,rice,Unknown,Rice Coconut,Stable
weekly_09_2025_Eng.txt,fruit,Unknown,Keeri Samba 260.00−270.00265.00257.50320.00 2.91 -17.19Fruits (Rs/fruit),Stable
weekly_09_2025_Eng.txt,fruit,Unknown,Raw (Red) − Passion Fruit 90.00− 130.00 107.50 118.89104.29 -9.58 3.08,Stable
weekly_09_2025_Eng.txt,onion,Unknown,Onion Mango,Stable
weekly_09_2025_Eng.txt,onion,Unknown,Big Onion Kohu −,Stable
weekly_09_2025_Eng.txt,potato,Unknown,Potato Orange 40.00− 50.00 43.75 40.63 42.78 7.69 2.27,Stable
weekly_09_2025_Eng.txt,coconut,Unknown,Pulses King Coconut 180.00− 250.00 215.00 228.75130.00 -6.01 65.38,Stable
weekly_09_2025_Eng.txt,fish,Unknown,Cowpea (White) 600.00−700.00660.00663.33771.67 -0.50 -14.47Sea Fish,Stable
weekly_09_2025_Eng.txt,dhal,Unknown,Red Dhal 260.00−265.00262.86263.33295.00 -0.18 -10.90Hurulla 750.00− 850.00 800.00 723.85598.00 10.52 33.78,Stable
weekly_09_2025_Eng.txt,vegetable,Unknown,Vegetable Balaya 600.00− 700.00 675.83 706.67588.00 -4.36 14.94,Stable
weekly_09_2025_Eng.txt,egg,Unknown,Raddish 60.00−100.00 84.00 96.00108.00 -12.50 -22.22Eggs,Stable
weekly_09_2025_Eng.txt,fish,Unknown,Ladies Fingers 150.00−230.00166.67172.00166.00 -3.10 0.40Dried Fish,Stable
weekly_09_2025_Eng.txt,potato,Unknown,Sweet Potato 120.00−150.00134.00137.00138.00 -2.19 -2.90Maduwa (Imported) −,Stable
weekly_09_2025_Eng.txt,vegetable,Unknown,Leafy Vegetable Koduwa (Imported) −,Stable
weekly_09_2025_Eng.txt,rice,Unknown,Table 14: Colombo: Wholesale Prices (Rs/kg or Rs/piece),Stable
weekly_09_2025_Eng.txt,rice,Unknown,Average Price Change Compared to,Stable
weekly_09_2025_Eng.txt,rice,Unknown,Average Price,Stable
weekly_09_2025_Eng.txt,rice,Unknown,Rice Coconut,Stable
weekly_09_2025_Eng.txt,fruit,Unknown,Keeri Samba 265.00− 300.00280.52 265.00375.83 15.52-25.36Fruits (Rs/fruit),Stable
weekly_09_2025_Eng.txt,fruit,Unknown,Raw (Red) − Passion Fruit 120.00− 200.00151.25156.92 147.27 -5.67 2.70,Stable
weekly_09_2025_Eng.txt,onion,Unknown,Onion Mango,Stable
weekly_09_2025_Eng.txt,onion,Unknown,Big Onion Kohu −,Stable
weekly_09_2025_Eng.txt,potato,Unknown,Potato Orange 60.00− 120.00 97.38 79.74 74.21 17.64 31.21,Stable
weekly_09_2025_Eng.txt,coconut,Unknown,Pulses King Coconut 230.00− 300.00261.67259.52 155.83 2.14 67.91,Stable
weekly_09_2025_Eng.txt,fish,Unknown,Cowpea (White) 700.00− 900.00817.60 838.081218.52-20.48-32.90Sea Fish,Stable
weekly_09_2025_Eng.txt,dhal,Unknown,Red Dhal 280.00− 320.00297.97 300.28338.39 -2.30-11.94Hurulla 950.00−1100.001030.00980.00 943.81 50.00 9.13,Stable
weekly_09_2025_Eng.txt,vegetable,Unknown,Vegetable Balaya 680.00− 750.00708.89990.00 668.33-281.11 6.07,Stable
weekly_09_2025_Eng.txt,egg,Unknown,Raddish 100.00− 340.00232.59 234.29265.77 -1.69-12.48Eggs,Stable
weekly_09_2025_Eng.txt,fish,Unknown,Ladies Fingers 240.00− 400.00322.41 330.71330.00 -8.30 -2.30Dried Fish,Stable
weekly_09_2025_Eng.txt,chicken,Unknown,Root Crops Chicken (Broiler) 1050.00−1300.001174.671117.141224.55 57.52 -4.07,Stable
weekly_09_2025_Eng.txt,potato,Unknown,Sweet Potato 150.00− 340.00265.38 284.67294.23-19.28 -9.80Chicken (Curry) 1000.00−1350.001168.571151.821313.64 16.75 -11.04,Stable
weekly_09_2025_Eng.txt,vegetable,Unknown,Leafy Vegetable Pork 1300.00−1300.001300.001300.001275.00 0.00 1.96,Stable
weekly_09_2025_Eng.txt,rice,Unknown,Table 15: Colombo &Suburbs: Retail Prices (Rs/kg or Rs/piece),Stable
weekly_09_2025_Eng.txt,rice,Unknown,Average Price Change Compared to,Stable
weekly_09_2025_Eng.txt,rice,Unknown,Average Price Change Compared to,Stable
weekly_09_2025_Eng.txt,vegetable,Unknown,Paddy Vegetable (Up Country) Snake Gourd,Increase
weekly_09_2025_Eng.txt,onion,Unknown,Red Onion Badulla − Long Beans,Stable
weekly_09_2025_Eng.txt,onion,Unknown,Big Onion Welimada 170.00−180.00 174.00Embilipitiya 120.00−130.00125.00,Stable
weekly_09_2025_Eng.txt,potato,Unknown,Potato Hambantota −,Stable
weekly_09_2025_Eng.txt,vegetable,Unknown,N'Eliya 270.00−290.00278.00Vegetable (Low Country) Embilipitiya 70.00−80.00 75.00,Stable
weekly_09_2025_Eng.txt,fruit,Unknown,Moneragala 480.00−520.00496.00Brinjal Fruits (Rs/kg),Stable
weekly_09_2025_Eng.txt,rice,Unknown,Table 16: Farmgate/Producer Prices of Food Commodities in Selected Producing Areas (Rs/kg),Stable
weekly_09_2025_Eng.txt,rice,Unknown,PriceCOMMODITY Range Average,Stable
weekly_09_2025_Eng.txt,rice,Unknown,Price COMMODITY Range Average,Stable
weekly_09_2025_Eng.txt,rice,Unknown,Price COMMODITY,Stable
weekly_09_2025_Eng.txt,rice,Unknown,Rice,Stable
weekly_09_2025_Eng.txt,onion,Unknown,Red Onion,Stable
weekly_09_2025_Eng.txt,onion,Unknown,Big Onion,Stable
weekly_09_2025_Eng.txt,potato,Unknown,Potato,Stable
weekly_09_2025_Eng.txt,dhal,Unknown,Red Dhal 280.00− 300.00 290.00− 320.00 280.00− 320.00300.00− 320.00290.00− 320.00280.00− 300.00280.00− 320.00300.00− 320.00 300.00− 320.00,Stable
weekly_09_2025_Eng.txt,rice,Unknown,Annex 01 - Colombo Markets: Retail Prices of Rice and Subsidiary Food Crops (Rs/kg) Week 09: 28 Feb - 06 Mar 2025,Stable
weekly_09_2025_Eng.txt,vegetable,Unknown,Vegetable,Stable
weekly_09_2025_Eng.txt,potato,Unknown,Sweet Potato 150.00− 180.00 320.00− 340.00 320.00− 340.00 340.00 − 340.00 260.00− 280.00 240.00− 260.00 200.00− 200.00 300.00− 320.00200.00− 200.00,Stable
weekly_09_2025_Eng.txt,vegetable,Unknown,Leafy Vegetable,Stable
weekly_09_2025_Eng.txt,coconut,Unknown,Coconut,Stable
weekly_09_2025_Eng.txt,rice,Unknown,Annex 02 - Colombo Markets: Retail Prices of Vegetables (Rs/kg) and Coconut (Rs/nut),Stable
weekly_09_2025_Eng.txt,fruit,Unknown,Other Fruits,Stable
weekly_09_2025_Eng.txt,coconut,Unknown,King Coconut 250.00− 300.00 250.00− 250.00280.00− 280.00 250.00− 300.00230.00− 240.00250.00− 280.00230.00− 230.00 250.00− 250.00 230.00−230.00,Stable
weekly_09_2025_Eng.txt,rice,Unknown,Annex 03 - Colombo Markets: Retail Prices of Fruits (Rs/fruit),Stable
weekly_09_2025_Eng.txt,fish,Unknown,Sea Fish,Stable
weekly_09_2025_Eng.txt,egg,Unknown,30 Eggs (Rs/egg),Stable
weekly_09_2025_Eng.txt,fish,Unknown,Dried Fish,Stable
weekly_09_2025_Eng.txt,chicken,Unknown,Chicken (Broiler) 1050.00−1050.001250.00−1250.001250.00−1250.001250.00−1300.001100.00−1100.001100.00−1100.001100.00−1100.001120.00−1200.001120.00−1180.00,Stable
weekly_09_2025_Eng.txt,chicken,Unknown,Chicken (Curry) 1000.00−1000.001250.00−1250.001250.00−1250.001300.00−1350.001100.00−1100.001000.00−1000.001050.00−1100.001100.00−1180.001180.00−1180.00,Stable
weekly_09_2025_Eng.txt,rice,Unknown,Annex 04 - Colombo Markets: Retail Prices of Sea Fish and Dried Fish (Rs/kg),Stable
weekly_09_2025_Eng.txt,rice,Unknown,Rice - (white Kekulu - normal ) 361 9.88 1.52 - 0.03 0.09 10.67 - 6.94 26.29 1.22 1.5,Stable
weekly_09_2025_Eng.txt,rice,Unknown,Rice - (white Kekulu Samba) 355 8.81 1.53 - 0.03 0.09 8.11 - 9.82 30.48 0.92 1.7,Stable
weekly_09_2025_Eng.txt,rice,Unknown,Rice - ( Red Kekulu - normal ) 366 8.64 2.12 - 0.05 0.1 8.39 - 4.73 31.7 0.88 1.84,Stable
weekly_09_2025_Eng.txt,rice,Unknown,Rice -Samba 369 6.86 2.45 - 0.05 0.13 12.79 - 8.71 37.26 1.18 1.49,Stable
weekly_09_2025_Eng.txt,rice,Unknown,Rice - Nadu White 366 7.76 1.48 - 0.03 0.12 9.35 - 4.57 20.1 0.64 1.61,Stable
weekly_09_2025_Eng.txt,onion,Unknown,Onion,Stable
weekly_09_2025_Eng.txt,onion,Unknown,Big onions 48 1.67 0.24 0.16 0.01 0.1 32.99 7.58 14.82 16.94 0.45 0.25,Stable
weekly_09_2025_Eng.txt,onion,Unknown,Red onions 55 2.13 0.15 0.18 0.02 0.13 30.15 14.26 20.37 19.32 0.31 0.28,Stable
weekly_09_2025_Eng.txt,potato,Unknown,Potatoes 71 1.67 0.25 0.01 0.09 14.31 20.5 9.83 23.84 0.46 0.29,Stable
weekly_09_2025_Eng.txt,dhal,Unknown,Red Dhal 319 23.09 0.77 1.06 1.6 0.22 55 NA 41.27 66.63 7.45 3.34,Stable
weekly_09_2025_Eng.txt,vegetable,Unknown,Vegetables,Stable
weekly_09_2025_Eng.txt,rice,Unknown,Rice,Stable
weekly_09_2025_Eng.txt,egg,Unknown,Brinjal (Chinese eggplant) 24 1.28 0.33 16.83 0.12 0.11 32.94 3.37 14.4 21.18 0.28 0.16,Stable
weekly_09_2025_Eng.txt,egg,Unknown,Thalana batu (Thai eggplant) 21 1.45 0.26 18.33 0.11 0.09 31.18 2.71 17.24 37.22 0.37 0.24,Stable
weekly_09_2025_Eng.txt,coconut,Unknown,Coconuts nuts 390 3.67 39.92 - 0.05 0.11 14.86 -,Stable
weekly_09_2025_Eng.txt,potato,Unknown,Sweet potato 108 1.27 0.33 NA 0.04 0.09 14.44 22.2 28.93 21.05 0.51 0.14,Stable
weekly_09_2025_Eng.txt,vegetable,Unknown,Leafy Vegetables,Stable
weekly_09_2025_Eng.txt,onion,Unknown,Onion leaves 27 2.01 0.26 NA 0.04 0.18 56.8 23.38 35.21 74.95 3.15 0.77,Stable
weekly_09_2025_Eng.txt,fruit,Unknown,Jackfruit pods 25 2.14 0.34 NA 0.03 0.04 30.7 24.77 37.32 26.08 0.3 0.17,Stable
weekly_09_2025_Eng.txt,fruit,Unknown,Jackfruit seeds 77 5.66 0.44 NA 0.02 0.08 58.91 15.24 40.87 50.14 0.52 0.42,Stable
weekly_09_2025_Eng.txt,chicken,Unknown,Chicken 176 23.14 9.24 6.88 0.07 0.49 10.09 - 15.06 20.18 0.75 0.64,Stable
weekly_09_2025_Eng.txt,fish,Unknown,Fish,Stable
weekly_09_2025_Eng.txt,fish,Unknown,Cuttle fish 76 16.82 0.93 1.93 0.02 0.04 6.22 8.73 35.46 0.62 1.3,Stable
weekly_09_2025_Eng.txt,fish,Unknown,Dried Fish,Stable
weekly_09_2025_Eng.txt,egg,Unknown,Eggs,Stable
weekly_09_2025_Eng.txt,egg,Unknown,Hen eggs (Country) 170 13.14 13 208 0.08 0.18 54.6 50.14 11.04 1.64 1.12,Stable
weekly_09_2025_Eng.txt,egg,Unknown,Hen eggs (Table) 135 13.55 9.03 200 0.19 0.19 49.46 63.3 12 2.39 1.73,Stable
weekly_09_2025_Eng.txt,egg,Unknown,Quail eggs 153 12.39 11.46 153 0.11 0.17 54.86 60.67 11.21 2.55 1.51,Stable
weekly_09_2025_Eng.txt,fruit,Unknown,Fruits,Stable
weekly_09_2025_Eng.txt,rice,Unknown,Price Collecting Areas,Stable
weekly_08_2025_Eng.txt,vegetable,Unknown,Vegetables,Stable
weekly_08_2025_Eng.txt,coconut,Unknown,Coconut,Stable
weekly_08_2025_Eng.txt,rice,Unknown,Paddy/Rice,Stable
weekly_08_2025_Eng.txt,rice,Unknown,The prices of both large and small coconuts have shown,Stable
weekly_08_2025_Eng.txt,rice,Unknown,respectively.  Price ranges were Rs.220.00 -240.00 for a large,Stable
weekly_08_2025_Eng.txt,rice,Unknown,price of imported red onion and big onion has dropped by,Stable
weekly_08_2025_Eng.txt,rice,Unknown,"Rs.40.00/kg and Rs.18.00/kg, respectively. The prices of",Stable
weekly_08_2025_Eng.txt,potato,Unknown,Nuwara Eliya potatoes (ranging between Rs.360.00 -500.00/,Stable
weekly_08_2025_Eng.txt,rice,Unknown,"Meanwhile, the prices of mung beans and dhal have dropped",Stable
weekly_08_2025_Eng.txt,rice,Unknown,"by Rs.10.00 and Rs 3.00/kg respectively. However, prices of",Stable
weekly_08_2025_Eng.txt,rice,Unknown,Retail prices of both upcountry and low -country vegetable,Increase
weekly_08_2025_Eng.txt,rice,Unknown,"supplies. Among upcountry varieties, the highest price",Increase
weekly_08_2025_Eng.txt,rice,Unknown,"Of the domestic rice varieties, retail prices of raw (white) and",Stable
weekly_08_2025_Eng.txt,rice,Unknown,"respectively. Meanwhile, the retail prices of imported rice",Stable
weekly_08_2025_Eng.txt,rice,Unknown,during the week. With the introduction of guaranteed price,Stable
weekly_08_2025_Eng.txt,rice,Unknown,"for paddy, by the government, prices of most types of paddy",Stable
weekly_08_2025_Eng.txt,rice,Unknown,Rice,Stable
weekly_08_2025_Eng.txt,rice,Increase,Price of raw white has increased by 2% due,Increase
weekly_08_2025_Eng.txt,rice,Increase,to increased paddy prices. Price ranged,Increase
weekly_08_2025_Eng.txt,rice,Unknown,between Rs.215.00-225.00/kg. Prices of all,Stable
weekly_08_2025_Eng.txt,rice,Unknown,other local rice varieties have not changed,Stable
weekly_08_2025_Eng.txt,rice,Unknown,significantly. Average prices of keeri samba,Stable
weekly_08_2025_Eng.txt,rice,Unknown,Imported rice varieties was also available at,Stable
weekly_08_2025_Eng.txt,rice,Unknown,prices,Stable
weekly_08_2025_Eng.txt,rice,Unknown,of the rice varieties have seen price,Stable
weekly_08_2025_Eng.txt,rice,Increase,"increases, with the highest price increase of",Increase
weekly_08_2025_Eng.txt,rice,Unknown,28% for raw red. Price of keeri samba has,Stable
weekly_08_2025_Eng.txt,rice,Unknown,The retail prices of local raw (white) and raw,Stable
weekly_08_2025_Eng.txt,rice,Unknown,Rs.8.00/kg respectively. The retail prices of,Stable
weekly_08_2025_Eng.txt,rice,Unknown,Imported samba and nadu prices have,Stable
weekly_08_2025_Eng.txt,rice,Increase,highest price increase of 21% was recorded,Increase
weekly_08_2025_Eng.txt,rice,Unknown,for local raw red and the highest price,Stable
weekly_08_2025_Eng.txt,rice,Unknown,Short grain (samba) paddy prices have,Stable
weekly_08_2025_Eng.txt,rice,Unknown,keeri samba paddy prices in Polonnaruwa,Stable
weekly_08_2025_Eng.txt,rice,Increase,(red) prices increased by 8% in Matara,Increase
weekly_08_2025_Eng.txt,rice,Decrease,"district. However, the highest price decrease",Decrease
weekly_08_2025_Eng.txt,rice,Unknown,the average prices of short grain (samba),Stable
weekly_08_2025_Eng.txt,rice,Unknown,"areas. However, the average price of keeri",Stable
weekly_08_2025_Eng.txt,rice,Unknown,The price of imported dried chillies has not,Stable
weekly_08_2025_Eng.txt,rice,Increase,increased significantly and price ranged,Increase
weekly_08_2025_Eng.txt,rice,Unknown,current wholesale price of imported dried,Stable
weekly_08_2025_Eng.txt,rice,Unknown,The retail price of imported dried chilies has,Stable
weekly_08_2025_Eng.txt,rice,Increase,increased by Rs.6.00/kg and price ranged,Increase
weekly_08_2025_Eng.txt,rice,Unknown,current retail price of imported dried chilies,Stable
weekly_08_2025_Eng.txt,onion,Unknown,Onion,Stable
weekly_08_2025_Eng.txt,rice,Unknown,Price of Imported red onion and imported,Stable
weekly_08_2025_Eng.txt,onion,Decrease,big onion have decreased by 11% and,Decrease
weekly_08_2025_Eng.txt,rice,Unknown,"and price ranged Rs.220.00-320.00/kg,",Stable
weekly_08_2025_Eng.txt,rice,Unknown,current whole sale price of imported Red,Stable
weekly_08_2025_Eng.txt,onion,Increase,onion has increased by 20% while imported,Increase
weekly_08_2025_Eng.txt,onion,Decrease,big onion has decreased by 67%,Decrease
weekly_08_2025_Eng.txt,rice,Decrease,"In line with decreased wholesale prices, the",Decrease
weekly_08_2025_Eng.txt,rice,Unknown,retail price of both imported red onion and,Stable
weekly_08_2025_Eng.txt,onion,Decrease,imported big onion has  decreased by,Decrease
weekly_08_2025_Eng.txt,rice,Unknown,current retail price of imported red onion has,Stable
weekly_08_2025_Eng.txt,onion,Increase,increased by 24% and imported big onion has,Increase
weekly_08_2025_Eng.txt,potato,Unknown,Potato,Stable
weekly_08_2025_Eng.txt,rice,Unknown,The Price of Nuwara Eliya potato has,Stable
weekly_08_2025_Eng.txt,rice,Decrease,decreased by 2% and price ranged,Decrease
weekly_08_2025_Eng.txt,rice,Unknown,Rs.320.00-350.00/kg. Price of imported,Stable
weekly_08_2025_Eng.txt,potato,Decrease,potato has decreased by 14% due to,Decrease
weekly_08_2025_Eng.txt,rice,Unknown,availability of sufficient stocks and price,Stable
weekly_08_2025_Eng.txt,rice,Unknown,current wholesale price of Nuwara Eliya,Stable
weekly_08_2025_Eng.txt,potato,Unknown,potato and imported potatoes have,Stable
weekly_08_2025_Eng.txt,rice,Unknown,The retail prices of all types of potatoes have,Stable
weekly_08_2025_Eng.txt,potato,Unknown,Eliya potato.,Stable
weekly_08_2025_Eng.txt,rice,Unknown,current retail prices of imported and Nuwara,Stable
weekly_08_2025_Eng.txt,potato,Increase,Eliya potatoes have increased by 9% and 3%,Increase
weekly_08_2025_Eng.txt,rice,Decrease,Price of Green gram has decreased by 3%,Decrease
weekly_08_2025_Eng.txt,rice,Unknown,and price ranged Rs.550.00 -650.00/kg.,Stable
weekly_08_2025_Eng.txt,rice,Increase,Price of white cowpea has increased by 2%,Increase
weekly_08_2025_Eng.txt,rice,Unknown,and price ranged Rs.600.00-700.00/kg.,Stable
weekly_08_2025_Eng.txt,rice,Unknown,Prices of red cowpea and red dhal have not,Stable
weekly_08_2025_Eng.txt,rice,Increase,increased significantly and average prices,Increase
weekly_08_2025_Eng.txt,rice,Unknown,current whole sale prices of all pulses,Stable
weekly_08_2025_Eng.txt,rice,Unknown,The retail prices of green gram and red dhal,Stable
weekly_08_2025_Eng.txt,rice,Unknown,Rs.3.00/kg respectively. The retail prices of,Stable
weekly_08_2025_Eng.txt,rice,Unknown,current retail prices of all types of pulses have,Stable
weekly_08_2025_Eng.txt,rice,Decrease,decreased with the highest price decreased of,Decrease
weekly_08_2025_Eng.txt,vegetable,Unknown,Vegetable,Stable
weekly_08_2025_Eng.txt,rice,Unknown,Prices of most of the vegetables have,Stable
weekly_08_2025_Eng.txt,rice,Unknown,Most of the upcountry vegetable prices have,Increase
weekly_08_2025_Eng.txt,rice,Unknown,"following prices of beetroot, leeks, knolkhol",Stable
weekly_08_2025_Eng.txt,rice,Unknown,"9%-32%. However, price of cabbage, and",Stable
weekly_08_2025_Eng.txt,rice,Unknown,price of tomato and capsicum have,Stable
weekly_08_2025_Eng.txt,vegetable,Unknown,"Considering low-country vegetables, most",Stable
weekly_08_2025_Eng.txt,rice,Unknown,of the vegetable varieties experienced price,Stable
weekly_08_2025_Eng.txt,rice,Unknown,(22%) and bitter gourd (21%) prices,Stable
weekly_08_2025_Eng.txt,rice,Increase,increased significantly. Prices of ash,Increase
weekly_08_2025_Eng.txt,rice,Unknown,price of pumpkin and cucumber have,Stable
weekly_08_2025_Eng.txt,rice,Unknown,"addition, price of green chilies and lime",Stable
weekly_08_2025_Eng.txt,rice,Decrease,"vegetable prices have decreased, with",Decrease
weekly_08_2025_Eng.txt,rice,Unknown,Retail prices of most of the vegetable,Stable
weekly_08_2025_Eng.txt,rice,Decrease,"vegetables, the highest price decrease was",Decrease
weekly_08_2025_Eng.txt,rice,Decrease,"Moreover, the leeks price decreased to",Decrease
weekly_08_2025_Eng.txt,vegetable,Unknown,Considering the low-country vegetable,Stable
weekly_08_2025_Eng.txt,rice,Unknown,varieties brinjal prices showed a significant,Stable
weekly_08_2025_Eng.txt,rice,Decrease,price decrease of around Rs.160.00/Kg.,Decrease
weekly_08_2025_Eng.txt,rice,Decrease,Long beans significant price decrease of,Decrease
weekly_08_2025_Eng.txt,rice,Unknown,Rs.87.00/kg. Capsicum prices significantly,Stable
weekly_08_2025_Eng.txt,rice,Decrease,(Rs.80.00/kg) showed a price decrease,Decrease
weekly_08_2025_Eng.txt,rice,Unknown,compared to last week but a 68 % price,Stable
weekly_08_2025_Eng.txt,rice,Unknown,"year, prices of most of the varieties have",Stable
weekly_08_2025_Eng.txt,rice,Decrease,decreased while a notable price drop was,Decrease
weekly_08_2025_Eng.txt,coconut,Unknown,Coconut,Stable
weekly_08_2025_Eng.txt,rice,Unknown,Prices of both large and small nuts,Stable
weekly_08_2025_Eng.txt,rice,Unknown,respectively. Price ranges were,Stable
weekly_08_2025_Eng.txt,rice,Unknown,the current wholesale prices of large and,Stable
weekly_08_2025_Eng.txt,rice,Unknown,Prices of large and small nuts showed a,Stable
weekly_08_2025_Eng.txt,rice,Unknown,Rs.4.00/nut respectively. Price ranges were,Stable
weekly_08_2025_Eng.txt,rice,Unknown,prices of large nuts (95%) and small nuts,Stable
weekly_08_2025_Eng.txt,fruit,Unknown,Fruits,Stable
weekly_08_2025_Eng.txt,rice,Unknown,Prices of most of fruit varieties have,Stable
weekly_08_2025_Eng.txt,rice,Decrease,The highest price decrease of 23% recorded,Decrease
weekly_08_2025_Eng.txt,rice,Decrease,"low quality stocks, the prices had decreased",Decrease
weekly_08_2025_Eng.txt,rice,Unknown,"Due to the abundance of stock, the price of",Stable
weekly_08_2025_Eng.txt,rice,Unknown,"However, wood apple and papaya prices",Stable
weekly_08_2025_Eng.txt,rice,Unknown,Wholesale prices for the most of fruits have,Stable
weekly_08_2025_Eng.txt,rice,Decrease,"In line with the decreased wholesale prices,",Decrease
weekly_08_2025_Eng.txt,rice,Unknown,retail prices of most of the fruit varieties,Stable
weekly_08_2025_Eng.txt,rice,Decrease,have decreased. The highest price decreased,Decrease
weekly_08_2025_Eng.txt,fruit,Unknown,of Rs.73.00/fruit was reported for avocado.,Stable
weekly_08_2025_Eng.txt,rice,Decrease,Price of karthakolomban has decreased by,Decrease
weekly_08_2025_Eng.txt,rice,Unknown,Rs.54.00/fruit and price of Orange(local),Stable
weekly_08_2025_Eng.txt,rice,Decrease,has decreased by Rs.20.00/fruit. Price of,Decrease
weekly_08_2025_Eng.txt,rice,Unknown,"Meanwhile, price of papaya and passion",Stable
weekly_08_2025_Eng.txt,rice,Unknown,Rs.20.00/fruit respectively. Prices of all,Stable
weekly_08_2025_Eng.txt,rice,Unknown,range of Rs.2.00-Rs. 17.00/kg. Price of,Stable
weekly_08_2025_Eng.txt,coconut,Unknown,wood apple and king coconut have,Stable
weekly_08_2025_Eng.txt,fruit,Increase,increased by Rs.14.00/fruit and,Increase
weekly_08_2025_Eng.txt,fruit,Unknown,Rs.8.00/fruit respectively.,Stable
weekly_08_2025_Eng.txt,rice,Unknown,"Compared to last year, price of most fruits",Stable
weekly_08_2025_Eng.txt,rice,Increase,price increase of 73% recorded for king,Increase
weekly_08_2025_Eng.txt,coconut,Unknown,coconut.,Stable
weekly_08_2025_Eng.txt,fish,Unknown,Fresh Fish,Stable
weekly_08_2025_Eng.txt,rice,Unknown,Wholesale prices of all of the fresh fish,Stable
weekly_08_2025_Eng.txt,rice,Decrease,"supply. Price decrease of 13%, 11% and",Increase
weekly_08_2025_Eng.txt,rice,Unknown,Mannar and Southern areas. Prices of other,Stable
weekly_08_2025_Eng.txt,fish,Unknown,fresh fish verities have not changed,Stable
weekly_08_2025_Eng.txt,rice,Unknown,the current wholesale prices of most of the,Stable
weekly_08_2025_Eng.txt,fish,Decrease,fresh fish types have decreased with the,Decrease
weekly_08_2025_Eng.txt,rice,Decrease,highest price decrease of 32% was noted for,Decrease
weekly_08_2025_Eng.txt,rice,Unknown,The prices of other fish varieties except,Stable
weekly_08_2025_Eng.txt,rice,Decrease,balaya have decreased and the highest price,Decrease
weekly_08_2025_Eng.txt,rice,Unknown,Rs.219.00/kg. The second highest p rice,Stable
weekly_08_2025_Eng.txt,rice,Decrease,Rs.140.00/kg. The price decrease of,Decrease
weekly_08_2025_Eng.txt,rice,Increase,price increase of balaya has reported as,Increase
weekly_08_2025_Eng.txt,rice,Unknown,the prices of other fish varieties except,Stable
weekly_08_2025_Eng.txt,rice,Decrease,highest price decrease was recorded for,Decrease
weekly_08_2025_Eng.txt,fish,Unknown,Dried Fish,Stable
weekly_08_2025_Eng.txt,rice,Unknown,Prices of most of the dried fish types have,Stable
weekly_08_2025_Eng.txt,fish,Increase,decreased due to increase of local dried fish,Increase
weekly_08_2025_Eng.txt,rice,Decrease,supply. A price decrease of 9% was noted,Increase
weekly_08_2025_Eng.txt,rice,Unknown,"Iran and Thailand.  Likewise, a price",Stable
weekly_08_2025_Eng.txt,rice,Increase,price increase of 5% was noted for imported,Increase
weekly_08_2025_Eng.txt,rice,Unknown,"Oman, Indonesia and Pakistan. Prices of",Stable
weekly_08_2025_Eng.txt,fish,Unknown,other dried fish verities have not changed,Stable
weekly_08_2025_Eng.txt,rice,Unknown,the current wholesale prices of most of the,Stable
weekly_08_2025_Eng.txt,fish,Decrease,dried fish types have decreased with the,Decrease
weekly_08_2025_Eng.txt,rice,Decrease,highest price decrease of 33% was noted for,Decrease
weekly_08_2025_Eng.txt,rice,Unknown,The prices of all the dry fish varieties except,Stable
weekly_08_2025_Eng.txt,rice,Decrease,the highest price decrease was recorded for,Decrease
weekly_08_2025_Eng.txt,rice,Decrease,highest price decrease was recorded for,Decrease
weekly_08_2025_Eng.txt,rice,Decrease,salaya by Rs.55.00/kg. Price decrease of,Decrease
weekly_08_2025_Eng.txt,rice,Increase,Price increase of kattawa has recorded as,Increase
weekly_08_2025_Eng.txt,rice,Decrease,the highest price decrease was recorded for,Decrease
weekly_08_2025_Eng.txt,rice,Unknown,Local Sprats by 24%. The highest price,Stable
weekly_08_2025_Eng.txt,egg,Unknown,Eggs,Stable
weekly_08_2025_Eng.txt,rice,Unknown,Prices of both brown and white eggs have,Stable
weekly_08_2025_Eng.txt,rice,Unknown,and their prices ranged Rs. 27.50 -,Stable
weekly_08_2025_Eng.txt,egg,Unknown,30.00/egg and Rs. 25.50 - 27.00/egg,Stable
weekly_08_2025_Eng.txt,rice,Unknown,the current wholesale prices of both brown,Stable
weekly_08_2025_Eng.txt,egg,Decrease,and white eggs have decreased by 51% and,Decrease
weekly_08_2025_Eng.txt,rice,Unknown,The prices of both Brown and White egg,Stable
weekly_08_2025_Eng.txt,egg,Decrease,types have decreased by around Rs.3.00/egg,Decrease
weekly_08_2025_Eng.txt,rice,Unknown,and the price range of a white egg has,Stable
weekly_08_2025_Eng.txt,rice,Unknown,recorded as Rs.26.00-Rs.33.00 and the price,Stable
weekly_08_2025_Eng.txt,egg,Unknown,range of a brown egg has recorded as,Stable
weekly_08_2025_Eng.txt,rice,Unknown,Rs.28.00-Rs.35.00. The average price of the,Stable
weekly_08_2025_Eng.txt,egg,Unknown,white and brown egg types has recorded as,Stable
weekly_08_2025_Eng.txt,rice,Unknown,the prices of both egg varieties have,Stable
weekly_08_2025_Eng.txt,rice,Unknown,The prices of all types of meat except beef,Stable
weekly_08_2025_Eng.txt,chicken,Decrease,and chicken (curry) have decreased and the,Decrease
weekly_08_2025_Eng.txt,rice,Decrease,highest price decrease was recorded for,Decrease
weekly_08_2025_Eng.txt,rice,Unknown,Mutton and Pork by Rs.40.00/kg. Price,Stable
weekly_08_2025_Eng.txt,chicken,Decrease,decrease of broiler chicken has recorded as,Decrease
weekly_08_2025_Eng.txt,rice,Increase,Rs.12.00/kg. Price increase of beef and,Increase
weekly_08_2025_Eng.txt,chicken,Unknown,chicken (curry) has recorded as Rs.16.00/kg,Stable
weekly_08_2025_Eng.txt,rice,Unknown,the price of other meat types except broiler,Stable
weekly_08_2025_Eng.txt,chicken,Increase,and curry chicken have increased. The,Increase
weekly_08_2025_Eng.txt,rice,Increase,highest price increase was recorded for,Increase
weekly_08_2025_Eng.txt,rice,Unknown,to wholesale and retail prices of selected,Stable
weekly_08_2025_Eng.txt,rice,Unknown,"prevailing prices, price ranges, averages, and",Stable
weekly_08_2025_Eng.txt,rice,Unknown,a comparison of weekly prices. The changes,Stable
weekly_08_2025_Eng.txt,rice,Unknown,in prices reported are always with price,Stable
weekly_08_2025_Eng.txt,rice,Unknown,"price information is twice a week ( i.e.,",Stable
weekly_08_2025_Eng.txt,rice,Unknown,"Tuesday and Friday) while with retail prices,",Stable
weekly_08_2025_Eng.txt,rice,Unknown,"it is thrice a week (i.e., Friday, Monday, and",Stable
weekly_08_2025_Eng.txt,rice,Unknown,Rice VarietiesLOCATIONS,Stable
weekly_08_2025_Eng.txt,rice,Unknown,Table 01: Selected Markets:Wholesale Price of Rice (Rs/50kg bag),Stable
weekly_08_2025_Eng.txt,rice,Unknown,Table 02: Selected Markets: Retail Price of Rice (Rs/kg),Stable
weekly_08_2025_Eng.txt,rice,Unknown,LOCATIONS Rice Varieties,Stable
weekly_08_2025_Eng.txt,dhal,Unknown,Cowpea Red Dhal,Stable
weekly_08_2025_Eng.txt,rice,Unknown,Table 04: Selected Markets:Wholesale Price of Subsidiary Food (Rs/50kg),Stable
weekly_08_2025_Eng.txt,onion,Unknown,Dried Chillies Red Onion Big Onion PotatoLOCATION Imported Imported Local Imported Welimada,Stable
weekly_08_2025_Eng.txt,rice,Unknown,Table 05: Selected Markets: Retail Price of Subsidiary Food Crops (Rs/kg),Stable
weekly_08_2025_Eng.txt,onion,Unknown,Dried Chillies Red Onion Big Onion Potato Pulses,Stable
weekly_08_2025_Eng.txt,dhal,Unknown,Green Gram Cowpea Red Dhal,Stable
weekly_08_2025_Eng.txt,rice,Unknown,Table 06: Selected Markets: Wholesale Price of Vegetables(Rs/kg),Stable
weekly_08_2025_Eng.txt,potato,Unknown,ManiocLong Beans Ash Plantain Green Chillies Lime Sweet Potatoe,Stable
weekly_08_2025_Eng.txt,rice,Unknown,"Colombo, Meegoda, Norochchole, Jaffna,Dambulla and Kandy - Gotukola Price Rs/Kg",Stable
weekly_08_2025_Eng.txt,vegetable,Unknown,Leafy Vegetables (Rs/bundle),Stable
weekly_08_2025_Eng.txt,coconut,Unknown,Coconut (Rs/nut),Stable
weekly_08_2025_Eng.txt,rice,Unknown,Table 07: Selected Markets: Retail Price of Vegetables (Rs/kg),Stable
weekly_08_2025_Eng.txt,potato,Unknown,Sweet Potato Large Small,Stable
weekly_08_2025_Eng.txt,vegetable,Unknown,Low Country Varieties Leafy Vegetable Coconut (Rs/nut),Stable
weekly_08_2025_Eng.txt,rice,Unknown,Table 08: Selected Markets: Retail Price of Fruits (Rs/each & Rs/kg),Stable
weekly_08_2025_Eng.txt,fruit,Unknown,Mango Other Fruits,Stable
weekly_08_2025_Eng.txt,coconut,Unknown,Passion Avocado Slime Apple Grapes (Rs/kg) King CoconutWood Apple Orange,Stable
weekly_08_2025_Eng.txt,fish,Unknown,Local Dried Fish Imported Dried Fish,Stable
weekly_08_2025_Eng.txt,fish,Unknown,Imported Dried Fish,Stable
weekly_08_2025_Eng.txt,fish,Unknown,Local Dried Fish,Stable
weekly_08_2025_Eng.txt,rice,Unknown,Table 10: Selected Markets: Wholesale Price of Dried Fish (Rs/50kg),Stable
weekly_08_2025_Eng.txt,fish,Unknown,Sea Fish Eggs,Stable
weekly_08_2025_Eng.txt,rice,Unknown,Table 09: Selected Markets: Wholesale Price of Fresh Fish & Eggs (Rs/kg & Rs/egg),Stable
weekly_08_2025_Eng.txt,fish,Unknown,Sea FishLocations,Stable
weekly_08_2025_Eng.txt,rice,Unknown,Table 11: Selected Markets: Retail Price of Fresh Fish & Eggs (Rs/kg & Rs/eggs),Stable
weekly_08_2025_Eng.txt,fish,Unknown,Sea Fish EggsLOCATIONS,Stable
weekly_08_2025_Eng.txt,rice,Unknown,Table 12: Selected Markets: Retail Price of Dried Fish (Rs/kg),Stable
weekly_08_2025_Eng.txt,fish,Unknown,Dried FishLOCATIONS Sprats-Imported Kattawa Thora Mora Balaya,Stable
weekly_08_2025_Eng.txt,rice,Unknown,Table 13: Selected Markets: Retail Price of Meat (Rs/kg),Stable
weekly_08_2025_Eng.txt,chicken,Unknown,Meat Meat (Chicken) Meat,Stable
weekly_08_2025_Eng.txt,rice,Unknown,Rice Coconut,Stable
weekly_08_2025_Eng.txt,fruit,Unknown,Keeri Samba 255.00−260.00257.50258.00325.00 -0.19 -20.77Fruits (Rs/fruit),Stable
weekly_08_2025_Eng.txt,fruit,Unknown,Raw (Red) − Passion Fruit 100.00− 130.00 118.89 115.56 90.91 2.88 30.78,Stable
weekly_08_2025_Eng.txt,onion,Unknown,Onion Mango,Stable
weekly_08_2025_Eng.txt,onion,Unknown,Big Onion Kohu −,Stable
weekly_08_2025_Eng.txt,potato,Unknown,Potato Orange 35.00− 50.00 40.63 52.78 39.55 -23.03 2.73,Stable
weekly_08_2025_Eng.txt,coconut,Unknown,Pulses King Coconut 200.00− 250.00 228.75 217.50120.00 5.17 90.63,Stable
weekly_08_2025_Eng.txt,fish,Unknown,Cowpea (White) 600.00−700.00663.33650.00846.67 2.05 -21.65Sea Fish,Stable
weekly_08_2025_Eng.txt,dhal,Unknown,Red Dhal 260.00−270.00263.33265.71293.33 -0.90 -10.23Hurulla 700.00− 800.00 723.85 727.50536.00 -0.50 35.05,Stable
weekly_08_2025_Eng.txt,vegetable,Unknown,Vegetable Balaya 600.00− 800.00 706.67 782.50648.00 -9.69 9.05,Stable
weekly_08_2025_Eng.txt,egg,Unknown,Raddish 80.00−120.00 96.00112.00 99.00 -14.29 -3.03Eggs,Stable
weekly_08_2025_Eng.txt,fish,Unknown,Ladies Fingers 150.00−200.00172.00180.00188.00 -4.44 -8.51Dried Fish,Stable
weekly_08_2025_Eng.txt,potato,Unknown,Sweet Potato 120.00−160.00137.00157.00147.00 -12.74 -6.80Maduwa (Imported) −,Stable
weekly_08_2025_Eng.txt,vegetable,Unknown,Leafy Vegetable Koduwa (Imported) −,Stable
weekly_08_2025_Eng.txt,rice,Unknown,Table 14: Colombo: Wholesale Prices (Rs/kg or Rs/piece),Stable
weekly_08_2025_Eng.txt,rice,Unknown,Average Price Change Compared to,Stable
weekly_08_2025_Eng.txt,rice,Unknown,Average Price,Stable
weekly_08_2025_Eng.txt,rice,Unknown,Rice Coconut,Stable
weekly_08_2025_Eng.txt,fruit,Unknown,Keeri Samba 260.00− 280.00265.00 265.69377.20 -0.69-29.75Fruits (Rs/fruit),Stable
weekly_08_2025_Eng.txt,fruit,Unknown,Raw (Red) − Passion Fruit 120.00− 200.00156.92137.33 131.50 19.59 19.33,Stable
weekly_08_2025_Eng.txt,onion,Unknown,Onion Mango,Stable
weekly_08_2025_Eng.txt,onion,Unknown,Big Onion Kohu −,Stable
weekly_08_2025_Eng.txt,potato,Unknown,Potato Orange 50.00− 120.00 79.74100.10 72.00 -20.36 10.75,Stable
weekly_08_2025_Eng.txt,coconut,Unknown,Pulses King Coconut 220.00− 350.00259.52251.25 150.00 8.27 73.02,Stable
weekly_08_2025_Eng.txt,fish,Unknown,Cowpea (White) 700.00−1000.00838.08 822.311219.23 15.77-31.26Sea Fish,Stable
weekly_08_2025_Eng.txt,dhal,Unknown,Red Dhal 280.00− 340.00300.28 303.42336.07 -3.14-10.65Hurulla 800.00−1300.00980.00990.91 947.73 -10.91 3.41,Stable
weekly_08_2025_Eng.txt,vegetable,Unknown,Vegetable Balaya 900.00−1200.00990.00978.571025.45 11.43 -3.46,Stable
weekly_08_2025_Eng.txt,egg,Unknown,Raddish 150.00− 340.00234.29 244.67243.70-10.38 -3.86Eggs,Stable
weekly_08_2025_Eng.txt,fish,Unknown,Ladies Fingers 260.00− 400.00330.71 334.83389.31 -4.12-15.05Dried Fish,Stable
weekly_08_2025_Eng.txt,chicken,Unknown,Root Crops Chicken (Broiler) 990.00−1300.001117.141129.291224.55 -12.15 -8.77,Stable
weekly_08_2025_Eng.txt,potato,Unknown,Sweet Potato 160.00− 360.00284.67 287.10309.66 -2.43 -8.07Chicken (Curry) 1000.00−1350.001151.821118.171317.78 33.65 -12.59,Stable
weekly_08_2025_Eng.txt,vegetable,Unknown,Leafy Vegetable Pork 1200.00−1400.001300.001340.001275.00 -40.00 1.96,Stable
weekly_08_2025_Eng.txt,rice,Unknown,Table 15: Colombo &Suburbs: Retail Prices (Rs/kg or Rs/piece),Stable
weekly_08_2025_Eng.txt,rice,Unknown,Average Price Change Compared to,Stable
weekly_08_2025_Eng.txt,rice,Unknown,Average Price Change Compared to,Stable
weekly_08_2025_Eng.txt,vegetable,Unknown,Paddy Vegetable (Up Country) Snake Gourd,Increase
weekly_08_2025_Eng.txt,onion,Unknown,Red Onion Badulla − Long Beans,Stable
weekly_08_2025_Eng.txt,onion,Unknown,Big Onion Welimada 60.00−80.00 68.00Embilipitiya 130.00−150.00137.50,Stable
weekly_08_2025_Eng.txt,potato,Unknown,Potato Hambantota −,Stable
weekly_08_2025_Eng.txt,vegetable,Unknown,N'Eliya 250.00−260.00256.00Vegetable (Low Country) Embilipitiya 80.00−100.00 92.50,Stable
weekly_08_2025_Eng.txt,fruit,Unknown,Moneragala 480.00−520.00496.00Brinjal Fruits (Rs/kg),Stable
weekly_08_2025_Eng.txt,rice,Unknown,Table 16: Farmgate/Producer Prices of Food Commodities in Selected Producing Areas (Rs/kg),Stable
weekly_08_2025_Eng.txt,rice,Unknown,PriceCOMMODITY Range Average,Stable
weekly_08_2025_Eng.txt,rice,Unknown,Price COMMODITY Range Average,Stable
weekly_08_2025_Eng.txt,rice,Unknown,Price COMMODITY,Stable
weekly_08_2025_Eng.txt,rice,Unknown,Rice,Stable
weekly_08_2025_Eng.txt,onion,Unknown,Red Onion,Stable
weekly_08_2025_Eng.txt,onion,Unknown,Big Onion,Stable
weekly_08_2025_Eng.txt,potato,Unknown,Potato,Stable
weekly_08_2025_Eng.txt,dhal,Unknown,Red Dhal 280.00− 300.00 300.00− 320.00 300.00− 320.00300.00− 320.00300.00− 340.00290.00− 320.00280.00− 300.00280.00− 320.00 280.00− 340.00,Stable
weekly_08_2025_Eng.txt,rice,Unknown,Annex 01 - Colombo Markets: Retail Prices of Rice and Subsidiary Food Crops (Rs/kg) Week 08: 21 - 27 Feb 2025,Stable
weekly_08_2025_Eng.txt,vegetable,Unknown,Vegetable,Stable
weekly_08_2025_Eng.txt,potato,Unknown,Sweet Potato 200.00− 240.00 280.00− 340.00 320.00− 340.00 300.00 − 320.00 300.00− 320.00 300.00− 320.00 160.00− 220.00 320.00− 360.00280.00− 300.00,Stable
weekly_08_2025_Eng.txt,vegetable,Unknown,Leafy Vegetable,Stable
weekly_08_2025_Eng.txt,coconut,Unknown,Coconut,Stable
weekly_08_2025_Eng.txt,rice,Unknown,Annex 02 - Colombo Markets: Retail Prices of Vegetables (Rs/kg) and Coconut (Rs/nut),Stable
weekly_08_2025_Eng.txt,fruit,Unknown,Other Fruits,Stable
weekly_08_2025_Eng.txt,coconut,Unknown,King Coconut 220.00− 250.00 300.00− 350.00300.00− 350.00 250.00− 300.00220.00− 250.00220.00− 250.00250.00− 250.00 230.00− 250.00 230.00−230.00,Stable
weekly_08_2025_Eng.txt,rice,Unknown,Annex 03 - Colombo Markets: Retail Prices of Fruits (Rs/fruit),Stable
weekly_08_2025_Eng.txt,fish,Unknown,Sea Fish,Stable
weekly_08_2025_Eng.txt,egg,Unknown,30 Eggs (Rs/egg),Stable
weekly_08_2025_Eng.txt,fish,Unknown,Dried Fish,Stable
weekly_08_2025_Eng.txt,chicken,Unknown,Chicken (Broiler) 990.00−1080.001150.00−1150.001250.00−1250.001250.00−1300.001080.00−1080.001100.00−1100.001000.00−1000.001050.00−1050.001040.00−1050.00,Stable
weekly_08_2025_Eng.txt,chicken,Unknown,Chicken (Curry) 1050.00−1050.001200.00−1200.001250.00−1250.001300.00−1350.001050.00−1050.001000.00−1000.001030.00−1030.001150.00−1150.001040.00−1040.00,Stable
weekly_08_2025_Eng.txt,rice,Unknown,Annex 04 - Colombo Markets: Retail Prices of Sea Fish and Dried Fish (Rs/kg),Stable
weekly_08_2025_Eng.txt,rice,Unknown,Rice - (white Kekulu - normal ) 361 9.88 1.52 - 0.03 0.09 10.67 - 6.94 26.29 1.22 1.5,Stable
weekly_08_2025_Eng.txt,rice,Unknown,Rice - (white Kekulu Samba) 355 8.81 1.53 - 0.03 0.09 8.11 - 9.82 30.48 0.92 1.7,Stable
weekly_08_2025_Eng.txt,rice,Unknown,Rice - ( Red Kekulu - normal ) 366 8.64 2.12 - 0.05 0.1 8.39 - 4.73 31.7 0.88 1.84,Stable
weekly_08_2025_Eng.txt,rice,Unknown,Rice -Samba 369 6.86 2.45 - 0.05 0.13 12.79 - 8.71 37.26 1.18 1.49,Stable
weekly_08_2025_Eng.txt,rice,Unknown,Rice - Nadu White 366 7.76 1.48 - 0.03 0.12 9.35 - 4.57 20.1 0.64 1.61,Stable
weekly_08_2025_Eng.txt,onion,Unknown,Onion,Stable
weekly_08_2025_Eng.txt,onion,Unknown,Big onions 48 1.67 0.24 0.16 0.01 0.1 32.99 7.58 14.82 16.94 0.45 0.25,Stable
weekly_08_2025_Eng.txt,onion,Unknown,Red onions 55 2.13 0.15 0.18 0.02 0.13 30.15 14.26 20.37 19.32 0.31 0.28,Stable
weekly_08_2025_Eng.txt,potato,Unknown,Potatoes 71 1.67 0.25 0.01 0.09 14.31 20.5 9.83 23.84 0.46 0.29,Stable
weekly_08_2025_Eng.txt,dhal,Unknown,Red Dhal 319 23.09 0.77 1.06 1.6 0.22 55 NA 41.27 66.63 7.45 3.34,Stable
weekly_08_2025_Eng.txt,vegetable,Unknown,Vegetables,Stable
weekly_08_2025_Eng.txt,rice,Unknown,Rice,Stable
weekly_08_2025_Eng.txt,egg,Unknown,Brinjal (Chinese eggplant) 24 1.28 0.33 16.83 0.12 0.11 32.94 3.37 14.4 21.18 0.28 0.16,Stable
weekly_08_2025_Eng.txt,egg,Unknown,Thalana batu (Thai eggplant) 21 1.45 0.26 18.33 0.11 0.09 31.18 2.71 17.24 37.22 0.37 0.24,Stable
weekly_08_2025_Eng.txt,coconut,Unknown,Coconuts nuts 390 3.67 39.92 - 0.05 0.11 14.86 -,Stable
weekly_08_2025_Eng.txt,potato,Unknown,Sweet potato 108 1.27 0.33 NA 0.04 0.09 14.44 22.2 28.93 21.05 0.51 0.14,Stable
weekly_08_2025_Eng.txt,vegetable,Unknown,Leafy Vegetables,Stable
weekly_08_2025_Eng.txt,onion,Unknown,Onion leaves 27 2.01 0.26 NA 0.04 0.18 56.8 23.38 35.21 74.95 3.15 0.77,Stable
weekly_08_2025_Eng.txt,fruit,Unknown,Jackfruit pods 25 2.14 0.34 NA 0.03 0.04 30.7 24.77 37.32 26.08 0.3 0.17,Stable
weekly_08_2025_Eng.txt,fruit,Unknown,Jackfruit seeds 77 5.66 0.44 NA 0.02 0.08 58.91 15.24 40.87 50.14 0.52 0.42,Stable
weekly_08_2025_Eng.txt,chicken,Unknown,Chicken 176 23.14 9.24 6.88 0.07 0.49 10.09 - 15.06 20.18 0.75 0.64,Stable
weekly_08_2025_Eng.txt,fish,Unknown,Fish,Stable
weekly_08_2025_Eng.txt,fish,Unknown,Cuttle fish 76 16.82 0.93 1.93 0.02 0.04 6.22 8.73 35.46 0.62 1.3,Stable
weekly_08_2025_Eng.txt,fish,Unknown,Dried Fish,Stable
weekly_08_2025_Eng.txt,egg,Unknown,Eggs,Stable
weekly_08_2025_Eng.txt,egg,Unknown,Hen eggs (Country) 170 13.14 13 208 0.08 0.18 54.6 50.14 11.04 1.64 1.12,Stable
weekly_08_2025_Eng.txt,egg,Unknown,Hen eggs (Table) 135 13.55 9.03 200 0.19 0.19 49.46 63.3 12 2.39 1.73,Stable
weekly_08_2025_Eng.txt,egg,Unknown,Quail eggs 153 12.39 11.46 153 0.11 0.17 54.86 60.67 11.21 2.55 1.51,Stable
weekly_08_2025_Eng.txt,fruit,Unknown,Fruits,Stable
weekly_08_2025_Eng.txt,rice,Unknown,Price Collecting Areas,Stable
weekly_18_2025_Eng.txt,vegetable,Unknown,Vegetables,Stable
weekly_18_2025_Eng.txt,fruit,Unknown,Fruits,Stable
weekly_18_2025_Eng.txt,rice,Unknown,Paddy/Rice,Stable
weekly_18_2025_Eng.txt,rice,Decrease,Prices of most of the fruit varieties have decreased with,Decrease
weekly_18_2025_Eng.txt,rice,Decrease,Prices of all onion varieties have decreased with the,Decrease
weekly_18_2025_Eng.txt,rice,Unknown,availability of sufficient stocks and prices of big onion,Stable
weekly_18_2025_Eng.txt,rice,Decrease,further decreased in next week. Prices of local  and,Decrease
weekly_18_2025_Eng.txt,potato,Unknown,"imported potatoes, red dhal, white cowpea and red",Stable
weekly_18_2025_Eng.txt,rice,Unknown,Retail prices of most of the vegetable varieties have,Stable
weekly_18_2025_Eng.txt,rice,Unknown,Prices of most of the paddy varieties not change,Stable
weekly_18_2025_Eng.txt,rice,Unknown,"significantly. However, the prices of all paddy varieties",Stable
weekly_18_2025_Eng.txt,rice,Unknown,Rice,Stable
weekly_18_2025_Eng.txt,rice,Unknown,prices of all rice varieties have not changed,Stable
weekly_18_2025_Eng.txt,rice,Unknown,significantly and price ranged of raw red,Stable
weekly_18_2025_Eng.txt,rice,Unknown,Imported rice varieties were available at,Stable
weekly_18_2025_Eng.txt,rice,Unknown,the market under the following price,Stable
weekly_18_2025_Eng.txt,rice,Unknown,of the rice varieties have seen price,Stable
weekly_18_2025_Eng.txt,rice,Increase,increase with the highest price of 15% for,Increase
weekly_18_2025_Eng.txt,rice,Unknown,raw red. price of keeri samba and imported,Stable
weekly_18_2025_Eng.txt,rice,Unknown,Retail prices of all types of rice varieties,Stable
weekly_18_2025_Eng.txt,rice,Decrease,price decreased of Rs.9.00/ kg was,Decrease
weekly_18_2025_Eng.txt,rice,Increase,highest price increase of 14% was recorded,Increase
weekly_18_2025_Eng.txt,rice,Unknown,for local raw red and highest price,Stable
weekly_18_2025_Eng.txt,rice,Increase,It was observed the slight price increase for,Increase
weekly_18_2025_Eng.txt,rice,Increase,price of short grain paddy has increased by,Increase
weekly_18_2025_Eng.txt,rice,Unknown,"Subsequently, the average price of keeri",Stable
weekly_18_2025_Eng.txt,rice,Increase,"areas. Further, price increase of Rs.1.00 -",Increase
weekly_18_2025_Eng.txt,rice,Unknown,areas. Its prices have ranged Rs.125.00 -,Stable
weekly_18_2025_Eng.txt,rice,Increase,"Likewise, the significant price increase of",Increase
weekly_18_2025_Eng.txt,rice,Unknown,in Southern province and price  ranged,Stable
weekly_18_2025_Eng.txt,rice,Unknown,the average price of all the major paddy,Stable
weekly_18_2025_Eng.txt,rice,Unknown,"grain red paddy. However, price of keeri",Stable
weekly_18_2025_Eng.txt,rice,Unknown,The price of imported dried chilies has not,Stable
weekly_18_2025_Eng.txt,rice,Unknown,changed significantly and price ranged,Stable
weekly_18_2025_Eng.txt,rice,Unknown,current wholesale price of imported dried,Stable
weekly_18_2025_Eng.txt,rice,Unknown,The retail price of imported dried chilies,Stable
weekly_18_2025_Eng.txt,rice,Increase,has increased by Rs.25.00/ kg and price,Increase
weekly_18_2025_Eng.txt,rice,Unknown,the current retail price of imported dried,Stable
weekly_18_2025_Eng.txt,onion,Unknown,Onion,Stable
weekly_18_2025_Eng.txt,rice,Unknown,"Prices of sinan , vedalan and imported red",Stable
weekly_18_2025_Eng.txt,onion,Unknown,onion have decreas ed in the range of 2% -,Stable
weekly_18_2025_Eng.txt,rice,Unknown,"and price ranged Rs.170.00 -200, Rs.250-",Stable
weekly_18_2025_Eng.txt,rice,Unknown,respectively. Price of imported big onion,Stable
weekly_18_2025_Eng.txt,rice,Decrease,has decreased by 5%  and price ranged,Decrease
weekly_18_2025_Eng.txt,rice,Unknown,current wholesale prices of all onion,Stable
weekly_18_2025_Eng.txt,rice,Unknown,Retail prices of vedalan and imported red,Stable
weekly_18_2025_Eng.txt,onion,Decrease,onion have decreased by Rs.31.00/ kg and,Decrease
weekly_18_2025_Eng.txt,rice,Unknown,Rs.4.00/kg respectively. Retail price of,Stable
weekly_18_2025_Eng.txt,onion,Decrease,imported big onion has decreased by,Decrease
weekly_18_2025_Eng.txt,rice,Unknown,the current retail price of imported big,Stable
weekly_18_2025_Eng.txt,onion,Decrease,onions and vedalan have decreased.,Decrease
weekly_18_2025_Eng.txt,rice,Decrease,Among those a highest price decreased of,Decrease
weekly_18_2025_Eng.txt,onion,Unknown,76% was recorded for imported big onions,Stable
weekly_18_2025_Eng.txt,rice,Increase,and a highest price increase of 7% was,Increase
weekly_18_2025_Eng.txt,onion,Unknown,recorded for imported red onions.,Stable
weekly_18_2025_Eng.txt,potato,Unknown,Potato,Stable
weekly_18_2025_Eng.txt,rice,Increase,Price of Welimada potato has increased,Increase
weekly_18_2025_Eng.txt,rice,Unknown,by 2% and price ranged Rs.220.00 -,Stable
weekly_18_2025_Eng.txt,rice,Unknown,260.00/kg. P rice of Nuwara Eliya potato,Stable
weekly_18_2025_Eng.txt,rice,Decrease,has decreased by 3% and price ranged,Decrease
weekly_18_2025_Eng.txt,rice,Unknown,Rs.260.00-280.00/kg. Price of imported,Stable
weekly_18_2025_Eng.txt,potato,Decrease,potato has decreased by 11% due to,Decrease
weekly_18_2025_Eng.txt,rice,Unknown,availability of low-quality stocks and price,Stable
weekly_18_2025_Eng.txt,rice,Unknown,current wholesale price of all potato,Stable
weekly_18_2025_Eng.txt,rice,Unknown,The retail prices of Nuwara Eliya and,Stable
weekly_18_2025_Eng.txt,potato,Decrease,imported potatoes have decreased by,Decrease
weekly_18_2025_Eng.txt,rice,Unknown,"Rs.6.00/kg and Rs.2.00/ kg, while price",Stable
weekly_18_2025_Eng.txt,rice,Unknown,the current retail prices of all potato,Stable
weekly_18_2025_Eng.txt,rice,Increase,varieties have increased. The highest price,Increase
weekly_18_2025_Eng.txt,potato,Unknown,Eliya potato.,Stable
weekly_18_2025_Eng.txt,rice,Increase,Price of green gram   has increased by 9%,Increase
weekly_18_2025_Eng.txt,rice,Unknown,and price ranged Rs.700.00 -850.00/kg.,Stable
weekly_18_2025_Eng.txt,rice,Unknown,"Price of white cowpea, red cowpea and red",Stable
weekly_18_2025_Eng.txt,dhal,Unknown,dhal have not changed significantly and,Stable
weekly_18_2025_Eng.txt,rice,Unknown,price ranges were Rs.650.00 -700.00/kg,Stable
weekly_18_2025_Eng.txt,rice,Unknown,prices of the most of the pulses varieties,Stable
weekly_18_2025_Eng.txt,rice,Increase,have increased with the highest price,Increase
weekly_18_2025_Eng.txt,rice,Unknown,"The retail prices of white cowpea, red",Stable
weekly_18_2025_Eng.txt,dhal,Decrease,cowpea and red dhal have decreased of,Decrease
weekly_18_2025_Eng.txt,rice,Unknown,respectively. The retail price of green gram,Stable
weekly_18_2025_Eng.txt,rice,Unknown,the curren t retail prices of all types of,Stable
weekly_18_2025_Eng.txt,rice,Decrease,significant price decreased of 39% was,Decrease
weekly_18_2025_Eng.txt,vegetable,Unknown,Vegetable,Stable
weekly_18_2025_Eng.txt,rice,Unknown,Prices of most of upcountry vegetables,Increase
weekly_18_2025_Eng.txt,rice,Increase,have increased while prices of most low,Increase
weekly_18_2025_Eng.txt,vegetable,Decrease,country vegetables have decreased.,Decrease
weekly_18_2025_Eng.txt,rice,Unknown,All the upcountry vegetable prices have,Increase
weekly_18_2025_Eng.txt,rice,Increase,prices of all the other vegetables increased,Increase
weekly_18_2025_Eng.txt,rice,Unknown,"producing areas, price of tomato has",Stable
weekly_18_2025_Eng.txt,rice,Increase,increased by 18% and price of capsicum,Increase
weekly_18_2025_Eng.txt,vegetable,Unknown,"Considering low-country vegetables, most",Stable
weekly_18_2025_Eng.txt,rice,Unknown,of the vegetable varieties experienced price,Stable
weekly_18_2025_Eng.txt,rice,Decrease,"decrease. Particul arly, price of cucumber",Decrease
weekly_18_2025_Eng.txt,rice,Decrease,"has decreased by 17%, following prices of",Decrease
weekly_18_2025_Eng.txt,rice,Unknown,13% and 11% respectively. Prices of,Stable
weekly_18_2025_Eng.txt,rice,Unknown,"8%. However, prices of drums tick has",Stable
weekly_18_2025_Eng.txt,rice,Unknown,"areas, and prices of long beans and bitter",Stable
weekly_18_2025_Eng.txt,rice,Decrease,price of green chilies has decreased by 12%,Decrease
weekly_18_2025_Eng.txt,rice,Increase,while price of lime has increased by 23%.,Increase
weekly_18_2025_Eng.txt,rice,Increase,"vegetable prices have increased, with",Increase
weekly_18_2025_Eng.txt,rice,Unknown,Retail prices of most of upcountry,Increase
weekly_18_2025_Eng.txt,vegetable,Increase,vegetable varieties increased in line with,Increase
weekly_18_2025_Eng.txt,rice,Unknown,"up-country vegetables, the highest price",Increase
weekly_18_2025_Eng.txt,rice,Unknown,"Rs.116 .00/kg. However, the price of beans",Stable
weekly_18_2025_Eng.txt,vegetable,Unknown,Considering the low -country vegetable,Stable
weekly_18_2025_Eng.txt,rice,Increase,"prices of most varieties have increased,",Increase
weekly_18_2025_Eng.txt,rice,Unknown,while a notable price increment of 411%,Stable
weekly_18_2025_Eng.txt,coconut,Unknown,Coconut,Stable
weekly_18_2025_Eng.txt,rice,Unknown,Prices of both large and small nuts have not,Stable
weekly_18_2025_Eng.txt,rice,Unknown,changed significantly . Price ranges were,Stable
weekly_18_2025_Eng.txt,rice,Unknown,the current wholesale prices of large and,Stable
weekly_18_2025_Eng.txt,rice,Unknown,Prices of large and small nuts showed a,Stable
weekly_18_2025_Eng.txt,rice,Unknown,price increment of Rs.9.00/nut and,Stable
weekly_18_2025_Eng.txt,rice,Unknown,Rs.3.00/nut respectively. Price ranges were,Stable
weekly_18_2025_Eng.txt,rice,Unknown,prices of large nuts (108%) and small  nuts,Stable
weekly_18_2025_Eng.txt,fruit,Unknown,Fruits,Stable
weekly_18_2025_Eng.txt,rice,Unknown,Prices of most of the fruit varieties have,Stable
weekly_18_2025_Eng.txt,rice,Increase,increased supply.  The highest price,Increase
weekly_18_2025_Eng.txt,rice,Unknown,"Due to sufficient stocks, prices of slime",Stable
weekly_18_2025_Eng.txt,fruit,Decrease,apple and pass ion fruit decreased by 25%,Decrease
weekly_18_2025_Eng.txt,rice,Unknown,"limited stocks, the price of karthakolomban",Stable
weekly_18_2025_Eng.txt,rice,Increase,mango has increased by 19%.  Prices of,Increase
weekly_18_2025_Eng.txt,rice,Unknown,Wholesale prices for the most of fruits have,Stable
weekly_18_2025_Eng.txt,rice,Decrease,"In line with the decreased wholesale prices,",Decrease
weekly_18_2025_Eng.txt,rice,Unknown,retail prices of most of the fruit varieties,Stable
weekly_18_2025_Eng.txt,rice,Decrease,have decreased. The highest price,Decrease
weekly_18_2025_Eng.txt,fruit,Unknown,27.00/fruit was reported for all,Stable
weekly_18_2025_Eng.txt,rice,Unknown,"sizes of pineapples. Price of av ocado,",Stable
weekly_18_2025_Eng.txt,fruit,Unknown,"Rs.21.00/fruit, Rs.16.00/fruit, Rs.15.00/",Stable
weekly_18_2025_Eng.txt,fruit,Unknown,fruit R s.14.00/fruit and Rs.13.00/fruit,Stable
weekly_18_2025_Eng.txt,coconut,Decrease,banana and king coconut have decreased,Decrease
weekly_18_2025_Eng.txt,fruit,Unknown,by Rs.12.0 0/kg and Rs.11.00/fruit.,Stable
weekly_18_2025_Eng.txt,rice,Unknown,"Meanwhile, price of karthakolomban",Stable
weekly_18_2025_Eng.txt,fruit,Increase,mango has increased by Rs. 78.00/fruit.,Increase
weekly_18_2025_Eng.txt,rice,Unknown,"Compared to last year, prices of most fruit",Stable
weekly_18_2025_Eng.txt,rice,Decrease,price decrease of 62% recorded for average,Decrease
weekly_18_2025_Eng.txt,fish,Unknown,Fresh Fish,Stable
weekly_18_2025_Eng.txt,rice,Unknown,Wholesale prices of all of the fresh fish,Stable
weekly_18_2025_Eng.txt,rice,Decrease,decreased supply. The highest price,Increase
weekly_18_2025_Eng.txt,rice,Increase,Mirissa areas. The prices increase of 13 %,Increase
weekly_18_2025_Eng.txt,rice,Unknown,"Mullaithivu areas. However, a price",Stable
weekly_18_2025_Eng.txt,rice,Unknown,high supply from Northern areas. Prices of,Increase
weekly_18_2025_Eng.txt,fish,Unknown,other fresh fish verities have n ot changed,Stable
weekly_18_2025_Eng.txt,rice,Unknown,current wholesale prices of all of the fresh,Stable
weekly_18_2025_Eng.txt,fish,Increase,fish types have increased with the highest,Increase
weekly_18_2025_Eng.txt,rice,Increase,price increase of 68% was noted for,Increase
weekly_18_2025_Eng.txt,rice,Unknown,The prices of other fish varieties except,Stable
weekly_18_2025_Eng.txt,rice,Increase,increased and the highest price increase,Increase
weekly_18_2025_Eng.txt,rice,Decrease,The highest price decrease was recorded,Decrease
weekly_18_2025_Eng.txt,rice,Unknown,for kelawalla by Rs.337.00/kg. Price,Stable
weekly_18_2025_Eng.txt,rice,Unknown,the prices of other fish varieties except,Stable
weekly_18_2025_Eng.txt,rice,Increase,increased and the highest price increase,Increase
weekly_18_2025_Eng.txt,fish,Unknown,Dried Fish,Stable
weekly_18_2025_Eng.txt,rice,Unknown,Prices of most of the dried fish types have,Stable
weekly_18_2025_Eng.txt,fish,Increase,increased due to decrease of local dried fish,Increase
weekly_18_2025_Eng.txt,rice,Increase,supply. The prices increase of 12% and 7%,Increase
weekly_18_2025_Eng.txt,rice,Unknown,price increa se of 5% was noted for,Stable
weekly_18_2025_Eng.txt,rice,Unknown,"Iran and Thailand. However, a price",Stable
weekly_18_2025_Eng.txt,rice,Unknown,Jaffna and Mannar areas. Prices of other,Stable
weekly_18_2025_Eng.txt,fish,Unknown,dried fish verities have not changed,Stable
weekly_18_2025_Eng.txt,rice,Unknown,current wholesale prices of most of the,Stable
weekly_18_2025_Eng.txt,fish,Increase,dried fish types have increased with the,Increase
weekly_18_2025_Eng.txt,rice,Increase,highest price increase of 104% was noted,Increase
weekly_18_2025_Eng.txt,rice,Unknown,The prices of other dry fish varieties except,Stable
weekly_18_2025_Eng.txt,rice,Increase,the highest price increase was recorded for,Increase
weekly_18_2025_Eng.txt,rice,Increase,price increase was recorded for kattawa by,Increase
weekly_18_2025_Eng.txt,rice,Decrease,Rs.48.00/kg. Price decrease of local sprats,Decrease
weekly_18_2025_Eng.txt,rice,Unknown,the prices of other fish varieties except,Stable
weekly_18_2025_Eng.txt,rice,Increase,and the highest price increase was recorded,Increase
weekly_18_2025_Eng.txt,egg,Unknown,Eggs,Stable
weekly_18_2025_Eng.txt,rice,Unknown,Prices of brown and white eggs have,Stable
weekly_18_2025_Eng.txt,rice,Unknown,their prices ranged Rs.27.00-31.00/egg and,Stable
weekly_18_2025_Eng.txt,egg,Unknown,Rs.25.00-28.00/egg respectively.,Stable
weekly_18_2025_Eng.txt,rice,Unknown,prices of both brown and white eggs hav e,Stable
weekly_18_2025_Eng.txt,rice,Unknown,The prices of both brown and white egg,Stable
weekly_18_2025_Eng.txt,rice,Increase,types have increased and the price range of,Increase
weekly_18_2025_Eng.txt,egg,Unknown,a white egg has recorded as Rs.27.00-32.00,Stable
weekly_18_2025_Eng.txt,rice,Unknown,and the price range of a brown egg has,Stable
weekly_18_2025_Eng.txt,rice,Unknown,price of the white and brown egg types has,Stable
weekly_18_2025_Eng.txt,rice,Unknown,the prices of both egg varieties have,Stable
weekly_18_2025_Eng.txt,rice,Unknown,The prices of other meat types except pork,Stable
weekly_18_2025_Eng.txt,rice,Decrease,have decreased. The highest price decrease,Decrease
weekly_18_2025_Eng.txt,rice,Decrease,The second highest price decrease was,Decrease
weekly_18_2025_Eng.txt,rice,Unknown,recorded for beef by Rs.39.00/kg. Price,Stable
weekly_18_2025_Eng.txt,chicken,Decrease,decrease of broiler and curry chicken have,Decrease
weekly_18_2025_Eng.txt,rice,Increase,respectively. Price increase of pork has,Increase
weekly_18_2025_Eng.txt,rice,Unknown,the price of other meat types except broiler,Stable
weekly_18_2025_Eng.txt,chicken,Increase,and curry chicken have increased. The,Increase
weekly_18_2025_Eng.txt,rice,Increase,highest price increase was recorde d for,Increase
weekly_18_2025_Eng.txt,rice,Unknown,to wholesale and retail prices of selected,Stable
weekly_18_2025_Eng.txt,rice,Unknown,"as prevailing prices, price ranges, averages,",Stable
weekly_18_2025_Eng.txt,rice,Unknown,and a comparison of weekly prices. The,Stable
weekly_18_2025_Eng.txt,rice,Unknown,changes in prices reported are always with,Stable
weekly_18_2025_Eng.txt,rice,Unknown,price prevailed during the previous week,Stable
weekly_18_2025_Eng.txt,rice,Unknown,"price information is twice a week ( i.e.,",Stable
weekly_18_2025_Eng.txt,rice,Unknown,"prices, it is thrice a week ( i.e., Friday,",Stable
weekly_18_2025_Eng.txt,rice,Unknown,Rice VarietiesLOCATIONS,Stable
weekly_18_2025_Eng.txt,rice,Unknown,Table 01: Selected Markets:Wholesale Price of Rice (Rs/50kg bag),Stable
weekly_18_2025_Eng.txt,rice,Unknown,Table 02: Selected Markets: Retail Price of Rice (Rs/kg),Stable
weekly_18_2025_Eng.txt,rice,Unknown,LOCATIONS Rice Varieties,Stable
weekly_18_2025_Eng.txt,dhal,Unknown,Green Gram Cowpea Red Dhal,Stable
weekly_18_2025_Eng.txt,rice,Unknown,Table 04: Selected Markets:Wholesale Price of Subsidiary Food (Rs/50kg),Stable
weekly_18_2025_Eng.txt,onion,Unknown,Dried Chillies Red Onion Big Onion PotatoLOCATION Imported Imported Local Imported Welimada,Stable
weekly_18_2025_Eng.txt,rice,Unknown,Table 05: Selected Markets: Retail Price of Subsidiary Food Crops (Rs/kg),Stable
weekly_18_2025_Eng.txt,onion,Unknown,Dried Chillies Red Onion Big Onion Potato Pulses,Stable
weekly_18_2025_Eng.txt,dhal,Unknown,Green Gram Cowpea Red Dhal,Stable
weekly_18_2025_Eng.txt,rice,Unknown,Table 06: Selected Markets: Wholesale Price of Vegetables(Rs/kg),Stable
weekly_18_2025_Eng.txt,potato,Unknown,ManiocLong Beans Ash Plantain Green Chillies Lime Sweet Potatoe,Stable
weekly_18_2025_Eng.txt,rice,Unknown,"Colombo, Meegoda, Norochchole, Jaffna,Dambulla and Kandy - Gotukola Price Rs/Kg",Stable
weekly_18_2025_Eng.txt,vegetable,Unknown,Leafy Vegetables (Rs/bundle),Stable
weekly_18_2025_Eng.txt,coconut,Unknown,Coconut (Rs/nut),Stable
weekly_18_2025_Eng.txt,rice,Unknown,Table 07: Selected Markets: Retail Price of Vegetables (Rs/kg),Stable
weekly_18_2025_Eng.txt,potato,Unknown,Sweet Potato Large Small,Stable
weekly_18_2025_Eng.txt,vegetable,Unknown,Low Country Varieties Leafy Vegetable Coconut (Rs/nut),Stable
weekly_18_2025_Eng.txt,rice,Unknown,Table 08: Selected Markets: Retail Price of Fruits (Rs/each & Rs/kg),Stable
weekly_18_2025_Eng.txt,fruit,Unknown,Mango Other Fruits,Stable
weekly_18_2025_Eng.txt,coconut,Unknown,Passion Avocado Slime Apple Grapes (Rs/kg) King CoconutWood Apple Orange,Stable
weekly_18_2025_Eng.txt,fish,Unknown,Local Dried Fish Imported Dried Fish,Stable
weekly_18_2025_Eng.txt,fish,Unknown,Imported Dried Fish,Stable
weekly_18_2025_Eng.txt,fish,Unknown,Local Dried Fish,Stable
weekly_18_2025_Eng.txt,rice,Unknown,Table 10: Selected Markets: Wholesale Price of Dried Fish (Rs/50kg),Stable
weekly_18_2025_Eng.txt,fish,Unknown,Sea Fish Eggs,Stable
weekly_18_2025_Eng.txt,rice,Unknown,Table 09: Selected Markets: Wholesale Price of Fresh Fish & Eggs (Rs/kg & Rs/egg),Stable
weekly_18_2025_Eng.txt,fish,Unknown,Sea Fish,Stable
weekly_18_2025_Eng.txt,rice,Unknown,Table 11: Selected Markets: Retail Price of Fresh Fish & Eggs (Rs/kg & Rs/eggs),Stable
weekly_18_2025_Eng.txt,fish,Unknown,Sea Fish Eggs,Stable
weekly_18_2025_Eng.txt,rice,Unknown,Table 12: Selected Markets: Retail Price of Dried Fish (Rs/kg),Stable
weekly_18_2025_Eng.txt,fish,Unknown,Dried FishLOCATIONS Sprats-Imported Kattawa Thora Mora Balaya,Stable
weekly_18_2025_Eng.txt,rice,Unknown,Table 13: Selected Markets: Retail Price of Meat (Rs/kg),Stable
weekly_18_2025_Eng.txt,chicken,Unknown,Meat Meat (Chicken) Meat,Stable
weekly_18_2025_Eng.txt,rice,Unknown,Rice Coconut,Stable
weekly_18_2025_Eng.txt,fruit,Unknown,Keeri Samba 260.00 − 280.00 270.00 270.00 315.00 0.00 -14.29 Fruits (Rs/fruit),Stable
weekly_18_2025_Eng.txt,fruit,Unknown,Raw (Red) − Passion Fruit 40.00 − 50.00 45.00 55.00 63.00 -18.18 -28.57,Stable
weekly_18_2025_Eng.txt,onion,Unknown,Onion Mango,Stable
weekly_18_2025_Eng.txt,onion,Unknown,Big Onion Kohu −,Stable
weekly_18_2025_Eng.txt,potato,Unknown,Potato Orange 35.00 − 50.00 41.88 45.00 56.82 -6.94 -26.30,Stable
weekly_18_2025_Eng.txt,coconut,Unknown,Pulses King Coconut 120.00 − 180.00 145.00 152.50 162.22 -4.92 -10.62,Stable
weekly_18_2025_Eng.txt,fish,Unknown,Cowpea (White) 650.00 − 700.00 675.00 675.00 0.00 Sea Fish,Stable
weekly_18_2025_Eng.txt,dhal,Unknown,Red Dhal 250.00 − 260.00 254.17 257.14 281.67 -1.16 -9.76 Hurulla 1000.00 − 1100.00 1038.89 953.33 642.50 8.97 61.69,Stable
weekly_18_2025_Eng.txt,vegetable,Unknown,Vegetable Balaya 1100.00 − 1300.00 1199.09 1041.67 730.83 15.11 64.07,Stable
weekly_18_2025_Eng.txt,egg,Unknown,Raddish 100.00 − 160.00 133.00 98.00 59.00 35.71 125.42 Eggs,Stable
weekly_18_2025_Eng.txt,fish,Unknown,Ladies Fingers 250.00 − 350.00 296.00 315.00 139.00 -6.03 112.95 Dried Fish,Stable
weekly_18_2025_Eng.txt,potato,Unknown,Sweet Potato 180.00 − 220.00 208.00 198.18 174.44 4.95 19.24 Maduwa (Imported) −,Stable
weekly_18_2025_Eng.txt,vegetable,Unknown,Leafy Vegetable Koduwa (Imported) −,Stable
weekly_18_2025_Eng.txt,rice,Unknown,Table 14: Colombo: Wholesale Prices (Rs/kg or Rs/piece),Stable
weekly_18_2025_Eng.txt,rice,Unknown,Average Price Change Compared to,Stable
weekly_18_2025_Eng.txt,rice,Unknown,Average Price,Stable
weekly_18_2025_Eng.txt,rice,Unknown,Rice Coconut,Stable
weekly_18_2025_Eng.txt,fruit,Unknown,Keeri Samba 260.00 − 300.00 275.29 284.74 366.40 -9.44 -24.87 Fruits (Rs/fruit),Stable
weekly_18_2025_Eng.txt,fruit,Unknown,Raw (Red) − Passion Fruit 50.00 − 80.00 65.28 80.00 93.85 -14.72 -30.44,Stable
weekly_18_2025_Eng.txt,onion,Unknown,Onion Mango,Stable
weekly_18_2025_Eng.txt,onion,Unknown,Big Onion Kohu −,Stable
weekly_18_2025_Eng.txt,potato,Unknown,Potato Orange 60.00 − 100.00 81.58 94.41 92.00 -12.83 -11.33,Stable
weekly_18_2025_Eng.txt,coconut,Unknown,Pulses King Coconut 180.00 − 220.00 198.24 209.44 218.42 -11.21 -9.24,Stable
weekly_18_2025_Eng.txt,fish,Unknown,Cowpea (White) 700.00 − 1000.00 826.67 836.84 1062.00 -10.18 -22.16 Sea Fish,Stable
weekly_18_2025_Eng.txt,dhal,Unknown,Red Dhal 270.00 − 320.00 295.50 299.17 330.40 -3.67 -10.56 Hurulla 1100.00 − 1300.00 1216.67 1214.71 866.11 1.96 40.47,Stable
weekly_18_2025_Eng.txt,vegetable,Unknown,Vegetable Balaya 1200.00 − 1350.00 1262.50 1371.43 990.00 -108.93 27.53,Stable
weekly_18_2025_Eng.txt,egg,Unknown,Raddish 200.00 − 400.00 304.29 275.22 191.33 29.07 59.03 Eggs,Stable
weekly_18_2025_Eng.txt,fish,Unknown,Ladies Fingers 320.00 − 460.00 384.09 468.40 247.24 -84.31 55.35 Dried Fish,Stable
weekly_18_2025_Eng.txt,chicken,Unknown,Root Crops Chicken (Broiler) 1050.00 − 1160.00 1121.11 1131.54 1254.55 -10.43 -10.64,Stable
weekly_18_2025_Eng.txt,potato,Unknown,Sweet Potato 240.00 − 400.00 329.00 323.60 323.10 5.40 1.82 Chicken (Curry) 950.00 − 1140.00 1056.67 1074.62 1181.82 -17.95 -10.59,Stable
weekly_18_2025_Eng.txt,vegetable,Unknown,Leafy Vegetable Pork 1500.00 − 1800.00 1683.33 1616.67 1300.00 66.67 29.49,Stable
weekly_18_2025_Eng.txt,rice,Unknown,Table 15: Colombo &Suburbs: Retail Prices (Rs/kg or Rs/piece),Stable
weekly_18_2025_Eng.txt,rice,Unknown,Average Price Change Compared to,Stable
weekly_18_2025_Eng.txt,rice,Unknown,Average Price Change Compared to,Stable
weekly_18_2025_Eng.txt,vegetable,Unknown,Paddy Vegetable (Up Country) Snake Gourd,Increase
weekly_18_2025_Eng.txt,onion,Unknown,Red Onion Badulla 265.00 − 320.00 295.00 Long Beans,Stable
weekly_18_2025_Eng.txt,onion,Unknown,Big Onion Welimada 600.00 − 630.00 614.00 Embilipitiya 330.00 − 350.00 340.00,Stable
weekly_18_2025_Eng.txt,potato,Unknown,Potato Hambantota −,Stable
weekly_18_2025_Eng.txt,vegetable,Unknown,N'Eliya 245.00 − 260.00 253.00 Vegetable (Low Country) Embilipitiya 70.00 − 80.00 76.25,Stable
weekly_18_2025_Eng.txt,fruit,Unknown,Moneragala 550.00 − 600.00 570.00 Brinjal Fruits (Rs/kg),Stable
weekly_18_2025_Eng.txt,rice,Unknown,Table 16: Farmgate/Producer Prices of Food Commodities in Selected Producing Areas (Rs/kg),Stable
weekly_18_2025_Eng.txt,rice,Unknown,PriceCOMMODITY Range Average,Stable
weekly_18_2025_Eng.txt,rice,Unknown,Price COMMODITY Range Average,Stable
weekly_18_2025_Eng.txt,rice,Unknown,Price COMMODITY,Stable
weekly_18_2025_Eng.txt,rice,Unknown,Rice,Stable
weekly_18_2025_Eng.txt,onion,Unknown,Red Onion,Stable
weekly_18_2025_Eng.txt,onion,Unknown,Big Onion,Stable
weekly_18_2025_Eng.txt,potato,Unknown,Potato,Stable
weekly_18_2025_Eng.txt,dhal,Unknown,Red Dhal 270.00 − 290.00 300.00 − 320.00 280.00 − 300.00 300.00 − 320.00 290.00 − 300.00 280.00 − 290.00 280.00 − 290.00 320.00 − 320.00 280.00 − 320.00,Stable
weekly_18_2025_Eng.txt,rice,Unknown,Annex 01 - Colombo Markets: Retail Prices of Rice and Subsidiary Food Crops (Rs/kg) Week 18: 02 - 08 May 2025,Stable
weekly_18_2025_Eng.txt,vegetable,Unknown,Vegetable,Stable
weekly_18_2025_Eng.txt,potato,Unknown,Sweet Potato 260.00 − 280.00 340.00 − 350.00 340.00 − 360.00 330.00 − 340.00 340.00 − 350.00 340.00 − 340.00 240.00 − 260.00 360.00 − 400.00 400.00 − 400.00,Stable
weekly_18_2025_Eng.txt,vegetable,Unknown,Leafy Vegetable,Stable
weekly_18_2025_Eng.txt,coconut,Unknown,Coconut,Stable
weekly_18_2025_Eng.txt,rice,Unknown,Annex 02 - Colombo Markets: Retail Prices of Vegetables (Rs/kg) and Coconut (Rs/nut),Stable
weekly_18_2025_Eng.txt,fruit,Unknown,Other Fruits,Stable
weekly_18_2025_Eng.txt,coconut,Unknown,King Coconut 180.00 − 200.00 200.00 − 200.00 220.00 − 220.00 200.00 − 200.00 210.00 − 220.00 200.00 − 200.00 180.00 − 200.00 180.00 − 200.00 180.00 − 200.00,Stable
weekly_18_2025_Eng.txt,rice,Unknown,Annex 03 - Colombo Markets: Retail Prices of Fruits (Rs/fruit),Stable
weekly_18_2025_Eng.txt,fish,Unknown,Sea Fish,Stable
weekly_18_2025_Eng.txt,egg,Unknown,30 Eggs (Rs/egg),Stable
weekly_18_2025_Eng.txt,fish,Unknown,Dried Fish,Stable
weekly_18_2025_Eng.txt,chicken,Unknown,Chicken (Broiler) 1100.00 − 1100.00 1150.00 − 1150.00 1160.00 − 1160.00 1120.00 − 1120.00 1100.00 − 1100.00 1150.00 − 1150.00 1050.00 − 1050.00 1120.00 − 1120.00 1140.00 − 1140.00,Stable
weekly_18_2025_Eng.txt,chicken,Unknown,Chicken (Curry) 1100.00 − 1100.00 1000.00 − 1000.00 1100.00 − 1100.00 1100.00 − 1100.00 1000.00 − 1000.00 1000.00 − 1000.00 950.00 − 950.00 1120.00 − 1120.00 1140.00 − 1140.00,Stable
weekly_18_2025_Eng.txt,rice,Unknown,Annex 04 - Colombo Markets: Retail Prices of Sea Fish and Dried Fish (Rs/kg),Stable
weekly_18_2025_Eng.txt,rice,Unknown,Rice - (white Kekulu - normal ) 361 9.88 1.52 - 0.03 0.09 10.67 - 6.94 26.29 1.22 1.5,Stable
weekly_18_2025_Eng.txt,rice,Unknown,Rice - (white Kekulu Samba) 355 8.81 1.53 - 0.03 0.09 8.11 - 9.82 30.48 0.92 1.7,Stable
weekly_18_2025_Eng.txt,rice,Unknown,Rice - ( Red Kekulu - normal ) 366 8.64 2.12 - 0.05 0.1 8.39 - 4.73 31.7 0.88 1.84,Stable
weekly_18_2025_Eng.txt,rice,Unknown,Rice -Samba 369 6.86 2.45 - 0.05 0.13 12.79 - 8.71 37.26 1.18 1.49,Stable
weekly_18_2025_Eng.txt,rice,Unknown,Rice - Nadu White 366 7.76 1.48 - 0.03 0.12 9.35 - 4.57 20.1 0.64 1.61,Stable
weekly_18_2025_Eng.txt,onion,Unknown,Onion,Stable
weekly_18_2025_Eng.txt,onion,Unknown,Big onions 48 1.67 0.24 0.16 0.01 0.1 32.99 7.58 14.82 16.94 0.45 0.25,Stable
weekly_18_2025_Eng.txt,onion,Unknown,Red onions 55 2.13 0.15 0.18 0.02 0.13 30.15 14.26 20.37 19.32 0.31 0.28,Stable
weekly_18_2025_Eng.txt,potato,Unknown,Potatoes 71 1.67 0.25 0.01 0.09 14.31 20.5 9.83 23.84 0.46 0.29,Stable
weekly_18_2025_Eng.txt,dhal,Unknown,Red Dhal 319 23.09 0.77 1.06 1.6 0.22 55 NA 41.27 66.63 7.45 3.34,Stable
weekly_18_2025_Eng.txt,vegetable,Unknown,Vegetables,Stable
weekly_18_2025_Eng.txt,rice,Unknown,Rice,Stable
weekly_18_2025_Eng.txt,egg,Unknown,Brinjal (Chinese eggplant) 24 1.28 0.33 16.83 0.12 0.11 32.94 3.37 14.4 21.18 0.28 0.16,Stable
weekly_18_2025_Eng.txt,egg,Unknown,Thalana batu (Thai eggplant) 21 1.45 0.26 18.33 0.11 0.09 31.18 2.71 17.24 37.22 0.37 0.24,Stable
weekly_18_2025_Eng.txt,coconut,Unknown,Coconuts nuts 390 3.67 39.92 - 0.05 0.11 14.86 -,Stable
weekly_18_2025_Eng.txt,potato,Unknown,Sweet potato 108 1.27 0.33 NA 0.04 0.09 14.44 22.2 28.93 21.05 0.51 0.14,Stable
weekly_18_2025_Eng.txt,vegetable,Unknown,Leafy Vegetables,Stable
weekly_18_2025_Eng.txt,onion,Unknown,Onion leaves 27 2.01 0.26 NA 0.04 0.18 56.8 23.38 35.21 74.95 3.15 0.77,Stable
weekly_18_2025_Eng.txt,fruit,Unknown,Jackfruit pods 25 2.14 0.34 NA 0.03 0.04 30.7 24.77 37.32 26.08 0.3 0.17,Stable
weekly_18_2025_Eng.txt,fruit,Unknown,Jackfruit seeds 77 5.66 0.44 NA 0.02 0.08 58.91 15.24 40.87 50.14 0.52 0.42,Stable
weekly_18_2025_Eng.txt,chicken,Unknown,Chicken 176 23.14 9.24 6.88 0.07 0.49 10.09 - 15.06 20.18 0.75 0.64,Stable
weekly_18_2025_Eng.txt,fish,Unknown,Fish,Stable
weekly_18_2025_Eng.txt,fish,Unknown,Cuttle fish 76 16.82 0.93 1.93 0.02 0.04 6.22 8.73 35.46 0.62 1.3,Stable
weekly_18_2025_Eng.txt,fish,Unknown,Dried Fish,Stable
weekly_18_2025_Eng.txt,egg,Unknown,Eggs,Stable
weekly_18_2025_Eng.txt,egg,Unknown,Hen eggs (Country) 170 13.14 13 208 0.08 0.18 54.6 50.14 11.04 1.64 1.12,Stable
weekly_18_2025_Eng.txt,egg,Unknown,Hen eggs (Table) 135 13.55 9.03 200 0.19 0.19 49.46 63.3 12 2.39 1.73,Stable
weekly_18_2025_Eng.txt,egg,Unknown,Quail eggs 153 12.39 11.46 153 0.11 0.17 54.86 60.67 11.21 2.55 1.51,Stable
weekly_18_2025_Eng.txt,fruit,Unknown,Fruits,Stable
weekly_18_2025_Eng.txt,rice,Unknown,Price Collecting Areas,Stable
weekly_19_2025_Eng.txt,vegetable,Unknown,Vegetables,Stable
weekly_19_2025_Eng.txt,fruit,Unknown,Fruits,Stable
weekly_19_2025_Eng.txt,rice,Unknown,Rice,Stable
weekly_19_2025_Eng.txt,rice,Decrease,Prices of most of  the fruits have decreased due,Decrease
weekly_19_2025_Eng.txt,rice,Increase,Price of imported big onion has increased by,Increase
weekly_19_2025_Eng.txt,rice,Unknown,Prices of most of the upcountry vegetable,Increase
weekly_19_2025_Eng.txt,rice,Increase,varieties have increased with the highest price,Increase
weekly_19_2025_Eng.txt,rice,Unknown,Retail prices of most of the rice varieties have,Stable
weekly_19_2025_Eng.txt,rice,Unknown,Rice,Stable
weekly_19_2025_Eng.txt,rice,Unknown,Prices of all rice varieties have not,Stable
weekly_19_2025_Eng.txt,rice,Increase,increased significantly and price ranged of,Increase
weekly_19_2025_Eng.txt,rice,Unknown,Imported rice varieties except imported,Stable
weekly_19_2025_Eng.txt,rice,Unknown,following price ranges,Stable
weekly_19_2025_Eng.txt,rice,Unknown,of the rice varieties have seen price,Stable
weekly_19_2025_Eng.txt,rice,Increase,"increases, with the highest price increase of",Increase
weekly_19_2025_Eng.txt,rice,Unknown,16% for raw red. price of keeri samba and,Stable
weekly_19_2025_Eng.txt,rice,Unknown,The retail prices of all types of rice,Stable
weekly_19_2025_Eng.txt,rice,Decrease,those a highest price decreased of,Decrease
weekly_19_2025_Eng.txt,rice,Increase,and a highest price increase of Rs. 4.00 /kg,Increase
weekly_19_2025_Eng.txt,rice,Decrease,highest price  decreased of 25% was,Decrease
weekly_19_2025_Eng.txt,rice,Unknown,recorded for keeri samba and highest price,Stable
weekly_19_2025_Eng.txt,rice,Unknown,The average farmgate prices of major,Stable
weekly_19_2025_Eng.txt,rice,Unknown,average price of short grain paddy,Stable
weekly_19_2025_Eng.txt,rice,Unknown,"Polonnaruwa areas . Further, the price",Stable
weekly_19_2025_Eng.txt,rice,Unknown,Dehiattakandiya areas. The prices ranged,Stable
weekly_19_2025_Eng.txt,rice,Unknown,the average farmgate prices of major paddy,Stable
weekly_19_2025_Eng.txt,rice,Unknown,"long grain red paddy. However, price of",Stable
weekly_19_2025_Eng.txt,rice,Unknown,The price of imported dried chilies has,Stable
weekly_19_2025_Eng.txt,rice,Unknown,sufficient stocks and price ranged,Stable
weekly_19_2025_Eng.txt,rice,Unknown,current whole sale price of imported dried,Stable
weekly_19_2025_Eng.txt,rice,Unknown,The retail price of imported dried chilies,Stable
weekly_19_2025_Eng.txt,rice,Decrease,has decreased by Rs.8.00/ kg and price,Decrease
weekly_19_2025_Eng.txt,rice,Unknown,the current retail price of imported dried,Stable
weekly_19_2025_Eng.txt,onion,Unknown,Onion,Stable
weekly_19_2025_Eng.txt,rice,Unknown,Prices o f sinan and imported red onions,Stable
weekly_19_2025_Eng.txt,rice,Unknown,price ranged Rs.200.00 -230.00 and,Stable
weekly_19_2025_Eng.txt,rice,Unknown,Rs.280-330.00/kg. P rice of vedalan red,Stable
weekly_19_2025_Eng.txt,onion,Decrease,onion has decreased by 12% due to,Decrease
weekly_19_2025_Eng.txt,rice,Unknown,availability of low-quality stocks and price,Stable
weekly_19_2025_Eng.txt,rice,Increase,Price of imported big onion has increased,Increase
weekly_19_2025_Eng.txt,rice,Unknown,stocks and price ranged Rs.80.00 -,Stable
weekly_19_2025_Eng.txt,rice,Unknown,current prices of sinan and vedalan red,Stable
weekly_19_2025_Eng.txt,onion,Unknown,onion and imported big onion varieties,Stable
weekly_19_2025_Eng.txt,onion,Increase,while imported red onion has increased by,Increase
weekly_19_2025_Eng.txt,rice,Unknown,The retail price of imported red onion has,Stable
weekly_19_2025_Eng.txt,rice,Increase,price of imported big onion has increased,Increase
weekly_19_2025_Eng.txt,rice,Unknown,the current retail price of imported big,Stable
weekly_19_2025_Eng.txt,onion,Decrease,onions and vedalan have decreased.,Decrease
weekly_19_2025_Eng.txt,rice,Decrease,Among those a highest price decreased of,Decrease
weekly_19_2025_Eng.txt,onion,Unknown,57% was recorded for imported big onions,Stable
weekly_19_2025_Eng.txt,rice,Increase,and a highest price increase  of 8% was,Increase
weekly_19_2025_Eng.txt,onion,Unknown,recorded for imported red onion.,Stable
weekly_19_2025_Eng.txt,potato,Unknown,Potato,Stable
weekly_19_2025_Eng.txt,rice,Unknown,The Price of Welimada and Nuwara Eliya,Stable
weekly_19_2025_Eng.txt,potato,Decrease,potatoes have decreased by 9% and 6% due,Decrease
weekly_19_2025_Eng.txt,rice,Unknown,and price ranged Rs.220.00-230.00/kg and,Stable
weekly_19_2025_Eng.txt,rice,Unknown,Rs.250.00-260.00/kg the price of imported,Stable
weekly_19_2025_Eng.txt,potato,Increase,potato has increased by 8% due to,Increase
weekly_19_2025_Eng.txt,rice,Unknown,unavailability of sufficient stocks and price,Stable
weekly_19_2025_Eng.txt,rice,Unknown,current wholesale price of all potato,Stable
weekly_19_2025_Eng.txt,rice,Unknown,The retail prices of Nuwara Eliya and,Stable
weekly_19_2025_Eng.txt,potato,Decrease,imported potato es have  decreased by,Decrease
weekly_19_2025_Eng.txt,rice,Unknown,Rs.14.00/kg respectively while price,Stable
weekly_19_2025_Eng.txt,rice,Unknown,the current retail prices of all potato,Stable
weekly_19_2025_Eng.txt,rice,Increase,varieties have increased. The highest price,Increase
weekly_19_2025_Eng.txt,potato,Unknown,potatoes.,Stable
weekly_19_2025_Eng.txt,rice,Unknown,Price of green gram and red cowpea   have,Stable
weekly_19_2025_Eng.txt,rice,Unknown,price ranged Rs.650.00 -850.00/kg and,Stable
weekly_19_2025_Eng.txt,rice,Unknown,Rs.460.00-700.00/kg. Prices of white,Stable
weekly_19_2025_Eng.txt,dhal,Unknown,cowpea and red dhal have not changed,Stable
weekly_19_2025_Eng.txt,rice,Unknown,The retail price of red cowpea has,Stable
weekly_19_2025_Eng.txt,rice,Increase,price of white cowpea has increased,Increase
weekly_19_2025_Eng.txt,rice,Unknown,Rs.23.00/kg. The retail price of red dhal,Stable
weekly_19_2025_Eng.txt,rice,Unknown,the current retail prices of all types of,Stable
weekly_19_2025_Eng.txt,rice,Decrease,notable price decreased of 39% was,Stable
weekly_19_2025_Eng.txt,vegetable,Unknown,Vegetable,Stable
weekly_19_2025_Eng.txt,rice,Unknown,Prices of most of upcountry vegetables,Increase
weekly_19_2025_Eng.txt,rice,Increase,have increased while prices of most of low,Increase
weekly_19_2025_Eng.txt,vegetable,Decrease,country vegetables have decreased.,Decrease
weekly_19_2025_Eng.txt,vegetable,Unknown,Among the upcountry vegetable varieties,Increase
weekly_19_2025_Eng.txt,rice,Increase,"price increase of 16%, following prices of",Increase
weekly_19_2025_Eng.txt,rice,Unknown,the range of 10% - 12%. Prices of carrot,Stable
weekly_19_2025_Eng.txt,rice,Unknown,"However, price of raddish and green beans",Stable
weekly_19_2025_Eng.txt,rice,Decrease,"have decreased by 3% - 4%. Further, price",Decrease
weekly_19_2025_Eng.txt,rice,Unknown,"Considering low-country vegetables, price",Stable
weekly_19_2025_Eng.txt,rice,Unknown,following prices of long beans and snake,Stable
weekly_19_2025_Eng.txt,rice,Unknown,"respectively. However, prices of drumstick",Stable
weekly_19_2025_Eng.txt,rice,Unknown,"areas, following prices of bitter gourd and",Stable
weekly_19_2025_Eng.txt,rice,Unknown,"17%-26%. In addition, price of green",Stable
weekly_19_2025_Eng.txt,rice,Increase,"vegetable prices have increased, with",Increase
weekly_19_2025_Eng.txt,rice,Unknown,Retail prices of most of the upcountry,Increase
weekly_19_2025_Eng.txt,vegetable,Increase,vegetable varieties increased in line with,Increase
weekly_19_2025_Eng.txt,rice,Increase,price increase was reported for carrot by,Increase
weekly_19_2025_Eng.txt,rice,Unknown,"knolkhol. However, the price of beans",Stable
weekly_19_2025_Eng.txt,vegetable,Unknown,Considering the low -country vegetable,Stable
weekly_19_2025_Eng.txt,rice,Unknown,"varieties, tomato prices showed a",Stable
weekly_19_2025_Eng.txt,rice,Increase,significant price increase of around Rs.,Increase
weekly_19_2025_Eng.txt,rice,Unknown,106.00/kg. Drumstick prices showed a,Stable
weekly_19_2025_Eng.txt,rice,Increase,significant price increase of Rs. 44. 00/kg.,Increase
weekly_19_2025_Eng.txt,rice,Increase,Capsicum prices increased by,Increase
weekly_19_2025_Eng.txt,rice,Increase,Rs.24.00/kg. Lime prices increased by,Increase
weekly_19_2025_Eng.txt,rice,Increase,"prices of most varieties have increased,",Increase
weekly_19_2025_Eng.txt,rice,Unknown,while a notable price increment of 402%,Stable
weekly_19_2025_Eng.txt,coconut,Unknown,Coconut,Stable
weekly_19_2025_Eng.txt,rice,Unknown,Prices of both large and small nuts have,Stable
weekly_19_2025_Eng.txt,rice,Unknown,respectively. Price ranges were Rs. 180.00-,Stable
weekly_19_2025_Eng.txt,rice,Unknown,the current wholes ale prices of large and,Stable
weekly_19_2025_Eng.txt,rice,Unknown,Prices of large and small nuts showed a,Stable
weekly_19_2025_Eng.txt,rice,Unknown,price drop of Rs.6.00/nut and Rs.4.00/nut,Stable
weekly_19_2025_Eng.txt,rice,Unknown,respectively. Price ranges were,Stable
weekly_19_2025_Eng.txt,rice,Unknown,prices of large nuts (100%) and small nuts,Stable
weekly_19_2025_Eng.txt,fruit,Unknown,Fruits,Stable
weekly_19_2025_Eng.txt,rice,Unknown,Prices of most of the fruit varieties have,Stable
weekly_19_2025_Eng.txt,rice,Decrease,highest price decrease of 31% was,Decrease
weekly_19_2025_Eng.txt,rice,Unknown,recorded for pineapple large. The prices of,Stable
weekly_19_2025_Eng.txt,fruit,Unknown,the range of Rs.25.00-31.00/fruit.,Stable
weekly_19_2025_Eng.txt,rice,Increase,avocado and slime apple prices increased,Increase
weekly_19_2025_Eng.txt,rice,Unknown,Wholesale prices for the most of fruits have,Stable
weekly_19_2025_Eng.txt,rice,Decrease,"In line with the decreased wholesale prices,",Decrease
weekly_19_2025_Eng.txt,rice,Unknown,retail prices of most of the fruit varieties,Stable
weekly_19_2025_Eng.txt,rice,Decrease,have decreased. The highest price,Decrease
weekly_19_2025_Eng.txt,rice,Unknown,Prices of all sizes of pineapple have,Stable
weekly_19_2025_Eng.txt,rice,Unknown,"Rs.100.00/kg. Also, price of seeni banana",Stable
weekly_19_2025_Eng.txt,rice,Unknown,"Compared to last year, price of most fruit",Stable
weekly_19_2025_Eng.txt,rice,Decrease,price decrease of 63% recorded for large,Decrease
weekly_19_2025_Eng.txt,fish,Unknown,Fresh Fish,Stable
weekly_19_2025_Eng.txt,rice,Unknown,The prices of other fish varieties except,Stable
weekly_19_2025_Eng.txt,rice,Decrease,price decrease of 17% for salaya.,Decrease
weekly_19_2025_Eng.txt,rice,Decrease,the highest price decrease was recorded for,Decrease
weekly_19_2025_Eng.txt,rice,Increase,shrimps by 7%. The highest price increase,Increase
weekly_19_2025_Eng.txt,rice,Unknown,The prices of other fish varieties except,Stable
weekly_19_2025_Eng.txt,rice,Increase,and the highest price increase was recorded,Increase
weekly_19_2025_Eng.txt,rice,Unknown,for kelawalla by Rs.307.00/kg. Price s for,Stable
weekly_19_2025_Eng.txt,rice,Decrease,respectively. The highest price decrease,Decrease
weekly_19_2025_Eng.txt,rice,Decrease,Price decrease of salaya and thalapath have,Decrease
weekly_19_2025_Eng.txt,rice,Decrease,the highest price decrease was recorded for,Decrease
weekly_19_2025_Eng.txt,rice,Increase,Thora by 12%. The highest price increase,Increase
weekly_19_2025_Eng.txt,fish,Unknown,Dried Fish,Stable
weekly_19_2025_Eng.txt,rice,Unknown,The prices of other dry fish varieties except,Stable
weekly_19_2025_Eng.txt,rice,Decrease,decreased and the highest price decrease,Decrease
weekly_19_2025_Eng.txt,rice,Increase,highest price increase was recorded for,Increase
weekly_19_2025_Eng.txt,rice,Unknown,balaya by 12%. The second highest price,Stable
weekly_19_2025_Eng.txt,fish,Unknown,other dry fish varieties except maduwa and,Stable
weekly_19_2025_Eng.txt,rice,Increase,highest price increase was recorded for,Increase
weekly_19_2025_Eng.txt,rice,Unknown,The prices of other dry fish varieties except,Stable
weekly_19_2025_Eng.txt,rice,Decrease,decreased and the highest price decrease,Decrease
weekly_19_2025_Eng.txt,rice,Decrease,Price decrease of imported sprats and,Decrease
weekly_19_2025_Eng.txt,rice,Increase,price increase was recorded for local sprats,Increase
weekly_19_2025_Eng.txt,rice,Increase,price increase was recorded for mora by,Increase
weekly_19_2025_Eng.txt,fish,Unknown,other dried fish varieties except local and,Stable
weekly_19_2025_Eng.txt,rice,Increase,highest price increase was recorded for,Increase
weekly_19_2025_Eng.txt,egg,Unknown,Eggs,Stable
weekly_19_2025_Eng.txt,rice,Unknown,The prices of both white and brown eggs,Stable
weekly_19_2025_Eng.txt,rice,Decrease,have decreased by 4% and prices range of,Decrease
weekly_19_2025_Eng.txt,rice,Unknown,respectively. The average price of the,Stable
weekly_19_2025_Eng.txt,egg,Unknown,white and brown egg s have  recorded as,Stable
weekly_19_2025_Eng.txt,rice,Unknown,the prices of both egg varieties have,Stable
weekly_19_2025_Eng.txt,rice,Decrease,decreased and price decrease of white and,Decrease
weekly_19_2025_Eng.txt,egg,Unknown,brown eggs have recorded as 43% and,Stable
weekly_19_2025_Eng.txt,rice,Unknown,The prices of both brown and white egg,Stable
weekly_19_2025_Eng.txt,rice,Decrease,types have decreased and the price range of,Decrease
weekly_19_2025_Eng.txt,egg,Unknown,a white egg has recorded as Rs.25.00 -,Stable
weekly_19_2025_Eng.txt,rice,Unknown,Rs.30.00 and the price range of a brown,Stable
weekly_19_2025_Eng.txt,egg,Unknown,egg has recorded as Rs.28.00 -Rs.31.00.,Stable
weekly_19_2025_Eng.txt,rice,Unknown,The average price of the white and brown,Stable
weekly_19_2025_Eng.txt,egg,Unknown,egg types has recorded as Rs.27.00 and,Stable
weekly_19_2025_Eng.txt,rice,Unknown,the prices of both egg varieties have,Stable
weekly_19_2025_Eng.txt,rice,Increase,The prices of all meat types have increased,Increase
weekly_19_2025_Eng.txt,rice,Increase,and the highest price increase was recorded,Increase
weekly_19_2025_Eng.txt,rice,Increase,for Mutton by Rs.67.00/kg. Price increase,Increase
weekly_19_2025_Eng.txt,chicken,Unknown,of broiler and curry chicken have recorded,Stable
weekly_19_2025_Eng.txt,rice,Increase,respectively. Price increase of beef and,Increase
weekly_19_2025_Eng.txt,chicken,Unknown,chicken have inc reased and the highest,Stable
weekly_19_2025_Eng.txt,rice,Increase,price increase was recorded for Pork by,Increase
weekly_19_2025_Eng.txt,rice,Unknown,to wholesale and retail prices of selected,Stable
weekly_19_2025_Eng.txt,rice,Unknown,"as prevailing prices, price ranges, averages,",Stable
weekly_19_2025_Eng.txt,rice,Unknown,and a comparison of weekly prices. The,Stable
weekly_19_2025_Eng.txt,rice,Unknown,changes in prices reported are always with,Stable
weekly_19_2025_Eng.txt,rice,Unknown,price prevail ed during the previous week,Stable
weekly_19_2025_Eng.txt,rice,Unknown,"price information is twice a week ( i.e.,",Stable
weekly_19_2025_Eng.txt,rice,Unknown,"prices, it is thrice a week ( i.e., Friday,",Stable
weekly_19_2025_Eng.txt,rice,Unknown,Rice VarietiesLOCATIONS,Stable
weekly_19_2025_Eng.txt,rice,Unknown,Table 01: Selected Markets:Wholesale Price of Rice (Rs/50kg bag),Stable
weekly_19_2025_Eng.txt,rice,Unknown,Table 02: Selected Markets: Retail Price of Rice (Rs/kg),Stable
weekly_19_2025_Eng.txt,rice,Unknown,LOCATIONS Rice Varieties,Stable
weekly_19_2025_Eng.txt,dhal,Unknown,Green Gram Cowpea Red Dhal,Stable
weekly_19_2025_Eng.txt,rice,Unknown,Table 04: Selected Markets:Wholesale Price of Subsidiary Food (Rs/50kg),Stable
weekly_19_2025_Eng.txt,onion,Unknown,Dried Chillies Red Onion Big Onion PotatoLOCATION Imported Imported Local Imported Welimada,Stable
weekly_19_2025_Eng.txt,rice,Unknown,Table 05: Selected Markets: Retail Price of Subsidiary Food Crops (Rs/kg),Stable
weekly_19_2025_Eng.txt,onion,Unknown,Dried Chillies Red Onion Big Onion Potato Pulses,Stable
weekly_19_2025_Eng.txt,dhal,Unknown,Green Gram Cowpea Red Dhal,Stable
weekly_19_2025_Eng.txt,rice,Unknown,Table 06: Selected Markets: Wholesale Price of Vegetables(Rs/kg),Stable
weekly_19_2025_Eng.txt,potato,Unknown,ManiocLong Beans Ash Plantain Green Chillies Lime Sweet Potatoe,Stable
weekly_19_2025_Eng.txt,rice,Unknown,"Colombo, Meegoda, Norochchole, Jaffna,Dambulla and Kandy - Gotukola Price Rs/Kg",Stable
weekly_19_2025_Eng.txt,vegetable,Unknown,Leafy Vegetables (Rs/bundle),Stable
weekly_19_2025_Eng.txt,coconut,Unknown,Coconut (Rs/nut),Stable
weekly_19_2025_Eng.txt,rice,Unknown,Table 07: Selected Markets: Retail Price of Vegetables (Rs/kg),Stable
weekly_19_2025_Eng.txt,potato,Unknown,Sweet Potato Large Small,Stable
weekly_19_2025_Eng.txt,vegetable,Unknown,Low Country Varieties Leafy Vegetable Coconut (Rs/nut),Stable
weekly_19_2025_Eng.txt,rice,Unknown,Table 08: Selected Markets: Retail Price of Fruits (Rs/each & Rs/kg),Stable
weekly_19_2025_Eng.txt,fruit,Unknown,Mango Other Fruits,Stable
weekly_19_2025_Eng.txt,coconut,Unknown,Passion Avocado Slime Apple Grapes (Rs/kg) King CoconutWood Apple Orange,Stable
weekly_19_2025_Eng.txt,fish,Unknown,Local Dried Fish Imported Dried Fish,Stable
weekly_19_2025_Eng.txt,fish,Unknown,Imported Dried Fish,Stable
weekly_19_2025_Eng.txt,fish,Unknown,Local Dried Fish,Stable
weekly_19_2025_Eng.txt,rice,Unknown,Table 10: Selected Markets: Wholesale Price of Dried Fish (Rs/50kg),Stable
weekly_19_2025_Eng.txt,fish,Unknown,Sea Fish Eggs,Stable
weekly_19_2025_Eng.txt,rice,Unknown,Table 09: Selected Markets: Wholesale Price of Fresh Fish & Eggs (Rs/kg & Rs/egg),Stable
weekly_19_2025_Eng.txt,fish,Unknown,Sea Fish,Stable
weekly_19_2025_Eng.txt,rice,Unknown,Table 11: Selected Markets: Retail Price of Fresh Fish & Eggs (Rs/kg & Rs/eggs),Stable
weekly_19_2025_Eng.txt,fish,Unknown,Sea Fish Eggs,Stable
weekly_19_2025_Eng.txt,rice,Unknown,Table 12: Selected Markets: Retail Price of Dried Fish (Rs/kg),Stable
weekly_19_2025_Eng.txt,fish,Unknown,Dried FishLOCATIONS Sprats-Imported Kattawa Thora Mora Balaya,Stable
weekly_19_2025_Eng.txt,rice,Unknown,Table 13: Selected Markets: Retail Price of Meat (Rs/kg),Stable
weekly_19_2025_Eng.txt,chicken,Unknown,Meat Meat (Chicken) Meat,Stable
weekly_19_2025_Eng.txt,rice,Unknown,Rice Coconut,Stable
weekly_19_2025_Eng.txt,fruit,Unknown,Keeri Samba 255.00 − 280.00 269.17 270.00 312.78 -0.31 -13.94 Fruits (Rs/fruit),Stable
weekly_19_2025_Eng.txt,fruit,Unknown,Raw (Red) − Passion Fruit 25.00 − 45.00 34.44 45.00 56.67 -23.46 -39.22,Stable
weekly_19_2025_Eng.txt,onion,Unknown,Onion Mango,Stable
weekly_19_2025_Eng.txt,onion,Unknown,Big Onion Kohu −,Stable
weekly_19_2025_Eng.txt,potato,Unknown,Potato Orange 50.00 − 90.00 67.78 41.88 65.91 61.86 2.84,Stable
weekly_19_2025_Eng.txt,coconut,Unknown,Pulses King Coconut 120.00 − 170.00 155.00 145.00 167.50 6.90 -7.46,Stable
weekly_19_2025_Eng.txt,fish,Unknown,Cowpea (White) 650.00 − 720.00 684.00 675.00 1.33 Sea Fish,Stable
weekly_19_2025_Eng.txt,dhal,Unknown,Red Dhal 250.00 − 260.00 255.00 254.17 281.88 0.33 -9.53 Hurulla 1000.00 − 1100.00 1058.33 1038.89 645.00 1.87 64.08,Stable
weekly_19_2025_Eng.txt,vegetable,Unknown,Vegetable Balaya 1100.00 − 1200.00 1158.33 1199.09 816.00 -3.40 41.95,Stable
weekly_19_2025_Eng.txt,egg,Unknown,Raddish 100.00 − 180.00 129.00 133.00 74.00 -3.01 74.32 Eggs,Stable
weekly_19_2025_Eng.txt,fish,Unknown,Ladies Fingers 200.00 − 260.00 237.00 296.00 124.00 -19.93 91.13 Dried Fish,Stable
weekly_19_2025_Eng.txt,potato,Unknown,Sweet Potato 180.00 − 260.00 228.00 208.00 153.00 9.62 49.02 Maduwa (Imported) −,Stable
weekly_19_2025_Eng.txt,vegetable,Unknown,Leafy Vegetable Koduwa (Imported) −,Stable
weekly_19_2025_Eng.txt,rice,Unknown,Table 14: Colombo: Wholesale Prices (Rs/kg or Rs/piece),Stable
weekly_19_2025_Eng.txt,rice,Unknown,Average Price Change Compared to,Stable
weekly_19_2025_Eng.txt,rice,Unknown,Average Price,Stable
weekly_19_2025_Eng.txt,rice,Unknown,Rice Coconut,Stable
weekly_19_2025_Eng.txt,fruit,Unknown,Keeri Samba 260.00 − 290.00 272.31 275.29 365.00 -2.99 -25.40 Fruits (Rs/fruit),Stable
weekly_19_2025_Eng.txt,fruit,Unknown,Raw (Red) − Passion Fruit 40.00 − 80.00 60.00 65.28 83.44 -5.28 -28.09,Stable
weekly_19_2025_Eng.txt,onion,Unknown,Onion Mango,Stable
weekly_19_2025_Eng.txt,onion,Unknown,Big Onion Kohu −,Stable
weekly_19_2025_Eng.txt,potato,Unknown,Potato Orange 60.00 − 120.00 90.30 81.58 120.56 8.72 -25.10,Stable
weekly_19_2025_Eng.txt,coconut,Unknown,Pulses King Coconut 180.00 − 250.00 205.45 198.24 232.63 7.22 -11.68,Stable
weekly_19_2025_Eng.txt,fish,Unknown,Cowpea (White) 700.00 − 1000.00 850.00 826.67 1066.67 23.33 -20.31 Sea Fish,Stable
weekly_19_2025_Eng.txt,dhal,Unknown,Red Dhal 270.00 − 320.00 295.53 295.50 330.83 0.03 -10.67 Hurulla 1200.00 − 1400.00 1288.75 1216.67 914.44 72.08 40.93,Stable
weekly_19_2025_Eng.txt,vegetable,Unknown,Vegetable Balaya 1250.00 − 1600.00 1456.25 1262.50 1257.78 193.75 15.78,Stable
weekly_19_2025_Eng.txt,egg,Unknown,Raddish 130.00 − 360.00 266.00 304.29 218.39 -38.29 21.80 Eggs,Stable
weekly_19_2025_Eng.txt,fish,Unknown,Ladies Fingers 280.00 − 520.00 380.00 384.09 261.88 -4.09 45.11 Dried Fish,Stable
weekly_19_2025_Eng.txt,chicken,Unknown,Root Crops Chicken (Broiler) 1100.00 − 1200.00 1157.00 1121.11 1199.09 35.89 -3.51,Stable
weekly_19_2025_Eng.txt,potato,Unknown,Sweet Potato 260.00 − 400.00 331.00 329.00 312.33 2.00 5.98 Chicken (Curry) 950.00 − 1150.00 1075.00 1056.67 1200.00 18.33 -10.42,Stable
weekly_19_2025_Eng.txt,vegetable,Unknown,Leafy Vegetable Pork 1700.00 − 1700.00 1700.00 1683.33 1300.00 16.67 30.77,Stable
weekly_19_2025_Eng.txt,rice,Unknown,Table 15: Colombo &Suburbs: Retail Prices (Rs/kg or Rs/piece),Stable
weekly_19_2025_Eng.txt,rice,Unknown,Average Price Change Compared to,Stable
weekly_19_2025_Eng.txt,rice,Unknown,Average Price Change Compared to,Stable
weekly_19_2025_Eng.txt,vegetable,Unknown,Paddy Vegetable (Up Country) Snake Gourd,Increase
weekly_19_2025_Eng.txt,onion,Unknown,Red Onion Badulla 350.00 − 420.00 383.33 Long Beans,Stable
weekly_19_2025_Eng.txt,onion,Unknown,Big Onion Welimada 420.00 − 430.00 425.00 Embilipitiya 200.00 − 220.00 210.00,Stable
weekly_19_2025_Eng.txt,potato,Unknown,Potato Hambantota −,Stable
weekly_19_2025_Eng.txt,vegetable,Unknown,N'Eliya 230.00 − 245.00 236.00 Vegetable (Low Country) Embilipitiya 60.00 − 70.00 63.33,Stable
weekly_19_2025_Eng.txt,fruit,Unknown,Moneragala 600.00 − 650.00 620.00 Brinjal Fruits (Rs/kg),Stable
weekly_19_2025_Eng.txt,rice,Unknown,Table 16: Farmgate/Producer Prices of Food Commodities in Selected Producing Areas (Rs/kg),Stable
weekly_19_2025_Eng.txt,rice,Unknown,PriceCOMMODITY Range Average,Stable
weekly_19_2025_Eng.txt,rice,Unknown,Price COMMODITY Range Average,Stable
weekly_19_2025_Eng.txt,rice,Unknown,Price COMMODITY,Stable
weekly_19_2025_Eng.txt,rice,Unknown,Rice,Stable
weekly_19_2025_Eng.txt,onion,Unknown,Red Onion,Stable
weekly_19_2025_Eng.txt,onion,Unknown,Big Onion,Stable
weekly_19_2025_Eng.txt,potato,Unknown,Potato,Stable
weekly_19_2025_Eng.txt,dhal,Unknown,Red Dhal 270.00 − 290.00 − 280.00 − 280.00 320.00 − 320.00 300.00 − 320.00 290.00 − 300.00 275.00 − 280.00 270.00 − 270.00 320.00 − 320.00,Stable
weekly_19_2025_Eng.txt,rice,Unknown,Annex 01 - Colombo Markets: Retail Prices of Rice and Subsidiary Food Crops (Rs/kg) Week 19: 09 - 15 May 2025,Stable
weekly_19_2025_Eng.txt,vegetable,Unknown,Vegetable,Stable
weekly_19_2025_Eng.txt,potato,Unknown,Sweet Potato 280.00 − 300.00 400.00 − 400.00 320.00 − 400.00 400.00 − 400.00 340.00 − 360.00 400.00 − 400.00 260.00 − 280.00 320.00 − 340.00 280.00 − 360.00,Stable
weekly_19_2025_Eng.txt,vegetable,Unknown,Leafy Vegetable,Stable
weekly_19_2025_Eng.txt,coconut,Unknown,Coconut,Stable
weekly_19_2025_Eng.txt,rice,Unknown,Annex 02 - Colombo Markets: Retail Prices of Vegetables (Rs/kg) and Coconut (Rs/nut),Stable
weekly_19_2025_Eng.txt,fruit,Unknown,Other Fruits,Stable
weekly_19_2025_Eng.txt,coconut,Unknown,King Coconut 180.00 − 200.00 − 250.00 − 250.00 − 200.00 − 200.00 250.00 − 250.00 220.00 − 220.00 180.00 − 200.00 200.00 − 200.00,Stable
weekly_19_2025_Eng.txt,rice,Unknown,Annex 03 - Colombo Markets: Retail Prices of Fruits (Rs/fruit),Stable
weekly_19_2025_Eng.txt,fish,Unknown,Sea Fish,Stable
weekly_19_2025_Eng.txt,egg,Unknown,30 Eggs (Rs/egg),Stable
weekly_19_2025_Eng.txt,fish,Unknown,Dried Fish,Stable
weekly_19_2025_Eng.txt,chicken,Unknown,Chicken (Broiler) − − − − 1150.00 − 1150.00 − 1100.00 − 1100.00 1160.00 − 1175.00 1200.00 − 1200.00,Stable
weekly_19_2025_Eng.txt,chicken,Unknown,Chicken (Curry) − − − − 1150.00 − 1150.00 − 950.00 − 950.00 1100.00 − 1100.00 1100.00 − 1100.00,Stable
weekly_19_2025_Eng.txt,rice,Unknown,Annex 04 - Colombo Markets: Retail Prices of Sea Fish and Dried Fish (Rs/kg),Stable
weekly_19_2025_Eng.txt,rice,Unknown,Rice - (white Kekulu - normal ) 361 9.88 1.52 - 0.03 0.09 10.67 - 6.94 26.29 1.22 1.5,Stable
weekly_19_2025_Eng.txt,rice,Unknown,Rice - (white Kekulu Samba) 355 8.81 1.53 - 0.03 0.09 8.11 - 9.82 30.48 0.92 1.7,Stable
weekly_19_2025_Eng.txt,rice,Unknown,Rice - ( Red Kekulu - normal ) 366 8.64 2.12 - 0.05 0.1 8.39 - 4.73 31.7 0.88 1.84,Stable
weekly_19_2025_Eng.txt,rice,Unknown,Rice -Samba 369 6.86 2.45 - 0.05 0.13 12.79 - 8.71 37.26 1.18 1.49,Stable
weekly_19_2025_Eng.txt,rice,Unknown,Rice - Nadu White 366 7.76 1.48 - 0.03 0.12 9.35 - 4.57 20.1 0.64 1.61,Stable
weekly_19_2025_Eng.txt,onion,Unknown,Onion,Stable
weekly_19_2025_Eng.txt,onion,Unknown,Big onions 48 1.67 0.24 0.16 0.01 0.1 32.99 7.58 14.82 16.94 0.45 0.25,Stable
weekly_19_2025_Eng.txt,onion,Unknown,Red onions 55 2.13 0.15 0.18 0.02 0.13 30.15 14.26 20.37 19.32 0.31 0.28,Stable
weekly_19_2025_Eng.txt,potato,Unknown,Potatoes 71 1.67 0.25 0.01 0.09 14.31 20.5 9.83 23.84 0.46 0.29,Stable
weekly_19_2025_Eng.txt,dhal,Unknown,Red Dhal 319 23.09 0.77 1.06 1.6 0.22 55 NA 41.27 66.63 7.45 3.34,Stable
weekly_19_2025_Eng.txt,vegetable,Unknown,Vegetables,Stable
weekly_19_2025_Eng.txt,rice,Unknown,Rice,Stable
weekly_19_2025_Eng.txt,egg,Unknown,Brinjal (Chinese eggplant) 24 1.28 0.33 16.83 0.12 0.11 32.94 3.37 14.4 21.18 0.28 0.16,Stable
weekly_19_2025_Eng.txt,egg,Unknown,Thalana batu (Thai eggplant) 21 1.45 0.26 18.33 0.11 0.09 31.18 2.71 17.24 37.22 0.37 0.24,Stable
weekly_19_2025_Eng.txt,coconut,Unknown,Coconuts nuts 390 3.67 39.92 - 0.05 0.11 14.86 -,Stable
weekly_19_2025_Eng.txt,potato,Unknown,Sweet potato 108 1.27 0.33 NA 0.04 0.09 14.44 22.2 28.93 21.05 0.51 0.14,Stable
weekly_19_2025_Eng.txt,vegetable,Unknown,Leafy Vegetables,Stable
weekly_19_2025_Eng.txt,onion,Unknown,Onion leaves 27 2.01 0.26 NA 0.04 0.18 56.8 23.38 35.21 74.95 3.15 0.77,Stable
weekly_19_2025_Eng.txt,fruit,Unknown,Jackfruit pods 25 2.14 0.34 NA 0.03 0.04 30.7 24.77 37.32 26.08 0.3 0.17,Stable
weekly_19_2025_Eng.txt,fruit,Unknown,Jackfruit seeds 77 5.66 0.44 NA 0.02 0.08 58.91 15.24 40.87 50.14 0.52 0.42,Stable
weekly_19_2025_Eng.txt,chicken,Unknown,Chicken 176 23.14 9.24 6.88 0.07 0.49 10.09 - 15.06 20.18 0.75 0.64,Stable
weekly_19_2025_Eng.txt,fish,Unknown,Fish,Stable
weekly_19_2025_Eng.txt,fish,Unknown,Cuttle fish 76 16.82 0.93 1.93 0.02 0.04 6.22 8.73 35.46 0.62 1.3,Stable
weekly_19_2025_Eng.txt,fish,Unknown,Dried Fish,Stable
weekly_19_2025_Eng.txt,egg,Unknown,Eggs,Stable
weekly_19_2025_Eng.txt,egg,Unknown,Hen eggs (Country) 170 13.14 13 208 0.08 0.18 54.6 50.14 11.04 1.64 1.12,Stable
weekly_19_2025_Eng.txt,egg,Unknown,Hen eggs (Table) 135 13.55 9.03 200 0.19 0.19 49.46 63.3 12 2.39 1.73,Stable
weekly_19_2025_Eng.txt,egg,Unknown,Quail eggs 153 12.39 11.46 153 0.11 0.17 54.86 60.67 11.21 2.55 1.51,Stable
weekly_19_2025_Eng.txt,fruit,Unknown,Fruits,Stable
weekly_19_2025_Eng.txt,rice,Unknown,Price Collecting Areas,Stable
weekly_13_2025_Eng.txt,vegetable,Unknown,Vegetables,Stable
weekly_13_2025_Eng.txt,fruit,Unknown,Fruits,Stable
weekly_13_2025_Eng.txt,fish,Unknown,Fish,Stable
weekly_13_2025_Eng.txt,rice,Unknown,Rice,Stable
weekly_13_2025_Eng.txt,rice,Decrease,Retail prices of most of the fruit varieties have decreased with,Decrease
weekly_13_2025_Eng.txt,rice,Decrease,the highest price decrease was reported for all sized,Decrease
weekly_13_2025_Eng.txt,rice,Increase,Prices of most of the fish varieties have increased and the,Increase
weekly_13_2025_Eng.txt,rice,Increase,highest price increase was recorded for balaya Compared to,Increase
weekly_13_2025_Eng.txt,rice,Unknown,"the same period of last year, the prices of most of the fish",Stable
weekly_13_2025_Eng.txt,rice,Increase,varieties have increased and the highest price increase was,Increase
weekly_13_2025_Eng.txt,rice,Unknown,The Prices of Welimada and Nuwara Eliya potatoes have,Stable
weekly_13_2025_Eng.txt,rice,Unknown,of sufficient stocks and price ranged between,Stable
weekly_13_2025_Eng.txt,rice,Unknown,Rs.340.00-480.00/kg and price of imported potato has,Stable
weekly_13_2025_Eng.txt,rice,Increase,Retail prices of most vegetable varieties have increased in,Increase
weekly_13_2025_Eng.txt,rice,Increase,"vegetables, the highest price increase was reported for",Increase
weekly_13_2025_Eng.txt,rice,Increase,"season, these prices are expected to increase further in the",Increase
weekly_13_2025_Eng.txt,rice,Unknown,Retail prices of all local rice varieties except nadu have,Stable
weekly_13_2025_Eng.txt,rice,Increase,increased with the highest price increase of Rs.6.00/kg was,Increase
weekly_13_2025_Eng.txt,rice,Decrease,"period of last year, the prices of keeri samba have decreased",Decrease
weekly_13_2025_Eng.txt,rice,Unknown,Rice,Stable
weekly_13_2025_Eng.txt,rice,Unknown,prices of all local rice varieties have not,Stable
weekly_13_2025_Eng.txt,rice,Unknown,changed significantly and average price of,Stable
weekly_13_2025_Eng.txt,rice,Unknown,imported rice varieties was also available at,Stable
weekly_13_2025_Eng.txt,rice,Unknown,prices,Stable
weekly_13_2025_Eng.txt,rice,Increase,"of the rice prices have increases, with the",Increase
weekly_13_2025_Eng.txt,rice,Unknown,highest price of 26% for raw red. Prices of,Stable
weekly_13_2025_Eng.txt,rice,Unknown,The retail prices of all types of rice varieties,Stable
weekly_13_2025_Eng.txt,rice,Increase,"Among those, a highest price increased of",Increase
weekly_13_2025_Eng.txt,rice,Unknown,The retail price of nadu grade I has,Stable
weekly_13_2025_Eng.txt,rice,Increase,the highest price increase of 19% was,Increase
weekly_13_2025_Eng.txt,rice,Decrease,price decreased of 19% was recorded for,Decrease
weekly_13_2025_Eng.txt,rice,Unknown,The average farmgate prices of major,Stable
weekly_13_2025_Eng.txt,rice,Unknown,farmgate price of keeri samba paddy has,Stable
weekly_13_2025_Eng.txt,rice,Unknown,prices have ranged Rs.125.00 -145.00/kg.,Stable
weekly_13_2025_Eng.txt,rice,Unknown,"However, the average farmgate price of",Stable
weekly_13_2025_Eng.txt,rice,Unknown,reported Rs.117.00-135.00/kg price range,Stable
weekly_13_2025_Eng.txt,rice,Unknown,producing areas. The farmgate price of,Stable
weekly_13_2025_Eng.txt,rice,Unknown,"125.00/kg price range. Further, the price",Stable
weekly_13_2025_Eng.txt,rice,Unknown,while reported price ranged of Rs.120.00 -,Stable
weekly_13_2025_Eng.txt,rice,Unknown,the average farmgate price of all the major,Stable
weekly_13_2025_Eng.txt,rice,Unknown,The price of imported dried chilies has,Stable
weekly_13_2025_Eng.txt,rice,Decrease,decreased by  3% and  price r anged,Decrease
weekly_13_2025_Eng.txt,rice,Unknown,current whole sale price of imported dried,Stable
weekly_13_2025_Eng.txt,rice,Unknown,The retail price of imported dried chilies has,Stable
weekly_13_2025_Eng.txt,rice,Increase,increased by Rs.15.00/kg and price ranged,Increase
weekly_13_2025_Eng.txt,rice,Unknown,the current retail price of imported dried,Stable
weekly_13_2025_Eng.txt,onion,Unknown,Onion,Stable
weekly_13_2025_Eng.txt,rice,Unknown,Prices of sinnan and vedalan  red onion,Stable
weekly_13_2025_Eng.txt,rice,Unknown,have not changed significantly and price,Stable
weekly_13_2025_Eng.txt,rice,Unknown,320.00/kg.  Price s of imported red onion,Stable
weekly_13_2025_Eng.txt,onion,Unknown,and imported big onion also have not,Stable
weekly_13_2025_Eng.txt,rice,Unknown,changed significantly and price ranged,Stable
weekly_13_2025_Eng.txt,rice,Unknown,current whole sale price of vedalan and,Stable
weekly_13_2025_Eng.txt,onion,Increase,imported red onion have increased by 16%,Increase
weekly_13_2025_Eng.txt,onion,Unknown,and 22% while imported big onion has,Stable
weekly_13_2025_Eng.txt,rice,Unknown,The retail price of imported red onion has,Stable
weekly_13_2025_Eng.txt,rice,Decrease,decreased by Rs.11.00/kg. The retail price of,Decrease
weekly_13_2025_Eng.txt,onion,Increase,vedalan red onion has increased by,Increase
weekly_13_2025_Eng.txt,rice,Unknown,Rs.19.00/kg and retail price of imported big,Stable
weekly_13_2025_Eng.txt,onion,Decrease,onion has decreased by Rs.2.00/kg.,Decrease
weekly_13_2025_Eng.txt,rice,Unknown,the current retail prices of imported big,Stable
weekly_13_2025_Eng.txt,onion,Decrease,onion and vedalan red onion have decreased,Decrease
weekly_13_2025_Eng.txt,rice,Unknown,by 70% and 4% respectively. The retail price,Stable
weekly_13_2025_Eng.txt,onion,Increase,of imported red onion has increased by 31%.,Increase
weekly_13_2025_Eng.txt,potato,Unknown,Potato,Stable
weekly_13_2025_Eng.txt,rice,Unknown,The Price of Welimada and Nuwara Eliya,Stable
weekly_13_2025_Eng.txt,potato,Decrease,potatoes have decreased by 7% and 9% due,Decrease
weekly_13_2025_Eng.txt,rice,Unknown,to availability of sufficient stocks and price,Stable
weekly_13_2025_Eng.txt,rice,Unknown,270.00/kg price of imported potato has not,Stable
weekly_13_2025_Eng.txt,rice,Unknown,changed significantly and price ranged,Stable
weekly_13_2025_Eng.txt,rice,Unknown,current wholesale price  of all potato,Stable
weekly_13_2025_Eng.txt,rice,Unknown,The retail prices of Welimada and Nuwara,Stable
weekly_13_2025_Eng.txt,potato,Decrease,Eliya potatoes have decreased by,Decrease
weekly_13_2025_Eng.txt,rice,Unknown,The retail price of imported potato has,Stable
weekly_13_2025_Eng.txt,rice,Unknown,the current retail price of all types of,Stable
weekly_13_2025_Eng.txt,potato,Increase,potatoes have increased with the highest,Increase
weekly_13_2025_Eng.txt,rice,Increase,price increase of 2% was recorded for,Increase
weekly_13_2025_Eng.txt,potato,Unknown,imported potato.,Stable
weekly_13_2025_Eng.txt,rice,Increase,Price of Green gram has increased by 6%,Increase
weekly_13_2025_Eng.txt,rice,Unknown,and price ranged Rs.650.00 -850.00/kg.,Stable
weekly_13_2025_Eng.txt,rice,Increase,Price of white Cowpea has increased by,Increase
weekly_13_2025_Eng.txt,rice,Unknown,3% and price ranged Rs.600.00-700.00/kg.,Stable
weekly_13_2025_Eng.txt,rice,Unknown,Prices of red cowpea and Red dhal have not,Stable
weekly_13_2025_Eng.txt,rice,Increase,increased significantly and average prices,Increase
weekly_13_2025_Eng.txt,rice,Unknown,current whole sale prices of all pulses,Stable
weekly_13_2025_Eng.txt,rice,Increase,"In line with increased wholesale prices, the",Increase
weekly_13_2025_Eng.txt,rice,Unknown,retail prices of all types of pulses have,Stable
weekly_13_2025_Eng.txt,rice,Increase,"increased. Among those,  a notable price",Increase
weekly_13_2025_Eng.txt,rice,Unknown,the current retail prices of all types of pulses,Stable
weekly_13_2025_Eng.txt,rice,Unknown,price reduction of 37% was recorded for,Stable
weekly_13_2025_Eng.txt,vegetable,Unknown,Vegetable,Stable
weekly_13_2025_Eng.txt,rice,Unknown,Prices of most of upcountry vegetables,Increase
weekly_13_2025_Eng.txt,rice,Unknown,while prices of most low country,Stable
weekly_13_2025_Eng.txt,vegetable,Increase,vegetables have decreased due to increase,Increase
weekly_13_2025_Eng.txt,rice,Unknown,Most of the upcountry vegetable prices are,Increase
weekly_13_2025_Eng.txt,rice,Unknown,"from Jaffna area, following prices of",Stable
weekly_13_2025_Eng.txt,rice,Unknown,"However, price of leeks, raddish and",Stable
weekly_13_2025_Eng.txt,rice,Increase,"-8%. Further, price of tomato has increased",Increase
weekly_13_2025_Eng.txt,rice,Increase,and price of capsicum has increased by 4%,Increase
weekly_13_2025_Eng.txt,vegetable,Unknown,"Considering low-country vegetables, most",Stable
weekly_13_2025_Eng.txt,rice,Unknown,of the vegetable varieties experienced price,Stable
weekly_13_2025_Eng.txt,rice,Decrease,"decrease. Particularly, p rice of cucumber",Decrease
weekly_13_2025_Eng.txt,rice,Unknown,"excess stocks, following prices of long",Stable
weekly_13_2025_Eng.txt,rice,Unknown,supply from Embilipitiya area. Prices of,Increase
weekly_13_2025_Eng.txt,rice,Unknown,"-8%. However, price of brinjal has",Stable
weekly_13_2025_Eng.txt,rice,Unknown,from major producing areas and price of,Stable
weekly_13_2025_Eng.txt,rice,Unknown,"In addition, price of green chilies has",Stable
weekly_13_2025_Eng.txt,rice,Increase,increased b y 3% while price of lime has,Increase
weekly_13_2025_Eng.txt,rice,Increase,"vegetable prices have increased, with",Increase
weekly_13_2025_Eng.txt,rice,Unknown,Retail prices of most vegetable varieties,Stable
weekly_13_2025_Eng.txt,vegetable,Unknown,"wholesale trend. In up-country vegetables,",Increase
weekly_13_2025_Eng.txt,rice,Increase,the highest price increase was reported for,Increase
weekly_13_2025_Eng.txt,rice,Unknown,"varieties, brinjal prices showed a",Stable
weekly_13_2025_Eng.txt,rice,Increase,significant price increase of  around,Increase
weekly_13_2025_Eng.txt,rice,Unknown,Rs.198.00/kg. Bitter gourd prices showed a,Stable
weekly_13_2025_Eng.txt,rice,Increase,significant price increase of Rs.34.00 /kg.,Increase
weekly_13_2025_Eng.txt,rice,Decrease,Capsicum prices decreased by Rs.34.00/kg,Decrease
weekly_13_2025_Eng.txt,rice,Increase,prices increased by Rs. 65.00 /kg. Green,Increase
weekly_13_2025_Eng.txt,rice,Unknown,Chilies (Rs.130.00 /kg) showed a price,Stable
weekly_13_2025_Eng.txt,rice,Increase,price increase compared to last year.,Increase
weekly_13_2025_Eng.txt,rice,Unknown,prices of most of the varieties have,Stable
weekly_13_2025_Eng.txt,rice,Increase,"increased, while a notable price increment",Increase
weekly_13_2025_Eng.txt,coconut,Unknown,Coconut,Stable
weekly_13_2025_Eng.txt,rice,Unknown,Prices of both large and small nuts have,Stable
weekly_13_2025_Eng.txt,rice,Increase,increased by 4%.  Price ranges were,Increase
weekly_13_2025_Eng.txt,rice,Unknown,the current wholesale prices of large and,Stable
weekly_13_2025_Eng.txt,rice,Unknown,Prices of large and small nuts showed a,Stable
weekly_13_2025_Eng.txt,rice,Unknown,price increment of Rs.2.00/nut. Price,Stable
weekly_13_2025_Eng.txt,rice,Unknown,prices of large nuts (77%) and small nuts,Stable
weekly_13_2025_Eng.txt,fruit,Unknown,Fruits,Stable
weekly_13_2025_Eng.txt,rice,Decrease,Wholesale prices of many fruits have fallen,Decrease
weekly_13_2025_Eng.txt,rice,Decrease,The highest price decrease was recorded,Decrease
weekly_13_2025_Eng.txt,rice,Unknown,"harvest season, price for vilad mango had",Stable
weekly_13_2025_Eng.txt,rice,Decrease,kolikuttu and passion fruit prices decreased,Decrease
weekly_13_2025_Eng.txt,rice,Increase,"increased demand, prices for wood apple",Increase
weekly_13_2025_Eng.txt,rice,Unknown,Wholesale prices for the most of fruits have,Stable
weekly_13_2025_Eng.txt,rice,Decrease,"In line with the decreased wholesale prices,",Decrease
weekly_13_2025_Eng.txt,rice,Unknown,retail prices of most of the fruits have also,Stable
weekly_13_2025_Eng.txt,rice,Decrease,decreased. The highest price decrease in,Decrease
weekly_13_2025_Eng.txt,rice,Unknown,price of papaw and avocado have,Stable
weekly_13_2025_Eng.txt,fruit,Unknown,"Rs. 32.00/fruit respectively. However, the",Stable
weekly_13_2025_Eng.txt,rice,Increase,price of imported grapes has increased by,Increase
weekly_13_2025_Eng.txt,rice,Unknown,current prices of most of the fruits have,Stable
weekly_13_2025_Eng.txt,rice,Decrease,decreased and the highest price decrease of,Decrease
weekly_13_2025_Eng.txt,fruit,Unknown,45% was reported for passion fruit.,Stable
weekly_13_2025_Eng.txt,fish,Unknown,Fresh Fish,Stable
weekly_13_2025_Eng.txt,rice,Unknown,Wholesale prices of most of the fresh fish,Stable
weekly_13_2025_Eng.txt,rice,Increase,supply. The highest price increase of 16%,Increase
weekly_13_2025_Eng.txt,rice,Increase,from Northern areas. A price increase of,Stable
weekly_13_2025_Eng.txt,rice,Unknown,"Trincomalee areas. The prices of mora,",Stable
weekly_13_2025_Eng.txt,rice,Increase,"increased by 3% -9%. However, A price",Increase
weekly_13_2025_Eng.txt,rice,Decrease,A price decrease of 11% was noted for,Decrease
weekly_13_2025_Eng.txt,rice,Unknown,current wholesale prices of most of  the,Stable
weekly_13_2025_Eng.txt,fish,Increase,fresh fish types have increased with the,Increase
weekly_13_2025_Eng.txt,rice,Increase,highest price increase of 68% was noted for,Increase
weekly_13_2025_Eng.txt,rice,Unknown,The prices of other fish varieties except,Stable
weekly_13_2025_Eng.txt,rice,Increase,and the highest price increase was recorded,Increase
weekly_13_2025_Eng.txt,rice,Increase,highest price increase was recorded for,Increase
weekly_13_2025_Eng.txt,rice,Decrease,price decrease was recorded for thora by,Decrease
weekly_13_2025_Eng.txt,rice,Unknown,Rs.91.00/kg. The second highest  price,Stable
weekly_13_2025_Eng.txt,rice,Unknown,the prices of other fish varieties except,Stable
weekly_13_2025_Eng.txt,rice,Increase,highest price increase was recorded for,Increase
weekly_13_2025_Eng.txt,fish,Unknown,Dried Fish,Stable
weekly_13_2025_Eng.txt,rice,Unknown,Prices of most of the dried fish types have,Stable
weekly_13_2025_Eng.txt,fish,Increase,increased due to decrease of local dried fish,Increase
weekly_13_2025_Eng.txt,rice,Increase,supply. The highest price increase of 28%,Increase
weekly_13_2025_Eng.txt,rice,Increase,A price increase of 8% was noted for local,Increase
weekly_13_2025_Eng.txt,rice,Unknown,Prices of other dried fish verities have not,Stable
weekly_13_2025_Eng.txt,rice,Unknown,current wholesale prices of most of the,Stable
weekly_13_2025_Eng.txt,fish,Increase,dried fish types have increased and the,Increase
weekly_13_2025_Eng.txt,rice,Increase,highest price increase of 105% was noted,Increase
weekly_13_2025_Eng.txt,rice,Unknown,The prices of other dry fish varieties except,Stable
weekly_13_2025_Eng.txt,rice,Increase,highest price increase was recorded for,Increase
weekly_13_2025_Eng.txt,rice,Increase,salaya by Rs.105.00/kg. Price increase of,Increase
weekly_13_2025_Eng.txt,rice,Decrease,Price decrease of mora and aguluwa have,Decrease
weekly_13_2025_Eng.txt,rice,Decrease,the highest price decrease was recorded for,Decrease
weekly_13_2025_Eng.txt,rice,Unknown,imported sprats by 13%. The highest price,Stable
weekly_13_2025_Eng.txt,egg,Unknown,Eggs,Stable
weekly_13_2025_Eng.txt,rice,Unknown,Prices of both brown and white eggs ha ve,Stable
weekly_13_2025_Eng.txt,rice,Increase,increased by 1% and their prices ranged,Increase
weekly_13_2025_Eng.txt,egg,Unknown,Rs. 26.00 -33.00/egg and Rs.24.00 -,Stable
weekly_13_2025_Eng.txt,egg,Unknown,30.00/egg respectively.,Stable
weekly_13_2025_Eng.txt,rice,Unknown,prices of both brown and white eggs have,Stable
weekly_13_2025_Eng.txt,rice,Unknown,The prices of both brown and white egg,Stable
weekly_13_2025_Eng.txt,rice,Increase,types have increased and the price range of,Increase
weekly_13_2025_Eng.txt,egg,Unknown,a white egg has recorded as Rs.28.00 -,Stable
weekly_13_2025_Eng.txt,rice,Unknown,Rs.36.00 and the price range of a brown,Stable
weekly_13_2025_Eng.txt,egg,Unknown,egg has recorded as Rs.29.00 -Rs.38.00.,Stable
weekly_13_2025_Eng.txt,rice,Unknown,The average price of the white and brown,Stable
weekly_13_2025_Eng.txt,egg,Unknown,egg types has recorded as Rs.31.00 and,Stable
weekly_13_2025_Eng.txt,rice,Unknown,the prices of both egg varieties have,Stable
weekly_13_2025_Eng.txt,rice,Increase,The prices of all meat types have increased,Increase
weekly_13_2025_Eng.txt,rice,Increase,and the highest price increase was recorded,Increase
weekly_13_2025_Eng.txt,rice,Increase,for beef by Rs.63.00/kg. Price increase of,Increase
weekly_13_2025_Eng.txt,chicken,Unknown,broiler and curry chicken have recorded as,Stable
weekly_13_2025_Eng.txt,rice,Increase,Price increase of mutton and pork have,Increase
weekly_13_2025_Eng.txt,chicken,Increase,chicken have increased and the highest,Increase
weekly_13_2025_Eng.txt,rice,Increase,price increase was recorded for pork and,Increase
weekly_13_2025_Eng.txt,rice,Unknown,to wholesale and retail prices of selected,Stable
weekly_13_2025_Eng.txt,rice,Unknown,"as prevailing prices, price ranges, averages,",Stable
weekly_13_2025_Eng.txt,rice,Unknown,and a comparison of weekly prices. The,Stable
weekly_13_2025_Eng.txt,rice,Unknown,changes in prices reported are always with,Stable
weekly_13_2025_Eng.txt,rice,Unknown,price prevailed during the previous week,Stable
weekly_13_2025_Eng.txt,rice,Unknown,"price information is twice a week ( i.e.,",Stable
weekly_13_2025_Eng.txt,rice,Unknown,"prices, it is thrice a week ( i.e., Friday,",Stable
weekly_13_2025_Eng.txt,rice,Unknown,Rice VarietiesLOCATIONS,Stable
weekly_13_2025_Eng.txt,rice,Unknown,Table 01: Selected Markets:Wholesale Price of Rice (Rs/50kg bag),Stable
weekly_13_2025_Eng.txt,rice,Unknown,Table 02: Selected Markets: Retail Price of Rice (Rs/kg),Stable
weekly_13_2025_Eng.txt,rice,Unknown,LOCATIONS Rice Varieties,Stable
weekly_13_2025_Eng.txt,dhal,Unknown,Green Gram Cowpea Red Dhal,Stable
weekly_13_2025_Eng.txt,rice,Unknown,Table 04: Selected Markets:Wholesale Price of Subsidiary Food (Rs/50kg),Stable
weekly_13_2025_Eng.txt,onion,Unknown,Dried Chillies Red Onion Big Onion PotatoLOCATION Imported Imported Local Imported Welimada,Stable
weekly_13_2025_Eng.txt,rice,Unknown,Table 05: Selected Markets: Retail Price of Subsidiary Food Crops (Rs/kg),Stable
weekly_13_2025_Eng.txt,onion,Unknown,Dried Chillies Red Onion Big Onion Potato Pulses,Stable
weekly_13_2025_Eng.txt,dhal,Unknown,Green Gram Cowpea Red Dhal,Stable
weekly_13_2025_Eng.txt,rice,Unknown,Table 06: Selected Markets: Wholesale Price of Vegetables(Rs/kg),Stable
weekly_13_2025_Eng.txt,rice,Unknown,"Colombo, Meegoda, Norochchole, Jaffna,Dambulla and Kandy - Gotukola Price Rs/Kg",Stable
weekly_13_2025_Eng.txt,vegetable,Unknown,Leafy Vegetables (Rs/bundle),Stable
weekly_13_2025_Eng.txt,coconut,Unknown,Coconut (Rs/nut),Stable
weekly_13_2025_Eng.txt,potato,Unknown,ManiocLong Beans Ash Plantain Green Chillies Lime Sweet Potatoe,Stable
weekly_13_2025_Eng.txt,rice,Unknown,Table 07: Selected Markets: Retail Price of Vegetables (Rs/kg),Stable
weekly_13_2025_Eng.txt,potato,Unknown,Ash Plantain Green Chillies Lime Sweet Potato Large Small,Stable
weekly_13_2025_Eng.txt,vegetable,Unknown,Low Country Varieties Leafy Vegetable Coconut (Rs/nut),Stable
weekly_13_2025_Eng.txt,rice,Unknown,Table 08: Selected Markets: Retail Price of Fruits (Rs/each & Rs/kg),Stable
weekly_13_2025_Eng.txt,fruit,Unknown,Mango Other Fruits,Stable
weekly_13_2025_Eng.txt,coconut,Unknown,Passion Avocado Slime Apple Grapes (Rs/kg) King CoconutWood Apple Orange,Stable
weekly_13_2025_Eng.txt,fish,Unknown,Sea Fish Eggs,Stable
weekly_13_2025_Eng.txt,rice,Unknown,Table 09: Selected Markets: Wholesale Price of Fresh Fish & Eggs (Rs/kg & Rs/egg),Stable
weekly_13_2025_Eng.txt,fish,Unknown,Sea Fish,Stable
weekly_13_2025_Eng.txt,rice,Unknown,Table 10: Selected Markets: Wholesale Price of Dried Fish (Rs/50kg),Stable
weekly_13_2025_Eng.txt,fish,Unknown,Local Dried Fish,Stable
weekly_13_2025_Eng.txt,fish,Unknown,Local Dried Fish Imported Dried Fish,Stable
weekly_13_2025_Eng.txt,fish,Unknown,Imported Dried Fish,Stable
weekly_13_2025_Eng.txt,rice,Unknown,Table 11: Selected Markets: Retail Price of Fresh Fish & Eggs (Rs/kg & Rs/eggs),Stable
weekly_13_2025_Eng.txt,fish,Unknown,Sea Fish Eggs,Stable
weekly_13_2025_Eng.txt,rice,Unknown,Table 12: Selected Markets: Retail Price of Dried Fish (Rs/kg),Stable
weekly_13_2025_Eng.txt,fish,Unknown,Dried FishLOCATIONS Sprats-Imported Kattawa Thora Mora Balaya,Stable
weekly_13_2025_Eng.txt,rice,Unknown,Table 13: Selected Markets: Retail Price of Meat (Rs/kg),Stable
weekly_13_2025_Eng.txt,chicken,Unknown,Meat Meat (Chicken) Meat,Stable
weekly_13_2025_Eng.txt,rice,Unknown,Rice Coconut,Stable
weekly_13_2025_Eng.txt,fruit,Unknown,Keeri Samba 260.00 − 280.00 270.00 271.67 317.50 -0.61 -14.96 Fruits (Rs/fruit),Stable
weekly_13_2025_Eng.txt,fruit,Unknown,Raw (Red) − Passion Fruit 50.00 − 60.00 52.78 58.33 107.78 -9.52 -51.03,Stable
weekly_13_2025_Eng.txt,onion,Unknown,Onion Mango,Stable
weekly_13_2025_Eng.txt,onion,Unknown,Big Onion Kohu −,Stable
weekly_13_2025_Eng.txt,potato,Unknown,Potato Orange 35.00 − 50.00 44.38 45.00 40.50 -1.39 9.57,Stable
weekly_13_2025_Eng.txt,coconut,Unknown,Pulses King Coconut 150.00 − 220.00 188.75 191.11 180.00 -1.24 4.86,Stable
weekly_13_2025_Eng.txt,fish,Unknown,Cowpea (White) 600.00 − 700.00 656.00 638.33 750.00 2.77 -12.53 Sea Fish,Stable
weekly_13_2025_Eng.txt,dhal,Unknown,Red Dhal 255.00 − 265.00 260.71 261.67 285.83 -0.36 -8.79 Hurulla 850.00 − 1000.00 915.00 838.33 637.00 9.15 43.64,Stable
weekly_13_2025_Eng.txt,vegetable,Unknown,Vegetable Balaya 750.00 − 900.00 834.44 777.50 496.00 7.32 68.23,Stable
weekly_13_2025_Eng.txt,egg,Unknown,Raddish 80.00 − 120.00 100.00 106.00 42.00 -5.66 138.10 Eggs,Stable
weekly_13_2025_Eng.txt,fish,Unknown,Ladies Fingers 200.00 − 250.00 229.00 232.00 50.00 -1.29 358.00 Dried Fish,Stable
weekly_13_2025_Eng.txt,potato,Unknown,Sweet Potato 140.00 − 180.00 161.00 146.00 141.00 10.27 14.18 Maduwa (Imported) −,Stable
weekly_13_2025_Eng.txt,vegetable,Unknown,Leafy Vegetable Koduwa (Imported) −,Stable
weekly_13_2025_Eng.txt,rice,Unknown,Table 14: Colombo: Wholesale Prices (Rs/kg or Rs/piece),Stable
weekly_13_2025_Eng.txt,rice,Unknown,Average Price Change Compared to,Stable
weekly_13_2025_Eng.txt,rice,Unknown,Average Price,Stable
weekly_13_2025_Eng.txt,rice,Unknown,Rice Coconut,Stable
weekly_13_2025_Eng.txt,fruit,Unknown,Keeri Samba 280.00 − 340.00 301.18 295.16 371.46 6.02 -18.92 Fruits (Rs/fruit),Stable
weekly_13_2025_Eng.txt,fruit,Unknown,Raw (Red) − Passion Fruit 60.00 − 100.00 83.00 88.24 150.91 -5.24 -45.00,Stable
weekly_13_2025_Eng.txt,onion,Unknown,Onion Mango,Stable
weekly_13_2025_Eng.txt,onion,Unknown,Big Onion Kohu −,Stable
weekly_13_2025_Eng.txt,potato,Unknown,Potato Orange 50.00 − 120.00 79.06 85.68 85.24 -6.62 -7.25,Stable
weekly_13_2025_Eng.txt,coconut,Unknown,Pulses King Coconut 200.00 − 250.00 230.00 233.33 213.33 -3.33 7.81,Stable
weekly_13_2025_Eng.txt,fish,Unknown,Cowpea (White) 700.00 − 1000.00 826.36 798.26 1120.83 28.10 -26.27 Sea Fish,Stable
weekly_13_2025_Eng.txt,dhal,Unknown,Red Dhal 280.00 − 340.00 298.92 298.92 335.42 0.00 -10.88 Hurulla 960.00 − 1200.00 1094.17 1074.38 810.63 19.79 34.98,Stable
weekly_13_2025_Eng.txt,vegetable,Unknown,Vegetable Balaya 900.00 − 1300.00 1043.75 920.83 761.43 122.92 37.08,Stable
weekly_13_2025_Eng.txt,egg,Unknown,Raddish 160.00 − 320.00 245.00 240.95 175.93 4.05 39.26 Eggs,Stable
weekly_13_2025_Eng.txt,fish,Unknown,Ladies Fingers 300.00 − 400.00 363.18 347.20 219.66 15.98 65.34 Dried Fish,Stable
weekly_13_2025_Eng.txt,chicken,Unknown,Root Crops Chicken (Broiler) 1170.00 − 1320.00 1244.17 1227.50 1251.82 16.67 -0.61,Stable
weekly_13_2025_Eng.txt,potato,Unknown,Sweet Potato 220.00 − 360.00 304.55 270.00 306.55 34.55 -0.65 Chicken (Curry) 1000.00 − 1280.00 1113.75 1090.91 1222.73 22.84 -8.91,Stable
weekly_13_2025_Eng.txt,vegetable,Unknown,Leafy Vegetable Pork 1400.00 − 1700.00 1516.67 1483.33 1300.00 33.33 16.67,Stable
weekly_13_2025_Eng.txt,rice,Unknown,Table 15: Colombo &Suburbs: Retail Prices (Rs/kg or Rs/piece),Stable
weekly_13_2025_Eng.txt,rice,Unknown,Average Price Change Compared to,Stable
weekly_13_2025_Eng.txt,rice,Unknown,Average Price Change Compared to,Stable
weekly_13_2025_Eng.txt,vegetable,Unknown,Paddy Vegetable (Up Country) Snake Gourd,Increase
weekly_13_2025_Eng.txt,onion,Unknown,Red Onion Badulla 180.00 − 220.00 200.00 Long Beans,Stable
weekly_13_2025_Eng.txt,onion,Unknown,Big Onion Welimada 180.00 − 190.00 185.00 Embilipitiya 280.00 − 300.00 292.50,Stable
weekly_13_2025_Eng.txt,potato,Unknown,Potato Hambantota −,Stable
weekly_13_2025_Eng.txt,vegetable,Unknown,N'Eliya 240.00 − 260.00 248.00 Vegetable (Low Country) Embilipitiya 100.00 − 120.00 112.50,Stable
weekly_13_2025_Eng.txt,fruit,Unknown,Moneragala 650.00 − 670.00 658.00 Brinjal Fruits (Rs/kg),Stable
weekly_13_2025_Eng.txt,rice,Unknown,Table 16: Farmgate/Producer Prices of Food Commodities in Selected Producing Areas (Rs/kg),Stable
weekly_13_2025_Eng.txt,rice,Unknown,PriceCOMMODITY Range Average,Stable
weekly_13_2025_Eng.txt,rice,Unknown,Price COMMODITY Range Average,Stable
weekly_13_2025_Eng.txt,rice,Unknown,Price COMMODITY,Stable
weekly_13_2025_Eng.txt,rice,Unknown,Rice,Stable
weekly_13_2025_Eng.txt,onion,Unknown,Red Onion,Stable
weekly_13_2025_Eng.txt,onion,Unknown,Big Onion,Stable
weekly_13_2025_Eng.txt,potato,Unknown,Potato,Stable
weekly_13_2025_Eng.txt,dhal,Unknown,Red Dhal 280.00 − 320.00 290.00 − 340.00 280.00 − 320.00 290.00 − 340.00 280.00 − 320.00 290.00 − 320.00 280.00 − 300.00 290.00 − 340.00 280.00 − 320.00,Stable
weekly_13_2025_Eng.txt,rice,Unknown,Annex 01 - Colombo Markets: Retail Prices of Rice and Subsidiary Food Crops (Rs/kg) Week 13: 28 Mar - 03 Apr 2025,Stable
weekly_13_2025_Eng.txt,vegetable,Unknown,Vegetable,Stable
weekly_13_2025_Eng.txt,potato,Unknown,Sweet Potato 240.00 − 260.00 300.00 − 320.00 320.00 − 320.00 360.00 − 360.00 320.00 − 340.00 360.00 − 360.00 220.00 − 240.00 340.00 − 360.00 280.00 − 320.00,Stable
weekly_13_2025_Eng.txt,vegetable,Unknown,Leafy Vegetable,Stable
weekly_13_2025_Eng.txt,coconut,Unknown,Coconut,Stable
weekly_13_2025_Eng.txt,rice,Unknown,Annex 02 - Colombo Markets: Retail Prices of Vegetables (Rs/kg) and Coconut (Rs/nut),Stable
weekly_13_2025_Eng.txt,fruit,Unknown,Other Fruits,Stable
weekly_13_2025_Eng.txt,coconut,Unknown,King Coconut 230.00 − 250.00 220.00 − 220.00 230.00 − 230.00 240.00 − 250.00 220.00 − 230.00 200.00 − 250.00 200.00 − 250.00 200.00 − 230.00 250.00 − 250.00,Stable
weekly_13_2025_Eng.txt,rice,Unknown,Annex 03 - Colombo Markets: Retail Prices of Fruits (Rs/fruit),Stable
weekly_13_2025_Eng.txt,fish,Unknown,Sea Fish,Stable
weekly_13_2025_Eng.txt,egg,Unknown,30 Eggs (Rs/egg),Stable
weekly_13_2025_Eng.txt,fish,Unknown,Dried Fish,Stable
weekly_13_2025_Eng.txt,chicken,Unknown,Chicken (Broiler) 1170.00 − 1170.00 1320.00 − 1320.00 1280.00 − 1280.00 1280.00 − 1280.00 1200.00 − 1200.00 1280.00 − 1280.00 1200.00 − 1200.00 1190.00 − 1200.00 1250.00 − 1250.00,Stable
weekly_13_2025_Eng.txt,chicken,Unknown,Chicken (Curry) 1000.00 − 1000.00 1100.00 − 1100.00 − 1280.00 − 1280.00 1100.00 − 1100.00 1100.00 − 1100.00 1050.00 − 1050.00 − 1000.00 − 1000.00,Stable
weekly_13_2025_Eng.txt,rice,Unknown,Annex 04 - Colombo Markets: Retail Prices of Sea Fish and Dried Fish (Rs/kg),Stable
weekly_13_2025_Eng.txt,rice,Unknown,Rice - (white Kekulu - normal ) 361 9.88 1.52 - 0.03 0.09 10.67 - 6.94 26.29 1.22 1.5,Stable
weekly_13_2025_Eng.txt,rice,Unknown,Rice - (white Kekulu Samba) 355 8.81 1.53 - 0.03 0.09 8.11 - 9.82 30.48 0.92 1.7,Stable
weekly_13_2025_Eng.txt,rice,Unknown,Rice - ( Red Kekulu - normal ) 366 8.64 2.12 - 0.05 0.1 8.39 - 4.73 31.7 0.88 1.84,Stable
weekly_13_2025_Eng.txt,rice,Unknown,Rice -Samba 369 6.86 2.45 - 0.05 0.13 12.79 - 8.71 37.26 1.18 1.49,Stable
weekly_13_2025_Eng.txt,rice,Unknown,Rice - Nadu White 366 7.76 1.48 - 0.03 0.12 9.35 - 4.57 20.1 0.64 1.61,Stable
weekly_13_2025_Eng.txt,onion,Unknown,Onion,Stable
weekly_13_2025_Eng.txt,onion,Unknown,Big onions 48 1.67 0.24 0.16 0.01 0.1 32.99 7.58 14.82 16.94 0.45 0.25,Stable
weekly_13_2025_Eng.txt,onion,Unknown,Red onions 55 2.13 0.15 0.18 0.02 0.13 30.15 14.26 20.37 19.32 0.31 0.28,Stable
weekly_13_2025_Eng.txt,potato,Unknown,Potatoes 71 1.67 0.25 0.01 0.09 14.31 20.5 9.83 23.84 0.46 0.29,Stable
weekly_13_2025_Eng.txt,dhal,Unknown,Red Dhal 319 23.09 0.77 1.06 1.6 0.22 55 NA 41.27 66.63 7.45 3.34,Stable
weekly_13_2025_Eng.txt,vegetable,Unknown,Vegetables,Stable
weekly_13_2025_Eng.txt,rice,Unknown,Rice,Stable
weekly_13_2025_Eng.txt,egg,Unknown,Brinjal (Chinese eggplant) 24 1.28 0.33 16.83 0.12 0.11 32.94 3.37 14.4 21.18 0.28 0.16,Stable
weekly_13_2025_Eng.txt,egg,Unknown,Thalana batu (Thai eggplant) 21 1.45 0.26 18.33 0.11 0.09 31.18 2.71 17.24 37.22 0.37 0.24,Stable
weekly_13_2025_Eng.txt,coconut,Unknown,Coconuts nuts 390 3.67 39.92 - 0.05 0.11 14.86 -,Stable
weekly_13_2025_Eng.txt,potato,Unknown,Sweet potato 108 1.27 0.33 NA 0.04 0.09 14.44 22.2 28.93 21.05 0.51 0.14,Stable
weekly_13_2025_Eng.txt,vegetable,Unknown,Leafy Vegetables,Stable
weekly_13_2025_Eng.txt,onion,Unknown,Onion leaves 27 2.01 0.26 NA 0.04 0.18 56.8 23.38 35.21 74.95 3.15 0.77,Stable
weekly_13_2025_Eng.txt,fruit,Unknown,Jackfruit pods 25 2.14 0.34 NA 0.03 0.04 30.7 24.77 37.32 26.08 0.3 0.17,Stable
weekly_13_2025_Eng.txt,fruit,Unknown,Jackfruit seeds 77 5.66 0.44 NA 0.02 0.08 58.91 15.24 40.87 50.14 0.52 0.42,Stable
weekly_13_2025_Eng.txt,chicken,Unknown,Chicken 176 23.14 9.24 6.88 0.07 0.49 10.09 - 15.06 20.18 0.75 0.64,Stable
weekly_13_2025_Eng.txt,fish,Unknown,Fish,Stable
weekly_13_2025_Eng.txt,fish,Unknown,Cuttle fish 76 16.82 0.93 1.93 0.02 0.04 6.22 8.73 35.46 0.62 1.3,Stable
weekly_13_2025_Eng.txt,fish,Unknown,Dried Fish,Stable
weekly_13_2025_Eng.txt,egg,Unknown,Eggs,Stable
weekly_13_2025_Eng.txt,egg,Unknown,Hen eggs (Country) 170 13.14 13 208 0.08 0.18 54.6 50.14 11.04 1.64 1.12,Stable
weekly_13_2025_Eng.txt,egg,Unknown,Hen eggs (Table) 135 13.55 9.03 200 0.19 0.19 49.46 63.3 12 2.39 1.73,Stable
weekly_13_2025_Eng.txt,egg,Unknown,Quail eggs 153 12.39 11.46 153 0.11 0.17 54.86 60.67 11.21 2.55 1.51,Stable
weekly_13_2025_Eng.txt,fruit,Unknown,Fruits,Stable
weekly_13_2025_Eng.txt,rice,Unknown,Price Collecting Areas,Stable
weekly_14_2025_Eng.txt,vegetable,Unknown,Vegetables,Stable
weekly_14_2025_Eng.txt,fruit,Unknown,Fruits,Stable
weekly_14_2025_Eng.txt,rice,Unknown,Rice,Stable
weekly_14_2025_Eng.txt,rice,Increase,"In line with the increased wholesale prices, retail prices of",Increase
weekly_14_2025_Eng.txt,fruit,Increase,"most of the fruits have also increased. However,",Increase
weekly_14_2025_Eng.txt,rice,Decrease,prices of most of the fruits have decreased.,Decrease
weekly_14_2025_Eng.txt,rice,Increase,"Retail price of all types of potato has increased. Among those,",Increase
weekly_14_2025_Eng.txt,rice,Increase,a notable price increase of Rs.20.00/kg was recorded for,Stable
weekly_14_2025_Eng.txt,potato,Unknown,Welimada potato.,Stable
weekly_14_2025_Eng.txt,rice,Increase,Retail prices of most of the vegetable varieties increased in,Increase
weekly_14_2025_Eng.txt,rice,Increase,"vegetables, the highest price increase was reported for",Increase
weekly_14_2025_Eng.txt,vegetable,Unknown,beetroot. When considering the low country vegetable,Stable
weekly_14_2025_Eng.txt,rice,Increase,"varieties, drumstick prices showed a significant price increase",Increase
weekly_14_2025_Eng.txt,rice,Unknown,Retail prices of all local varieties except keeri samba and raw,Stable
weekly_14_2025_Eng.txt,rice,Decrease,(red) have decreased. The retail prices of keeri samba has,Decrease
weekly_14_2025_Eng.txt,rice,Decrease,"period of last year, the highest price decreased of 18% was",Decrease
weekly_14_2025_Eng.txt,rice,Increase,recorded for keeri samba and the highest price increase of 21%,Increase
weekly_14_2025_Eng.txt,fish,Unknown,Fish,Stable
weekly_14_2025_Eng.txt,rice,Increase,Retail prices of all fish varieties have increased and the highest,Increase
weekly_14_2025_Eng.txt,rice,Increase,price increase was recorded for shrimps. Compared to the,Increase
weekly_14_2025_Eng.txt,rice,Unknown,"same period of last year, the price of other fish varieties except",Stable
weekly_14_2025_Eng.txt,rice,Increase,thora and paraw have increased and the highest price increase,Increase
weekly_14_2025_Eng.txt,rice,Unknown,Rice,Stable
weekly_14_2025_Eng.txt,rice,Increase,Prices of keeri samba has increased by 4%,Increase
weekly_14_2025_Eng.txt,rice,Unknown,the marke t and price ranged R s.260.00-,Stable
weekly_14_2025_Eng.txt,rice,Unknown,300.00/kg. Price of all other local rice,Stable
weekly_14_2025_Eng.txt,rice,Unknown,and average price of raw red and raw white,Stable
weekly_14_2025_Eng.txt,rice,Unknown,Imported rice varieties were also available,Stable
weekly_14_2025_Eng.txt,rice,Unknown,"at the market, with  the following price",Stable
weekly_14_2025_Eng.txt,rice,Unknown,of the rice varieties have seen price,Stable
weekly_14_2025_Eng.txt,rice,Increase,increase with the highest price of 27% for,Increase
weekly_14_2025_Eng.txt,rice,Unknown,raw red. Price of keeri samba and imported,Stable
weekly_14_2025_Eng.txt,rice,Unknown,The retail prices of imported samba and,Stable
weekly_14_2025_Eng.txt,rice,Unknown,The retail price of keeri samba has,Stable
weekly_14_2025_Eng.txt,rice,Decrease,the highest price decreased of 18% was,Decrease
weekly_14_2025_Eng.txt,rice,Increase,price increase of 21% was recorded for,Increase
weekly_14_2025_Eng.txt,rice,Unknown,The average farm gate prices of major,Stable
weekly_14_2025_Eng.txt,rice,Unknown,over the previous week. The average price,Stable
weekly_14_2025_Eng.txt,rice,Unknown,"year, the average prices of short grain",Stable
weekly_14_2025_Eng.txt,rice,Unknown,The price of imported  dried chilies has,Stable
weekly_14_2025_Eng.txt,rice,Unknown,sufficient stocks at the market and price,Stable
weekly_14_2025_Eng.txt,rice,Unknown,current wholesale price of imported dried,Stable
weekly_14_2025_Eng.txt,rice,Decrease,"In line with decreased wholesale prices, the",Decrease
weekly_14_2025_Eng.txt,rice,Unknown,retail price of imported dried chili es has,Stable
weekly_14_2025_Eng.txt,rice,Decrease,decreased by Rs.5.00/kg and price ranged,Decrease
weekly_14_2025_Eng.txt,rice,Unknown,the current retail price of imported dried,Stable
weekly_14_2025_Eng.txt,onion,Unknown,Onion,Stable
weekly_14_2025_Eng.txt,rice,Unknown,"Prices of sinnan,  vedalan and imported",Stable
weekly_14_2025_Eng.txt,onion,Increase,red onion varieties have  increased,Increase
weekly_14_2025_Eng.txt,rice,Unknown,"price ranged Rs.150.00-220.00/kg,",Stable
weekly_14_2025_Eng.txt,rice,Unknown,300.00/kg. Price of imported big onion has,Stable
weekly_14_2025_Eng.txt,rice,Increase,increased by 3% and price ranged,Increase
weekly_14_2025_Eng.txt,rice,Unknown,current wholesale price of vedalan and,Stable
weekly_14_2025_Eng.txt,onion,Increase,imported red onion have increased by 14%,Increase
weekly_14_2025_Eng.txt,onion,Unknown,and 20% while imported big onion has,Stable
weekly_14_2025_Eng.txt,rice,Unknown,The retail price of all types of onions have,Stable
weekly_14_2025_Eng.txt,rice,Increase,increased with the highest price increased,Increase
weekly_14_2025_Eng.txt,rice,Unknown,onion. The retail price of imported big,Stable
weekly_14_2025_Eng.txt,onion,Increase,onion has increased by Rs.5.00/kg.,Increase
weekly_14_2025_Eng.txt,rice,Increase,the highest price increase of 30% was,Increase
weekly_14_2025_Eng.txt,onion,Unknown,recorded for imported red onion and,Stable
weekly_14_2025_Eng.txt,onion,Decrease,imported big onion has decreased by 68%.,Decrease
weekly_14_2025_Eng.txt,potato,Unknown,Potato,Stable
weekly_14_2025_Eng.txt,rice,Unknown,The price of Welimada potato and Nuwara,Stable
weekly_14_2025_Eng.txt,potato,Increase,Eliya potato  varieties have increased,Increase
weekly_14_2025_Eng.txt,rice,Unknown,unavailability of sufficient stocks and price,Stable
weekly_14_2025_Eng.txt,rice,Unknown,300.00/kg. Price of imported potato has,Stable
weekly_14_2025_Eng.txt,rice,Unknown,quality stocks and price ranged Rs.150.00-,Stable
weekly_14_2025_Eng.txt,rice,Unknown,current wholesale price  of all potato,Stable
weekly_14_2025_Eng.txt,rice,Unknown,The retail price of all types of potato has,Stable
weekly_14_2025_Eng.txt,rice,Increase,"increased. Among those,  a notable price",Increase
weekly_14_2025_Eng.txt,potato,Unknown,Welimada potato.,Stable
weekly_14_2025_Eng.txt,rice,Unknown,the current retail prices of imported and,Stable
weekly_14_2025_Eng.txt,potato,Increase,Nuwara Eliya potato es have increased by,Increase
weekly_14_2025_Eng.txt,rice,Unknown,"Price of green gram, white cowpea and red",Stable
weekly_14_2025_Eng.txt,rice,Unknown,stocks and  price ranged Rs.750.00 -,Stable
weekly_14_2025_Eng.txt,rice,Unknown,Rs.400.00-650.00/kg. Prices of red  dhal,Stable
weekly_14_2025_Eng.txt,rice,Decrease,has decreased  by 2%  and price ranged,Decrease
weekly_14_2025_Eng.txt,rice,Unknown,current wholesale prices of all pulses,Stable
weekly_14_2025_Eng.txt,rice,Unknown,The retail prices of all types of pulses,Stable
weekly_14_2025_Eng.txt,dhal,Increase,except for red dhal have increased. Among,Increase
weekly_14_2025_Eng.txt,rice,Increase,"those, the highest price increased of",Increase
weekly_14_2025_Eng.txt,rice,Decrease,The retail price of red dhal has decreased,Decrease
weekly_14_2025_Eng.txt,rice,Unknown,the current retail prices of all types of,Stable
weekly_14_2025_Eng.txt,rice,Increase,highest price increase of 33% was recorded,Increase
weekly_14_2025_Eng.txt,vegetable,Unknown,Vegetable,Stable
weekly_14_2025_Eng.txt,rice,Unknown,Prices of most of the upcountry vegetables,Increase
weekly_14_2025_Eng.txt,rice,Decrease,have decreased while prices of most of the,Decrease
weekly_14_2025_Eng.txt,vegetable,Increase,low country vegetables have increased.,Increase
weekly_14_2025_Eng.txt,rice,Unknown,Most of the upcountry vegetable prices are,Increase
weekly_14_2025_Eng.txt,rice,Unknown,"following prices of green beans, leeks and",Stable
weekly_14_2025_Eng.txt,rice,Unknown,"10% -19%. However, price of beetroot has",Stable
weekly_14_2025_Eng.txt,rice,Unknown,"from Jaffna area, following prices of knol-",Stable
weekly_14_2025_Eng.txt,rice,Unknown,"supply from major producing areas, price",Increase
weekly_14_2025_Eng.txt,vegetable,Unknown,"Considering low-country vegetables, most",Stable
weekly_14_2025_Eng.txt,rice,Unknown,of the vegetable varieties experienced price,Stable
weekly_14_2025_Eng.txt,rice,Increase,"increase. Particularly, price of pumpkin",Increase
weekly_14_2025_Eng.txt,rice,Increase,has increased by 19% while price of ladies,Increase
weekly_14_2025_Eng.txt,rice,Decrease,"decreased supply. Prices of long beans,",Increase
weekly_14_2025_Eng.txt,rice,Unknown,"However, prices of bitter gourd, ash",Stable
weekly_14_2025_Eng.txt,rice,Unknown,"the range of 5% - 11%. In addition, price of",Stable
weekly_14_2025_Eng.txt,rice,Decrease,price of lime has decreased by 4%.,Decrease
weekly_14_2025_Eng.txt,rice,Increase,"vegetable prices have increased, with",Increase
weekly_14_2025_Eng.txt,rice,Unknown,Retail prices of most  of the vegetable,Stable
weekly_14_2025_Eng.txt,vegetable,Unknown,"wholesale trend. In up-country vegetables,",Increase
weekly_14_2025_Eng.txt,rice,Increase,the highest price increase was reported for,Increase
weekly_14_2025_Eng.txt,rice,Decrease,price was decreased by Rs.164.00/kg.,Decrease
weekly_14_2025_Eng.txt,rice,Unknown,"varieties, drumstick prices showed a",Stable
weekly_14_2025_Eng.txt,rice,Increase,significant price increase of around,Increase
weekly_14_2025_Eng.txt,rice,Unknown,Rs.347.00/Kg. Capsicum prices showed a,Stable
weekly_14_2025_Eng.txt,rice,Increase,significant price increase of Rs.110.00/kg.,Increase
weekly_14_2025_Eng.txt,rice,Increase,Tomato prices increased by Rs.81.00/kg,Increase
weekly_14_2025_Eng.txt,rice,Unknown,prices d ecreased by Rs.4.00/kg. Green,Stable
weekly_14_2025_Eng.txt,rice,Unknown,chilies (Rs.89.00/kg) showed a price,Stable
weekly_14_2025_Eng.txt,rice,Unknown,"year, prices of most of the varieties have",Stable
weekly_14_2025_Eng.txt,rice,Increase,"increased, while a notable price increment",Increase
weekly_14_2025_Eng.txt,coconut,Unknown,Coconut,Stable
weekly_14_2025_Eng.txt,rice,Unknown,Prices of both large and small nuts have not,Stable
weekly_14_2025_Eng.txt,rice,Unknown,changed significantly.  Price ranges were,Stable
weekly_14_2025_Eng.txt,rice,Unknown,the current wholesale prices of large and,Stable
weekly_14_2025_Eng.txt,rice,Unknown,Prices of large and small nuts showed a,Stable
weekly_14_2025_Eng.txt,rice,Unknown,price drop of Rs.5.00/nut and Rs.1.00/nut,Stable
weekly_14_2025_Eng.txt,rice,Unknown,respectively. Price ranges were Rs.190.00-,Stable
weekly_14_2025_Eng.txt,rice,Unknown,prices of large nuts (71%) and small nuts,Stable
weekly_14_2025_Eng.txt,fruit,Unknown,Fruits,Stable
weekly_14_2025_Eng.txt,rice,Unknown,Prices of most of the fruit varieties have,Stable
weekly_14_2025_Eng.txt,rice,Increase,The highest price increase was recorded for,Increase
weekly_14_2025_Eng.txt,rice,Unknown,"demand and low stocks, prices for",Stable
weekly_14_2025_Eng.txt,rice,Unknown,"season, prices for slime apple and papaw",Stable
weekly_14_2025_Eng.txt,rice,Unknown,Wholesale prices for the most of fruits have,Stable
weekly_14_2025_Eng.txt,fruit,Decrease,decrease was recorded for passion fruit.,Decrease
weekly_14_2025_Eng.txt,rice,Increase,"In line with the increased wholesale prices,",Increase
weekly_14_2025_Eng.txt,rice,Unknown,retail prices of most of the fruits have also,Stable
weekly_14_2025_Eng.txt,rice,Increase,increased. The highest price increase of,Increase
weekly_14_2025_Eng.txt,fruit,Unknown,Rs.39.00/fruit was reported for,Stable
weekly_14_2025_Eng.txt,rice,Unknown,karthakolomban mango . The price of,Stable
weekly_14_2025_Eng.txt,rice,Unknown,Rs.22.00/fruit and the price of all sizes,Stable
weekly_14_2025_Eng.txt,rice,Unknown,"Rs.4.00-18.00/kg. Also, the price of ambul",Stable
weekly_14_2025_Eng.txt,rice,Unknown,"However, price of papaw, slime apple ,",Stable
weekly_14_2025_Eng.txt,coconut,Unknown,imported grapes and king coconut,Stable
weekly_14_2025_Eng.txt,fruit,Unknown,"23.00/fruit, Rs.21.00/kg and Rs.16.00/fruit",Stable
weekly_14_2025_Eng.txt,rice,Unknown,current prices of most of the fruits have,Stable
weekly_14_2025_Eng.txt,rice,Decrease,decreased and the highest price decrease of,Decrease
weekly_14_2025_Eng.txt,fruit,Unknown,38% was reported for passion fruit.,Stable
weekly_14_2025_Eng.txt,fish,Unknown,Fresh Fish,Stable
weekly_14_2025_Eng.txt,rice,Unknown,Wholesale prices of all of the fresh fish,Stable
weekly_14_2025_Eng.txt,rice,Increase,festival season. The highest price increase,Increase
weekly_14_2025_Eng.txt,rice,Increase,Puttalam areas. A price increase of 20%,Increase
weekly_14_2025_Eng.txt,rice,Unknown,"areas. In addition, the wholesale prices of",Stable
weekly_14_2025_Eng.txt,rice,Increase,increased by 6% - 9% respectively. Prices,Increase
weekly_14_2025_Eng.txt,fish,Unknown,of other fresh fish varieties have not,Stable
weekly_14_2025_Eng.txt,rice,Unknown,current wholesale prices of all of the fresh,Stable
weekly_14_2025_Eng.txt,fish,Increase,fish types have increased with the highest,Increase
weekly_14_2025_Eng.txt,rice,Increase,price increase of 46% was noted for balaya.,Increase
weekly_14_2025_Eng.txt,rice,Unknown,The prices of all fish varieties have,Stable
weekly_14_2025_Eng.txt,rice,Increase,increased and the highest price increase,Increase
weekly_14_2025_Eng.txt,rice,Increase,The second highest price increase was,Increase
weekly_14_2025_Eng.txt,rice,Unknown,recorded for Thora by Rs.199.00/kg. Price,Stable
weekly_14_2025_Eng.txt,rice,Unknown,the prices of other fish varieties except,Stable
weekly_14_2025_Eng.txt,rice,Increase,highest price increase was recorded for,Increase
weekly_14_2025_Eng.txt,fish,Unknown,Dried Fish,Stable
weekly_14_2025_Eng.txt,rice,Unknown,Prices of all of the dried fish types have,Stable
weekly_14_2025_Eng.txt,fish,Increase,increased due to decrease of local dried fish,Increase
weekly_14_2025_Eng.txt,rice,Increase,supply. The highest price increase of 14%,Increase
weekly_14_2025_Eng.txt,rice,Increase,A price increase of 8% was noted for local,Increase
weekly_14_2025_Eng.txt,rice,Unknown,Mannar and Mulla ithivu areas. Prices of,Stable
weekly_14_2025_Eng.txt,fish,Unknown,other dried fish verities have not changed,Stable
weekly_14_2025_Eng.txt,rice,Unknown,current wholesale prices of most of the,Stable
weekly_14_2025_Eng.txt,fish,Increase,dried fish types have increased with the,Increase
weekly_14_2025_Eng.txt,rice,Increase,highest price increase of 103% was noted,Increase
weekly_14_2025_Eng.txt,rice,Unknown,The prices of other dry fish varieties except,Stable
weekly_14_2025_Eng.txt,rice,Increase,the highest price increase was recorded for,Increase
weekly_14_2025_Eng.txt,rice,Increase,highest price increase was recorded for,Increase
weekly_14_2025_Eng.txt,rice,Unknown,imported sprats by Rs.18.00/kg. Price,Stable
weekly_14_2025_Eng.txt,rice,Decrease,the highest price decrease was recorded for,Decrease
weekly_14_2025_Eng.txt,rice,Unknown,imported sprats by 17%. The highest price,Stable
weekly_14_2025_Eng.txt,egg,Unknown,Eggs,Stable
weekly_14_2025_Eng.txt,rice,Unknown,Prices of both brown and white eggs have,Stable
weekly_14_2025_Eng.txt,rice,Unknown,and their prices ranged between,Stable
weekly_14_2025_Eng.txt,egg,Unknown,Rs.35.00-44.00/egg and Rs.33.00 -,Stable
weekly_14_2025_Eng.txt,egg,Unknown,40.00/egg respectively.,Stable
weekly_14_2025_Eng.txt,rice,Unknown,the current wholesale prices of both brown,Stable
weekly_14_2025_Eng.txt,egg,Decrease,and white eggs have decreased by 12% and,Decrease
weekly_14_2025_Eng.txt,rice,Unknown,The prices of both brown and white egg,Stable
weekly_14_2025_Eng.txt,rice,Increase,types have increased and the price range of,Increase
weekly_14_2025_Eng.txt,egg,Unknown,a white egg has recorded as,Stable
weekly_14_2025_Eng.txt,rice,Unknown,Rs.35.00-Rs.44.00 and the price range of a,Stable
weekly_14_2025_Eng.txt,egg,Unknown,brown egg has recorded as Rs.37.00 -,Stable
weekly_14_2025_Eng.txt,rice,Unknown,Rs.46.00. The average price of the white,Stable
weekly_14_2025_Eng.txt,egg,Unknown,and brown egg types has recorded as,Stable
weekly_14_2025_Eng.txt,rice,Unknown,the prices of both egg varieties have,Stable
weekly_14_2025_Eng.txt,rice,Unknown,The prices of other meat types except pork,Stable
weekly_14_2025_Eng.txt,rice,Decrease,have decreased and price decrease of,Decrease
weekly_14_2025_Eng.txt,chicken,Unknown,broiler and curry chicken have recorded as,Stable
weekly_14_2025_Eng.txt,rice,Decrease,Price decrease of beef has recorded as,Decrease
weekly_14_2025_Eng.txt,rice,Increase,Rs.23.00/kg. Price increase of pork has,Increase
weekly_14_2025_Eng.txt,chicken,Increase,chicken have increased and the highest,Increase
weekly_14_2025_Eng.txt,rice,Increase,price increase was recorded for beef by,Increase
weekly_14_2025_Eng.txt,rice,Unknown,to wholesale and retail prices of selected,Stable
weekly_14_2025_Eng.txt,rice,Unknown,"as prevailing prices, price ranges, averages,",Stable
weekly_14_2025_Eng.txt,rice,Unknown,and a comparison of weekly prices. The,Stable
weekly_14_2025_Eng.txt,rice,Unknown,changes in prices reported are always with,Stable
weekly_14_2025_Eng.txt,rice,Unknown,price prevailed during the previous week,Stable
weekly_14_2025_Eng.txt,rice,Unknown,"price in formation is twice a week ( i.e.,",Stable
weekly_14_2025_Eng.txt,rice,Unknown,"prices, it is thrice a week ( i.e., Friday,",Stable
weekly_14_2025_Eng.txt,rice,Unknown,Rice VarietiesLOCATIONS,Stable
weekly_14_2025_Eng.txt,rice,Unknown,Table 01: Selected Markets:Wholesale Price of Rice (Rs/50kg bag),Stable
weekly_14_2025_Eng.txt,rice,Unknown,Table 02: Selected Markets: Retail Price of Rice (Rs/kg),Stable
weekly_14_2025_Eng.txt,rice,Unknown,LOCATIONS Rice Varieties,Stable
weekly_14_2025_Eng.txt,dhal,Unknown,Cowpea Red Dhal,Stable
weekly_14_2025_Eng.txt,rice,Unknown,Table 04: Selected Markets:Wholesale Price of Subsidiary Food (Rs/50kg),Stable
weekly_14_2025_Eng.txt,onion,Unknown,Dried Chillies Red Onion Big Onion PotatoLOCATION Imported Imported Local Imported Welimada,Stable
weekly_14_2025_Eng.txt,rice,Unknown,Table 05: Selected Markets: Retail Price of Subsidiary Food Crops (Rs/kg),Stable
weekly_14_2025_Eng.txt,onion,Unknown,Dried Chillies Red Onion Big Onion Potato Pulses,Stable
weekly_14_2025_Eng.txt,dhal,Unknown,Green Gram Cowpea Red Dhal,Stable
weekly_14_2025_Eng.txt,rice,Unknown,Table 06: Selected Markets: Wholesale Price of Vegetables(Rs/kg),Stable
weekly_14_2025_Eng.txt,potato,Unknown,ManiocLong Beans Ash Plantain Green Chillies Lime Sweet Potatoe,Stable
weekly_14_2025_Eng.txt,rice,Unknown,"Colombo, Meegoda, Norochchole, Jaffna,Dambulla and Kandy - Gotukola Price Rs/Kg",Stable
weekly_14_2025_Eng.txt,vegetable,Unknown,Leafy Vegetables (Rs/bundle),Stable
weekly_14_2025_Eng.txt,coconut,Unknown,Coconut (Rs/nut),Stable
weekly_14_2025_Eng.txt,rice,Unknown,Table 07: Selected Markets: Retail Price of Vegetables (Rs/kg),Stable
weekly_14_2025_Eng.txt,potato,Unknown,Sweet Potato Large Small,Stable
weekly_14_2025_Eng.txt,vegetable,Unknown,Low Country Varieties Leafy Vegetable Coconut (Rs/nut),Stable
weekly_14_2025_Eng.txt,rice,Unknown,Table 08: Selected Markets: Retail Price of Fruits (Rs/each & Rs/kg),Stable
weekly_14_2025_Eng.txt,fruit,Unknown,Mango Other Fruits,Stable
weekly_14_2025_Eng.txt,coconut,Unknown,Passion Avocado Slime Apple Grapes (Rs/kg) King CoconutWood Apple Orange,Stable
weekly_14_2025_Eng.txt,fish,Unknown,Local Dried Fish Imported Dried Fish,Stable
weekly_14_2025_Eng.txt,fish,Unknown,Imported Dried Fish,Stable
weekly_14_2025_Eng.txt,fish,Unknown,Local Dried Fish,Stable
weekly_14_2025_Eng.txt,rice,Unknown,Table 10: Selected Markets: Wholesale Price of Dried Fish (Rs/50kg),Stable
weekly_14_2025_Eng.txt,fish,Unknown,Sea Fish Eggs,Stable
weekly_14_2025_Eng.txt,rice,Unknown,Table 09: Selected Markets: Wholesale Price of Fresh Fish & Eggs (Rs/kg & Rs/egg),Stable
weekly_14_2025_Eng.txt,fish,Unknown,Sea Fish,Stable
weekly_14_2025_Eng.txt,rice,Unknown,Table 11: Selected Markets: Retail Price of Fresh Fish & Eggs (Rs/kg & Rs/eggs),Stable
weekly_14_2025_Eng.txt,fish,Unknown,Sea Fish Eggs,Stable
weekly_14_2025_Eng.txt,rice,Unknown,Table 12: Selected Markets: Retail Price of Dried Fish (Rs/kg),Stable
weekly_14_2025_Eng.txt,fish,Unknown,Dried FishLOCATIONS Sprats-Imported Kattawa Thora Mora Balaya,Stable
weekly_14_2025_Eng.txt,rice,Unknown,Table 13: Selected Markets: Retail Price of Meat (Rs/kg),Stable
weekly_14_2025_Eng.txt,chicken,Unknown,Meat Meat (Chicken) Meat,Stable
weekly_14_2025_Eng.txt,rice,Unknown,Rice Coconut,Stable
weekly_14_2025_Eng.txt,fruit,Unknown,Keeri Samba 260.00 − 300.00 280.00 270.00 317.50 3.70 -11.81 Fruits (Rs/fruit),Stable
weekly_14_2025_Eng.txt,fruit,Unknown,Raw (Red) − Passion Fruit 50.00 − 60.00 55.00 52.78 90.00 4.21 -38.89,Stable
weekly_14_2025_Eng.txt,onion,Unknown,Onion Mango,Stable
weekly_14_2025_Eng.txt,onion,Unknown,Big Onion Kohu −,Stable
weekly_14_2025_Eng.txt,potato,Unknown,Potato Orange 40.00 − 50.00 46.88 44.38 44.18 5.63 6.10,Stable
weekly_14_2025_Eng.txt,coconut,Unknown,Pulses King Coconut 150.00 − 200.00 170.00 188.75 190.00 -9.93 -10.53,Stable
weekly_14_2025_Eng.txt,fish,Unknown,Cowpea (White) 600.00 − 700.00 666.67 656.00 750.00 1.63 -11.11 Sea Fish,Stable
weekly_14_2025_Eng.txt,dhal,Unknown,Red Dhal 250.00 − 260.00 255.83 260.71 283.33 -1.87 -9.71 Hurulla 850.00 − 950.00 920.83 915.00 635.45 0.64 44.91,Stable
weekly_14_2025_Eng.txt,vegetable,Unknown,Vegetable Balaya 750.00 − 1200.00 904.55 834.44 620.91 8.40 45.68,Stable
weekly_14_2025_Eng.txt,egg,Unknown,Raddish 100.00 − 150.00 118.00 100.00 44.00 18.00 168.18 Eggs,Stable
weekly_14_2025_Eng.txt,fish,Unknown,Ladies Fingers 230.00 − 300.00 259.00 229.00 49.00 13.10 428.57 Dried Fish,Stable
weekly_14_2025_Eng.txt,potato,Unknown,Sweet Potato 150.00 − 200.00 174.00 161.00 210.00 8.07 -17.14 Maduwa (Imported) −,Stable
weekly_14_2025_Eng.txt,vegetable,Unknown,Leafy Vegetable Koduwa (Imported) −,Stable
weekly_14_2025_Eng.txt,rice,Unknown,Table 14: Colombo: Wholesale Prices (Rs/kg or Rs/piece),Stable
weekly_14_2025_Eng.txt,rice,Unknown,Average Price Change Compared to,Stable
weekly_14_2025_Eng.txt,rice,Unknown,Average Price,Stable
weekly_14_2025_Eng.txt,rice,Unknown,Rice Coconut,Stable
weekly_14_2025_Eng.txt,fruit,Unknown,Keeri Samba 280.00 − 320.00 303.67 301.18 371.25 2.49 -18.20 Fruits (Rs/fruit),Stable
weekly_14_2025_Eng.txt,fruit,Unknown,Raw (Red) − Passion Fruit 70.00 − 100.00 86.00 83.00 139.17 3.00 -38.20,Stable
weekly_14_2025_Eng.txt,onion,Unknown,Onion Mango,Stable
weekly_14_2025_Eng.txt,onion,Unknown,Big Onion Kohu −,Stable
weekly_14_2025_Eng.txt,potato,Unknown,Potato Orange 60.00 − 120.00 81.11 79.06 86.90 2.05 -6.67,Stable
weekly_14_2025_Eng.txt,coconut,Unknown,Pulses King Coconut 180.00 − 250.00 214.50 230.00 231.43 -15.50 -7.31,Stable
weekly_14_2025_Eng.txt,fish,Unknown,Cowpea (White) 700.00 − 950.00 852.00 826.36 1108.33 25.64 -23.13 Sea Fish,Stable
weekly_14_2025_Eng.txt,dhal,Unknown,Red Dhal 280.00 − 320.00 296.97 298.92 333.20 -1.95 -10.87 Hurulla 1000.00 − 1400.00 1140.91 1094.17 841.43 46.74 35.59,Stable
weekly_14_2025_Eng.txt,vegetable,Unknown,Vegetable Balaya 1000.00 − 1500.00 1204.17 1043.75 954.55 160.42 26.15,Stable
weekly_14_2025_Eng.txt,egg,Unknown,Raddish 160.00 − 360.00 266.00 245.00 178.28 21.00 49.21 Eggs,Stable
weekly_14_2025_Eng.txt,fish,Unknown,Ladies Fingers 300.00 − 480.00 394.64 363.18 216.33 31.46 82.42 Dried Fish,Stable
weekly_14_2025_Eng.txt,chicken,Unknown,Root Crops Chicken (Broiler) 1100.00 − 1300.00 1227.78 1244.17 1284.12 -16.39 -4.39,Stable
weekly_14_2025_Eng.txt,potato,Unknown,Sweet Potato 230.00 − 360.00 311.54 304.55 294.00 6.99 5.97 Chicken (Curry) 1000.00 − 1200.00 1111.11 1113.75 1186.67 -2.64 -6.37,Stable
weekly_14_2025_Eng.txt,vegetable,Unknown,Leafy Vegetable Pork 1400.00 − 1800.00 1525.00 1516.67 1357.14 8.33 12.37,Stable
weekly_14_2025_Eng.txt,rice,Unknown,Table 15: Colombo &Suburbs: Retail Prices (Rs/kg or Rs/piece),Stable
weekly_14_2025_Eng.txt,rice,Unknown,Average Price Change Compared to,Stable
weekly_14_2025_Eng.txt,rice,Unknown,Average Price Change Compared to,Stable
weekly_14_2025_Eng.txt,vegetable,Unknown,Paddy Vegetable (Up Country) Snake Gourd,Increase
weekly_14_2025_Eng.txt,onion,Unknown,Red Onion Badulla 160.00 − 185.00 172.50 Long Beans,Stable
weekly_14_2025_Eng.txt,onion,Unknown,Big Onion Welimada 260.00 − 270.00 264.00 Embilipitiya 250.00 − 270.00 260.00,Stable
weekly_14_2025_Eng.txt,potato,Unknown,Potato Hambantota −,Stable
weekly_14_2025_Eng.txt,vegetable,Unknown,N'Eliya 240.00 − 250.00 244.00 Vegetable (Low Country) Embilipitiya 90.00 − 100.00 95.00,Stable
weekly_14_2025_Eng.txt,fruit,Unknown,Moneragala 680.00 − 700.00 688.00 Brinjal Fruits (Rs/kg),Stable
weekly_14_2025_Eng.txt,rice,Unknown,Table 16: Farmgate/Producer Prices of Food Commodities in Selected Producing Areas (Rs/kg),Stable
weekly_14_2025_Eng.txt,rice,Unknown,PriceCOMMODITY Range Average,Stable
weekly_14_2025_Eng.txt,rice,Unknown,Price COMMODITY Range Average,Stable
weekly_14_2025_Eng.txt,rice,Unknown,Price COMMODITY,Stable
weekly_14_2025_Eng.txt,rice,Unknown,Rice,Stable
weekly_14_2025_Eng.txt,onion,Unknown,Red Onion,Stable
weekly_14_2025_Eng.txt,onion,Unknown,Big Onion,Stable
weekly_14_2025_Eng.txt,potato,Unknown,Potato,Stable
weekly_14_2025_Eng.txt,dhal,Unknown,Red Dhal 280.00 − 320.00 280.00 − 320.00 280.00 − 320.00 280.00 − 320.00 280.00 − 300.00 290.00 − 320.00 280.00 − 300.00 280.00 − 300.00 280.00 − 320.00,Stable
weekly_14_2025_Eng.txt,rice,Unknown,Annex 01 - Colombo Markets: Retail Prices of Rice and Subsidiary Food Crops (Rs/kg) Week 14: 04 - 10 Apr 2025,Stable
weekly_14_2025_Eng.txt,vegetable,Unknown,Vegetable,Stable
weekly_14_2025_Eng.txt,potato,Unknown,Sweet Potato 230.00 − 260.00 320.00 − 320.00 320.00 − 340.00 360.00 − 360.00 320.00 − 340.00 360.00 − 360.00 230.00 − 240.00 240.00 − 320.00 340.00 − 340.00,Stable
weekly_14_2025_Eng.txt,vegetable,Unknown,Leafy Vegetable,Stable
weekly_14_2025_Eng.txt,coconut,Unknown,Coconut,Stable
weekly_14_2025_Eng.txt,rice,Unknown,Annex 02 - Colombo Markets: Retail Prices of Vegetables (Rs/kg) and Coconut (Rs/nut),Stable
weekly_14_2025_Eng.txt,fruit,Unknown,Other Fruits,Stable
weekly_14_2025_Eng.txt,coconut,Unknown,King Coconut 180.00 − 200.00 220.00 − 250.00 250.00 − 250.00 200.00 − 250.00 200.00 − 220.00 250.00 − 250.00 180.00 − 200.00 200.00 − 220.00 200.00 − 220.00,Stable
weekly_14_2025_Eng.txt,rice,Unknown,Annex 03 - Colombo Markets: Retail Prices of Fruits (Rs/fruit),Stable
weekly_14_2025_Eng.txt,fish,Unknown,Sea Fish,Stable
weekly_14_2025_Eng.txt,egg,Unknown,30 Eggs (Rs/egg),Stable
weekly_14_2025_Eng.txt,fish,Unknown,Dried Fish,Stable
weekly_14_2025_Eng.txt,chicken,Unknown,Chicken (Broiler) 1200.00 − 1200.00 1280.00 − 1280.00 1280.00 − 1280.00 1280.00 − 1280.00 1100.00 − 1100.00 1150.00 − 1150.00 1200.00 − 1200.00 1300.00 − 1300.00 1260.00 − 1260.00,Stable
weekly_14_2025_Eng.txt,chicken,Unknown,Chicken (Curry) − 1200.00 − 1200.00 1200.00 − 1200.00 1100.00 − 1200.00 1000.00 − 1000.00 1000.00 − 1000.00 1100.00 − 1100.00 1100.00 − 1100.00 1100.00 − 1100.00,Stable
weekly_14_2025_Eng.txt,rice,Unknown,Annex 04 - Colombo Markets: Retail Prices of Sea Fish and Dried Fish (Rs/kg),Stable
weekly_14_2025_Eng.txt,rice,Unknown,Rice - (white Kekulu - normal ) 361 9.88 1.52 - 0.03 0.09 10.67 - 6.94 26.29 1.22 1.5,Stable
weekly_14_2025_Eng.txt,rice,Unknown,Rice - (white Kekulu Samba) 355 8.81 1.53 - 0.03 0.09 8.11 - 9.82 30.48 0.92 1.7,Stable
weekly_14_2025_Eng.txt,rice,Unknown,Rice - ( Red Kekulu - normal ) 366 8.64 2.12 - 0.05 0.1 8.39 - 4.73 31.7 0.88 1.84,Stable
weekly_14_2025_Eng.txt,rice,Unknown,Rice -Samba 369 6.86 2.45 - 0.05 0.13 12.79 - 8.71 37.26 1.18 1.49,Stable
weekly_14_2025_Eng.txt,rice,Unknown,Rice - Nadu White 366 7.76 1.48 - 0.03 0.12 9.35 - 4.57 20.1 0.64 1.61,Stable
weekly_14_2025_Eng.txt,onion,Unknown,Onion,Stable
weekly_14_2025_Eng.txt,onion,Unknown,Big onions 48 1.67 0.24 0.16 0.01 0.1 32.99 7.58 14.82 16.94 0.45 0.25,Stable
weekly_14_2025_Eng.txt,onion,Unknown,Red onions 55 2.13 0.15 0.18 0.02 0.13 30.15 14.26 20.37 19.32 0.31 0.28,Stable
weekly_14_2025_Eng.txt,potato,Unknown,Potatoes 71 1.67 0.25 0.01 0.09 14.31 20.5 9.83 23.84 0.46 0.29,Stable
weekly_14_2025_Eng.txt,dhal,Unknown,Red Dhal 319 23.09 0.77 1.06 1.6 0.22 55 NA 41.27 66.63 7.45 3.34,Stable
weekly_14_2025_Eng.txt,vegetable,Unknown,Vegetables,Stable
weekly_14_2025_Eng.txt,rice,Unknown,Rice,Stable
weekly_14_2025_Eng.txt,egg,Unknown,Brinjal (Chinese eggplant) 24 1.28 0.33 16.83 0.12 0.11 32.94 3.37 14.4 21.18 0.28 0.16,Stable
weekly_14_2025_Eng.txt,egg,Unknown,Thalana batu (Thai eggplant) 21 1.45 0.26 18.33 0.11 0.09 31.18 2.71 17.24 37.22 0.37 0.24,Stable
weekly_14_2025_Eng.txt,coconut,Unknown,Coconuts nuts 390 3.67 39.92 - 0.05 0.11 14.86 -,Stable
weekly_14_2025_Eng.txt,potato,Unknown,Sweet potato 108 1.27 0.33 NA 0.04 0.09 14.44 22.2 28.93 21.05 0.51 0.14,Stable
weekly_14_2025_Eng.txt,vegetable,Unknown,Leafy Vegetables,Stable
weekly_14_2025_Eng.txt,onion,Unknown,Onion leaves 27 2.01 0.26 NA 0.04 0.18 56.8 23.38 35.21 74.95 3.15 0.77,Stable
weekly_14_2025_Eng.txt,fruit,Unknown,Jackfruit pods 25 2.14 0.34 NA 0.03 0.04 30.7 24.77 37.32 26.08 0.3 0.17,Stable
weekly_14_2025_Eng.txt,fruit,Unknown,Jackfruit seeds 77 5.66 0.44 NA 0.02 0.08 58.91 15.24 40.87 50.14 0.52 0.42,Stable
weekly_14_2025_Eng.txt,chicken,Unknown,Chicken 176 23.14 9.24 6.88 0.07 0.49 10.09 - 15.06 20.18 0.75 0.64,Stable
weekly_14_2025_Eng.txt,fish,Unknown,Fish,Stable
weekly_14_2025_Eng.txt,fish,Unknown,Cuttle fish 76 16.82 0.93 1.93 0.02 0.04 6.22 8.73 35.46 0.62 1.3,Stable
weekly_14_2025_Eng.txt,fish,Unknown,Dried Fish,Stable
weekly_14_2025_Eng.txt,egg,Unknown,Eggs,Stable
weekly_14_2025_Eng.txt,egg,Unknown,Hen eggs (Country) 170 13.14 13 208 0.08 0.18 54.6 50.14 11.04 1.64 1.12,Stable
weekly_14_2025_Eng.txt,egg,Unknown,Hen eggs (Table) 135 13.55 9.03 200 0.19 0.19 49.46 63.3 12 2.39 1.73,Stable
weekly_14_2025_Eng.txt,egg,Unknown,Quail eggs 153 12.39 11.46 153 0.11 0.17 54.86 60.67 11.21 2.55 1.51,Stable
weekly_14_2025_Eng.txt,fruit,Unknown,Fruits,Stable
weekly_14_2025_Eng.txt,rice,Unknown,Price Collecting Areas,Stable
weekly_01_2025_Eng.txt,vegetable,Unknown,Vegetables,Stable
weekly_01_2025_Eng.txt,rice,Unknown,Rice/Paddy,Stable
weekly_01_2025_Eng.txt,onion,Unknown,Stocks of imported red onion and big onion were,Stable
weekly_01_2025_Eng.txt,rice,Unknown,available in the market. Price of imported red onion,Stable
weekly_01_2025_Eng.txt,rice,Decrease,has decreased by Rs.3.00/kg while the price of big,Decrease
weekly_01_2025_Eng.txt,rice,Increase,onion has increased by Rs.10.00/kg. Prices ranged,Increase
weekly_01_2025_Eng.txt,onion,Unknown,between Rs.480.00-600.00/kg for red onion and,Stable
weekly_01_2025_Eng.txt,onion,Unknown,Rs.200.00-300.00/kg for big onion in Colombo,Stable
weekly_01_2025_Eng.txt,rice,Unknown,and suburb markets. Prices of both Nuwara Eliya,Stable
weekly_01_2025_Eng.txt,potato,Unknown,and imported potatoes ranged between,Stable
weekly_01_2025_Eng.txt,rice,Unknown,"Further, the prices of green gram, white cowpea and",Stable
weekly_01_2025_Eng.txt,rice,Unknown,Retail prices of all the vegetables except for tomato,Stable
weekly_01_2025_Eng.txt,rice,Decrease,the highest price decrease was reported for beans as,Decrease
weekly_01_2025_Eng.txt,rice,Increase,price increase was reported for bitter gourd as,Increase
weekly_01_2025_Eng.txt,rice,Unknown,Prices of all the rice varieties except for local samba,Stable
weekly_01_2025_Eng.txt,rice,Increase,sufficient stocks. The highest price increase of,Increase
weekly_01_2025_Eng.txt,rice,Unknown,"Rs.12.00/kg was reported for raw red rice, followed by",Stable
weekly_01_2025_Eng.txt,rice,Unknown,nadu grade I (Rs.2.00/kg). Prices ranged between,Stable
weekly_01_2025_Eng.txt,rice,Unknown,Rice,Stable
weekly_01_2025_Eng.txt,rice,Unknown,Price of most local rice varieties have not,Stable
weekly_01_2025_Eng.txt,rice,Increase,increased significantly. Price ranges of,Increase
weekly_01_2025_Eng.txt,rice,Unknown,220.00/kg respectively. The raw red rice,Stable
weekly_01_2025_Eng.txt,rice,Unknown,Imported rice varieties were also available,Stable
weekly_01_2025_Eng.txt,rice,Unknown,prices:,Stable
weekly_01_2025_Eng.txt,rice,Unknown,wholesale prices of most of the rice,Stable
weekly_01_2025_Eng.txt,rice,Increase,price increase of 7% for both nadu rice and,Increase
weekly_01_2025_Eng.txt,rice,Unknown,raw white. The price of keeri samba has,Stable
weekly_01_2025_Eng.txt,rice,Unknown,The retail prices of all the local rice varieties,Stable
weekly_01_2025_Eng.txt,rice,Unknown,"The retail prices of imported samba ,",Stable
weekly_01_2025_Eng.txt,rice,Unknown,the current retail prices of all the rice,Stable
weekly_01_2025_Eng.txt,rice,Increase,increased with the highest price increase of,Increase
weekly_01_2025_Eng.txt,rice,Decrease,is expected a slight price decrease of paddy,Decrease
weekly_01_2025_Eng.txt,rice,Unknown,prices in coming weeks. The average,Stable
weekly_01_2025_Eng.txt,rice,Unknown,farmgate price of short grain paddy has,Stable
weekly_01_2025_Eng.txt,rice,Unknown,changed slightly and its prices ranged,Stable
weekly_01_2025_Eng.txt,rice,Unknown,Rs.135.00-143.00/kg. The average price of,Stable
weekly_01_2025_Eng.txt,rice,Unknown,Dehiattakandiya areas. Its’ prices ranged,Stable
weekly_01_2025_Eng.txt,rice,Unknown,The average price of long grain white,Stable
weekly_01_2025_Eng.txt,rice,Unknown,of Maha harvesting season. It prices ranged,Stable
weekly_01_2025_Eng.txt,rice,Unknown,average price of long grain red paddy has,Stable
weekly_01_2025_Eng.txt,rice,Unknown,limited supply. The prices for long grain,Increase
weekly_01_2025_Eng.txt,rice,Unknown,the average prices of all the paddy varieties,Stable
weekly_01_2025_Eng.txt,rice,Increase,to 76% with the highest price increase,Increase
weekly_01_2025_Eng.txt,rice,Unknown,The price of imported dried chilies has,Stable
weekly_01_2025_Eng.txt,rice,Unknown,quality stocks and the price ranged,Stable
weekly_01_2025_Eng.txt,rice,Unknown,current wholesale price of imported dried,Stable
weekly_01_2025_Eng.txt,rice,Unknown,The retail price of imported dried chilies has,Stable
weekly_01_2025_Eng.txt,rice,Increase,increased by Rs.9.00/kg and the price ranged,Increase
weekly_01_2025_Eng.txt,rice,Unknown,the current retail price of imported dried,Stable
weekly_01_2025_Eng.txt,onion,Unknown,Onion,Stable
weekly_01_2025_Eng.txt,rice,Decrease,Price of sinnan red onion has decreased by,Decrease
weekly_01_2025_Eng.txt,rice,Unknown,Rs.2.00/kg and the price ranged Rs.250.00-,Stable
weekly_01_2025_Eng.txt,rice,Unknown,320.00/kg. Price of imported red onion has,Stable
weekly_01_2025_Eng.txt,rice,Decrease,decreased by 4% and the price ranged,Decrease
weekly_01_2025_Eng.txt,rice,Unknown,Rs.400.00-480.00/kg. Price of imported,Stable
weekly_01_2025_Eng.txt,onion,Unknown,big onion has not changed significantly and,Stable
weekly_01_2025_Eng.txt,rice,Unknown,price ranged Rs.130.00-180.00/kg.,Stable
weekly_01_2025_Eng.txt,rice,Unknown,current wholesale price of imported red,Stable
weekly_01_2025_Eng.txt,onion,Increase,onion has increased by 2% while imported,Increase
weekly_01_2025_Eng.txt,onion,Decrease,big onion has decreased by 60%,Decrease
weekly_01_2025_Eng.txt,rice,Unknown,The retail price of imported red onion has,Stable
weekly_01_2025_Eng.txt,rice,Increase,price of imported big onion has increased by,Increase
weekly_01_2025_Eng.txt,rice,Unknown,the current retail price of imported big onion,Stable
weekly_01_2025_Eng.txt,onion,Increase,has increased by 7% and imported red onion,Increase
weekly_01_2025_Eng.txt,potato,Unknown,Potato,Stable
weekly_01_2025_Eng.txt,rice,Unknown,The Price of Nuwara Eliya and imported,Stable
weekly_01_2025_Eng.txt,potato,Increase,potatoes have increased by 3% and 5% due,Increase
weekly_01_2025_Eng.txt,rice,Decrease,to decreased supply and the prices ranged,Increase
weekly_01_2025_Eng.txt,rice,Unknown,current wholesale price of Nuwara Eliya,Stable
weekly_01_2025_Eng.txt,rice,Decrease,potato has decreased by 6% while the price,Decrease
weekly_01_2025_Eng.txt,potato,Increase,of imported potato has increased by 21%,Increase
weekly_01_2025_Eng.txt,rice,Unknown,"In line with wholesale prices, the retail",Stable
weekly_01_2025_Eng.txt,rice,Unknown,prices of all the types of potatoes have,Stable
weekly_01_2025_Eng.txt,rice,Decrease,decreased. Highest price decrease of,Decrease
weekly_01_2025_Eng.txt,potato,Unknown,potato.,Stable
weekly_01_2025_Eng.txt,rice,Unknown,the current retail prices of all the types of,Stable
weekly_01_2025_Eng.txt,potato,Increase,potatoes have increased with the highest,Increase
weekly_01_2025_Eng.txt,rice,Increase,price increase of 33% was recorded for,Increase
weekly_01_2025_Eng.txt,potato,Unknown,imported potato.,Stable
weekly_01_2025_Eng.txt,rice,Unknown,Prices of green gram and red cowpea have,Stable
weekly_01_2025_Eng.txt,rice,Decrease,decreased by 3% and the prices ranged,Decrease
weekly_01_2025_Eng.txt,rice,Unknown,630.00/kg respectively. Prices of red,Stable
weekly_01_2025_Eng.txt,dhal,Increase,cowpea and red dhal have not increased,Stable
weekly_01_2025_Eng.txt,rice,Unknown,significantly and the price ranged,Stable
weekly_01_2025_Eng.txt,rice,Unknown,current wholesale prices of all the pulse,Stable
weekly_01_2025_Eng.txt,rice,Decrease,price decreased of 50% recorded for red,Decrease
weekly_01_2025_Eng.txt,rice,Unknown,"market, the retail prices of all the types of",Stable
weekly_01_2025_Eng.txt,dhal,Decrease,pulses have decreased except for red dhal.,Decrease
weekly_01_2025_Eng.txt,rice,Decrease,The highest price decrease of Rs.14.00/kg,Decrease
weekly_01_2025_Eng.txt,rice,Increase,price of red dhal has increased by around,Increase
weekly_01_2025_Eng.txt,rice,Unknown,Rs.1.00/kg and the price ranged Rs.290.00-,Stable
weekly_01_2025_Eng.txt,rice,Unknown,the current retail prices of all the types of,Stable
weekly_01_2025_Eng.txt,rice,Decrease,pulses have decreased with the highest price,Decrease
weekly_01_2025_Eng.txt,vegetable,Unknown,Vegetable,Stable
weekly_01_2025_Eng.txt,rice,Unknown,Prices of most of the vegetables have,Stable
weekly_01_2025_Eng.txt,rice,Unknown,Prices of most of the upcountry vegetables,Increase
weekly_01_2025_Eng.txt,rice,Decrease,"have decreased, with the highest price",Decrease
weekly_01_2025_Eng.txt,rice,Unknown,Prices of all the other  up-country,Increase
weekly_01_2025_Eng.txt,vegetable,Unknown,"vegetables, except for beetroot have",Stable
weekly_01_2025_Eng.txt,rice,Increase,the price of beetroot has increased by 24%,Increase
weekly_01_2025_Eng.txt,rice,Unknown,"Nuwara Eliya area. Further, the price of",Stable
weekly_01_2025_Eng.txt,rice,Decrease,price of capsicum has decreased by 28%,Decrease
weekly_01_2025_Eng.txt,vegetable,Unknown,"Considering the low-country vegetables,",Stable
weekly_01_2025_Eng.txt,rice,Unknown,the prices most of the vegetable varieties,Stable
weekly_01_2025_Eng.txt,rice,Increase,experienced price decrease with increased,Increase
weekly_01_2025_Eng.txt,rice,Unknown,long beans (22%)  the prices have,Stable
weekly_01_2025_Eng.txt,rice,Decrease,decreased significantly. Prices of all the,Decrease
weekly_01_2025_Eng.txt,vegetable,Unknown,other low country vegetables except for,Stable
weekly_01_2025_Eng.txt,rice,Unknown,"However, the price of snake gourd has",Stable
weekly_01_2025_Eng.txt,rice,Unknown,"addition, the prices of green chilies and",Stable
weekly_01_2025_Eng.txt,rice,Unknown,"Compared to the previous years, the prices",Stable
weekly_01_2025_Eng.txt,vegetable,Decrease,"of most of the vegetables have decreased,",Decrease
weekly_01_2025_Eng.txt,rice,Decrease,with   the highest price decrease of 62%,Decrease
weekly_01_2025_Eng.txt,rice,Unknown,Retail prices of most of the vegetable,Stable
weekly_01_2025_Eng.txt,rice,Unknown,downward wholesale price trend. For up-,Increase
weekly_01_2025_Eng.txt,rice,Unknown,"country vegetables, the highest price",Stable
weekly_01_2025_Eng.txt,rice,Unknown,Prices of capsicum has significantly,Stable
weekly_01_2025_Eng.txt,vegetable,Unknown,Low-country vegetables have shown a,Stable
weekly_01_2025_Eng.txt,rice,Unknown,notable price drop with the,Stable
weekly_01_2025_Eng.txt,rice,Decrease,highest   price decrease of Rs.117.00/kg for,Decrease
weekly_01_2025_Eng.txt,rice,Unknown,"year, the current retail prices of most of the",Stable
weekly_01_2025_Eng.txt,rice,Unknown,price drop reported for carrots at 60 %.,Stable
weekly_01_2025_Eng.txt,coconut,Unknown,Coconut,Stable
weekly_01_2025_Eng.txt,rice,Unknown,Prices of both large and small nuts,Stable
weekly_01_2025_Eng.txt,rice,Unknown,respectively. Price ranges were Rs.165.00 -,Stable
weekly_01_2025_Eng.txt,rice,Unknown,the current wholesale prices of large and,Stable
weekly_01_2025_Eng.txt,rice,Unknown,Prices of large nuts showed a slight,Stable
weekly_01_2025_Eng.txt,rice,Increase,increase by around Rs.2.00/nut. Price,Increase
weekly_01_2025_Eng.txt,rice,Unknown,prices of large nuts (59%) and small nuts,Stable
weekly_01_2025_Eng.txt,fruit,Unknown,Fruits,Stable
weekly_01_2025_Eng.txt,rice,Unknown,Prices of most fruit varieties have,Stable
weekly_01_2025_Eng.txt,rice,Decrease,the prices of avocado and orange decreased,Decrease
weekly_01_2025_Eng.txt,rice,Unknown,Prices of all the sizes of pineapple and,Stable
weekly_01_2025_Eng.txt,rice,Unknown,prices of all the types of banana s have,Stable
weekly_01_2025_Eng.txt,rice,Increase,prices of passion fruit has increased by,Increase
weekly_01_2025_Eng.txt,rice,Unknown,stocks. Prices of imported red grapes has,Stable
weekly_01_2025_Eng.txt,rice,Unknown,the wholesale price of most of fruit have,Stable
weekly_01_2025_Eng.txt,rice,Increase,increased with the highest price increase of,Increase
weekly_01_2025_Eng.txt,rice,Unknown,Retail prices of most of the fruits have,Stable
weekly_01_2025_Eng.txt,rice,Unknown,wholesale prices. The highest price,Stable
weekly_01_2025_Eng.txt,fruit,Unknown,Rs.178.00/fruit due to availability of low,Stable
weekly_01_2025_Eng.txt,fruit,Unknown,quality and small fruits with the end of the,Stable
weekly_01_2025_Eng.txt,rice,Unknown,harvesting season. Price of all sizes of,Stable
weekly_01_2025_Eng.txt,rice,Unknown,Rs.61.00-Rs.85.00. Price of papaw has,Stable
weekly_01_2025_Eng.txt,rice,Decrease,decreased by Rs. 26.00/kg.  Price of orange,Decrease
weekly_01_2025_Eng.txt,fruit,Decrease,has decreased by Rs.10.00/fruit due to low,Decrease
weekly_01_2025_Eng.txt,rice,Unknown,"quality fruit. In contrast, the price of",Stable
weekly_01_2025_Eng.txt,rice,Unknown,"high demand, the price of king coconut has",Stable
weekly_01_2025_Eng.txt,rice,Unknown,"Compared to last year, the retail prices of",Stable
weekly_01_2025_Eng.txt,fruit,Increase,most of the fruit varieties have increased,Increase
weekly_01_2025_Eng.txt,rice,Increase,with the highest price increase of 57%,Increase
weekly_01_2025_Eng.txt,fish,Unknown,Fresh Fish,Stable
weekly_01_2025_Eng.txt,rice,Unknown,Wholesale prices of most of the fresh fish,Stable
weekly_01_2025_Eng.txt,rice,Unknown,supply. Prices of kelawalla and thalapath,Increase
weekly_01_2025_Eng.txt,rice,Increase,"areas. However, a price increase of 9% was",Increase
weekly_01_2025_Eng.txt,rice,Unknown,Northern areas. Prices of other fresh fish,Stable
weekly_01_2025_Eng.txt,rice,Unknown,the current wholesale prices of most of the,Stable
weekly_01_2025_Eng.txt,fish,Decrease,fresh fish types have decreased with the,Decrease
weekly_01_2025_Eng.txt,rice,Decrease,highest price decrease of 25% noted for,Decrease
weekly_01_2025_Eng.txt,rice,Unknown,The retail prices of all other fish varieties,Stable
weekly_01_2025_Eng.txt,rice,Decrease,decreased and the highest price decrease,Decrease
weekly_01_2025_Eng.txt,rice,Unknown,Rs.128.00/kg. The second highest price,Stable
weekly_01_2025_Eng.txt,rice,Decrease,Rs.64.00/kg. Price decrease of other fish,Decrease
weekly_01_2025_Eng.txt,rice,Increase,range of Rs.31.00-59.00/kg. Price increase,Increase
weekly_01_2025_Eng.txt,rice,Decrease,the highest price decrease was recorded for,Decrease
weekly_01_2025_Eng.txt,rice,Unknown,balaya by 28% and the highest price,Stable
weekly_01_2025_Eng.txt,fish,Unknown,Dried Fish,Stable
weekly_01_2025_Eng.txt,rice,Unknown,Prices of most of the dried fish types have,Stable
weekly_01_2025_Eng.txt,rice,Increase,dried fish. Price increase of 7% and 6%,Increase
weekly_01_2025_Eng.txt,rice,Decrease,a price decrease of 5% was noted for local,Decrease
weekly_01_2025_Eng.txt,rice,Unknown,Negombo and Beruwala areas. Prices of,Stable
weekly_01_2025_Eng.txt,fish,Unknown,other dried fish varieties have not changed,Stable
weekly_01_2025_Eng.txt,rice,Unknown,the current wholesale prices of most of the,Stable
weekly_01_2025_Eng.txt,fish,Decrease,dried fish types have decreased with the,Decrease
weekly_01_2025_Eng.txt,rice,Decrease,highest price decrease of 26% noted for,Decrease
weekly_01_2025_Eng.txt,rice,Unknown,The prices of other dry fish varieties except,Stable
weekly_01_2025_Eng.txt,rice,Increase,with the highest price increase recorded for,Increase
weekly_01_2025_Eng.txt,rice,Increase,highest price increase was recorded for,Increase
weekly_01_2025_Eng.txt,rice,Decrease,price decrease was recorded for mora by,Decrease
weekly_01_2025_Eng.txt,rice,Decrease,Rs.73.00/kg. Price decrease of balaya and,Decrease
weekly_01_2025_Eng.txt,rice,Decrease,the highest price decrease was recorded for,Decrease
weekly_01_2025_Eng.txt,rice,Unknown,kattawa by 14%. The second highest price,Stable
weekly_01_2025_Eng.txt,egg,Unknown,Eggs,Stable
weekly_01_2025_Eng.txt,rice,Unknown,Prices of brown and white eggs have,Stable
weekly_01_2025_Eng.txt,rice,Increase,increased by 16% and their prices ranged,Increase
weekly_01_2025_Eng.txt,egg,Unknown,Rs.35.00- 42.00/egg and Rs.33.00-38.00/,Stable
weekly_01_2025_Eng.txt,egg,Unknown,egg respectively.,Stable
weekly_01_2025_Eng.txt,rice,Unknown,the current wholesale prices of both brown,Stable
weekly_01_2025_Eng.txt,egg,Decrease,and white eggs have decreased by 28% and,Decrease
weekly_01_2025_Eng.txt,rice,Unknown,Prices of both brown and white eggs have,Stable
weekly_01_2025_Eng.txt,rice,Increase,increased by Rs.6.00. The price range of a,Increase
weekly_01_2025_Eng.txt,egg,Unknown,white egg was Rs.35.00-41.00 and the,Stable
weekly_01_2025_Eng.txt,rice,Unknown,price range of a brown egg was Rs.37.00-,Stable
weekly_01_2025_Eng.txt,rice,Unknown,42.00. The average price of the white and,Stable
weekly_01_2025_Eng.txt,egg,Unknown,brown egg types were Rs.37.00 and,Stable
weekly_01_2025_Eng.txt,rice,Unknown,the current retail prices of both egg,Stable
weekly_01_2025_Eng.txt,rice,Unknown,Prices of all the meat types except for,Stable
weekly_01_2025_Eng.txt,rice,Increase,broiler chicken have increased. Price,Increase
weekly_01_2025_Eng.txt,rice,Increase,respectively. Price increase of curry,Increase
weekly_01_2025_Eng.txt,chicken,Unknown,chicken has recorded as Rs.59.00/kg and,Stable
weekly_01_2025_Eng.txt,rice,Decrease,price decrease of broiler chicken has,Decrease
weekly_01_2025_Eng.txt,rice,Unknown,the prices of all the meat types except for,Stable
weekly_01_2025_Eng.txt,rice,Decrease,highest price decrease was recorded for,Decrease
weekly_01_2025_Eng.txt,chicken,Unknown,broiler chicken by10%.,Stable
weekly_01_2025_Eng.txt,rice,Unknown,wholesale and retail prices of selected food,Stable
weekly_01_2025_Eng.txt,rice,Unknown,"prevailing prices, price ranges, averages, and a",Stable
weekly_01_2025_Eng.txt,rice,Unknown,comparison of weekly prices. The changes in,Stable
weekly_01_2025_Eng.txt,rice,Unknown,prices reported are always with price prevailed,Stable
weekly_01_2025_Eng.txt,rice,Unknown,The frequency of collection of wholesale price,Stable
weekly_01_2025_Eng.txt,rice,Unknown,"Friday) while with retail prices, it is thrice a",Stable
weekly_01_2025_Eng.txt,rice,Unknown,Rice VarietiesLOCATIONS,Stable
weekly_01_2025_Eng.txt,rice,Unknown,Table 01: Selected Markets:Wholesale Price of Rice (Rs/50kg bag),Stable
weekly_01_2025_Eng.txt,rice,Unknown,Table 02: Selected Markets: Retail Price of Rice (Rs/kg),Stable
weekly_01_2025_Eng.txt,rice,Unknown,LOCATIONS Rice Varieties,Stable
weekly_01_2025_Eng.txt,dhal,Unknown,Green Gram Cowpea Red Dhal,Stable
weekly_01_2025_Eng.txt,rice,Unknown,Table 04: Selected Markets:Wholesale Price of Subsidiary Food (Rs/50kg),Stable
weekly_01_2025_Eng.txt,onion,Unknown,Dried Chillies Red Onion Big Onion PotatoLOCATION Imported Imported Local Imported Welimada,Stable
weekly_01_2025_Eng.txt,rice,Unknown,Table 05: Selected Markets: Retail Price of Subsidiary Food Crops (Rs/kg),Stable
weekly_01_2025_Eng.txt,onion,Unknown,Dried Chillies Red Onion Big Onion Potato Pulses,Stable
weekly_01_2025_Eng.txt,dhal,Unknown,Green Gram Cowpea Red Dhal,Stable
weekly_01_2025_Eng.txt,rice,Unknown,Table 06: Selected Markets: Wholesale Price of Vegetables(Rs/kg),Stable
weekly_01_2025_Eng.txt,potato,Unknown,ManiocLong Beans Ash Plantain Green Chillies Lime Sweet Potatoe,Stable
weekly_01_2025_Eng.txt,rice,Unknown,"Colombo, Meegoda, Norochchole, Jaffna,Dambulla and Kandy - Gotukola Price Rs/Kg",Stable
weekly_01_2025_Eng.txt,vegetable,Unknown,Leafy Vegetables (Rs/bundle),Stable
weekly_01_2025_Eng.txt,coconut,Unknown,Coconut (Rs/nut),Stable
weekly_01_2025_Eng.txt,rice,Unknown,Table 07: Selected Markets: Retail Price of Vegetables (Rs/kg),Stable
weekly_01_2025_Eng.txt,potato,Unknown,Sweet Potato Large Small,Stable
weekly_01_2025_Eng.txt,vegetable,Unknown,Low Country Varieties Leafy Vegetable Coconut (Rs/nut),Stable
weekly_01_2025_Eng.txt,rice,Unknown,Table 08: Selected Markets: Retail Price of Fruits (Rs/each & Rs/kg),Stable
weekly_01_2025_Eng.txt,fruit,Unknown,Mango Other Fruits,Stable
weekly_01_2025_Eng.txt,coconut,Unknown,Passion Avocado Slime Apple Grapes (Rs/kg) King CoconutWood Apple Orange,Stable
weekly_01_2025_Eng.txt,fish,Unknown,Local Dried Fish Imported Dried Fish,Stable
weekly_01_2025_Eng.txt,fish,Unknown,Imported Dried Fish,Stable
weekly_01_2025_Eng.txt,fish,Unknown,Local Dried Fish,Stable
weekly_01_2025_Eng.txt,rice,Unknown,Table 10: Selected Markets: Wholesale Price of Dried Fish (Rs/50kg),Stable
weekly_01_2025_Eng.txt,fish,Unknown,Sea Fish Eggs,Stable
weekly_01_2025_Eng.txt,rice,Unknown,Table 09: Selected Markets: Wholesale Price of Fresh Fish & Eggs (Rs/kg & Rs/egg),Stable
weekly_01_2025_Eng.txt,fish,Unknown,Sea FishLocations,Stable
weekly_01_2025_Eng.txt,rice,Unknown,Table 11: Selected Markets: Retail Price of Fresh Fish & Eggs (Rs/kg & Rs/eggs),Stable
weekly_01_2025_Eng.txt,fish,Unknown,Sea Fish EggsLOCATIONS,Stable
weekly_01_2025_Eng.txt,rice,Unknown,Table 12: Selected Markets: Retail Price of Dried Fish (Rs/kg),Stable
weekly_01_2025_Eng.txt,fish,Unknown,Dried FishLOCATIONS Sprats-Imported Kattawa Thora Mora Balaya,Stable
weekly_01_2025_Eng.txt,rice,Unknown,Table 13: Selected Markets: Retail Price of Meat (Rs/kg),Stable
weekly_01_2025_Eng.txt,chicken,Unknown,Meat Meat (Chicken) Meat,Stable
weekly_01_2025_Eng.txt,rice,Unknown,Rice Coconut,Stable
weekly_01_2025_Eng.txt,fruit,Unknown,Keeri Samba 250.00−260.00255.00255.00322.50 0.00 -20.93Fruits (Rs/fruit),Stable
weekly_01_2025_Eng.txt,fruit,Unknown,Raw (Red) − Passion Fruit 35.00− 70.00 52.73 40.73 77.50 29.46 -31.96,Stable
weekly_01_2025_Eng.txt,onion,Unknown,Onion Mango,Stable
weekly_01_2025_Eng.txt,onion,Unknown,Big Onion Kohu −,Stable
weekly_01_2025_Eng.txt,potato,Unknown,Potato Orange 100.00− 140.00 117.00 130.00143.33 -10.00 -18.37,Stable
weekly_01_2025_Eng.txt,coconut,Unknown,Pulses King Coconut 150.00− 170.00 166.36 164.44 93.33 1.17 78.25,Stable
weekly_01_2025_Eng.txt,fish,Unknown,Cowpea (White) 500.00−650.00580.00583.331100.00 -0.57 -47.27Sea Fish,Stable
weekly_01_2025_Eng.txt,dhal,Unknown,Red Dhal 275.00−280.00277.14275.00296.67 0.78 -6.58Hurulla 750.00− 900.00 829.23 848.33658.00 -2.25 26.02,Stable
weekly_01_2025_Eng.txt,vegetable,Unknown,Vegetable Balaya 650.00− 800.00 757.86 774.171013.00 -2.11 -25.19,Stable
weekly_01_2025_Eng.txt,egg,Unknown,Raddish 80.00−150.00112.00126.00151.00 -11.11 -25.83Eggs,Stable
weekly_01_2025_Eng.txt,fish,Unknown,Ladies Fingers 60.00−150.00108.00133.00151.00 -18.80 -28.48Dried Fish,Stable
weekly_01_2025_Eng.txt,potato,Unknown,Sweet Potato 120.00−140.00128.00123.00 93.00 4.07 37.63Maduwa (Imported) −,Stable
weekly_01_2025_Eng.txt,vegetable,Unknown,Leafy Vegetable Koduwa (Imported) −,Stable
weekly_01_2025_Eng.txt,rice,Unknown,Table 14: Colombo: Wholesale Prices (Rs/kg or Rs/piece),Stable
weekly_01_2025_Eng.txt,rice,Unknown,Average Price Change Compared to,Stable
weekly_01_2025_Eng.txt,rice,Unknown,Average Price,Stable
weekly_01_2025_Eng.txt,rice,Unknown,Rice Coconut,Stable
weekly_01_2025_Eng.txt,fruit,Unknown,Keeri Samba 260.00− 280.00264.67 264.39 0.28 Fruits (Rs/fruit),Stable
weekly_01_2025_Eng.txt,fruit,Unknown,Raw (Red) − Passion Fruit 40.00− 90.00 71.00 64.23 80.42 6.77 -11.71,Stable
weekly_01_2025_Eng.txt,onion,Unknown,Onion Mango,Stable
weekly_01_2025_Eng.txt,onion,Unknown,Big Onion Kohu −,Stable
weekly_01_2025_Eng.txt,potato,Unknown,Potato Orange 120.00− 200.00168.82179.23 208.57 -10.41 -19.06,Stable
weekly_01_2025_Eng.txt,coconut,Unknown,Pulses King Coconut 180.00− 220.00198.00186.79 130.50 11.21 51.72,Stable
weekly_01_2025_Eng.txt,fish,Unknown,Cowpea (White) 700.00− 950.00831.90 835.931306.25 -4.03-36.31Sea Fish,Stable
weekly_01_2025_Eng.txt,dhal,Unknown,Red Dhal 290.00− 360.00313.33 312.31339.55 1.02 -7.72Hurulla 900.00− 960.00927.50991.67 867.14 -64.17 6.96,Stable
weekly_01_2025_Eng.txt,vegetable,Unknown,Vegetable Balaya 750.00−1200.00989.291020.591375.00 -31.30 -28.05,Stable
weekly_01_2025_Eng.txt,egg,Unknown,Raddish 140.00− 300.00231.03 257.41317.31-26.38-27.19Eggs,Stable
weekly_01_2025_Eng.txt,fish,Unknown,Ladies Fingers 160.00− 360.00259.33 274.83347.20-15.50-25.31Dried Fish,Stable
weekly_01_2025_Eng.txt,chicken,Unknown,Root Crops Chicken (Broiler) 1100.00−1260.001208.331230.001337.27 -21.67 -9.64,Stable
weekly_01_2025_Eng.txt,potato,Unknown,Sweet Potato 140.00− 340.00243.21 261.48252.40-18.27 -3.64Chicken (Curry) 1000.00−1200.001109.091050.001207.27 59.09 -8.13,Stable
weekly_01_2025_Eng.txt,vegetable,Unknown,Leafy Vegetable Pork 1000.00−1300.001233.331125.001275.00 108.33 -3.27,Stable
weekly_01_2025_Eng.txt,rice,Unknown,Table 15: Colombo &Suburbs: Retail Prices (Rs/kg or Rs/piece),Stable
weekly_01_2025_Eng.txt,rice,Unknown,Average Price Change Compared to,Stable
weekly_01_2025_Eng.txt,rice,Unknown,Average Price Change Compared to,Stable
weekly_01_2025_Eng.txt,vegetable,Unknown,Paddy Vegetable (Up Country) Snake Gourd,Increase
weekly_01_2025_Eng.txt,onion,Unknown,Red Onion Badulla − Long Beans,Stable
weekly_01_2025_Eng.txt,onion,Unknown,Big Onion Welimada 210.00−230.00 218.00Embilipitiya 200.00−220.00207.50,Stable
weekly_01_2025_Eng.txt,potato,Unknown,Potato Hambantota −,Stable
weekly_01_2025_Eng.txt,vegetable,Unknown,N'Eliya 280.00−300.00290.00Vegetable (Low Country) Embilipitiya 70.00−80.00 73.75,Stable
weekly_01_2025_Eng.txt,fruit,Unknown,Moneragala 480.00−500.00488.00Brinjal Fruits (Rs/kg),Stable
weekly_01_2025_Eng.txt,rice,Unknown,Table 16: Farmgate/Producer Prices of Food Commodities in Selected Producing Areas (Rs/kg),Stable
weekly_01_2025_Eng.txt,rice,Unknown,PriceCOMMODITY Range Average,Stable
weekly_01_2025_Eng.txt,rice,Unknown,Price COMMODITY Range Average,Stable
weekly_01_2025_Eng.txt,rice,Unknown,Price COMMODITY,Stable
weekly_01_2025_Eng.txt,rice,Unknown,Rice,Stable
weekly_01_2025_Eng.txt,onion,Unknown,Red Onion,Stable
weekly_01_2025_Eng.txt,onion,Unknown,Big Onion,Stable
weekly_01_2025_Eng.txt,potato,Unknown,Potato,Stable
weekly_01_2025_Eng.txt,dhal,Unknown,Red Dhal 290.00− 300.00 300.00− 360.00 290.00− 340.00300.00− 320.00350.00− 360.00290.00− 320.00300.00− 300.00290.00− 300.00 300.00− 320.00,Stable
weekly_01_2025_Eng.txt,rice,Unknown,Annex 01 - Colombo Markets: Retail Prices of Rice and Subsidiary Food Crops (Rs/kg) Week 01: 03 - 09 Jan 2025,Stable
weekly_01_2025_Eng.txt,vegetable,Unknown,Vegetable,Stable
weekly_01_2025_Eng.txt,potato,Unknown,Sweet Potato 140.00− 180.00 280.00− 320.00 240.00− 260.00 320.00 − 340.00 180.00− 240.00 160.00− 180.00 240.00− 300.00 230.00− 240.00260.00− 280.00,Stable
weekly_01_2025_Eng.txt,vegetable,Unknown,Leafy Vegetable,Stable
weekly_01_2025_Eng.txt,coconut,Unknown,Coconut,Stable
weekly_01_2025_Eng.txt,rice,Unknown,Annex 02 - Colombo Markets: Retail Prices of Vegetables (Rs/kg) and Coconut (Rs/nut),Stable
weekly_01_2025_Eng.txt,fruit,Unknown,Other Fruits,Stable
weekly_01_2025_Eng.txt,coconut,Unknown,King Coconut 180.00− 220.00 200.00− 220.00200.00− 220.00 200.00− 200.00180.00− 200.00180.00− 200.00180.00− 200.00 180.00− 200.00 180.00−200.00,Stable
weekly_01_2025_Eng.txt,rice,Unknown,Annex 03 - Colombo Markets: Retail Prices of Fruits (Rs/fruit),Stable
weekly_01_2025_Eng.txt,fish,Unknown,Sea Fish,Stable
weekly_01_2025_Eng.txt,egg,Unknown,30 Eggs (Rs/egg),Stable
weekly_01_2025_Eng.txt,fish,Unknown,Dried Fish,Stable
weekly_01_2025_Eng.txt,chicken,Unknown,Chicken (Broiler) 1200.00−1200.001220.00−1220.001250.00−1250.001250.00−1260.001150.00−1150.001100.00−1100.001200.00−1200.001200.00−1200.001200.00−1200.00,Stable
weekly_01_2025_Eng.txt,chicken,Unknown,Chicken (Curry) 1100.00−1100.001100.00−1100.001100.00−1100.001150.00−1200.001150.00−1150.00 − 1000.00−1000.001100.00−1100.001100.00−1100.00,Stable
weekly_01_2025_Eng.txt,rice,Unknown,Annex 04 - Colombo Markets: Retail Prices of Sea Fish and Dried Fish (Rs/kg),Stable
weekly_01_2025_Eng.txt,rice,Unknown,Rice - (white Kekulu - normal ) 361 9.88 1.52 - 0.03 0.09 10.67 - 6.94 26.29 1.22 1.5,Stable
weekly_01_2025_Eng.txt,rice,Unknown,Rice - (white Kekulu Samba) 355 8.81 1.53 - 0.03 0.09 8.11 - 9.82 30.48 0.92 1.7,Stable
weekly_01_2025_Eng.txt,rice,Unknown,Rice - ( Red Kekulu - normal ) 366 8.64 2.12 - 0.05 0.1 8.39 - 4.73 31.7 0.88 1.84,Stable
weekly_01_2025_Eng.txt,rice,Unknown,Rice -Samba 369 6.86 2.45 - 0.05 0.13 12.79 - 8.71 37.26 1.18 1.49,Stable
weekly_01_2025_Eng.txt,rice,Unknown,Rice - Nadu White 366 7.76 1.48 - 0.03 0.12 9.35 - 4.57 20.1 0.64 1.61,Stable
weekly_01_2025_Eng.txt,onion,Unknown,Onion,Stable
weekly_01_2025_Eng.txt,onion,Unknown,Big onions 48 1.67 0.24 0.16 0.01 0.1 32.99 7.58 14.82 16.94 0.45 0.25,Stable
weekly_01_2025_Eng.txt,onion,Unknown,Red onions 55 2.13 0.15 0.18 0.02 0.13 30.15 14.26 20.37 19.32 0.31 0.28,Stable
weekly_01_2025_Eng.txt,potato,Unknown,Potatoes 71 1.67 0.25 0.01 0.09 14.31 20.5 9.83 23.84 0.46 0.29,Stable
weekly_01_2025_Eng.txt,dhal,Unknown,Red Dhal 319 23.09 0.77 1.06 1.6 0.22 55 NA 41.27 66.63 7.45 3.34,Stable
weekly_01_2025_Eng.txt,vegetable,Unknown,Vegetables,Stable
weekly_01_2025_Eng.txt,rice,Unknown,Rice,Stable
weekly_01_2025_Eng.txt,egg,Unknown,Brinjal (Chinese eggplant) 24 1.28 0.33 16.83 0.12 0.11 32.94 3.37 14.4 21.18 0.28 0.16,Stable
weekly_01_2025_Eng.txt,egg,Unknown,Thalana batu (Thai eggplant) 21 1.45 0.26 18.33 0.11 0.09 31.18 2.71 17.24 37.22 0.37 0.24,Stable
weekly_01_2025_Eng.txt,coconut,Unknown,Coconuts nuts 390 3.67 39.92 - 0.05 0.11 14.86 -,Stable
weekly_01_2025_Eng.txt,potato,Unknown,Sweet potato 108 1.27 0.33 NA 0.04 0.09 14.44 22.2 28.93 21.05 0.51 0.14,Stable
weekly_01_2025_Eng.txt,vegetable,Unknown,Leafy Vegetables,Stable
weekly_01_2025_Eng.txt,onion,Unknown,Onion leaves 27 2.01 0.26 NA 0.04 0.18 56.8 23.38 35.21 74.95 3.15 0.77,Stable
weekly_01_2025_Eng.txt,fruit,Unknown,Jackfruit pods 25 2.14 0.34 NA 0.03 0.04 30.7 24.77 37.32 26.08 0.3 0.17,Stable
weekly_01_2025_Eng.txt,fruit,Unknown,Jackfruit seeds 77 5.66 0.44 NA 0.02 0.08 58.91 15.24 40.87 50.14 0.52 0.42,Stable
weekly_01_2025_Eng.txt,chicken,Unknown,Chicken 176 23.14 9.24 6.88 0.07 0.49 10.09 - 15.06 20.18 0.75 0.64,Stable
weekly_01_2025_Eng.txt,fish,Unknown,Fish,Stable
weekly_01_2025_Eng.txt,fish,Unknown,Cuttle fish 76 16.82 0.93 1.93 0.02 0.04 6.22 8.73 35.46 0.62 1.3,Stable
weekly_01_2025_Eng.txt,fish,Unknown,Dried Fish,Stable
weekly_01_2025_Eng.txt,egg,Unknown,Eggs,Stable
weekly_01_2025_Eng.txt,egg,Unknown,Hen eggs (Country) 170 13.14 13 208 0.08 0.18 54.6 50.14 11.04 1.64 1.12,Stable
weekly_01_2025_Eng.txt,egg,Unknown,Hen eggs (Table) 135 13.55 9.03 200 0.19 0.19 49.46 63.3 12 2.39 1.73,Stable
weekly_01_2025_Eng.txt,egg,Unknown,Quail eggs 153 12.39 11.46 153 0.11 0.17 54.86 60.67 11.21 2.55 1.51,Stable
weekly_01_2025_Eng.txt,fruit,Unknown,Fruits,Stable
weekly_01_2025_Eng.txt,rice,Unknown,Price Collecting Areas,Stable
weekly_06_2025_Eng.txt,vegetable,Unknown,Vegetables,Stable
weekly_06_2025_Eng.txt,coconut,Unknown,Coconut,Stable
weekly_06_2025_Eng.txt,rice,Unknown,Paddy/Rice,Stable
weekly_06_2025_Eng.txt,rice,Increase,Prices of both large and small nuts have increased further,Increase
weekly_06_2025_Eng.txt,rice,Unknown,and the prices ranged Rs.210.00-240.00 for large nuts,Stable
weekly_06_2025_Eng.txt,onion,Unknown,Stocks of imported red onion and big onion were,Stable
weekly_06_2025_Eng.txt,rice,Unknown,available in the market and the prices of both types have,Stable
weekly_06_2025_Eng.txt,rice,Decrease,decreased further. Prices ranged between Rs.400.00 -,Decrease
weekly_06_2025_Eng.txt,onion,Unknown,640.00/kg for red onion and Rs.160.00-250.00/kg for big,Stable
weekly_06_2025_Eng.txt,rice,Unknown,onion in Colombo and suburb markets. Prices of both,Stable
weekly_06_2025_Eng.txt,potato,Decrease,Nuwara Eliya and imported potatoes have decreased.,Decrease
weekly_06_2025_Eng.txt,rice,Unknown,"Further, the prices of white cowpea, red cowpea and red",Stable
weekly_06_2025_Eng.txt,rice,Decrease,dhal have decreased while the price of green gram has,Decrease
weekly_06_2025_Eng.txt,rice,Decrease,Retail prices of most of the vegetables have decreased.,Decrease
weekly_06_2025_Eng.txt,rice,Unknown,"Considering the up-country varieties, the highest price",Increase
weekly_06_2025_Eng.txt,rice,Decrease,"country varieties, the highest price decrease was reported",Decrease
weekly_06_2025_Eng.txt,rice,Unknown,Retail prices of all the rice varieties except for keeri,Stable
weekly_06_2025_Eng.txt,rice,Decrease,rice stocks to the market. The highest price decrease was,Decrease
weekly_06_2025_Eng.txt,rice,Unknown,noted for local raw red rice and the price ranged,Stable
weekly_06_2025_Eng.txt,rice,Unknown,Rs.220.00-260.00/kg. Prices of other varieties ranged,Stable
weekly_06_2025_Eng.txt,rice,Unknown,suburb markets. Average farmgate prices of most of the,Stable
weekly_06_2025_Eng.txt,rice,Increase,purchased paddy at higher prices than the certified,Increase
weekly_06_2025_Eng.txt,rice,Unknown,prices.,Stable
weekly_06_2025_Eng.txt,rice,Unknown,Rice,Stable
weekly_06_2025_Eng.txt,rice,Increase,Price of keeri samba has increased by 2%,Increase
weekly_06_2025_Eng.txt,rice,Unknown,and the price ranged Rs.255.00-267.00/kg.,Stable
weekly_06_2025_Eng.txt,rice,Unknown,"However, the price of nadu, raw red and",Stable
weekly_06_2025_Eng.txt,rice,Decrease,raw white rice varieties have decreased in,Decrease
weekly_06_2025_Eng.txt,rice,Unknown,the average prices were Rs.238.00/kg and,Stable
weekly_06_2025_Eng.txt,rice,Unknown,Imported rice varieties were also available,Stable
weekly_06_2025_Eng.txt,rice,Unknown,prices:,Stable
weekly_06_2025_Eng.txt,rice,Unknown,the current wholesale prices of most of the,Stable
weekly_06_2025_Eng.txt,rice,Increase,rice varieties have increased with the,Increase
weekly_06_2025_Eng.txt,rice,Increase,highest price increase of 26% for raw red.,Increase
weekly_06_2025_Eng.txt,rice,Decrease,The price of keeri samba has decreased by,Decrease
weekly_06_2025_Eng.txt,rice,Unknown,Retail prices of all the types of rice varieties,Stable
weekly_06_2025_Eng.txt,rice,Decrease,"Among those, the highest price decrease of",Decrease
weekly_06_2025_Eng.txt,rice,Unknown,Prices of raw red and white rice ranged,Stable
weekly_06_2025_Eng.txt,rice,Unknown,and suburb markets. The retail price of keeri,Stable
weekly_06_2025_Eng.txt,rice,Unknown,price ranged Rs.260.00-280.00/kg.,Stable
weekly_06_2025_Eng.txt,rice,Decrease,the highest price decrease of 30% was,Decrease
weekly_06_2025_Eng.txt,rice,Increase,price increase of 18% was recorded for raw,Increase
weekly_06_2025_Eng.txt,rice,Unknown,"price for major paddy varieties, the mill",Stable
weekly_06_2025_Eng.txt,rice,Unknown,"than certified price. As a result, the prices",Stable
weekly_06_2025_Eng.txt,rice,Unknown,"Accordingly, the price of short grain paddy",Stable
weekly_06_2025_Eng.txt,rice,Unknown,Kalawewa areas while its prices ranged,Stable
weekly_06_2025_Eng.txt,rice,Increase,price increase of Rs.3.00-9.00/kg for keeri,Increase
weekly_06_2025_Eng.txt,rice,Unknown,samba paddy in those areas and the prices,Stable
weekly_06_2025_Eng.txt,rice,Unknown,average price of long grain white paddy has,Stable
weekly_06_2025_Eng.txt,rice,Unknown,prices ranged Rs.105.00-128.00/kg.,Stable
weekly_06_2025_Eng.txt,rice,Unknown,"However, the prices of short grain, keeri",Stable
weekly_06_2025_Eng.txt,rice,Unknown,"Subsequently, the average price of long",Stable
weekly_06_2025_Eng.txt,rice,Unknown,reported Rs.118.00-132.00/kg price range,Stable
weekly_06_2025_Eng.txt,rice,Unknown,the average prices of all the major paddy,Stable
weekly_06_2025_Eng.txt,rice,Decrease,price of keeri samba paddy has decreased,Decrease
weekly_06_2025_Eng.txt,rice,Unknown,The price of imported dried chilies has,Stable
weekly_06_2025_Eng.txt,rice,Decrease,decreased by 3% and the price ranged,Decrease
weekly_06_2025_Eng.txt,rice,Unknown,current wholesale price of imported dried,Stable
weekly_06_2025_Eng.txt,rice,Decrease,"In line with decreased wholesale prices, the",Decrease
weekly_06_2025_Eng.txt,rice,Unknown,retail price of imported dried chilli has not,Stable
weekly_06_2025_Eng.txt,rice,Unknown,changed significantly and the price ranged,Stable
weekly_06_2025_Eng.txt,rice,Unknown,the current retail price of imported dried,Stable
weekly_06_2025_Eng.txt,onion,Unknown,Onion,Stable
weekly_06_2025_Eng.txt,rice,Increase,Price of imported red onion has increased,Increase
weekly_06_2025_Eng.txt,rice,Unknown,by 2% and the price ranged Rs.300.00-,Stable
weekly_06_2025_Eng.txt,onion,Unknown,400.00/kg. Sinan red onion was also,Stable
weekly_06_2025_Eng.txt,rice,Unknown,available at the market and price ranged,Stable
weekly_06_2025_Eng.txt,rice,Unknown,Rs.180.00-220.00/kg. Price of imported,Stable
weekly_06_2025_Eng.txt,onion,Decrease,big onion has decreased by 12% due to,Decrease
weekly_06_2025_Eng.txt,rice,Unknown,price ranged Rs.110.00-145.00/kg.,Stable
weekly_06_2025_Eng.txt,rice,Unknown,current wholesale price of imported red,Stable
weekly_06_2025_Eng.txt,onion,Increase,onion has increased by 58% while,Increase
weekly_06_2025_Eng.txt,onion,Decrease,imported big onion has decreased by 58%.,Decrease
weekly_06_2025_Eng.txt,rice,Unknown,Retail prices of imported red onion and,Stable
weekly_06_2025_Eng.txt,onion,Decrease,imported big onion have decreased by,Decrease
weekly_06_2025_Eng.txt,rice,Unknown,the current retail price of imported red onion,Stable
weekly_06_2025_Eng.txt,onion,Decrease,onion has decreased by 52% respectively.,Decrease
weekly_06_2025_Eng.txt,potato,Unknown,Potato,Stable
weekly_06_2025_Eng.txt,rice,Unknown,Price of Nuwara Eliya and imported,Stable
weekly_06_2025_Eng.txt,potato,Decrease,potatoes have decreased by 8% and 3% due,Decrease
weekly_06_2025_Eng.txt,rice,Unknown,prices ranged Rs.260.00-330.00/kg and,Stable
weekly_06_2025_Eng.txt,rice,Unknown,current wholesale price of Nuwara Eliya,Stable
weekly_06_2025_Eng.txt,potato,Decrease,potato has decreased by 7% while imported,Decrease
weekly_06_2025_Eng.txt,potato,Increase,potato has increased by 14%.,Increase
weekly_06_2025_Eng.txt,rice,Decrease,"In line with decreased wholesale prices, the",Decrease
weekly_06_2025_Eng.txt,rice,Unknown,retail prices of all types of potatoes have,Stable
weekly_06_2025_Eng.txt,rice,Decrease,decreased. Retail prices of imported and,Decrease
weekly_06_2025_Eng.txt,potato,Decrease,Nuwara Eliya potatoes have decreased by,Decrease
weekly_06_2025_Eng.txt,rice,Unknown,the current retail price of Nuwara Eliya,Stable
weekly_06_2025_Eng.txt,potato,Increase,potato has increased by 6% while the retail,Increase
weekly_06_2025_Eng.txt,rice,Decrease,price of imported potato has decreased by,Decrease
weekly_06_2025_Eng.txt,rice,Increase,Price of green gram has increased by,Increase
weekly_06_2025_Eng.txt,rice,Unknown,3% and the price ranged Rs.550.00-,Stable
weekly_06_2025_Eng.txt,rice,Unknown,690.00/kg. Price of red cowpea has,Stable
weekly_06_2025_Eng.txt,rice,Unknown,quality stocks and the price ranged,Stable
weekly_06_2025_Eng.txt,rice,Unknown,Rs.500.00-600.00/kg. Prices of white,Stable
weekly_06_2025_Eng.txt,dhal,Unknown,cowpea and red dhal have not changed,Stable
weekly_06_2025_Eng.txt,rice,Unknown,significantly and average prices,Stable
weekly_06_2025_Eng.txt,rice,Unknown,current wholesale prices of all the types of,Stable
weekly_06_2025_Eng.txt,rice,Unknown,"The retail prices of all the types of pulses,",Stable
weekly_06_2025_Eng.txt,rice,Decrease,"Among those, the highest price decrease of",Decrease
weekly_06_2025_Eng.txt,rice,Increase,The retail price of green gram has increased,Increase
weekly_06_2025_Eng.txt,rice,Unknown,the current retail prices of all types of pulses,Stable
weekly_06_2025_Eng.txt,rice,Decrease,have decreased with the highest price,Decrease
weekly_06_2025_Eng.txt,vegetable,Unknown,Vegetable,Stable
weekly_06_2025_Eng.txt,rice,Unknown,Prices of most of the vegetables have,Stable
weekly_06_2025_Eng.txt,vegetable,Unknown,"Considering up country vegetables, the",Increase
weekly_06_2025_Eng.txt,rice,Decrease,highest price decrease was reported for,Decrease
weekly_06_2025_Eng.txt,rice,Unknown,"prices of carrot, cabbage and knol-khol",Stable
weekly_06_2025_Eng.txt,rice,Unknown,"and Kandy areas. Further, the price of",Stable
weekly_06_2025_Eng.txt,rice,Increase,price of capsicum has increased by 4%.,Increase
weekly_06_2025_Eng.txt,vegetable,Unknown,"Considering low-country vegetables, most",Stable
weekly_06_2025_Eng.txt,rice,Unknown,of the vegetable varieties experienced price,Stable
weekly_06_2025_Eng.txt,rice,Decrease,prices have decreased considerably.,Decrease
weekly_06_2025_Eng.txt,rice,Unknown,"However, the prices of brinjal, ash plantain",Stable
weekly_06_2025_Eng.txt,rice,Unknown,"stocks. In addition, the price of green",Stable
weekly_06_2025_Eng.txt,rice,Decrease,decreased supply from Jaffna and the price,Increase
weekly_06_2025_Eng.txt,rice,Unknown,wholesale prices of most vegetable have,Stable
weekly_06_2025_Eng.txt,rice,Decrease,"decreased, with the highest price decrease",Decrease
weekly_06_2025_Eng.txt,rice,Unknown,Retail prices of most of the vegetable,Stable
weekly_06_2025_Eng.txt,rice,Unknown,downward wholesale price trend.,Decrease
weekly_06_2025_Eng.txt,vegetable,Unknown,"Considering the up-country vegetables, the",Increase
weekly_06_2025_Eng.txt,rice,Decrease,highest price decrease was reported for,Decrease
weekly_06_2025_Eng.txt,rice,Unknown,"at Rs.48.00/kg. Moreover, the price of",Stable
weekly_06_2025_Eng.txt,vegetable,Unknown,Considering the low-country vegetable,Stable
weekly_06_2025_Eng.txt,rice,Unknown,"varieties, long bean price  showed",Stable
weekly_06_2025_Eng.txt,rice,Decrease,a significant price decrease of,Decrease
weekly_06_2025_Eng.txt,rice,Unknown,(Rs.28.00/kg). Lime has shown a price,Stable
weekly_06_2025_Eng.txt,rice,Increase,(Rs.70.00/kg) showed a price increase,Increase
weekly_06_2025_Eng.txt,rice,Unknown,current retail prices of most of the varieties,Stable
weekly_06_2025_Eng.txt,rice,Decrease,have decreased while a notable price drop,Decrease
weekly_06_2025_Eng.txt,coconut,Unknown,Coconut,Stable
weekly_06_2025_Eng.txt,rice,Unknown,Prices of both large and small nuts have,Stable
weekly_06_2025_Eng.txt,rice,Increase,increased by 1%. Price ranges were,Increase
weekly_06_2025_Eng.txt,rice,Unknown,the current wholesale prices of large and,Stable
weekly_06_2025_Eng.txt,rice,Unknown,Prices of large and small nuts showed a,Stable
weekly_06_2025_Eng.txt,rice,Unknown,Rs.9.00/nut respectively. Price ranges were,Stable
weekly_06_2025_Eng.txt,rice,Unknown,current retail prices of large nuts (98%) and,Stable
weekly_06_2025_Eng.txt,fruit,Unknown,Fruits,Stable
weekly_06_2025_Eng.txt,rice,Unknown,Prices of most of the fruit varieties have,Stable
weekly_06_2025_Eng.txt,rice,Increase,highest price increase of 76% was reported,Increase
weekly_06_2025_Eng.txt,rice,Increase,Papaw prices have increased by 43% due,Increase
weekly_06_2025_Eng.txt,rice,Unknown,"to dry weather. Further, the prices of",Stable
weekly_06_2025_Eng.txt,rice,Unknown,passionfruit and karthakolomban prices,Stable
weekly_06_2025_Eng.txt,rice,Unknown,"However, the prices of local orange and",Stable
weekly_06_2025_Eng.txt,rice,Unknown,the current wholesale prices for the most of,Stable
weekly_06_2025_Eng.txt,fruit,Increase,the fruits have increased with the highest,Increase
weekly_06_2025_Eng.txt,rice,Increase,price increase of 57% reported for king,Increase
weekly_06_2025_Eng.txt,coconut,Unknown,coconut.,Stable
weekly_06_2025_Eng.txt,rice,Unknown,Retail prices of most of fruits have,Stable
weekly_06_2025_Eng.txt,rice,Unknown,"wholesale prices. Among mango varieties,",Stable
weekly_06_2025_Eng.txt,rice,Increase,the highest price increase of,Increase
weekly_06_2025_Eng.txt,fruit,Unknown,Rs.128.00/fruit has recorded for,Stable
weekly_06_2025_Eng.txt,rice,Unknown,karthakolomban mango. The prices of all,Stable
weekly_06_2025_Eng.txt,rice,Unknown,from Rs.13.00-30.00/fruit. Price of papaw,Stable
weekly_06_2025_Eng.txt,rice,Increase,has increased by Rs.52.00/kg. Price of,Increase
weekly_06_2025_Eng.txt,fruit,Unknown,by Rs.52.00/fruit and Rs.32.00/fruit,Stable
weekly_06_2025_Eng.txt,rice,Unknown,"respectively. Further, the prices of avocado",Stable
weekly_06_2025_Eng.txt,coconut,Increase,and king coconut have increased by,Increase
weekly_06_2025_Eng.txt,fruit,Unknown,Rs.21.00/fruit and Rs.19.00/fruit. In,Stable
weekly_06_2025_Eng.txt,rice,Unknown,"addition, the prices of slime apple and",Stable
weekly_06_2025_Eng.txt,fruit,Decrease,orange have decreased by Rs.11.00/fruit,Decrease
weekly_06_2025_Eng.txt,fruit,Unknown,and Rs.12.00/fruit.,Stable
weekly_06_2025_Eng.txt,rice,Unknown,the current retail prices of the fruits have,Stable
weekly_06_2025_Eng.txt,rice,Decrease,decreased with the highest price decrease,Decrease
weekly_06_2025_Eng.txt,fish,Unknown,Fresh Fish,Stable
weekly_06_2025_Eng.txt,rice,Unknown,Wholesale prices of most of the fresh fish,Stable
weekly_06_2025_Eng.txt,rice,Decrease,"supply. Price decrease of 24%, 21%, 18%",Increase
weekly_06_2025_Eng.txt,rice,Increase,"However, a price increase of 27% was",Increase
weekly_06_2025_Eng.txt,rice,Unknown,"Galle, Mirissa and Beruwala areas. Prices",Stable
weekly_06_2025_Eng.txt,fish,Unknown,of other fresh fish verities have not,Stable
weekly_06_2025_Eng.txt,rice,Unknown,the current wholesale prices of most of the,Stable
weekly_06_2025_Eng.txt,fish,Decrease,fresh fish types have decreased with the,Decrease
weekly_06_2025_Eng.txt,rice,Decrease,highest price decrease of 18% was noted,Decrease
weekly_06_2025_Eng.txt,rice,Unknown,Retail prices of all the fish varieties except,Stable
weekly_06_2025_Eng.txt,rice,Decrease,decreased with the highest price decrease,Decrease
weekly_06_2025_Eng.txt,rice,Decrease,second highest price decrease was recorded,Decrease
weekly_06_2025_Eng.txt,rice,Decrease,for paraw by Rs.227.00/kg. Price decrease,Decrease
weekly_06_2025_Eng.txt,rice,Decrease,respectively. Price decrease of thalapath,Decrease
weekly_06_2025_Eng.txt,rice,Unknown,the prices of salaya and kelawalla have,Stable
weekly_06_2025_Eng.txt,rice,Decrease,the highest price decrease was recorded for,Decrease
weekly_06_2025_Eng.txt,rice,Increase,balaya by 39%. The highest price increase,Increase
weekly_06_2025_Eng.txt,fish,Unknown,Dried Fish,Stable
weekly_06_2025_Eng.txt,rice,Unknown,Prices of most of the dried fish types have,Stable
weekly_06_2025_Eng.txt,rice,Decrease,dried fish A price decrease of 7% was,Decrease
weekly_06_2025_Eng.txt,rice,Increase,"areas. However, a price increase of 7% was",Increase
weekly_06_2025_Eng.txt,rice,Unknown,Negombo areas. Prices of other dried fish,Stable
weekly_06_2025_Eng.txt,rice,Unknown,the current wholesale prices of all the dried,Stable
weekly_06_2025_Eng.txt,fish,Unknown,fish types except l ocal salaya have,Stable
weekly_06_2025_Eng.txt,rice,Decrease,decreased with the highest price decrease,Decrease
weekly_06_2025_Eng.txt,rice,Unknown,Retail prices of all the dry fish varieties,Stable
weekly_06_2025_Eng.txt,rice,Decrease,decreased with the highest price decrease,Decrease
weekly_06_2025_Eng.txt,rice,Decrease,The second highest price decrease was,Decrease
weekly_06_2025_Eng.txt,rice,Increase,highest price increase was recorded for,Increase
weekly_06_2025_Eng.txt,rice,Increase,highest price increase was recorded for,Increase
weekly_06_2025_Eng.txt,rice,Unknown,the current retail prices of all the dry fish,Stable
weekly_06_2025_Eng.txt,rice,Decrease,decreased with the highest price decrease,Decrease
weekly_06_2025_Eng.txt,egg,Unknown,Eggs,Stable
weekly_06_2025_Eng.txt,rice,Unknown,Prices of both brown and white eggs have,Stable
weekly_06_2025_Eng.txt,rice,Increase,increased by 11% and their prices ranged,Increase
weekly_06_2025_Eng.txt,egg,Unknown,Rs. 33.00-35.00/egg and Rs.31.00 -,Stable
weekly_06_2025_Eng.txt,egg,Unknown,32.00/egg respectively.,Stable
weekly_06_2025_Eng.txt,rice,Unknown,the current wholesale prices of both brown,Stable
weekly_06_2025_Eng.txt,egg,Decrease,and white eggs have decreased by 42% and,Decrease
weekly_06_2025_Eng.txt,rice,Unknown,Prices of both brown and white eggs have,Stable
weekly_06_2025_Eng.txt,rice,Increase,increased and the price range of a white,Increase
weekly_06_2025_Eng.txt,rice,Unknown,egg was Rs.33.00-36.00 and the price,Stable
weekly_06_2025_Eng.txt,egg,Unknown,range of a brown egg was Rs.35.00-,Stable
weekly_06_2025_Eng.txt,rice,Unknown,Rs.40.00. The average prices of white and,Stable
weekly_06_2025_Eng.txt,egg,Unknown,brown egg types were recorded as Rs.35.00,Stable
weekly_06_2025_Eng.txt,rice,Unknown,the current retail prices of both egg,Stable
weekly_06_2025_Eng.txt,rice,Unknown,Prices of all the types of meat have,Stable
weekly_06_2025_Eng.txt,rice,Increase,increased and the highest price increase,Increase
weekly_06_2025_Eng.txt,chicken,Unknown,was recorded for curry chicken by,Stable
weekly_06_2025_Eng.txt,rice,Increase,Rs.107.00/kg. Price increase of beef and,Increase
weekly_06_2025_Eng.txt,chicken,Unknown,broiler chicken have recorded as,Stable
weekly_06_2025_Eng.txt,rice,Increase,Price increase of mutton and pork have,Increase
weekly_06_2025_Eng.txt,rice,Unknown,"the current prices of all the meat types,",Stable
weekly_06_2025_Eng.txt,chicken,Unknown,except broiler and curry chicken have,Stable
weekly_06_2025_Eng.txt,rice,Increase,increased. The highest price increase was,Increase
weekly_06_2025_Eng.txt,rice,Unknown,wholesale and retail prices of selected food,Stable
weekly_06_2025_Eng.txt,rice,Unknown,"prevailing prices, price ranges, averages, and a",Stable
weekly_06_2025_Eng.txt,rice,Unknown,comparison of weekly prices. The changes in,Stable
weekly_06_2025_Eng.txt,rice,Unknown,prices reported are always with price prevailed,Stable
weekly_06_2025_Eng.txt,rice,Unknown,The frequency of collection of wholesale price,Stable
weekly_06_2025_Eng.txt,rice,Unknown,"Friday) while with retail prices, it is thrice a",Stable
weekly_06_2025_Eng.txt,rice,Unknown,Rice VarietiesLOCATIONS,Stable
weekly_06_2025_Eng.txt,rice,Unknown,Table 01: Selected Markets:Wholesale Price of Rice (Rs/50kg bag),Stable
weekly_06_2025_Eng.txt,rice,Unknown,Table 02: Selected Markets: Retail Price of Rice (Rs/kg),Stable
weekly_06_2025_Eng.txt,rice,Unknown,LOCATIONS Rice Varieties,Stable
weekly_06_2025_Eng.txt,rice,Unknown,Table 04: Selected Markets:Wholesale Price of Subsidiary Food (Rs/50kg),Stable
weekly_06_2025_Eng.txt,onion,Unknown,Dried Chillies Red Onion Big Onion PotatoLOCATION Imported Imported Local Imported Welimada,Stable
weekly_06_2025_Eng.txt,dhal,Unknown,Green Gram Cowpea Red Dhal,Stable
weekly_06_2025_Eng.txt,rice,Unknown,Table 05: Selected Markets: Retail Price of Subsidiary Food Crops (Rs/kg),Stable
weekly_06_2025_Eng.txt,onion,Unknown,Dried Chillies Red Onion Big Onion Potato Pulses,Stable
weekly_06_2025_Eng.txt,dhal,Unknown,Green Gram Cowpea Red Dhal,Stable
weekly_06_2025_Eng.txt,rice,Unknown,Table 06: Selected Markets: Wholesale Price of Vegetables(Rs/kg),Stable
weekly_06_2025_Eng.txt,potato,Unknown,ManiocLong Beans Ash Plantain Green Chillies Lime Sweet Potatoe,Stable
weekly_06_2025_Eng.txt,rice,Unknown,"Colombo, Meegoda, Norochchole, Jaffna,Dambulla and Kandy - Gotukola Price Rs/Kg",Stable
weekly_06_2025_Eng.txt,vegetable,Unknown,Leafy Vegetables (Rs/bundle),Stable
weekly_06_2025_Eng.txt,coconut,Unknown,Coconut (Rs/nut),Stable
weekly_06_2025_Eng.txt,rice,Unknown,Table 07: Selected Markets: Retail Price of Vegetables (Rs/kg),Stable
weekly_06_2025_Eng.txt,potato,Unknown,Sweet Potato Large Small,Stable
weekly_06_2025_Eng.txt,vegetable,Unknown,Low Country Varieties Leafy Vegetable Coconut (Rs/nut),Stable
weekly_06_2025_Eng.txt,rice,Unknown,Table 08: Selected Markets: Retail Price of Fruits (Rs/each & Rs/kg),Stable
weekly_06_2025_Eng.txt,fruit,Unknown,Mango Other Fruits,Stable
weekly_06_2025_Eng.txt,coconut,Unknown,Passion Avocado Slime Apple Grapes (Rs/kg) King CoconutWood Apple Orange,Stable
weekly_06_2025_Eng.txt,fish,Unknown,Local Dried Fish Imported Dried Fish,Stable
weekly_06_2025_Eng.txt,fish,Unknown,Imported Dried Fish,Stable
weekly_06_2025_Eng.txt,fish,Unknown,Local Dried Fish,Stable
weekly_06_2025_Eng.txt,rice,Unknown,Table 10: Selected Markets: Wholesale Price of Dried Fish (Rs/50kg),Stable
weekly_06_2025_Eng.txt,fish,Unknown,Sea Fish Eggs,Stable
weekly_06_2025_Eng.txt,rice,Unknown,Table 09: Selected Markets: Wholesale Price of Fresh Fish & Eggs (Rs/kg & Rs/egg),Stable
weekly_06_2025_Eng.txt,fish,Unknown,Sea FishLocations,Stable
weekly_06_2025_Eng.txt,rice,Unknown,Table 11: Selected Markets: Retail Price of Fresh Fish & Eggs (Rs/kg & Rs/eggs),Stable
weekly_06_2025_Eng.txt,fish,Unknown,Sea Fish EggsLOCATIONS,Stable
weekly_06_2025_Eng.txt,rice,Unknown,Table 12: Selected Markets: Retail Price of Dried Fish (Rs/kg),Stable
weekly_06_2025_Eng.txt,fish,Unknown,Dried FishLOCATIONS Sprats-Imported Kattawa Thora Mora Balaya,Stable
weekly_06_2025_Eng.txt,rice,Unknown,Table 13: Selected Markets: Retail Price of Meat (Rs/kg),Stable
weekly_06_2025_Eng.txt,chicken,Unknown,Meat Meat (Chicken) Meat,Stable
weekly_06_2025_Eng.txt,rice,Unknown,Rice Coconut,Stable
weekly_06_2025_Eng.txt,fruit,Unknown,Keeri Samba 255.00−267.00260.00255.00327.50 1.96 -20.61Fruits (Rs/fruit),Stable
weekly_06_2025_Eng.txt,fruit,Unknown,Raw (Red) − Passion Fruit 70.00− 100.00 91.00 66.25113.33 37.36 -19.71,Stable
weekly_06_2025_Eng.txt,onion,Unknown,Onion Mango,Stable
weekly_06_2025_Eng.txt,onion,Unknown,Big Onion Kohu −,Stable
weekly_06_2025_Eng.txt,potato,Unknown,Potato Orange 35.00− 50.00 43.20 54.44 60.00 -20.65 -28.00,Stable
weekly_06_2025_Eng.txt,coconut,Unknown,Pulses King Coconut 160.00− 180.00 172.50 164.44110.00 4.90 56.82,Stable
weekly_06_2025_Eng.txt,fish,Unknown,Cowpea (White) 600.00−650.00633.33641.671015.00 -1.30 -37.60Sea Fish,Stable
weekly_06_2025_Eng.txt,dhal,Unknown,Red Dhal 265.00−275.00269.29271.67298.33 -0.88 -9.74Hurulla 600.00− 800.00 705.00 932.22543.00 -24.37 29.83,Stable
weekly_06_2025_Eng.txt,vegetable,Unknown,Vegetable Balaya 600.00− 800.00 689.17 725.83713.00 -5.05 -3.34,Stable
weekly_06_2025_Eng.txt,egg,Unknown,Raddish 80.00−150.00116.00133.00123.00 -12.78 -5.69Eggs,Stable
weekly_06_2025_Eng.txt,fish,Unknown,Ladies Fingers 180.00−250.00214.00244.00270.00 -12.30 -20.74Dried Fish,Stable
weekly_06_2025_Eng.txt,potato,Unknown,Sweet Potato 150.00−170.00164.00163.00160.00 0.61 2.50Maduwa (Imported) −,Stable
weekly_06_2025_Eng.txt,vegetable,Unknown,Leafy Vegetable Koduwa (Imported) −,Stable
weekly_06_2025_Eng.txt,rice,Unknown,Table 14: Colombo: Wholesale Prices (Rs/kg or Rs/piece),Stable
weekly_06_2025_Eng.txt,rice,Unknown,Average Price Change Compared to,Stable
weekly_06_2025_Eng.txt,rice,Unknown,Average Price,Stable
weekly_06_2025_Eng.txt,rice,Unknown,Rice Coconut,Stable
weekly_06_2025_Eng.txt,fruit,Unknown,Keeri Samba 260.00− 280.00266.79 263.45378.57 3.34-29.53Fruits (Rs/fruit),Stable
weekly_06_2025_Eng.txt,fruit,Unknown,Raw (Red) − Passion Fruit 100.00− 190.00127.14 95.56 149.00 31.59 -14.67,Stable
weekly_06_2025_Eng.txt,onion,Unknown,Onion Mango,Stable
weekly_06_2025_Eng.txt,onion,Unknown,Big Onion Kohu −,Stable
weekly_06_2025_Eng.txt,potato,Unknown,Potato Orange 60.00− 140.00 97.00108.80 107.38 -11.80 -9.67,Stable
weekly_06_2025_Eng.txt,coconut,Unknown,Pulses King Coconut 190.00− 250.00214.71195.80 146.15 18.91 46.90,Stable
weekly_06_2025_Eng.txt,fish,Unknown,Cowpea (White) 700.00− 960.00810.37 865.671223.08-55.30-33.74Sea Fish,Stable
weekly_06_2025_Eng.txt,dhal,Unknown,Red Dhal 280.00− 360.00307.37 310.64341.33 -3.27 -9.95Hurulla 800.00−1200.00954.621114.67 856.11-160.05 11.51,Stable
weekly_06_2025_Eng.txt,vegetable,Unknown,Vegetable Balaya 700.00− 900.00772.22956.671272.73-184.44 -39.33,Stable
weekly_06_2025_Eng.txt,egg,Unknown,Raddish 180.00− 320.00248.93 286.15294.19-37.23-15.39Eggs,Stable
weekly_06_2025_Eng.txt,fish,Unknown,Ladies Fingers 250.00− 450.00353.85 357.31475.81 -3.46-25.63Dried Fish,Stable
weekly_06_2025_Eng.txt,chicken,Unknown,Root Crops Chicken (Broiler) 1050.00−1260.001164.171136.881239.09 27.29 -6.05,Stable
weekly_06_2025_Eng.txt,potato,Unknown,Sweet Potato 200.00− 340.00293.79 278.26334.64 15.53-12.21Chicken (Curry) 1000.00−1350.001160.001053.081265.00 106.92 -8.30,Stable
weekly_06_2025_Eng.txt,vegetable,Unknown,Leafy Vegetable Pork 1200.00−1300.001283.331262.501280.00 20.83 0.26,Stable
weekly_06_2025_Eng.txt,rice,Unknown,Table 15: Colombo &Suburbs: Retail Prices (Rs/kg or Rs/piece),Stable
weekly_06_2025_Eng.txt,rice,Unknown,Average Price Change Compared to,Stable
weekly_06_2025_Eng.txt,rice,Unknown,Average Price Change Compared to,Stable
weekly_06_2025_Eng.txt,vegetable,Unknown,Paddy Vegetable (Up Country) Snake Gourd,Increase
weekly_06_2025_Eng.txt,onion,Unknown,Red Onion Badulla − Long Beans,Stable
weekly_06_2025_Eng.txt,onion,Unknown,Big Onion Welimada 80.00−100.00 92.00Embilipitiya 200.00−220.00207.50,Stable
weekly_06_2025_Eng.txt,potato,Unknown,Potato Hambantota −,Stable
weekly_06_2025_Eng.txt,vegetable,Unknown,N'Eliya 240.00−250.00244.00Vegetable (Low Country) Embilipitiya 100.00−120.00112.50,Stable
weekly_06_2025_Eng.txt,fruit,Unknown,Moneragala 480.00−500.00488.00Brinjal Fruits (Rs/kg),Stable
weekly_06_2025_Eng.txt,rice,Unknown,Table 16: Farmgate/Producer Prices of Food Commodities in Selected Producing Areas (Rs/kg),Stable
weekly_06_2025_Eng.txt,rice,Unknown,PriceCOMMODITY Range Average,Stable
weekly_06_2025_Eng.txt,rice,Unknown,Price COMMODITY Range Average,Stable
weekly_06_2025_Eng.txt,rice,Unknown,Price COMMODITY,Stable
weekly_06_2025_Eng.txt,rice,Unknown,Rice,Stable
weekly_06_2025_Eng.txt,onion,Unknown,Red Onion,Stable
weekly_06_2025_Eng.txt,onion,Unknown,Big Onion,Stable
weekly_06_2025_Eng.txt,potato,Unknown,Potato,Stable
weekly_06_2025_Eng.txt,dhal,Unknown,Red Dhal 280.00− 300.00 300.00− 360.00 280.00− 320.00300.00− 320.00300.00− 360.00290.00− 320.00280.00− 300.00280.00− 320.00 280.00− 320.00,Stable
weekly_06_2025_Eng.txt,rice,Unknown,Annex 01 - Colombo Markets: Retail Prices of Rice and Subsidiary Food Crops (Rs/kg) Week 06: 07 - 13 Feb 2025,Stable
weekly_06_2025_Eng.txt,vegetable,Unknown,Vegetable,Stable
weekly_06_2025_Eng.txt,potato,Unknown,Sweet Potato 200.00− 250.00 320.00− 340.00 280.00− 320.00 280.00 − 320.00 300.00− 340.00 320.00− 340.00 220.00− 240.00 320.00− 330.00300.00− 320.00,Stable
weekly_06_2025_Eng.txt,vegetable,Unknown,Leafy Vegetable,Stable
weekly_06_2025_Eng.txt,coconut,Unknown,Coconut,Stable
weekly_06_2025_Eng.txt,rice,Unknown,Annex 02 - Colombo Markets: Retail Prices of Vegetables (Rs/kg) and Coconut (Rs/nut),Stable
weekly_06_2025_Eng.txt,fruit,Unknown,Other Fruits,Stable
weekly_06_2025_Eng.txt,coconut,Unknown,King Coconut 220.00− 250.00 250.00− 250.00220.00− 250.00 220.00− 220.00200.00− 200.00200.00− 200.00190.00− 200.00 190.00− 190.00 190.00−200.00,Stable
weekly_06_2025_Eng.txt,rice,Unknown,Annex 03 - Colombo Markets: Retail Prices of Fruits (Rs/fruit),Stable
weekly_06_2025_Eng.txt,fish,Unknown,Sea Fish,Stable
weekly_06_2025_Eng.txt,egg,Unknown,30 Eggs (Rs/egg),Stable
weekly_06_2025_Eng.txt,fish,Unknown,Dried Fish,Stable
weekly_06_2025_Eng.txt,chicken,Unknown,Chicken (Broiler) 1050.00−1050.001180.00−1180.001260.00−1260.001200.00−1260.001130.00−1130.001100.00−1100.001150.00−1150.001130.00−1150.001100.00−1100.00,Stable
weekly_06_2025_Eng.txt,chicken,Unknown,Chicken (Curry) 1000.00−1000.001180.00−1180.001350.00−1350.001250.00−1260.001000.00−1000.001000.00−1000.001050.00−1050.00 − −,Stable
weekly_06_2025_Eng.txt,rice,Unknown,Annex 04 - Colombo Markets: Retail Prices of Sea Fish and Dried Fish (Rs/kg),Stable
weekly_06_2025_Eng.txt,rice,Unknown,Rice - (white Kekulu - normal ) 361 9.88 1.52 - 0.03 0.09 10.67 - 6.94 26.29 1.22 1.5,Stable
weekly_06_2025_Eng.txt,rice,Unknown,Rice - (white Kekulu Samba) 355 8.81 1.53 - 0.03 0.09 8.11 - 9.82 30.48 0.92 1.7,Stable
weekly_06_2025_Eng.txt,rice,Unknown,Rice - ( Red Kekulu - normal ) 366 8.64 2.12 - 0.05 0.1 8.39 - 4.73 31.7 0.88 1.84,Stable
weekly_06_2025_Eng.txt,rice,Unknown,Rice -Samba 369 6.86 2.45 - 0.05 0.13 12.79 - 8.71 37.26 1.18 1.49,Stable
weekly_06_2025_Eng.txt,rice,Unknown,Rice - Nadu White 366 7.76 1.48 - 0.03 0.12 9.35 - 4.57 20.1 0.64 1.61,Stable
weekly_06_2025_Eng.txt,onion,Unknown,Onion,Stable
weekly_06_2025_Eng.txt,onion,Unknown,Big onions 48 1.67 0.24 0.16 0.01 0.1 32.99 7.58 14.82 16.94 0.45 0.25,Stable
weekly_06_2025_Eng.txt,onion,Unknown,Red onions 55 2.13 0.15 0.18 0.02 0.13 30.15 14.26 20.37 19.32 0.31 0.28,Stable
weekly_06_2025_Eng.txt,potato,Unknown,Potatoes 71 1.67 0.25 0.01 0.09 14.31 20.5 9.83 23.84 0.46 0.29,Stable
weekly_06_2025_Eng.txt,dhal,Unknown,Red Dhal 319 23.09 0.77 1.06 1.6 0.22 55 NA 41.27 66.63 7.45 3.34,Stable
weekly_06_2025_Eng.txt,vegetable,Unknown,Vegetables,Stable
weekly_06_2025_Eng.txt,rice,Unknown,Rice,Stable
weekly_06_2025_Eng.txt,egg,Unknown,Brinjal (Chinese eggplant) 24 1.28 0.33 16.83 0.12 0.11 32.94 3.37 14.4 21.18 0.28 0.16,Stable
weekly_06_2025_Eng.txt,egg,Unknown,Thalana batu (Thai eggplant) 21 1.45 0.26 18.33 0.11 0.09 31.18 2.71 17.24 37.22 0.37 0.24,Stable
weekly_06_2025_Eng.txt,coconut,Unknown,Coconuts nuts 390 3.67 39.92 - 0.05 0.11 14.86 -,Stable
weekly_06_2025_Eng.txt,potato,Unknown,Sweet potato 108 1.27 0.33 NA 0.04 0.09 14.44 22.2 28.93 21.05 0.51 0.14,Stable
weekly_06_2025_Eng.txt,vegetable,Unknown,Leafy Vegetables,Stable
weekly_06_2025_Eng.txt,onion,Unknown,Onion leaves 27 2.01 0.26 NA 0.04 0.18 56.8 23.38 35.21 74.95 3.15 0.77,Stable
weekly_06_2025_Eng.txt,fruit,Unknown,Jackfruit pods 25 2.14 0.34 NA 0.03 0.04 30.7 24.77 37.32 26.08 0.3 0.17,Stable
weekly_06_2025_Eng.txt,fruit,Unknown,Jackfruit seeds 77 5.66 0.44 NA 0.02 0.08 58.91 15.24 40.87 50.14 0.52 0.42,Stable
weekly_06_2025_Eng.txt,chicken,Unknown,Chicken 176 23.14 9.24 6.88 0.07 0.49 10.09 - 15.06 20.18 0.75 0.64,Stable
weekly_06_2025_Eng.txt,fish,Unknown,Fish,Stable
weekly_06_2025_Eng.txt,fish,Unknown,Cuttle fish 76 16.82 0.93 1.93 0.02 0.04 6.22 8.73 35.46 0.62 1.3,Stable
weekly_06_2025_Eng.txt,fish,Unknown,Dried Fish,Stable
weekly_06_2025_Eng.txt,egg,Unknown,Eggs,Stable
weekly_06_2025_Eng.txt,egg,Unknown,Hen eggs (Country) 170 13.14 13 208 0.08 0.18 54.6 50.14 11.04 1.64 1.12,Stable
weekly_06_2025_Eng.txt,egg,Unknown,Hen eggs (Table) 135 13.55 9.03 200 0.19 0.19 49.46 63.3 12 2.39 1.73,Stable
weekly_06_2025_Eng.txt,egg,Unknown,Quail eggs 153 12.39 11.46 153 0.11 0.17 54.86 60.67 11.21 2.55 1.51,Stable
weekly_06_2025_Eng.txt,fruit,Unknown,Fruits,Stable
weekly_06_2025_Eng.txt,rice,Unknown,Price Collecting Areas,Stable
weekly_07_2025_Eng.txt,vegetable,Unknown,Vegetables,Stable
weekly_07_2025_Eng.txt,coconut,Unknown,Coconut,Stable
weekly_07_2025_Eng.txt,rice,Unknown,Paddy/ Rice,Stable
weekly_07_2025_Eng.txt,rice,Increase,Prices of both large and small nuts have increased. Price,Increase
weekly_07_2025_Eng.txt,rice,Decrease,Prices of imported red onion has decreased while,Decrease
weekly_07_2025_Eng.txt,rice,Increase,"imported big onion has increased. As well, prices of all",Increase
weekly_07_2025_Eng.txt,rice,Increase,types of potatoes have increased with the highest price,Increase
weekly_07_2025_Eng.txt,rice,Increase,increase noted for imported potato and price ranged as,Increase
weekly_07_2025_Eng.txt,rice,Unknown,Rs.200.00-260.00/kg. Prices of all pulses except for,Stable
weekly_07_2025_Eng.txt,rice,Decrease,Prices of most of the vegetables have decreased. Among,Decrease
weekly_07_2025_Eng.txt,vegetable,Decrease,"the upcountry vegetables, the highest decrease reported",Increase
weekly_07_2025_Eng.txt,vegetable,Unknown,"for green beans. Considering low country vegetable, the",Stable
weekly_07_2025_Eng.txt,rice,Decrease,highest price decrease reported for long beans.,Decrease
weekly_07_2025_Eng.txt,rice,Unknown,Retail prices of all types of rice varieties except for,Stable
weekly_07_2025_Eng.txt,rice,Decrease,The highest price decrease was noted for local raw,Decrease
weekly_07_2025_Eng.txt,rice,Unknown,white and price ranged as Rs.220.00-260.00/kg.,Stable
weekly_07_2025_Eng.txt,rice,Unknown,The average prices of paddy have fluctuated in most of,Stable
weekly_07_2025_Eng.txt,rice,Unknown,Rice,Stable
weekly_07_2025_Eng.txt,rice,Unknown,Prices of all local rice varieties have not,Stable
weekly_07_2025_Eng.txt,rice,Increase,increased significantly and average Price,Increase
weekly_07_2025_Eng.txt,rice,Unknown,• Imported rice varieties was also available,Stable
weekly_07_2025_Eng.txt,rice,Unknown,sufficient stocks and price ranged as,Stable
weekly_07_2025_Eng.txt,rice,Unknown,• Average price of imported ponni samba,Stable
weekly_07_2025_Eng.txt,rice,Unknown,of the rice varieties have seen price,Stable
weekly_07_2025_Eng.txt,rice,Increase,"increases, with the highest price of 26% for",Increase
weekly_07_2025_Eng.txt,rice,Unknown,raw red. price of keeri samba and imported,Stable
weekly_07_2025_Eng.txt,rice,Unknown,The retail prices of all types of rice,Stable
weekly_07_2025_Eng.txt,rice,Decrease,"Among those, a highest price decrease of",Decrease
weekly_07_2025_Eng.txt,rice,Unknown,white. The retail price of local samba and,Stable
weekly_07_2025_Eng.txt,rice,Increase,the highest price increase of 17% was,Increase
weekly_07_2025_Eng.txt,rice,Unknown,recorded for raw red and the highest price,Stable
weekly_07_2025_Eng.txt,rice,Unknown,average prices of paddy have fluctuated in,Stable
weekly_07_2025_Eng.txt,rice,Unknown,"Accordingly, price of short grin paddy has",Stable
weekly_07_2025_Eng.txt,rice,Unknown,Its prices have ranged Rs.110.0-135.00/kg.,Stable
weekly_07_2025_Eng.txt,rice,Unknown,"Futher, average farmgate price of keeri",Stable
weekly_07_2025_Eng.txt,rice,Unknown,price range was between Rs.117.00-,Stable
weekly_07_2025_Eng.txt,rice,Increase,Rs.2.00-3.00/kg price increase in,Increase
weekly_07_2025_Eng.txt,rice,Decrease,price decrease of Rs.1.00 -5.00/kg in,Decrease
weekly_07_2025_Eng.txt,rice,Unknown,grain white paddy. Its prices have ranged,Stable
weekly_07_2025_Eng.txt,rice,Unknown,reported Rs.5.00/kg and Rs.4.00/kg price,Stable
weekly_07_2025_Eng.txt,rice,Unknown,136.00/kg price range.,Stable
weekly_07_2025_Eng.txt,rice,Unknown,the average farmgate prices of major paddy,Stable
weekly_07_2025_Eng.txt,rice,Decrease,samba paddy price has decreased by 2%-,Decrease
weekly_07_2025_Eng.txt,rice,Unknown,The price of imported dried chilies has not,Stable
weekly_07_2025_Eng.txt,rice,Increase,increased significantly and price ranged,Increase
weekly_07_2025_Eng.txt,rice,Unknown,current whole sale price of imported dried,Stable
weekly_07_2025_Eng.txt,rice,Decrease,"In line with decreased wholesale prices, the",Decrease
weekly_07_2025_Eng.txt,rice,Unknown,retail price of imported dried chilies has,Stable
weekly_07_2025_Eng.txt,rice,Unknown,the current retail price of imported dried,Stable
weekly_07_2025_Eng.txt,onion,Unknown,Onion,Stable
weekly_07_2025_Eng.txt,rice,Decrease,Price of imported red onion has decreased,Decrease
weekly_07_2025_Eng.txt,rice,Unknown,stocks and price ranged Rs.280.00 -,Stable
weekly_07_2025_Eng.txt,rice,Unknown,330.00/kg. Price of imported big onion has,Stable
weekly_07_2025_Eng.txt,rice,Unknown,sufficient stocks and price ranged,Stable
weekly_07_2025_Eng.txt,rice,Unknown,current whole sale price of imported red,Stable
weekly_07_2025_Eng.txt,onion,Increase,onion has increased by 24% while,Increase
weekly_07_2025_Eng.txt,onion,Decrease,imported big onion has decreased by 55%.,Decrease
weekly_07_2025_Eng.txt,rice,Unknown,The retail price of imported red onion has,Stable
weekly_07_2025_Eng.txt,onion,Increase,onion has increased by Rs.20.00/kg.,Increase
weekly_07_2025_Eng.txt,rice,Unknown,the current retail price of imported red,Stable
weekly_07_2025_Eng.txt,onion,Increase,onion has increased by 28% and imported,Increase
weekly_07_2025_Eng.txt,onion,Decrease,big onion has decreased by 47%,Decrease
weekly_07_2025_Eng.txt,potato,Unknown,Potato,Stable
weekly_07_2025_Eng.txt,rice,Unknown,The Price of Nuwara Eliya potato ha s,Stable
weekly_07_2025_Eng.txt,rice,Unknown,sufficient stocks and price ranged,Stable
weekly_07_2025_Eng.txt,rice,Unknown,Rs.330.00-360.00/kg. Price of imported,Stable
weekly_07_2025_Eng.txt,rice,Increase,potato has increased by 2% and price,Increase
weekly_07_2025_Eng.txt,rice,Unknown,current wholesale price of Nuwara Eliya,Stable
weekly_07_2025_Eng.txt,potato,Increase,and imported potatoes have increased by,Increase
weekly_07_2025_Eng.txt,rice,Unknown,The retail prices of all types of potato have,Stable
weekly_07_2025_Eng.txt,rice,Increase,increased with the highest price increased,Increase
weekly_07_2025_Eng.txt,potato,Unknown,potato.,Stable
weekly_07_2025_Eng.txt,rice,Unknown,the current retail price of all types of potato,Stable
weekly_07_2025_Eng.txt,rice,Increase,have increased with the highest price,Increase
weekly_07_2025_Eng.txt,potato,Unknown,potato.,Stable
weekly_07_2025_Eng.txt,rice,Increase,Price of white cowpea has increased by,Increase
weekly_07_2025_Eng.txt,rice,Unknown,3% and price ranged Rs.600.00-700.00/kg.,Stable
weekly_07_2025_Eng.txt,rice,Decrease,Price of red cowpea has decreased by 2%,Decrease
weekly_07_2025_Eng.txt,rice,Unknown,and price ranged Rs.500.00-600.00/kg.,Stable
weekly_07_2025_Eng.txt,rice,Unknown,Prices of green gram and red dhal have not,Stable
weekly_07_2025_Eng.txt,rice,Increase,increased significantly and average prices,Increase
weekly_07_2025_Eng.txt,rice,Unknown,current wholesale prices of all pulses,Stable
weekly_07_2025_Eng.txt,rice,Unknown,The retail prices of all types of pulses,Stable
weekly_07_2025_Eng.txt,rice,Decrease,"Among those, the highest price decreased",Decrease
weekly_07_2025_Eng.txt,rice,Unknown,gram. The retail price of white cowpea has,Stable
weekly_07_2025_Eng.txt,rice,Unknown,the current retail prices of all typ es of,Stable
weekly_07_2025_Eng.txt,rice,Decrease,pulses have decreased and the highest price,Decrease
weekly_07_2025_Eng.txt,vegetable,Unknown,Vegetable,Stable
weekly_07_2025_Eng.txt,rice,Unknown,Prices of most of the vegetables have,Stable
weekly_07_2025_Eng.txt,rice,Unknown,Most of the up-country vegetable prices are,Increase
weekly_07_2025_Eng.txt,rice,Increase,increased supply from Jaffna areas. Prices,Increase
weekly_07_2025_Eng.txt,rice,Unknown,"slightly. However, price of cabbage (33%),",Stable
weekly_07_2025_Eng.txt,rice,Decrease,price of tomato has decreased by 19% with,Decrease
weekly_07_2025_Eng.txt,rice,Unknown,Jaffna areas and price of capsicum has,Stable
weekly_07_2025_Eng.txt,vegetable,Unknown,"Considering low country vegetables, the",Stable
weekly_07_2025_Eng.txt,rice,Decrease,highest price decrease was reported for,Decrease
weekly_07_2025_Eng.txt,rice,Unknown,long beans as 29% due to price of green,Stable
weekly_07_2025_Eng.txt,rice,Unknown,"fingers (16%). Prices of snake gourd, ash",Stable
weekly_07_2025_Eng.txt,rice,Unknown,"the range of 3%-14%. However, prices of",Stable
weekly_07_2025_Eng.txt,rice,Unknown,"areas. In addition, price of green chilies has",Stable
weekly_07_2025_Eng.txt,rice,Unknown,from major producing areas while price of,Stable
weekly_07_2025_Eng.txt,rice,Decrease,"vegetable prices have decreased, with",Decrease
weekly_07_2025_Eng.txt,rice,Unknown,Retail prices of most of the vegetable,Stable
weekly_07_2025_Eng.txt,rice,Decrease,"vegetables, the highest price decrease was",Decrease
weekly_07_2025_Eng.txt,rice,Decrease,"Moreover, the beetroot price decreased to",Decrease
weekly_07_2025_Eng.txt,vegetable,Unknown,Considering the low-country vegetable,Stable
weekly_07_2025_Eng.txt,rice,Unknown,varieties long bean prices showed a,Stable
weekly_07_2025_Eng.txt,rice,Decrease,significant price decrease of around,Decrease
weekly_07_2025_Eng.txt,rice,Unknown,Rs.43.00/Kg. Tomato prices significantly,Stable
weekly_07_2025_Eng.txt,rice,Increase,(Rs.228.00 /kg) showed a price increase,Increase
weekly_07_2025_Eng.txt,rice,Unknown,compared to last week but a 37 % price,Stable
weekly_07_2025_Eng.txt,rice,Unknown,prices of most of the vari eties have,Stable
weekly_07_2025_Eng.txt,rice,Decrease,decreased while a notable price drop was,Decrease
weekly_07_2025_Eng.txt,coconut,Unknown,Coconut,Stable
weekly_07_2025_Eng.txt,rice,Unknown,Prices of both large and small nuts have,Stable
weekly_07_2025_Eng.txt,rice,Increase,increased by 1%. Price ranges were,Increase
weekly_07_2025_Eng.txt,rice,Unknown,the current wholesale prices of large and,Stable
weekly_07_2025_Eng.txt,rice,Unknown,Prices of large and small nuts showed a,Stable
weekly_07_2025_Eng.txt,rice,Increase,slight increase by Rs.2.00/nut. Price ranges,Increase
weekly_07_2025_Eng.txt,rice,Unknown,prices of large nuts (95%) and small nuts,Stable
weekly_07_2025_Eng.txt,fruit,Unknown,Fruits,Stable
weekly_07_2025_Eng.txt,rice,Unknown,Prices of most of fruit varieties have,Stable
weekly_07_2025_Eng.txt,rice,Increase,"Accordingly, the highest price increase of",Increase
weekly_07_2025_Eng.txt,rice,Increase,mango and a 27% price increase for,Increase
weekly_07_2025_Eng.txt,rice,Unknown,passion fruit. King coconut prices have,Stable
weekly_07_2025_Eng.txt,rice,Increase,Local orange prices increased by 22% and,Increase
weekly_07_2025_Eng.txt,rice,Unknown,papaw prices by 16%. Due to limited,Stable
weekly_07_2025_Eng.txt,rice,Increase,"supply, a price increase of 12% and 11%",Increase
weekly_07_2025_Eng.txt,rice,Decrease,"However, prices of slime apples decreased",Decrease
weekly_07_2025_Eng.txt,rice,Unknown,Wholesale prices for the most of fruits have,Stable
weekly_07_2025_Eng.txt,coconut,Increase,increase was recorded for king coconut.,Increase
weekly_07_2025_Eng.txt,rice,Unknown,Retail prices of most of fruits varieties have,Stable
weekly_07_2025_Eng.txt,rice,Unknown,wholesale prices. The highest,Stable
weekly_07_2025_Eng.txt,rice,Increase,price increase of Rs.144.00/fruit for,Increase
weekly_07_2025_Eng.txt,rice,Unknown,karthakolomban mango. Price of avocado,Stable
weekly_07_2025_Eng.txt,rice,Increase,has increased by Rs.97.00/fruit. Price of,Increase
weekly_07_2025_Eng.txt,coconut,Unknown,"papaw, king coconut and passion has",Stable
weekly_07_2025_Eng.txt,fruit,Increase,"increased by Rs.54.00/kg, Rs.37.00/fruit",Increase
weekly_07_2025_Eng.txt,fruit,Unknown,and Rs.10.00/fruit respectively.,Stable
weekly_07_2025_Eng.txt,rice,Unknown,"However, price of imported grapes has",Stable
weekly_07_2025_Eng.txt,rice,Decrease,decreased by Rs. 36.00/kg. Prices of all,Decrease
weekly_07_2025_Eng.txt,rice,Unknown,banana varieties price of kolikuttu banana,Stable
weekly_07_2025_Eng.txt,rice,Unknown,retail price for most of the fruit varieties,Stable
weekly_07_2025_Eng.txt,rice,Increase,have increased and the highest price,Increase
weekly_07_2025_Eng.txt,coconut,Increase,increase was recorded for king coconut as,Increase
weekly_07_2025_Eng.txt,fish,Unknown,Fresh Fish,Stable
weekly_07_2025_Eng.txt,rice,Unknown,Wholesale prices of all of the fresh fish,Stable
weekly_07_2025_Eng.txt,rice,Increase,to decreased supply. The price increase of,Increase
weekly_07_2025_Eng.txt,rice,Decrease,"Northern areas. However, a price decrease",Stable
weekly_07_2025_Eng.txt,rice,Unknown,areas. Prices of other fresh fish varieties,Stable
weekly_07_2025_Eng.txt,rice,Unknown,current wholesale prices of most of the,Stable
weekly_07_2025_Eng.txt,fish,Decrease,fresh fish types have decreased with the,Decrease
weekly_07_2025_Eng.txt,rice,Decrease,highest price decrease of 21% was noted,Decrease
weekly_07_2025_Eng.txt,rice,Unknown,The prices of other fish varieties except,Stable
weekly_07_2025_Eng.txt,rice,Increase,increased and the highest price increase,Increase
weekly_07_2025_Eng.txt,rice,Decrease,The highest price decrease was recorded,Decrease
weekly_07_2025_Eng.txt,rice,Unknown,for kelawalla by Rs.238.00/kg. Price,Stable
weekly_07_2025_Eng.txt,rice,Unknown,the prices of other fish varieties except,Stable
weekly_07_2025_Eng.txt,rice,Decrease,the highest price decrease was recorded for,Decrease
weekly_07_2025_Eng.txt,fish,Unknown,Dried Fish,Stable
weekly_07_2025_Eng.txt,rice,Unknown,Prices of most of the dried fish types have,Stable
weekly_07_2025_Eng.txt,fish,Increase,increased due to decrease of local dried fish,Increase
weekly_07_2025_Eng.txt,rice,Increase,supply. A price increase of 12% was noted,Increase
weekly_07_2025_Eng.txt,rice,Decrease,"However, the prices decrease of 10% were",Decrease
weekly_07_2025_Eng.txt,rice,Unknown,Negombo areas. Prices of other dried fish,Stable
weekly_07_2025_Eng.txt,rice,Unknown,current wholesale prices of most of the,Stable
weekly_07_2025_Eng.txt,fish,Decrease,dried fish types have decreased and the,Decrease
weekly_07_2025_Eng.txt,rice,Decrease,highest price decrease of 32% was noted,Decrease
weekly_07_2025_Eng.txt,rice,Unknown,The prices of all dry fish varieties have,Stable
weekly_07_2025_Eng.txt,rice,Increase,increased and the highest price increase,Increase
weekly_07_2025_Eng.txt,rice,Unknown,Rs.197.00/kg. The second highest price,Stable
weekly_07_2025_Eng.txt,rice,Increase,Rs.85.00/kg. Price increase of salaya and,Increase
weekly_07_2025_Eng.txt,rice,Unknown,the prices of dry fish types except mora and,Stable
weekly_07_2025_Eng.txt,rice,Decrease,salaya have decreased and the highest price,Decrease
weekly_07_2025_Eng.txt,egg,Unknown,Eggs,Stable
weekly_07_2025_Eng.txt,rice,Unknown,Prices of both brown and white eggs have,Stable
weekly_07_2025_Eng.txt,rice,Decrease,decreased by 2% and their prices,Decrease
weekly_07_2025_Eng.txt,egg,Unknown,ranged Rs.31.00- 35.00/egg and Rs. 29.00-,Stable
weekly_07_2025_Eng.txt,egg,Unknown,32.00/ egg respectively.,Stable
weekly_07_2025_Eng.txt,rice,Unknown,prices of both brown and white eggs have,Stable
weekly_07_2025_Eng.txt,rice,Unknown,The prices of both brown and white egg,Stable
weekly_07_2025_Eng.txt,rice,Decrease,types have decreased and the price range of,Decrease
weekly_07_2025_Eng.txt,egg,Unknown,a White egg has recorded as Rs.31.00 -,Stable
weekly_07_2025_Eng.txt,rice,Unknown,Rs.36.00 and the price range of a brown,Stable
weekly_07_2025_Eng.txt,egg,Unknown,egg has recorded as Rs.33.00-Rs.37.00.,Stable
weekly_07_2025_Eng.txt,rice,Unknown,The average price of the white and brown,Stable
weekly_07_2025_Eng.txt,egg,Unknown,egg types has recorded as Rs.34.00 and,Stable
weekly_07_2025_Eng.txt,rice,Unknown,the prices of both egg varieties have,Stable
weekly_07_2025_Eng.txt,rice,Unknown,The prices of other meat types except,Stable
weekly_07_2025_Eng.txt,chicken,Increase,broiler and curry chicken have increased,Increase
weekly_07_2025_Eng.txt,rice,Increase,and the highest price increase was recorded,Increase
weekly_07_2025_Eng.txt,rice,Increase,for Pork by Rs.57.00/kg. Price increase of,Increase
weekly_07_2025_Eng.txt,rice,Decrease,Price decrease of broiler and curry chicken,Decrease
weekly_07_2025_Eng.txt,rice,Unknown,the price of other meat types except broiler,Stable
weekly_07_2025_Eng.txt,chicken,Increase,and curry chicken have increased. The,Increase
weekly_07_2025_Eng.txt,rice,Increase,highest price increase was recorded for,Increase
weekly_07_2025_Eng.txt,rice,Unknown,wholesale and retail prices of selected food,Stable
weekly_07_2025_Eng.txt,rice,Unknown,"prevailing prices, price ranges, averages, and a",Stable
weekly_07_2025_Eng.txt,rice,Unknown,comparison of weekly prices. The changes in,Stable
weekly_07_2025_Eng.txt,rice,Unknown,prices reported are always with price prevailed,Stable
weekly_07_2025_Eng.txt,rice,Unknown,The frequency of collection of wholesale price,Stable
weekly_07_2025_Eng.txt,rice,Unknown,"Friday) while with retail prices, it is thrice a",Stable
weekly_07_2025_Eng.txt,rice,Unknown,Rice VarietiesLOCATIONS,Stable
weekly_07_2025_Eng.txt,rice,Unknown,Table 01: Selected Markets:Wholesale Price of Rice (Rs/50kg bag),Stable
weekly_07_2025_Eng.txt,rice,Unknown,Table 02: Selected Markets: Retail Price of Rice (Rs/kg),Stable
weekly_07_2025_Eng.txt,rice,Unknown,LOCATIONS Rice Varieties,Stable
weekly_07_2025_Eng.txt,dhal,Unknown,Green Gram Cowpea Red Dhal,Stable
weekly_07_2025_Eng.txt,rice,Unknown,Table 04: Selected Markets:Wholesale Price of Subsidiary Food (Rs/50kg),Stable
weekly_07_2025_Eng.txt,onion,Unknown,Dried Chillies Red Onion Big Onion PotatoLOCATION Imported Imported Local Imported Welimada,Stable
weekly_07_2025_Eng.txt,rice,Unknown,Table 05: Selected Markets: Retail Price of Subsidiary Food Crops (Rs/kg),Stable
weekly_07_2025_Eng.txt,onion,Unknown,Dried Chillies Red Onion Big Onion Potato Pulses,Stable
weekly_07_2025_Eng.txt,dhal,Unknown,Green Gram Cowpea Red Dhal,Stable
weekly_07_2025_Eng.txt,rice,Unknown,Table 06: Selected Markets: Wholesale Price of Vegetables(Rs/kg),Stable
weekly_07_2025_Eng.txt,potato,Unknown,ManiocLong Beans Ash Plantain Green Chillies Lime Sweet Potatoe,Stable
weekly_07_2025_Eng.txt,rice,Unknown,"Colombo, Meegoda, Norochchole, Jaffna,Dambulla and Kandy - Gotukola Price Rs/Kg",Stable
weekly_07_2025_Eng.txt,vegetable,Unknown,Leafy Vegetables (Rs/bundle),Stable
weekly_07_2025_Eng.txt,coconut,Unknown,Coconut (Rs/nut),Stable
weekly_07_2025_Eng.txt,rice,Unknown,Table 07: Selected Markets: Retail Price of Vegetables (Rs/kg),Stable
weekly_07_2025_Eng.txt,potato,Unknown,Sweet Potato Large Small,Stable
weekly_07_2025_Eng.txt,vegetable,Unknown,Low Country Varieties Leafy Vegetable Coconut (Rs/nut),Stable
weekly_07_2025_Eng.txt,rice,Unknown,Table 08: Selected Markets: Retail Price of Fruits (Rs/each & Rs/kg),Stable
weekly_07_2025_Eng.txt,fruit,Unknown,Mango Other Fruits,Stable
weekly_07_2025_Eng.txt,coconut,Unknown,Passion Avocado Slime Apple Grapes (Rs/kg) King CoconutWood Apple Orange,Stable
weekly_07_2025_Eng.txt,fish,Unknown,Local Dried Fish Imported Dried Fish,Stable
weekly_07_2025_Eng.txt,fish,Unknown,Imported Dried Fish,Stable
weekly_07_2025_Eng.txt,fish,Unknown,Local Dried Fish,Stable
weekly_07_2025_Eng.txt,rice,Unknown,Table 10: Selected Markets: Wholesale Price of Dried Fish (Rs/50kg),Stable
weekly_07_2025_Eng.txt,fish,Unknown,Sea Fish Eggs,Stable
weekly_07_2025_Eng.txt,rice,Unknown,Table 09: Selected Markets: Wholesale Price of Fresh Fish & Eggs (Rs/kg & Rs/egg),Stable
weekly_07_2025_Eng.txt,fish,Unknown,Sea FishLocations,Stable
weekly_07_2025_Eng.txt,rice,Unknown,Table 11: Selected Markets: Retail Price of Fresh Fish & Eggs (Rs/kg & Rs/eggs),Stable
weekly_07_2025_Eng.txt,fish,Unknown,Sea Fish EggsLOCATIONS,Stable
weekly_07_2025_Eng.txt,rice,Unknown,Table 12: Selected Markets: Retail Price of Dried Fish (Rs/kg),Stable
weekly_07_2025_Eng.txt,fish,Unknown,Dried FishLOCATIONS Sprats-Imported Kattawa Thora Mora Balaya,Stable
weekly_07_2025_Eng.txt,rice,Unknown,Table 13: Selected Markets: Retail Price of Meat (Rs/kg),Stable
weekly_07_2025_Eng.txt,chicken,Unknown,Meat Meat (Chicken) Meat,Stable
weekly_07_2025_Eng.txt,rice,Unknown,Rice Coconut,Stable
weekly_07_2025_Eng.txt,fruit,Unknown,Keeri Samba 255.00−260.00258.00260.00325.00 -0.77 -20.62Fruits (Rs/fruit),Stable
weekly_07_2025_Eng.txt,fruit,Unknown,Raw (Red) − Passion Fruit 90.00− 140.00 115.56 91.00 92.73 26.98 24.62,Stable
weekly_07_2025_Eng.txt,onion,Unknown,Onion Mango,Stable
weekly_07_2025_Eng.txt,onion,Unknown,Big Onion Kohu −,Stable
weekly_07_2025_Eng.txt,potato,Unknown,Potato Orange 40.00− 70.00 52.78 43.20 45.50 22.17 16.00,Stable
weekly_07_2025_Eng.txt,coconut,Unknown,Pulses King Coconut 200.00− 250.00 217.50 172.50117.50 26.09 85.11,Stable
weekly_07_2025_Eng.txt,fish,Unknown,Cowpea (White) 600.00−700.00650.00633.33921.67 2.63 -29.48Sea Fish,Stable
weekly_07_2025_Eng.txt,dhal,Unknown,Red Dhal 260.00−270.00265.71269.29295.83 -1.33 -10.18Hurulla 650.00− 800.00 727.50 705.00550.91 3.19 32.05,Stable
weekly_07_2025_Eng.txt,vegetable,Unknown,Vegetable Balaya 700.00− 900.00 782.50 689.17756.00 13.54 3.51,Stable
weekly_07_2025_Eng.txt,egg,Unknown,Raddish 100.00−120.00112.00116.00100.00 -3.45 12.00Eggs,Stable
weekly_07_2025_Eng.txt,fish,Unknown,Ladies Fingers 160.00−200.00180.00214.00265.00 -15.89 -32.08Dried Fish,Stable
weekly_07_2025_Eng.txt,potato,Unknown,Sweet Potato 140.00−180.00157.00164.00155.00 -4.27 1.29Maduwa (Imported) −,Stable
weekly_07_2025_Eng.txt,vegetable,Unknown,Leafy Vegetable Koduwa (Imported) −,Stable
weekly_07_2025_Eng.txt,rice,Unknown,Table 14: Colombo: Wholesale Prices (Rs/kg or Rs/piece),Stable
weekly_07_2025_Eng.txt,rice,Unknown,Average Price Change Compared to,Stable
weekly_07_2025_Eng.txt,rice,Unknown,Average Price,Stable
weekly_07_2025_Eng.txt,rice,Unknown,Rice Coconut,Stable
weekly_07_2025_Eng.txt,fruit,Unknown,Keeri Samba 260.00− 280.00265.69 266.79378.70 -1.10-29.84Fruits (Rs/fruit),Stable
weekly_07_2025_Eng.txt,fruit,Unknown,Raw (Red) − Passion Fruit 100.00− 200.00137.33127.14 139.29 10.19 -1.40,Stable
weekly_07_2025_Eng.txt,onion,Unknown,Onion Mango,Stable
weekly_07_2025_Eng.txt,onion,Unknown,Big Onion Kohu −,Stable
weekly_07_2025_Eng.txt,potato,Unknown,Potato Orange 60.00− 130.00100.10 97.00 91.18 3.10 9.78,Stable
weekly_07_2025_Eng.txt,coconut,Unknown,Pulses King Coconut 220.00− 280.00251.25214.71 146.96 36.54 70.97,Stable
weekly_07_2025_Eng.txt,fish,Unknown,Cowpea (White) 700.00− 900.00822.31 810.371220.00 11.94-32.60Sea Fish,Stable
weekly_07_2025_Eng.txt,dhal,Unknown,Red Dhal 280.00− 340.00303.42 307.37339.35 -3.95-10.59Hurulla 800.00−1200.00990.91954.62 970.95 36.29 2.06,Stable
weekly_07_2025_Eng.txt,vegetable,Unknown,Vegetable Balaya 800.00−1400.00978.57772.221026.67 206.35 -4.68,Stable
weekly_07_2025_Eng.txt,egg,Unknown,Raddish 140.00− 350.00244.67 248.93254.33 -4.26 -3.80Eggs,Stable
weekly_07_2025_Eng.txt,fish,Unknown,Ladies Fingers 170.00− 450.00334.83 353.85440.65-19.02-24.01Dried Fish,Stable
weekly_07_2025_Eng.txt,chicken,Unknown,Root Crops Chicken (Broiler) 1030.00−1260.001129.291164.171227.27 -34.88 -7.98,Stable
weekly_07_2025_Eng.txt,potato,Unknown,Sweet Potato 150.00− 400.00287.10 293.79310.65 -6.70 -7.58Chicken (Curry) 1000.00−1260.001118.181160.001274.55 -41.82 -12.27,Stable
weekly_07_2025_Eng.txt,vegetable,Unknown,Leafy Vegetable Pork 1300.00−1500.001340.001283.331280.00 56.67 4.69,Stable
weekly_07_2025_Eng.txt,rice,Unknown,Table 15: Colombo &Suburbs: Retail Prices (Rs/kg or Rs/piece),Stable
weekly_07_2025_Eng.txt,rice,Unknown,Average Price Change Compared to,Stable
weekly_07_2025_Eng.txt,rice,Unknown,Average Price Change Compared to,Stable
weekly_07_2025_Eng.txt,vegetable,Unknown,Paddy Vegetable (Up Country) Snake Gourd,Increase
weekly_07_2025_Eng.txt,onion,Unknown,Red Onion Badulla − Long Beans,Stable
weekly_07_2025_Eng.txt,onion,Unknown,Big Onion Welimada 75.00−80.00 78.00Embilipitiya 190.00−210.00200.00,Stable
weekly_07_2025_Eng.txt,potato,Unknown,Potato Hambantota −,Stable
weekly_07_2025_Eng.txt,vegetable,Unknown,N'Eliya 260.00−280.00272.00Vegetable (Low Country) Embilipitiya 100.00−120.00112.50,Stable
weekly_07_2025_Eng.txt,fruit,Unknown,Moneragala 480.00−520.00496.00Brinjal Fruits (Rs/kg),Stable
weekly_07_2025_Eng.txt,rice,Unknown,Table 16: Farmgate/Producer Prices of Food Commodities in Selected Producing Areas (Rs/kg),Stable
weekly_07_2025_Eng.txt,rice,Unknown,PriceCOMMODITY Range Average,Stable
weekly_07_2025_Eng.txt,rice,Unknown,Price COMMODITY Range Average,Stable
weekly_07_2025_Eng.txt,rice,Unknown,Price COMMODITY,Stable
weekly_07_2025_Eng.txt,rice,Unknown,Rice,Stable
weekly_07_2025_Eng.txt,onion,Unknown,Red Onion,Stable
weekly_07_2025_Eng.txt,onion,Unknown,Big Onion,Stable
weekly_07_2025_Eng.txt,potato,Unknown,Potato,Stable
weekly_07_2025_Eng.txt,dhal,Unknown,Red Dhal 280.00− 300.00 280.00− 340.00 280.00− 320.00300.00− 320.00300.00− 340.00300.00− 300.00300.00− 320.00280.00− 320.00 280.00− 320.00,Stable
weekly_07_2025_Eng.txt,rice,Unknown,Annex 01 - Colombo Markets: Retail Prices of Rice and Subsidiary Food Crops (Rs/kg) Week 07: 14 - 20 Feb 2025,Stable
weekly_07_2025_Eng.txt,vegetable,Unknown,Vegetable,Stable
weekly_07_2025_Eng.txt,potato,Unknown,Sweet Potato 150.00− 160.00 260.00− 280.00 320.00− 340.00 340.00 − 400.00 320.00− 340.00 340.00− 360.00 220.00− 240.00 220.00− 240.00360.00− 400.00,Stable
weekly_07_2025_Eng.txt,vegetable,Unknown,Leafy Vegetable,Stable
weekly_07_2025_Eng.txt,coconut,Unknown,Coconut,Stable
weekly_07_2025_Eng.txt,rice,Unknown,Annex 02 - Colombo Markets: Retail Prices of Vegetables (Rs/kg) and Coconut (Rs/nut),Stable
weekly_07_2025_Eng.txt,fruit,Unknown,Other Fruits,Stable
weekly_07_2025_Eng.txt,coconut,Unknown,King Coconut 250.00− 250.00 280.00− 280.00220.00− 280.00 220.00− 250.00250.00− 250.00250.00− 250.00250.00− 260.00 230.00− 280.00 220.00−280.00,Stable
weekly_07_2025_Eng.txt,rice,Unknown,Annex 03 - Colombo Markets: Retail Prices of Fruits (Rs/fruit),Stable
weekly_07_2025_Eng.txt,fish,Unknown,Sea Fish,Stable
weekly_07_2025_Eng.txt,egg,Unknown,30 Eggs (Rs/egg),Stable
weekly_07_2025_Eng.txt,fish,Unknown,Dried Fish,Stable
weekly_07_2025_Eng.txt,chicken,Unknown,Chicken (Broiler) 1130.00−1130.001100.00−1100.001160.00−1160.001200.00−1260.001030.00−1030.001100.00−1100.001100.00−1100.001090.00−1100.001140.00−1140.00,Stable
weekly_07_2025_Eng.txt,chicken,Unknown,Chicken (Curry) 1000.00−1000.001200.00−1200.001100.00−1100.001250.00−1260.001000.00−1000.001000.00−1000.001050.00−1050.00 − 1140.00−1140.00,Stable
weekly_07_2025_Eng.txt,rice,Unknown,Annex 04 - Colombo Markets: Retail Prices of Sea Fish and Dried Fish (Rs/kg),Stable
weekly_07_2025_Eng.txt,rice,Unknown,Rice - (white Kekulu - normal ) 361 9.88 1.52 - 0.03 0.09 10.67 - 6.94 26.29 1.22 1.5,Stable
weekly_07_2025_Eng.txt,rice,Unknown,Rice - (white Kekulu Samba) 355 8.81 1.53 - 0.03 0.09 8.11 - 9.82 30.48 0.92 1.7,Stable
weekly_07_2025_Eng.txt,rice,Unknown,Rice - ( Red Kekulu - normal ) 366 8.64 2.12 - 0.05 0.1 8.39 - 4.73 31.7 0.88 1.84,Stable
weekly_07_2025_Eng.txt,rice,Unknown,Rice -Samba 369 6.86 2.45 - 0.05 0.13 12.79 - 8.71 37.26 1.18 1.49,Stable
weekly_07_2025_Eng.txt,rice,Unknown,Rice - Nadu White 366 7.76 1.48 - 0.03 0.12 9.35 - 4.57 20.1 0.64 1.61,Stable
weekly_07_2025_Eng.txt,onion,Unknown,Onion,Stable
weekly_07_2025_Eng.txt,onion,Unknown,Big onions 48 1.67 0.24 0.16 0.01 0.1 32.99 7.58 14.82 16.94 0.45 0.25,Stable
weekly_07_2025_Eng.txt,onion,Unknown,Red onions 55 2.13 0.15 0.18 0.02 0.13 30.15 14.26 20.37 19.32 0.31 0.28,Stable
weekly_07_2025_Eng.txt,potato,Unknown,Potatoes 71 1.67 0.25 0.01 0.09 14.31 20.5 9.83 23.84 0.46 0.29,Stable
weekly_07_2025_Eng.txt,dhal,Unknown,Red Dhal 319 23.09 0.77 1.06 1.6 0.22 55 NA 41.27 66.63 7.45 3.34,Stable
weekly_07_2025_Eng.txt,vegetable,Unknown,Vegetables,Stable
weekly_07_2025_Eng.txt,rice,Unknown,Rice,Stable
weekly_07_2025_Eng.txt,egg,Unknown,Brinjal (Chinese eggplant) 24 1.28 0.33 16.83 0.12 0.11 32.94 3.37 14.4 21.18 0.28 0.16,Stable
weekly_07_2025_Eng.txt,egg,Unknown,Thalana batu (Thai eggplant) 21 1.45 0.26 18.33 0.11 0.09 31.18 2.71 17.24 37.22 0.37 0.24,Stable
weekly_07_2025_Eng.txt,coconut,Unknown,Coconuts nuts 390 3.67 39.92 - 0.05 0.11 14.86 -,Stable
weekly_07_2025_Eng.txt,potato,Unknown,Sweet potato 108 1.27 0.33 NA 0.04 0.09 14.44 22.2 28.93 21.05 0.51 0.14,Stable
weekly_07_2025_Eng.txt,vegetable,Unknown,Leafy Vegetables,Stable
weekly_07_2025_Eng.txt,onion,Unknown,Onion leaves 27 2.01 0.26 NA 0.04 0.18 56.8 23.38 35.21 74.95 3.15 0.77,Stable
weekly_07_2025_Eng.txt,fruit,Unknown,Jackfruit pods 25 2.14 0.34 NA 0.03 0.04 30.7 24.77 37.32 26.08 0.3 0.17,Stable
weekly_07_2025_Eng.txt,fruit,Unknown,Jackfruit seeds 77 5.66 0.44 NA 0.02 0.08 58.91 15.24 40.87 50.14 0.52 0.42,Stable
weekly_07_2025_Eng.txt,chicken,Unknown,Chicken 176 23.14 9.24 6.88 0.07 0.49 10.09 - 15.06 20.18 0.75 0.64,Stable
weekly_07_2025_Eng.txt,fish,Unknown,Fish,Stable
weekly_07_2025_Eng.txt,fish,Unknown,Cuttle fish 76 16.82 0.93 1.93 0.02 0.04 6.22 8.73 35.46 0.62 1.3,Stable
weekly_07_2025_Eng.txt,fish,Unknown,Dried Fish,Stable
weekly_07_2025_Eng.txt,egg,Unknown,Eggs,Stable
weekly_07_2025_Eng.txt,egg,Unknown,Hen eggs (Country) 170 13.14 13 208 0.08 0.18 54.6 50.14 11.04 1.64 1.12,Stable
weekly_07_2025_Eng.txt,egg,Unknown,Hen eggs (Table) 135 13.55 9.03 200 0.19 0.19 49.46 63.3 12 2.39 1.73,Stable
weekly_07_2025_Eng.txt,egg,Unknown,Quail eggs 153 12.39 11.46 153 0.11 0.17 54.86 60.67 11.21 2.55 1.51,Stable
weekly_07_2025_Eng.txt,fruit,Unknown,Fruits,Stable
weekly_07_2025_Eng.txt,rice,Unknown,Price Collecting Areas,Stable
weekly_12_2025_Eng.txt,vegetable,Unknown,Vegetables,Stable
weekly_12_2025_Eng.txt,fruit,Unknown,Fruits,Stable
weekly_12_2025_Eng.txt,fish,Unknown,Fish,Stable
weekly_12_2025_Eng.txt,rice,Unknown,Rice,Stable
weekly_12_2025_Eng.txt,rice,Decrease,Prices of papaw has decreased by Rs.65.00/kg due to,Decrease
weekly_12_2025_Eng.txt,rice,Unknown,Prices of all the fish varieties except hurulla have,Stable
weekly_12_2025_Eng.txt,rice,Decrease,Prices of all the varieties of potato have decreased.,Decrease
weekly_12_2025_Eng.txt,rice,Unknown,"Further, retail price of imported dried chilies has",Stable
weekly_12_2025_Eng.txt,rice,Decrease,Prices of most of the vegetables have decreased due to,Decrease
weekly_12_2025_Eng.txt,rice,Decrease,Retail prices of all local rice varieties have decreased,Decrease
weekly_12_2025_Eng.txt,rice,Decrease,except for keeri samba. The highest price decrease of,Decrease
weekly_12_2025_Eng.txt,rice,Unknown,Rs.20.66/kg was recorded for red raw rice.,Stable
weekly_12_2025_Eng.txt,rice,Unknown,Rice,Stable
weekly_12_2025_Eng.txt,rice,Unknown,prices of all local  rice varieties have not,Stable
weekly_12_2025_Eng.txt,rice,Unknown,changed significantly and average price of,Stable
weekly_12_2025_Eng.txt,rice,Unknown,Imported rice varieties was also available,Stable
weekly_12_2025_Eng.txt,rice,Unknown,prices,Stable
weekly_12_2025_Eng.txt,rice,Unknown,of the rice varieties have seen price,Stable
weekly_12_2025_Eng.txt,rice,Increase,"increases, with the highest price of 26% for",Increase
weekly_12_2025_Eng.txt,rice,Unknown,raw red. Price of keeri samba and imported,Stable
weekly_12_2025_Eng.txt,rice,Unknown,The retail prices of all types of rice varieties,Stable
weekly_12_2025_Eng.txt,rice,Unknown,highest price reduction of Rs.21.00/kg was,Stable
weekly_12_2025_Eng.txt,rice,Unknown,recorded for local raw red.  The retail price,Stable
weekly_12_2025_Eng.txt,rice,Decrease,the highest price decreased of 21% was,Decrease
weekly_12_2025_Eng.txt,rice,Increase,price increase of 17% was recorded for local,Increase
weekly_12_2025_Eng.txt,rice,Unknown,The average farm gate price of keeri samba,Stable
weekly_12_2025_Eng.txt,rice,Unknown,price of other paddy varieties have,Stable
weekly_12_2025_Eng.txt,rice,Unknown,"areas. Accordingly, the average price of",Stable
weekly_12_2025_Eng.txt,rice,Unknown,Polonnaruwa and Kalawewa areas. Price of,Stable
weekly_12_2025_Eng.txt,rice,Unknown,Rs.125.00-145.00/kg. P rices of short,Stable
weekly_12_2025_Eng.txt,rice,Decrease,and decreased slightly.  The price for long,Decrease
weekly_12_2025_Eng.txt,rice,Unknown,average price of long grain (red) paddy has,Stable
weekly_12_2025_Eng.txt,rice,Unknown,area and price ranged between Rs.125.00-,Stable
weekly_12_2025_Eng.txt,rice,Unknown,the average price of all the major paddy,Stable
weekly_12_2025_Eng.txt,rice,Unknown,The price of imported dried chilies has not,Stable
weekly_12_2025_Eng.txt,rice,Increase,increased significantly and  price ranged,Increase
weekly_12_2025_Eng.txt,rice,Unknown,current wholesale price of imported dried,Stable
weekly_12_2025_Eng.txt,rice,Decrease,"In line with decreased wholesale prices, the",Decrease
weekly_12_2025_Eng.txt,rice,Unknown,retail p rice of imported dried chili es has,Stable
weekly_12_2025_Eng.txt,rice,Decrease,decreased by Rs .77.00/kg and price ranged,Decrease
weekly_12_2025_Eng.txt,rice,Unknown,the current retail price of imported dried,Stable
weekly_12_2025_Eng.txt,onion,Unknown,Onion,Stable
weekly_12_2025_Eng.txt,rice,Unknown,Prices of sinnan and imported red onion,Stable
weekly_12_2025_Eng.txt,rice,Unknown,availability of sufficient stocks and price,Stable
weekly_12_2025_Eng.txt,onion,Unknown,290.00/kg.  Vedalan red onion was also,Stable
weekly_12_2025_Eng.txt,rice,Unknown,available at the market and price ranged,Stable
weekly_12_2025_Eng.txt,rice,Unknown,Rs.250.00-300.00/kg. Price of i mported,Stable
weekly_12_2025_Eng.txt,onion,Increase,big onion has increased by 11% due to,Increase
weekly_12_2025_Eng.txt,rice,Unknown,price ranged Rs.70.00-145.00/kg.,Stable
weekly_12_2025_Eng.txt,rice,Unknown,current wholesale price s of sinan and,Stable
weekly_12_2025_Eng.txt,onion,Increase,imported red onion have increased by 4%,Increase
weekly_12_2025_Eng.txt,onion,Unknown,and 14% while importe d big onion has,Stable
weekly_12_2025_Eng.txt,rice,Unknown,The retail price of imported red onion has,Stable
weekly_12_2025_Eng.txt,onion,Increase,onion has increased by Rs.3.00/kg.,Increase
weekly_12_2025_Eng.txt,rice,Unknown,the current retail price of imported big onion,Stable
weekly_12_2025_Eng.txt,onion,Decrease,and vedalan red onion have decreased by,Decrease
weekly_12_2025_Eng.txt,rice,Unknown,69% and 16% respectively. The retail price,Stable
weekly_12_2025_Eng.txt,onion,Increase,of imported red onion has increased by 19%.,Increase
weekly_12_2025_Eng.txt,potato,Unknown,Potato,Stable
weekly_12_2025_Eng.txt,rice,Unknown,"The Price of Welimada, Nuwara Eliya and",Stable
weekly_12_2025_Eng.txt,potato,Decrease,imported potatoe s have decreased in the,Decrease
weekly_12_2025_Eng.txt,rice,Unknown,sufficient stocks and price ranged,Stable
weekly_12_2025_Eng.txt,rice,Unknown,current wholesale price  of all potato,Stable
weekly_12_2025_Eng.txt,rice,Unknown,"market, the retail prices of all types of",Stable
weekly_12_2025_Eng.txt,rice,Decrease,potatoes have decreased. The highest price,Decrease
weekly_12_2025_Eng.txt,potato,Unknown,Welimada potato.,Stable
weekly_12_2025_Eng.txt,rice,Unknown,the current retail price of imported potato,Stable
weekly_12_2025_Eng.txt,rice,Increase,Price of green gram has increased by 10%,Increase
weekly_12_2025_Eng.txt,rice,Unknown,from Australia and price ranged,Stable
weekly_12_2025_Eng.txt,rice,Unknown,Rs.650.00-850.00/kg. Price of red cowpea,Stable
weekly_12_2025_Eng.txt,rice,Increase,has increased by 3%  and price ranged,Increase
weekly_12_2025_Eng.txt,rice,Unknown,Rs.450.00-550.00/kg. Prices of white,Stable
weekly_12_2025_Eng.txt,dhal,Increase,cowpea and red dhal have not increased,Stable
weekly_12_2025_Eng.txt,rice,Unknown,significantly and average prices were,Stable
weekly_12_2025_Eng.txt,rice,Unknown,current wholesale prices of all pulses,Stable
weekly_12_2025_Eng.txt,rice,Unknown,The retail prices of all types of pulses have,Stable
weekly_12_2025_Eng.txt,rice,Increase,increased with the highest price increased of,Increase
weekly_12_2025_Eng.txt,rice,Unknown,the current retail prices of all types of pulses,Stable
weekly_12_2025_Eng.txt,rice,Decrease,have decreased  with the highest price,Decrease
weekly_12_2025_Eng.txt,vegetable,Unknown,Vegetable,Stable
weekly_12_2025_Eng.txt,rice,Unknown,Prices of most of upcountry vegetables,Increase
weekly_12_2025_Eng.txt,rice,Unknown,while prices of most low country,Stable
weekly_12_2025_Eng.txt,vegetable,Increase,vegetables have decreased due to increase,Increase
weekly_12_2025_Eng.txt,rice,Unknown,Most of the upcountry vegetable prices,Increase
weekly_12_2025_Eng.txt,rice,Unknown,"prices of beetroot, green beans and rad ish",Stable
weekly_12_2025_Eng.txt,rice,Unknown,"However, price of carrot, leeks and",Stable
weekly_12_2025_Eng.txt,rice,Unknown,"5%-30%. Fur ther, price of tomato has",Stable
weekly_12_2025_Eng.txt,vegetable,Unknown,"Considering low-country vegetables, most",Stable
weekly_12_2025_Eng.txt,rice,Unknown,of the vegetable varieties experienced price,Stable
weekly_12_2025_Eng.txt,rice,Decrease,"decrease. Particularly, price of cucumber",Decrease
weekly_12_2025_Eng.txt,rice,Unknown,"stocks, following prices of luffa has",Stable
weekly_12_2025_Eng.txt,rice,Decrease,"decreased by 12%. Prices of bitter gourd,",Decrease
weekly_12_2025_Eng.txt,rice,Increase,"However, price of brinjal has increased by",Increase
weekly_12_2025_Eng.txt,rice,Unknown,producing areas and price of snake gourd,Stable
weekly_12_2025_Eng.txt,rice,Increase,"has increased by 15%. In addition, price of",Increase
weekly_12_2025_Eng.txt,rice,Decrease,areas while price of lime has decreased by,Decrease
weekly_12_2025_Eng.txt,rice,Increase,"vegetable prices have increased, with",Increase
weekly_12_2025_Eng.txt,rice,Unknown,Retail prices of most of the vegetable,Stable
weekly_12_2025_Eng.txt,rice,Decrease,"vegetables, the highest price decrease was",Decrease
weekly_12_2025_Eng.txt,vegetable,Unknown,Considering the low -country vegetable,Stable
weekly_12_2025_Eng.txt,rice,Unknown,"varieties, luffa prices showed a significant",Stable
weekly_12_2025_Eng.txt,rice,Decrease,price decrease of around Rs.66.00/ kg.,Decrease
weekly_12_2025_Eng.txt,rice,Decrease,Cucumber has a significant price decrease,Decrease
weekly_12_2025_Eng.txt,rice,Increase,of Rs.36.00/kg. Capsicum prices increased,Increase
weekly_12_2025_Eng.txt,rice,Unknown,prices of most of the varieties have,Stable
weekly_12_2025_Eng.txt,rice,Increase,increased while a notable price increment,Increase
weekly_12_2025_Eng.txt,coconut,Unknown,Coconut,Stable
weekly_12_2025_Eng.txt,rice,Unknown,Prices of both large and small nuts have not,Stable
weekly_12_2025_Eng.txt,rice,Unknown,changed significantly.  Price ranges were,Stable
weekly_12_2025_Eng.txt,rice,Unknown,the current wholesale prices of large and,Stable
weekly_12_2025_Eng.txt,rice,Unknown,Prices of large and small nuts showed a,Stable
weekly_12_2025_Eng.txt,rice,Unknown,"price drop of Rs. 4.00/nut and Rs. 5.00/nut,",Stable
weekly_12_2025_Eng.txt,rice,Unknown,respectively. Price ranges were Rs.190.00,Stable
weekly_12_2025_Eng.txt,rice,Unknown,prices of large nuts (77% ) and small nuts,Stable
weekly_12_2025_Eng.txt,fruit,Unknown,Fruits,Stable
weekly_12_2025_Eng.txt,rice,Decrease,Wholesale prices of many fruits have fallen,Decrease
weekly_12_2025_Eng.txt,rice,Decrease,The highest price decrease was recorded,Decrease
weekly_12_2025_Eng.txt,rice,Unknown,"commencement of harvesting season, price",Stable
weekly_12_2025_Eng.txt,rice,Unknown,Wholesale prices for the most of fruits have,Stable
weekly_12_2025_Eng.txt,fruit,Decrease,decrease was recorded for passion fruit.,Decrease
weekly_12_2025_Eng.txt,rice,Decrease,"In line with the decreased wholesale prices,",Decrease
weekly_12_2025_Eng.txt,rice,Unknown,retail prices of most of the fruits have also,Stable
weekly_12_2025_Eng.txt,rice,Decrease,decreased. The highest price decrease of,Decrease
weekly_12_2025_Eng.txt,rice,Decrease,price of imported grapes has decreased by,Decrease
weekly_12_2025_Eng.txt,rice,Unknown,Rs. 31.00/kg and the price of king coconut,Stable
weekly_12_2025_Eng.txt,fruit,Decrease,has decreased by Rs.17.00/fruit.,Decrease
weekly_12_2025_Eng.txt,rice,Unknown,"Meanwhile, prices of all sizes of",Stable
weekly_12_2025_Eng.txt,rice,Unknown,Rs.41.00- 49.00/kg and the price of,Stable
weekly_12_2025_Eng.txt,rice,Unknown,current prices of mo st of the fruits have,Stable
weekly_12_2025_Eng.txt,rice,Decrease,decreased and the highest price decrease of,Decrease
weekly_12_2025_Eng.txt,fruit,Unknown,43% was reported for passion fruit.,Stable
weekly_12_2025_Eng.txt,fish,Unknown,Fresh Fish,Stable
weekly_12_2025_Eng.txt,rice,Unknown,Wholesale prices of all the fresh fish types,Stable
weekly_12_2025_Eng.txt,rice,Decrease,The highest price decrease of 14 % was,Decrease
weekly_12_2025_Eng.txt,rice,Unknown,"Beruwala, Galle and Mirissa areas. A price",Stable
weekly_12_2025_Eng.txt,rice,Unknown,"addition, prices of thalapath, salaya,",Stable
weekly_12_2025_Eng.txt,rice,Unknown,7% - 8% respectively. prices of other fresh,Stable
weekly_12_2025_Eng.txt,fish,Unknown,fish verities have not changed,Stable
weekly_12_2025_Eng.txt,rice,Unknown,current wholesale prices of most of the,Stable
weekly_12_2025_Eng.txt,fish,Increase,fresh fish types have increased with the,Increase
weekly_12_2025_Eng.txt,rice,Increase,highest price increase of 58% was noted for,Increase
weekly_12_2025_Eng.txt,rice,Unknown,The prices of all fish varieties except,Stable
weekly_12_2025_Eng.txt,rice,Decrease,price decrease by Rs.135.00/kg for shrimps,Decrease
weekly_12_2025_Eng.txt,rice,Increase,Price for hurulla has  increased by,Increase
weekly_12_2025_Eng.txt,rice,Decrease,the highest price decrease was recorded for,Decrease
weekly_12_2025_Eng.txt,rice,Increase,Thora by 9%. The highest price increase,Increase
weekly_12_2025_Eng.txt,fish,Unknown,Dried Fish,Stable
weekly_12_2025_Eng.txt,rice,Unknown,Prices of most of the dried fish types have,Stable
weekly_12_2025_Eng.txt,fish,Increase,increased due to decrease of local dried fish,Increase
weekly_12_2025_Eng.txt,rice,Increase,supply. A price increase of 6% was noted,Increase
weekly_12_2025_Eng.txt,rice,Decrease,"However, a price decrease of 5% was noted",Decrease
weekly_12_2025_Eng.txt,fish,Unknown,other dried fish verities have not changed,Stable
weekly_12_2025_Eng.txt,rice,Unknown,current wholesale prices of most of the,Stable
weekly_12_2025_Eng.txt,fish,Increase,dried fish types have increased and the,Increase
weekly_12_2025_Eng.txt,rice,Increase,highest price increase of 86% was noted for,Increase
weekly_12_2025_Eng.txt,rice,Unknown,The prices of other dry fish varieties except,Stable
weekly_12_2025_Eng.txt,rice,Increase,increased and the highest price increase,Increase
weekly_12_2025_Eng.txt,rice,Increase,The second highest price increase was,Increase
weekly_12_2025_Eng.txt,rice,Decrease,The highest price decrease was recorded,Decrease
weekly_12_2025_Eng.txt,rice,Decrease,for salaya by Rs.71.00/kg. Price decrease,Decrease
weekly_12_2025_Eng.txt,rice,Decrease,the highest price decrease was recorded for,Decrease
weekly_12_2025_Eng.txt,rice,Unknown,local sprats by 16%. The highest price,Stable
weekly_12_2025_Eng.txt,egg,Unknown,Eggs,Stable
weekly_12_2025_Eng.txt,rice,Unknown,Prices of brown and white eggs have,Stable
weekly_12_2025_Eng.txt,rice,Unknown,their prices ranged Rs.27.50-32.00/egg and,Stable
weekly_12_2025_Eng.txt,egg,Unknown,Rs.25.50-28.00/egg respectively.,Stable
weekly_12_2025_Eng.txt,rice,Unknown,prices of both brown and white eggs have,Stable
weekly_12_2025_Eng.txt,rice,Unknown,The prices of both brown and white eggs,Stable
weekly_12_2025_Eng.txt,rice,Decrease,have decreased and price ranged Rs.28.00-,Decrease
weekly_12_2025_Eng.txt,rice,Unknown,The average price of the white and brown,Stable
weekly_12_2025_Eng.txt,egg,Unknown,egg types was at Rs.31.00 and Rs.32.00,Stable
weekly_12_2025_Eng.txt,rice,Unknown,the prices of both egg varieties hav e,Stable
weekly_12_2025_Eng.txt,rice,Unknown,The prices of other meat types except beef,Stable
weekly_12_2025_Eng.txt,rice,Decrease,price decrease  of Rs.127.00/kg  was,Decrease
weekly_12_2025_Eng.txt,rice,Unknown,recorded for curry chicken. Prices,Stable
weekly_12_2025_Eng.txt,chicken,Increase,chicken have increased and the highest,Increase
weekly_12_2025_Eng.txt,rice,Increase,price increase was recorded for pork by,Increase
weekly_12_2025_Eng.txt,rice,Unknown,to wholesale and retail prices of selected,Stable
weekly_12_2025_Eng.txt,rice,Unknown,"as prevailing prices, price ranges, averages,",Stable
weekly_12_2025_Eng.txt,rice,Unknown,and a comparison of weekly prices. The,Stable
weekly_12_2025_Eng.txt,rice,Unknown,changes in prices reported are always with,Stable
weekly_12_2025_Eng.txt,rice,Unknown,price prevailed during the previous week,Stable
weekly_12_2025_Eng.txt,rice,Unknown,"price in formation is twice a week ( i.e.,",Stable
weekly_12_2025_Eng.txt,rice,Unknown,"prices, it is thrice a week ( i.e., Friday,",Stable
weekly_12_2025_Eng.txt,rice,Unknown,Rice VarietiesLOCATIONS,Stable
weekly_12_2025_Eng.txt,rice,Unknown,Table 01: Selected Markets:Wholesale Price of Rice (Rs/50kg bag),Stable
weekly_12_2025_Eng.txt,rice,Unknown,Table 02: Selected Markets: Retail Price of Rice (Rs/kg),Stable
weekly_12_2025_Eng.txt,rice,Unknown,LOCATIONS Rice Varieties,Stable
weekly_12_2025_Eng.txt,dhal,Unknown,Green Gram Cowpea Red Dhal,Stable
weekly_12_2025_Eng.txt,rice,Unknown,Table 04: Selected Markets:Wholesale Price of Subsidiary Food (Rs/50kg),Stable
weekly_12_2025_Eng.txt,onion,Unknown,Dried Chillies Red Onion Big Onion PotatoLOCATION Imported Imported Local Imported Welimada,Stable
weekly_12_2025_Eng.txt,rice,Unknown,Table 05: Selected Markets: Retail Price of Subsidiary Food Crops (Rs/kg),Stable
weekly_12_2025_Eng.txt,onion,Unknown,Dried Chillies Red Onion Big Onion Potato Pulses,Stable
weekly_12_2025_Eng.txt,dhal,Unknown,Green Gram Cowpea Red Dhal,Stable
weekly_12_2025_Eng.txt,rice,Unknown,Table 06: Selected Markets: Wholesale Price of Vegetables(Rs/kg),Stable
weekly_12_2025_Eng.txt,potato,Unknown,ManiocLong Beans Ash Plantain Green Chillies Lime Sweet Potatoe,Stable
weekly_12_2025_Eng.txt,rice,Unknown,"Colombo, Meegoda, Norochchole, Jaffna,Dambulla and Kandy - Gotukola Price Rs/Kg",Stable
weekly_12_2025_Eng.txt,vegetable,Unknown,Leafy Vegetables (Rs/bundle),Stable
weekly_12_2025_Eng.txt,coconut,Unknown,Coconut (Rs/nut),Stable
weekly_12_2025_Eng.txt,rice,Unknown,Table 07: Selected Markets: Retail Price of Vegetables (Rs/kg),Stable
weekly_12_2025_Eng.txt,potato,Unknown,Sweet Potato Large Small,Stable
weekly_12_2025_Eng.txt,vegetable,Unknown,Low Country Varieties Leafy Vegetable Coconut (Rs/nut),Stable
weekly_12_2025_Eng.txt,rice,Unknown,Table 08: Selected Markets: Retail Price of Fruits (Rs/each & Rs/kg),Stable
weekly_12_2025_Eng.txt,fruit,Unknown,Mango Other Fruits,Stable
weekly_12_2025_Eng.txt,coconut,Unknown,Passion Avocado Slime Apple Grapes (Rs/kg) King CoconutWood Apple Orange,Stable
weekly_12_2025_Eng.txt,fish,Unknown,Local Dried Fish Imported Dried Fish,Stable
weekly_12_2025_Eng.txt,fish,Unknown,Imported Dried Fish,Stable
weekly_12_2025_Eng.txt,fish,Unknown,Local Dried Fish,Stable
weekly_12_2025_Eng.txt,rice,Unknown,Table 10: Selected Markets: Wholesale Price of Dried Fish (Rs/50kg),Stable
weekly_12_2025_Eng.txt,fish,Unknown,Sea Fish Eggs,Stable
weekly_12_2025_Eng.txt,rice,Unknown,Table 09: Selected Markets: Wholesale Price of Fresh Fish & Eggs (Rs/kg & Rs/egg),Stable
weekly_12_2025_Eng.txt,fish,Unknown,Sea Fish,Stable
weekly_12_2025_Eng.txt,rice,Unknown,Table 11: Selected Markets: Retail Price of Fresh Fish & Eggs (Rs/kg & Rs/eggs),Stable
weekly_12_2025_Eng.txt,fish,Unknown,Sea Fish Eggs,Stable
weekly_12_2025_Eng.txt,rice,Unknown,Table 12: Selected Markets: Retail Price of Dried Fish (Rs/kg),Stable
weekly_12_2025_Eng.txt,fish,Unknown,Dried FishLOCATIONS Sprats-Imported Kattawa Thora Mora Balaya,Stable
weekly_12_2025_Eng.txt,rice,Unknown,Table 13: Selected Markets: Retail Price of Meat (Rs/kg),Stable
weekly_12_2025_Eng.txt,chicken,Unknown,Meat Meat (Chicken) Meat,Stable
weekly_12_2025_Eng.txt,rice,Unknown,Rice Coconut,Stable
weekly_12_2025_Eng.txt,fruit,Unknown,Keeri Samba 260.00 − 280.00 271.67 270.83 318.57 0.31 -14.72 Fruits (Rs/fruit),Stable
weekly_12_2025_Eng.txt,fruit,Unknown,Raw (Red) − Passion Fruit 50.00 − 70.00 58.33 63.00 110.00 -7.41 -46.97,Stable
weekly_12_2025_Eng.txt,onion,Unknown,Onion Mango,Stable
weekly_12_2025_Eng.txt,onion,Unknown,Big Onion Kohu −,Stable
weekly_12_2025_Eng.txt,potato,Unknown,Potato Orange 40.00 − 50.00 45.00 44.44 40.00 1.25 12.50,Stable
weekly_12_2025_Eng.txt,coconut,Unknown,Pulses King Coconut 160.00 − 200.00 191.11 188.89 176.25 1.18 8.43,Stable
weekly_12_2025_Eng.txt,fish,Unknown,Cowpea (White) 550.00 − 700.00 638.33 638.33 750.00 0.00 -14.89 Sea Fish,Stable
weekly_12_2025_Eng.txt,dhal,Unknown,Red Dhal 260.00 − 265.00 261.67 261.00 283.83 0.26 -7.81 Hurulla 800.00 − 900.00 838.33 856.67 531.00 -2.14 57.88,Stable
weekly_12_2025_Eng.txt,vegetable,Unknown,Vegetable Balaya 700.00 − 850.00 777.50 900.00 543.00 -13.61 43.19,Stable
weekly_12_2025_Eng.txt,egg,Unknown,Raddish 80.00 − 120.00 106.00 103.00 54.00 2.91 96.30 Eggs,Stable
weekly_12_2025_Eng.txt,fish,Unknown,Ladies Fingers 180.00 − 280.00 232.00 238.00 70.00 -2.52 231.43 Dried Fish,Stable
weekly_12_2025_Eng.txt,potato,Unknown,Sweet Potato 130.00 − 160.00 146.00 156.00 191.00 -6.41 -23.56 Maduwa (Imported) −,Stable
weekly_12_2025_Eng.txt,vegetable,Unknown,Leafy Vegetable Koduwa (Imported) −,Stable
weekly_12_2025_Eng.txt,rice,Unknown,Table 14: Colombo: Wholesale Prices (Rs/kg or Rs/piece),Stable
weekly_12_2025_Eng.txt,rice,Unknown,Average Price Change Compared to,Stable
weekly_12_2025_Eng.txt,rice,Unknown,Average Price,Stable
weekly_12_2025_Eng.txt,rice,Unknown,Rice Coconut,Stable
weekly_12_2025_Eng.txt,fruit,Unknown,Keeri Samba 260.00 − 320.00 295.16 283.24 371.67 11.92 -20.58 Fruits (Rs/fruit),Stable
weekly_12_2025_Eng.txt,fruit,Unknown,Raw (Red) − Passion Fruit 60.00 − 100.00 88.24 90.00 156.00 -1.76 -43.44,Stable
weekly_12_2025_Eng.txt,onion,Unknown,Onion Mango,Stable
weekly_12_2025_Eng.txt,onion,Unknown,Big Onion Kohu −,Stable
weekly_12_2025_Eng.txt,potato,Unknown,Potato Orange 60.00 − 120.00 85.68 97.89 81.74 -12.21 4.83,Stable
weekly_12_2025_Eng.txt,coconut,Unknown,Pulses King Coconut 200.00 − 280.00 233.33 250.63 194.55 -17.29 19.94,Stable
weekly_12_2025_Eng.txt,fish,Unknown,Cowpea (White) 700.00 − 900.00 798.26 797.60 1160.00 0.66 -31.18 Sea Fish,Stable
weekly_12_2025_Eng.txt,dhal,Unknown,Red Dhal 280.00 − 320.00 298.92 298.68 332.86 0.23 -10.20 Hurulla 980.00 − 1200.00 1074.38 964.29 854.00 110.09 25.81,Stable
weekly_12_2025_Eng.txt,vegetable,Unknown,Vegetable Balaya 800.00 − 1200.00 920.83 941.67 772.22 -20.83 19.24,Stable
weekly_12_2025_Eng.txt,egg,Unknown,Raddish 130.00 − 320.00 240.95 238.89 193.23 2.06 24.70 Eggs,Stable
weekly_12_2025_Eng.txt,fish,Unknown,Ladies Fingers 200.00 − 480.00 347.20 360.69 238.67 -13.49 45.47 Dried Fish,Stable
weekly_12_2025_Eng.txt,chicken,Unknown,Root Crops Chicken (Broiler) 1150.00 − 1280.00 1227.50 1237.50 1262.73 -10.00 -2.79,Stable
weekly_12_2025_Eng.txt,potato,Unknown,Sweet Potato 160.00 − 360.00 270.00 273.10 293.60 -3.10 -8.04 Chicken (Curry) 1000.00 − 1200.00 1090.91 1218.18 1263.64 -127.27 -13.67,Stable
weekly_12_2025_Eng.txt,vegetable,Unknown,Leafy Vegetable Pork 1400.00 − 1600.00 1483.33 1480.00 1280.00 3.33 15.89,Stable
weekly_12_2025_Eng.txt,rice,Unknown,Table 15: Colombo &Suburbs: Retail Prices (Rs/kg or Rs/piece),Stable
weekly_12_2025_Eng.txt,rice,Unknown,Average Price Change Compared to,Stable
weekly_12_2025_Eng.txt,rice,Unknown,Average Price Change Compared to,Stable
weekly_12_2025_Eng.txt,vegetable,Unknown,Paddy Vegetable (Up Country) Snake Gourd,Increase
weekly_12_2025_Eng.txt,onion,Unknown,Red Onion Badulla 110.00 − 145.00 127.50 Long Beans,Stable
weekly_12_2025_Eng.txt,onion,Unknown,Big Onion Welimada 140.00 − 150.00 145.00 Embilipitiya 270.00 − 300.00 285.00,Stable
weekly_12_2025_Eng.txt,potato,Unknown,Potato Hambantota −,Stable
weekly_12_2025_Eng.txt,vegetable,Unknown,N'Eliya 220.00 − 230.00 224.00 Vegetable (Low Country) Embilipitiya 100.00 − 120.00 112.50,Stable
weekly_12_2025_Eng.txt,fruit,Unknown,Moneragala 550.00 − 600.00 570.00 Brinjal Fruits (Rs/kg),Stable
weekly_12_2025_Eng.txt,rice,Unknown,Table 16: Farmgate/Producer Prices of Food Commodities in Selected Producing Areas (Rs/kg),Stable
weekly_12_2025_Eng.txt,rice,Unknown,PriceCOMMODITY Range Average,Stable
weekly_12_2025_Eng.txt,rice,Unknown,Price COMMODITY Range Average,Stable
weekly_12_2025_Eng.txt,rice,Unknown,Price COMMODITY,Stable
weekly_12_2025_Eng.txt,rice,Unknown,Rice,Stable
weekly_12_2025_Eng.txt,onion,Unknown,Red Onion,Stable
weekly_12_2025_Eng.txt,onion,Unknown,Big Onion,Stable
weekly_12_2025_Eng.txt,potato,Unknown,Potato,Stable
weekly_12_2025_Eng.txt,dhal,Unknown,Red Dhal 280.00 − 320.00 280.00 − 320.00 280.00 − 300.00 280.00 − 320.00 280.00 − 300.00 280.00 − 320.00 280.00 − 300.00 280.00 − 320.00 280.00 − 320.00,Stable
weekly_12_2025_Eng.txt,rice,Unknown,Annex 01 - Colombo Markets: Retail Prices of Rice and Subsidiary Food Crops (Rs/kg) Week 12: 21 - 27 Mar 2025,Stable
weekly_12_2025_Eng.txt,vegetable,Unknown,Vegetable,Stable
weekly_12_2025_Eng.txt,potato,Unknown,Sweet Potato 160.00 − 180.00 280.00 − 360.00 320.00 − 320.00 300.00 − 360.00 260.00 − 280.00 240.00 − 260.00 230.00 − 280.00 320.00 − 360.00 320.00 − 340.00,Stable
weekly_12_2025_Eng.txt,vegetable,Unknown,Leafy Vegetable,Stable
weekly_12_2025_Eng.txt,coconut,Unknown,Coconut,Stable
weekly_12_2025_Eng.txt,rice,Unknown,Annex 02 - Colombo Markets: Retail Prices of Vegetables (Rs/kg) and Coconut (Rs/nut),Stable
weekly_12_2025_Eng.txt,fruit,Unknown,Other Fruits,Stable
weekly_12_2025_Eng.txt,coconut,Unknown,King Coconut 200.00 − 250.00 240.00 − 240.00 280.00 − 280.00 240.00 − 250.00 220.00 − 230.00 250.00 − 250.00 200.00 − 220.00 220.00 − 220.00 200.00 − 200.00,Stable
weekly_12_2025_Eng.txt,rice,Unknown,Annex 03 - Colombo Markets: Retail Prices of Fruits (Rs/fruit),Stable
weekly_12_2025_Eng.txt,fish,Unknown,Sea Fish,Stable
weekly_12_2025_Eng.txt,egg,Unknown,30 Eggs (Rs/egg),Stable
weekly_12_2025_Eng.txt,fish,Unknown,Dried Fish,Stable
weekly_12_2025_Eng.txt,chicken,Unknown,Chicken (Broiler) 1200.00 − 1200.00 1230.00 − 1230.00 1280.00 − 1280.00 1280.00 − 1280.00 1150.00 − 1150.00 1200.00 − 1200.00 1200.00 − 1200.00 1150.00 − 1200.00 1280.00 − 1280.00,Stable
weekly_12_2025_Eng.txt,chicken,Unknown,Chicken (Curry) 1100.00 − 1100.00 1100.00 − 1100.00 1100.00 − 1100.00 1100.00 − 1100.00 1000.00 − 1000.00 1100.00 − 1100.00 1000.00 − 1000.00 1100.00 − 1100.00 1200.00 − 1200.00,Stable
weekly_12_2025_Eng.txt,rice,Unknown,Annex 04 - Colombo Markets: Retail Prices of Sea Fish and Dried Fish (Rs/kg),Stable
weekly_12_2025_Eng.txt,rice,Unknown,Rice - (white Kekulu - normal ) 361 9.88 1.52 - 0.03 0.09 10.67 - 6.94 26.29 1.22 1.5,Stable
weekly_12_2025_Eng.txt,rice,Unknown,Rice - (white Kekulu Samba) 355 8.81 1.53 - 0.03 0.09 8.11 - 9.82 30.48 0.92 1.7,Stable
weekly_12_2025_Eng.txt,rice,Unknown,Rice - ( Red Kekulu - normal ) 366 8.64 2.12 - 0.05 0.1 8.39 - 4.73 31.7 0.88 1.84,Stable
weekly_12_2025_Eng.txt,rice,Unknown,Rice -Samba 369 6.86 2.45 - 0.05 0.13 12.79 - 8.71 37.26 1.18 1.49,Stable
weekly_12_2025_Eng.txt,rice,Unknown,Rice - Nadu White 366 7.76 1.48 - 0.03 0.12 9.35 - 4.57 20.1 0.64 1.61,Stable
weekly_12_2025_Eng.txt,onion,Unknown,Onion,Stable
weekly_12_2025_Eng.txt,onion,Unknown,Big onions 48 1.67 0.24 0.16 0.01 0.1 32.99 7.58 14.82 16.94 0.45 0.25,Stable
weekly_12_2025_Eng.txt,onion,Unknown,Red onions 55 2.13 0.15 0.18 0.02 0.13 30.15 14.26 20.37 19.32 0.31 0.28,Stable
weekly_12_2025_Eng.txt,potato,Unknown,Potatoes 71 1.67 0.25 0.01 0.09 14.31 20.5 9.83 23.84 0.46 0.29,Stable
weekly_12_2025_Eng.txt,dhal,Unknown,Red Dhal 319 23.09 0.77 1.06 1.6 0.22 55 NA 41.27 66.63 7.45 3.34,Stable
weekly_12_2025_Eng.txt,vegetable,Unknown,Vegetables,Stable
weekly_12_2025_Eng.txt,rice,Unknown,Rice,Stable
weekly_12_2025_Eng.txt,egg,Unknown,Brinjal (Chinese eggplant) 24 1.28 0.33 16.83 0.12 0.11 32.94 3.37 14.4 21.18 0.28 0.16,Stable
weekly_12_2025_Eng.txt,egg,Unknown,Thalana batu (Thai eggplant) 21 1.45 0.26 18.33 0.11 0.09 31.18 2.71 17.24 37.22 0.37 0.24,Stable
weekly_12_2025_Eng.txt,coconut,Unknown,Coconuts nuts 390 3.67 39.92 - 0.05 0.11 14.86 -,Stable
weekly_12_2025_Eng.txt,potato,Unknown,Sweet potato 108 1.27 0.33 NA 0.04 0.09 14.44 22.2 28.93 21.05 0.51 0.14,Stable
weekly_12_2025_Eng.txt,vegetable,Unknown,Leafy Vegetables,Stable
weekly_12_2025_Eng.txt,onion,Unknown,Onion leaves 27 2.01 0.26 NA 0.04 0.18 56.8 23.38 35.21 74.95 3.15 0.77,Stable
weekly_12_2025_Eng.txt,fruit,Unknown,Jackfruit pods 25 2.14 0.34 NA 0.03 0.04 30.7 24.77 37.32 26.08 0.3 0.17,Stable
weekly_12_2025_Eng.txt,fruit,Unknown,Jackfruit seeds 77 5.66 0.44 NA 0.02 0.08 58.91 15.24 40.87 50.14 0.52 0.42,Stable
weekly_12_2025_Eng.txt,chicken,Unknown,Chicken 176 23.14 9.24 6.88 0.07 0.49 10.09 - 15.06 20.18 0.75 0.64,Stable
weekly_12_2025_Eng.txt,fish,Unknown,Fish,Stable
weekly_12_2025_Eng.txt,fish,Unknown,Cuttle fish 76 16.82 0.93 1.93 0.02 0.04 6.22 8.73 35.46 0.62 1.3,Stable
weekly_12_2025_Eng.txt,fish,Unknown,Dried Fish,Stable
weekly_12_2025_Eng.txt,egg,Unknown,Eggs,Stable
weekly_12_2025_Eng.txt,egg,Unknown,Hen eggs (Country) 170 13.14 13 208 0.08 0.18 54.6 50.14 11.04 1.64 1.12,Stable
weekly_12_2025_Eng.txt,egg,Unknown,Hen eggs (Table) 135 13.55 9.03 200 0.19 0.19 49.46 63.3 12 2.39 1.73,Stable
weekly_12_2025_Eng.txt,egg,Unknown,Quail eggs 153 12.39 11.46 153 0.11 0.17 54.86 60.67 11.21 2.55 1.51,Stable
weekly_12_2025_Eng.txt,fruit,Unknown,Fruits,Stable
weekly_12_2025_Eng.txt,rice,Unknown,Price Collecting Areas,Stable
